jpcrp_cor:IndependentAuditorsReportConsolidatedTextBlock	独立監査人の報告書、連結 [テキストブロック]	FilingDateInstant	－	独立監査人の監査報告書及び内部統制監査報告書  　2026年６月22日株式会社極洋取締役会　御中井上監査法人東京都千代田区  指定社員業務執行社員 公認会計士林　　　    映 　 男  指定社員業務執行社員 公認会計士吉　  松　  博　
jpcrp_cor:AuditFirm1Consolidated	監査法人１、連結	FilingDateInstant	－	井上監査法人
jpcrp_cor:CPA1AuditFirm1Consolidated	公認会計士１、監査法人１、連結	FilingDateInstant	－	林　　　    映 　 男
jpcrp_cor:CPA2AuditFirm1Consolidated	公認会計士２、監査法人１、連結	FilingDateInstant	－	吉　  松　  博　  幸
jpcrp_cor:CPA3AuditFirm1Consolidated	公認会計士３、監査法人１、連結	FilingDateInstant	－	田　　村　　　　　光
jpcrp_cor:AuditOpinionConsolidatedTextBlock	監査意見、連結 [テキストブロック]	FilingDateInstant	－	監査意見　当監査法人は、金融商品取引法第193条の２第１項の規定に基づく監査証明を行うため、「経理の状況」に掲げられている株式会社極洋の2025年４月１日から2026年３月31日までの連結会計年度の連結財務諸表、すなわち、連結貸借対照表、連
jpcrp_cor:KeyAuditMattersConsolidatedTextBlock	監査上の主要な検討事項、連結 [テキストブロック]	FilingDateInstant	－	監査上の主要な検討事項　　監査上の主要な検討事項とは、当連結会計年度の連結財務諸表の監査において、監査人が職業的専門家として特に重要であると判断した事項である。監査上の主要な検討事項は、連結財務諸表全体に対する監査の実施過程及び監査意見の形
jpcrp_cor:OverviewKAMConsolidatedTextBlock	全体概要、監査上の主要な検討事項、連結 [テキストブロック]	FilingDateInstant	－	　　監査上の主要な検討事項とは、当連結会計年度の連結財務諸表の監査において、監査人が職業的専門家として特に重要であると判断した事項である。監査上の主要な検討事項は、連結財務諸表全体に対する監査の実施過程及び監査意見の形成において対応した事項
jpcrp_cor:ShortDescriptionKAMConsolidated	見出し、監査上の主要な検討事項、連結	FilingDateInstant_Row1Member	－	固定資産の減損損失の認識の要否における割引前将来キャッシュ・フローの総額の見積りの合理性
jpcrp_cor:DescriptionIncludingReasonKAMConsolidatedTextBlock	内容及び理由、監査上の主要な検討事項、連結 [テキストブロック]	FilingDateInstant_Row1Member	－	連結貸借対照表において有形固定資産28,950百万円及び無形固定資産1,905百万円が計上されている。【注記事項】（重要な会計上の見積り）に記載のとおり、このうち有形固定資産4,467百万円は、カニ風味かまぼこの製造・販売を行う米国の連結子
jpcrp_cor:AuditorsResponseKAMConsolidatedTextBlock	監査上の対応、監査上の主要な検討事項、連結 [テキストブロック]	FilingDateInstant_Row1Member	－	当監査法人は、減損の兆候が識別されたOKC及びNSFの固定資産について、経営者による割引前将来キャッシュ・フローの総額の見積りの合理性を検討するため、主として以下の監査手続を実施した。 （内部統制の有効性の評価）固定資産の減損損失の認識の要
jpcrp_cor:OtherInformationConsolidatedTextBlock	その他の記載内容、連結 [テキストブロック]	FilingDateInstant	－	その他の記載内容　　その他の記載内容は、有価証券報告書に含まれる情報のうち、連結財務諸表及び財務諸表並びにこれらの監査報告書以外の情報である。経営者の責任は、その他の記載内容を作成し開示することにある。また、監査役及び監査役会の責任は、その
jpcrp_cor:FeeRelatedInformationConsolidatedTextBlock	報酬関連情報、連結 [テキストブロック]	FilingDateInstant	－	＜報酬関連情報＞　　当監査法人及び当監査法人と同一のネットワークに属する者に対する、会社及び子会社の監査証明業務に基づく報酬及び非監査業務に基づく報酬の額は、「提出会社の状況」に含まれるコーポレート・ガバナンスの状況等（３）【監査の状況】に
jpcrp_cor:IndependentAuditorsReportNonConsolidatedTextBlock	独立監査人の報告書、個別 [テキストブロック]	FilingDateInstant	－	 独立監査人の監査報告書 2026年６月22日株式会社極洋取締役会　御中井上監査法人東京都千代田区  指定社員業務執行社員 公認会計士林　　　    映 　 男  指定社員業務執行社員 公認会計士吉　  松　  博　  幸 指定社員業務執行
jpcrp_cor:AuditFirm1NonConsolidated	監査法人１、個別	FilingDateInstant	－	井上監査法人
jpcrp_cor:CPA1AuditFirm1NonConsolidated	公認会計士１、監査法人１、個別	FilingDateInstant	－	林　　　    映 　 男
jpcrp_cor:CPA2AuditFirm1NonConsolidated	公認会計士２、監査法人１、個別	FilingDateInstant	－	吉　  松　  博　  幸
jpcrp_cor:CPA3AuditFirm1NonConsolidated	公認会計士３、監査法人１、個別	FilingDateInstant	－	田　　村　　　　　光
jpcrp_cor:AuditOpinionNonConsolidatedTextBlock	監査意見、個別 [テキストブロック]	FilingDateInstant	－	監査意見　当監査法人は、金融商品取引法第193条の２第１項の規定に基づく監査証明を行うため、「経理の状況」に掲げられている株式会社極洋の2025年４月１日から2026年３月31日までの第103期事業年度の財務諸表、すなわち、貸借対照表、損益
jpcrp_cor:KeyAuditMattersNonConsolidatedTextBlock	監査上の主要な検討事項、個別 [テキストブロック]	FilingDateInstant	－	監査上の主要な検討事項　　監査上の主要な検討事項とは、当事業年度の財務諸表の監査において、監査人が職業的専門家として特に重要であると判断した事項である。監査上の主要な検討事項は、財務諸表全体に対する監査の実施過程及び監査意見の形成において対
jpcrp_cor:OverviewKAMNonConsolidatedTextBlock	全体概要、監査上の主要な検討事項、個別 [テキストブロック]	FilingDateInstant	－	　　監査上の主要な検討事項とは、当事業年度の財務諸表の監査において、監査人が職業的専門家として特に重要であると判断した事項である。監査上の主要な検討事項は、財務諸表全体に対する監査の実施過程及び監査意見の形成において対応した事項であり、当監
jpcrp_cor:ShortDescriptionKAMNonConsolidated	見出し、監査上の主要な検討事項、個別	FilingDateInstant_Row1Member	－	関係会社株式の評価
jpcrp_cor:DescriptionIncludingReasonKAMNonConsolidatedTextBlock	内容及び理由、監査上の主要な検討事項、個別 [テキストブロック]	FilingDateInstant_Row1Member	－	貸借対照表において、関係会社株式5,754百万円が計上されている。また損益計算書において、関係会社株式評価損1,339百万円が計上されている。【注記事項】（重要な会計上の見積り）に記載のとおり、市場価格のない関係会社株式について、取得原価を
jpcrp_cor:AuditorsResponseKAMNonConsolidatedTextBlock	監査上の対応、監査上の主要な検討事項、個別 [テキストブロック]	FilingDateInstant_Row1Member	－	　当監査法人は、市場価格のない関係会社株式の評価を検討するため、主として以下の監査手続を実施した。 （内部統制の有効性の評価）関係会社株式の評価損計上の要否の判定に関する内部統制の整備・運用状況の有効性を評価した。 （関係会社株式の評価の妥
jpcrp_cor:OtherInformationNonConsolidatedTextBlock	その他の記載内容、個別 [テキストブロック]	FilingDateInstant	－	その他の記載内容　　その他の記載内容は、有価証券報告書に含まれる情報のうち、連結財務諸表及び財務諸表並びにこれらの監査報告書以外の情報である。経営者の責任は、その他の記載内容を作成し開示することにある。また、監査役及び監査役会の責任は、その
jpcrp_cor:FeeRelatedInformationNonConsolidatedTextBlock	報酬関連情報、個別 [テキストブロック]	FilingDateInstant	－	＜報酬関連情報＞報酬関連情報は、連結財務諸表の監査報告書に記載されている。 
jpdei_cor:NumberOfSubmissionDEI	提出回数、DEI	FilingDateInstant	pure	1
jpcrp_cor:NetSalesSummaryOfBusinessResults	売上高、経営指標等	Prior4YearDuration	JPY	253575000000
jpcrp_cor:NetSalesSummaryOfBusinessResults	売上高、経営指標等	Prior3YearDuration	JPY	272167000000
jpcrp_cor:NetSalesSummaryOfBusinessResults	売上高、経営指標等	Prior2YearDuration	JPY	261604000000
jpcrp_cor:NetSalesSummaryOfBusinessResults	売上高、経営指標等	Prior1YearDuration	JPY	302681000000
jpcrp_cor:NetSalesSummaryOfBusinessResults	売上高、経営指標等	CurrentYearDuration	JPY	334612000000
jpcrp_cor:OrdinaryIncomeLossSummaryOfBusinessResults	経常利益又は経常損失（△）、経営指標等	Prior4YearDuration	JPY	6904000000
jpcrp_cor:OrdinaryIncomeLossSummaryOfBusinessResults	経常利益又は経常損失（△）、経営指標等	Prior3YearDuration	JPY	8182000000
jpcrp_cor:OrdinaryIncomeLossSummaryOfBusinessResults	経常利益又は経常損失（△）、経営指標等	Prior2YearDuration	JPY	8856000000
jpcrp_cor:OrdinaryIncomeLossSummaryOfBusinessResults	経常利益又は経常損失（△）、経営指標等	Prior1YearDuration	JPY	10857000000
jpcrp_cor:OrdinaryIncomeLossSummaryOfBusinessResults	経常利益又は経常損失（△）、経営指標等	CurrentYearDuration	JPY	10031000000
jpcrp_cor:ProfitLossAttributableToOwnersOfParentSummaryOfBusinessResults	親会社株主に帰属する当期純利益又は親会社株主に帰属する当期純損失（△）、経営指標等	Prior4YearDuration	JPY	4634000000
jpcrp_cor:ProfitLossAttributableToOwnersOfParentSummaryOfBusinessResults	親会社株主に帰属する当期純利益又は親会社株主に帰属する当期純損失（△）、経営指標等	Prior3YearDuration	JPY	5782000000
jpcrp_cor:ProfitLossAttributableToOwnersOfParentSummaryOfBusinessResults	親会社株主に帰属する当期純利益又は親会社株主に帰属する当期純損失（△）、経営指標等	Prior2YearDuration	JPY	5936000000
jpcrp_cor:ProfitLossAttributableToOwnersOfParentSummaryOfBusinessResults	親会社株主に帰属する当期純利益又は親会社株主に帰属する当期純損失（△）、経営指標等	Prior1YearDuration	JPY	6740000000
jpcrp_cor:ProfitLossAttributableToOwnersOfParentSummaryOfBusinessResults	親会社株主に帰属する当期純利益又は親会社株主に帰属する当期純損失（△）、経営指標等	CurrentYearDuration	JPY	6841000000
jpcrp_cor:ComprehensiveIncomeSummaryOfBusinessResults	包括利益、経営指標等	Prior4YearDuration	JPY	3075000000
jpcrp_cor:ComprehensiveIncomeSummaryOfBusinessResults	包括利益、経営指標等	Prior3YearDuration	JPY	5916000000
jpcrp_cor:ComprehensiveIncomeSummaryOfBusinessResults	包括利益、経営指標等	Prior2YearDuration	JPY	8498000000
jpcrp_cor:ComprehensiveIncomeSummaryOfBusinessResults	包括利益、経営指標等	Prior1YearDuration	JPY	10057000000
jpcrp_cor:ComprehensiveIncomeSummaryOfBusinessResults	包括利益、経営指標等	CurrentYearDuration	JPY	12023000000
jpcrp_cor:NetAssetsSummaryOfBusinessResults	純資産額、経営指標等	Prior4YearInstant	JPY	42174000000
jpcrp_cor:NetAssetsSummaryOfBusinessResults	純資産額、経営指標等	Prior3YearInstant	JPY	46966000000
jpcrp_cor:NetAssetsSummaryOfBusinessResults	純資産額、経営指標等	Prior2YearInstant	JPY	58860000000
jpcrp_cor:NetAssetsSummaryOfBusinessResults	純資産額、経営指標等	Prior1YearInstant	JPY	68355000000
jpcrp_cor:NetAssetsSummaryOfBusinessResults	純資産額、経営指標等	CurrentYearInstant	JPY	78868000000
jpcrp_cor:TotalAssetsSummaryOfBusinessResults	総資産額、経営指標等	Prior4YearInstant	JPY	130460000000
jpcrp_cor:TotalAssetsSummaryOfBusinessResults	総資産額、経営指標等	Prior3YearInstant	JPY	146301000000
jpcrp_cor:TotalAssetsSummaryOfBusinessResults	総資産額、経営指標等	Prior2YearInstant	JPY	160720000000
jpcrp_cor:TotalAssetsSummaryOfBusinessResults	総資産額、経営指標等	Prior1YearInstant	JPY	182125000000
jpcrp_cor:TotalAssetsSummaryOfBusinessResults	総資産額、経営指標等	CurrentYearInstant	JPY	214128000000
jpcrp_cor:NetAssetsPerShareSummaryOfBusinessResults	１株当たり純資産額、経営指標等	Prior4YearInstant	JPYPerShares	3969.73
jpcrp_cor:NetAssetsPerShareSummaryOfBusinessResults	１株当たり純資産額、経営指標等	Prior3YearInstant	JPYPerShares	4436.27
jpcrp_cor:NetAssetsPerShareSummaryOfBusinessResults	１株当たり純資産額、経営指標等	Prior2YearInstant	JPYPerShares	4965.39
jpcrp_cor:NetAssetsPerShareSummaryOfBusinessResults	１株当たり純資産額、経営指標等	Prior1YearInstant	JPYPerShares	5600.14
jpcrp_cor:NetAssetsPerShareSummaryOfBusinessResults	１株当たり純資産額、経営指標等	CurrentYearInstant	JPYPerShares	6511.31
jpcrp_cor:BasicEarningsLossPerShareSummaryOfBusinessResults	１株当たり当期純利益又は当期純損失（△）、経営指標等	Prior4YearDuration	JPYPerShares	430.83
jpcrp_cor:BasicEarningsLossPerShareSummaryOfBusinessResults	１株当たり当期純利益又は当期純損失（△）、経営指標等	Prior3YearDuration	JPYPerShares	539.10
jpcrp_cor:BasicEarningsLossPerShareSummaryOfBusinessResults	１株当たり当期純利益又は当期純損失（△）、経営指標等	Prior2YearDuration	JPYPerShares	548.61
jpcrp_cor:BasicEarningsLossPerShareSummaryOfBusinessResults	１株当たり当期純利益又は当期純損失（△）、経営指標等	Prior1YearDuration	JPYPerShares	567.48
jpcrp_cor:BasicEarningsLossPerShareSummaryOfBusinessResults	１株当たり当期純利益又は当期純損失（△）、経営指標等	CurrentYearDuration	JPYPerShares	576.02
jpcrp_cor:DilutedEarningsPerShareSummaryOfBusinessResults	潜在株式調整後１株当たり当期純利益、経営指標等	Prior4YearDuration	JPYPerShares	－
jpcrp_cor:DilutedEarningsPerShareSummaryOfBusinessResults	潜在株式調整後１株当たり当期純利益、経営指標等	Prior3YearDuration	JPYPerShares	－
jpcrp_cor:DilutedEarningsPerShareSummaryOfBusinessResults	潜在株式調整後１株当たり当期純利益、経営指標等	Prior2YearDuration	JPYPerShares	－
jpcrp_cor:DilutedEarningsPerShareSummaryOfBusinessResults	潜在株式調整後１株当たり当期純利益、経営指標等	Prior1YearDuration	JPYPerShares	－
jpcrp_cor:DilutedEarningsPerShareSummaryOfBusinessResults	潜在株式調整後１株当たり当期純利益、経営指標等	CurrentYearDuration	JPYPerShares	－
jpcrp_cor:EquityToAssetRatioSummaryOfBusinessResults	自己資本比率、経営指標等	Prior4YearInstant	pure	0.327
jpcrp_cor:EquityToAssetRatioSummaryOfBusinessResults	自己資本比率、経営指標等	Prior3YearInstant	pure	0.325
jpcrp_cor:EquityToAssetRatioSummaryOfBusinessResults	自己資本比率、経営指標等	Prior2YearInstant	pure	0.367
jpcrp_cor:EquityToAssetRatioSummaryOfBusinessResults	自己資本比率、経営指標等	Prior1YearInstant	pure	0.365
jpcrp_cor:EquityToAssetRatioSummaryOfBusinessResults	自己資本比率、経営指標等	CurrentYearInstant	pure	0.361
jpcrp_cor:RateOfReturnOnEquitySummaryOfBusinessResults	自己資本利益率、経営指標等	Prior4YearDuration	pure	0.112
jpcrp_cor:RateOfReturnOnEquitySummaryOfBusinessResults	自己資本利益率、経営指標等	Prior3YearDuration	pure	0.128
jpcrp_cor:RateOfReturnOnEquitySummaryOfBusinessResults	自己資本利益率、経営指標等	Prior2YearDuration	pure	0.111
jpcrp_cor:RateOfReturnOnEquitySummaryOfBusinessResults	自己資本利益率、経営指標等	Prior1YearDuration	pure	0.107
jpcrp_cor:RateOfReturnOnEquitySummaryOfBusinessResults	自己資本利益率、経営指標等	CurrentYearDuration	pure	0.095
jpcrp_cor:PriceEarningsRatioSummaryOfBusinessResults	株価収益率、経営指標等	Prior4YearDuration	pure	7.7
jpcrp_cor:PriceEarningsRatioSummaryOfBusinessResults	株価収益率、経営指標等	Prior3YearDuration	pure	6.4
jpcrp_cor:PriceEarningsRatioSummaryOfBusinessResults	株価収益率、経営指標等	Prior2YearDuration	pure	6.8
jpcrp_cor:PriceEarningsRatioSummaryOfBusinessResults	株価収益率、経営指標等	Prior1YearDuration	pure	7.3
jpcrp_cor:PriceEarningsRatioSummaryOfBusinessResults	株価収益率、経営指標等	CurrentYearDuration	pure	8.6
jpcrp_cor:NetCashProvidedByUsedInOperatingActivitiesSummaryOfBusinessResults	営業活動によるキャッシュ・フロー、経営指標等	Prior4YearDuration	JPY	-1128000000
jpcrp_cor:NetCashProvidedByUsedInOperatingActivitiesSummaryOfBusinessResults	営業活動によるキャッシュ・フロー、経営指標等	Prior3YearDuration	JPY	-6243000000
jpcrp_cor:NetCashProvidedByUsedInOperatingActivitiesSummaryOfBusinessResults	営業活動によるキャッシュ・フロー、経営指標等	Prior2YearDuration	JPY	-1721000000
jpcrp_cor:NetCashProvidedByUsedInOperatingActivitiesSummaryOfBusinessResults	営業活動によるキャッシュ・フロー、経営指標等	Prior1YearDuration	JPY	5843000000
jpcrp_cor:NetCashProvidedByUsedInOperatingActivitiesSummaryOfBusinessResults	営業活動によるキャッシュ・フロー、経営指標等	CurrentYearDuration	JPY	-745000000
jpcrp_cor:NetCashProvidedByUsedInInvestingActivitiesSummaryOfBusinessResults	投資活動によるキャッシュ・フロー、経営指標等	Prior4YearDuration	JPY	-5225000000
jpcrp_cor:NetCashProvidedByUsedInInvestingActivitiesSummaryOfBusinessResults	投資活動によるキャッシュ・フロー、経営指標等	Prior3YearDuration	JPY	-2338000000
jpcrp_cor:NetCashProvidedByUsedInInvestingActivitiesSummaryOfBusinessResults	投資活動によるキャッシュ・フロー、経営指標等	Prior2YearDuration	JPY	-5707000000
jpcrp_cor:NetCashProvidedByUsedInInvestingActivitiesSummaryOfBusinessResults	投資活動によるキャッシュ・フロー、経営指標等	Prior1YearDuration	JPY	-9036000000
jpcrp_cor:NetCashProvidedByUsedInInvestingActivitiesSummaryOfBusinessResults	投資活動によるキャッシュ・フロー、経営指標等	CurrentYearDuration	JPY	-5216000000
jpcrp_cor:NetCashProvidedByUsedInFinancingActivitiesSummaryOfBusinessResults	財務活動によるキャッシュ・フロー、経営指標等	Prior4YearDuration	JPY	5743000000
jpcrp_cor:NetCashProvidedByUsedInFinancingActivitiesSummaryOfBusinessResults	財務活動によるキャッシュ・フロー、経営指標等	Prior3YearDuration	JPY	9011000000
jpcrp_cor:NetCashProvidedByUsedInFinancingActivitiesSummaryOfBusinessResults	財務活動によるキャッシュ・フロー、経営指標等	Prior2YearDuration	JPY	8524000000
jpcrp_cor:NetCashProvidedByUsedInFinancingActivitiesSummaryOfBusinessResults	財務活動によるキャッシュ・フロー、経営指標等	Prior1YearDuration	JPY	2149000000
jpcrp_cor:NetCashProvidedByUsedInFinancingActivitiesSummaryOfBusinessResults	財務活動によるキャッシュ・フロー、経営指標等	CurrentYearDuration	JPY	9079000000
jpcrp_cor:CashAndCashEquivalentsSummaryOfBusinessResults	現金及び現金同等物の残高、経営指標等	Prior4YearInstant	JPY	6539000000
jpcrp_cor:CashAndCashEquivalentsSummaryOfBusinessResults	現金及び現金同等物の残高、経営指標等	Prior3YearInstant	JPY	7042000000
jpcrp_cor:CashAndCashEquivalentsSummaryOfBusinessResults	現金及び現金同等物の残高、経営指標等	Prior2YearInstant	JPY	8452000000
jpcrp_cor:CashAndCashEquivalentsSummaryOfBusinessResults	現金及び現金同等物の残高、経営指標等	Prior1YearInstant	JPY	7514000000
jpcrp_cor:CashAndCashEquivalentsSummaryOfBusinessResults	現金及び現金同等物の残高、経営指標等	CurrentYearInstant	JPY	11047000000
jpcrp_cor:NumberOfEmployees	従業員数	Prior4YearInstant	pure	2208
jpcrp_cor:NumberOfEmployees	従業員数	Prior3YearInstant	pure	2112
jpcrp_cor:NumberOfEmployees	従業員数	Prior2YearInstant	pure	2089
jpcrp_cor:NumberOfEmployees	従業員数	Prior1YearInstant	pure	2476
jpcrp_cor:NumberOfEmployees	従業員数	CurrentYearInstant	pure	2542
jpcrp_cor:AverageNumberOfTemporaryWorkers	平均臨時雇用人員	Prior4YearInstant	pure	1827
jpcrp_cor:AverageNumberOfTemporaryWorkers	平均臨時雇用人員	Prior3YearInstant	pure	1822
jpcrp_cor:AverageNumberOfTemporaryWorkers	平均臨時雇用人員	Prior2YearInstant	pure	1846
jpcrp_cor:AverageNumberOfTemporaryWorkers	平均臨時雇用人員	Prior1YearInstant	pure	2192
jpcrp_cor:AverageNumberOfTemporaryWorkers	平均臨時雇用人員	CurrentYearInstant	pure	2180
jpcrp_cor:NetSalesSummaryOfBusinessResults	売上高、経営指標等	Prior4YearDuration_NonConsolidatedMember	JPY	232745000000
jpcrp_cor:NetSalesSummaryOfBusinessResults	売上高、経営指標等	Prior3YearDuration_NonConsolidatedMember	JPY	249142000000
jpcrp_cor:NetSalesSummaryOfBusinessResults	売上高、経営指標等	Prior2YearDuration_NonConsolidatedMember	JPY	234757000000
jpcrp_cor:NetSalesSummaryOfBusinessResults	売上高、経営指標等	Prior1YearDuration_NonConsolidatedMember	JPY	272792000000
jpcrp_cor:NetSalesSummaryOfBusinessResults	売上高、経営指標等	CurrentYearDuration_NonConsolidatedMember	JPY	296097000000
jpcrp_cor:OrdinaryIncomeLossSummaryOfBusinessResults	経常利益又は経常損失（△）、経営指標等	Prior4YearDuration_NonConsolidatedMember	JPY	5683000000
jpcrp_cor:OrdinaryIncomeLossSummaryOfBusinessResults	経常利益又は経常損失（△）、経営指標等	Prior3YearDuration_NonConsolidatedMember	JPY	6007000000
jpcrp_cor:OrdinaryIncomeLossSummaryOfBusinessResults	経常利益又は経常損失（△）、経営指標等	Prior2YearDuration_NonConsolidatedMember	JPY	7315000000
jpcrp_cor:OrdinaryIncomeLossSummaryOfBusinessResults	経常利益又は経常損失（△）、経営指標等	Prior1YearDuration_NonConsolidatedMember	JPY	9672000000
jpcrp_cor:OrdinaryIncomeLossSummaryOfBusinessResults	経常利益又は経常損失（△）、経営指標等	CurrentYearDuration_NonConsolidatedMember	JPY	9985000000
jpcrp_cor:NetIncomeLossSummaryOfBusinessResults	当期純利益又は当期純損失（△）、経営指標等	Prior4YearDuration_NonConsolidatedMember	JPY	3420000000
jpcrp_cor:NetIncomeLossSummaryOfBusinessResults	当期純利益又は当期純損失（△）、経営指標等	Prior3YearDuration_NonConsolidatedMember	JPY	4084000000
jpcrp_cor:NetIncomeLossSummaryOfBusinessResults	当期純利益又は当期純損失（△）、経営指標等	Prior2YearDuration_NonConsolidatedMember	JPY	4878000000
jpcrp_cor:NetIncomeLossSummaryOfBusinessResults	当期純利益又は当期純損失（△）、経営指標等	Prior1YearDuration_NonConsolidatedMember	JPY	7231000000
jpcrp_cor:NetIncomeLossSummaryOfBusinessResults	当期純利益又は当期純損失（△）、経営指標等	CurrentYearDuration_NonConsolidatedMember	JPY	5744000000
jpcrp_cor:CapitalStockSummaryOfBusinessResults	資本金、経営指標等	Prior4YearInstant_NonConsolidatedMember	JPY	5664000000
jpcrp_cor:CapitalStockSummaryOfBusinessResults	資本金、経営指標等	Prior3YearInstant_NonConsolidatedMember	JPY	5664000000
jpcrp_cor:CapitalStockSummaryOfBusinessResults	資本金、経営指標等	Prior2YearInstant_NonConsolidatedMember	JPY	7527000000
jpcrp_cor:CapitalStockSummaryOfBusinessResults	資本金、経営指標等	Prior1YearInstant_NonConsolidatedMember	JPY	7527000000
jpcrp_cor:CapitalStockSummaryOfBusinessResults	資本金、経営指標等	CurrentYearInstant_NonConsolidatedMember	JPY	7527000000
jpcrp_cor:TotalNumberOfIssuedSharesSummaryOfBusinessResults	発行済株式総数（普通株式）、経営指標等	Prior4YearInstant_NonConsolidatedMember	shares	10928000
jpcrp_cor:TotalNumberOfIssuedSharesSummaryOfBusinessResults	発行済株式総数（普通株式）、経営指標等	Prior3YearInstant_NonConsolidatedMember	shares	10928000
jpcrp_cor:TotalNumberOfIssuedSharesSummaryOfBusinessResults	発行済株式総数（普通株式）、経営指標等	Prior2YearInstant_NonConsolidatedMember	shares	12078000
jpcrp_cor:TotalNumberOfIssuedSharesSummaryOfBusinessResults	発行済株式総数（普通株式）、経営指標等	Prior1YearInstant_NonConsolidatedMember	shares	12078000
jpcrp_cor:TotalNumberOfIssuedSharesSummaryOfBusinessResults	発行済株式総数（普通株式）、経営指標等	CurrentYearInstant_NonConsolidatedMember	shares	12078000
jpcrp_cor:NetAssetsSummaryOfBusinessResults	純資産額、経営指標等	Prior4YearInstant_NonConsolidatedMember	JPY	32378000000
jpcrp_cor:NetAssetsSummaryOfBusinessResults	純資産額、経営指標等	Prior3YearInstant_NonConsolidatedMember	JPY	35403000000
jpcrp_cor:NetAssetsSummaryOfBusinessResults	純資産額、経営指標等	Prior2YearInstant_NonConsolidatedMember	JPY	44235000000
jpcrp_cor:NetAssetsSummaryOfBusinessResults	純資産額、経営指標等	Prior1YearInstant_NonConsolidatedMember	JPY	51571000000
jpcrp_cor:NetAssetsSummaryOfBusinessResults	純資産額、経営指標等	CurrentYearInstant_NonConsolidatedMember	JPY	60993000000
jpcrp_cor:TotalAssetsSummaryOfBusinessResults	総資産額、経営指標等	Prior4YearInstant_NonConsolidatedMember	JPY	109051000000
jpcrp_cor:TotalAssetsSummaryOfBusinessResults	総資産額、経営指標等	Prior3YearInstant_NonConsolidatedMember	JPY	123161000000
jpcrp_cor:TotalAssetsSummaryOfBusinessResults	総資産額、経営指標等	Prior2YearInstant_NonConsolidatedMember	JPY	135925000000
jpcrp_cor:TotalAssetsSummaryOfBusinessResults	総資産額、経営指標等	Prior1YearInstant_NonConsolidatedMember	JPY	148549000000
jpcrp_cor:TotalAssetsSummaryOfBusinessResults	総資産額、経営指標等	CurrentYearInstant_NonConsolidatedMember	JPY	167122000000
jpcrp_cor:NetAssetsPerShareSummaryOfBusinessResults	１株当たり純資産額、経営指標等	Prior4YearInstant_NonConsolidatedMember	JPYPerShares	3009.78
jpcrp_cor:NetAssetsPerShareSummaryOfBusinessResults	１株当たり純資産額、経営指標等	Prior3YearInstant_NonConsolidatedMember	JPYPerShares	3303.64
jpcrp_cor:NetAssetsPerShareSummaryOfBusinessResults	１株当たり純資産額、経営指標等	Prior2YearInstant_NonConsolidatedMember	JPYPerShares	3724.34
jpcrp_cor:NetAssetsPerShareSummaryOfBusinessResults	１株当たり純資産額、経営指標等	Prior1YearInstant_NonConsolidatedMember	JPYPerShares	4341.98
jpcrp_cor:NetAssetsPerShareSummaryOfBusinessResults	１株当たり純資産額、経営指標等	CurrentYearInstant_NonConsolidatedMember	JPYPerShares	5135.28
jpcrp_cor:DividendPaidPerShareSummaryOfBusinessResults	１株当たり配当額、経営指標等	Prior4YearDuration_NonConsolidatedMember	JPYPerShares	90.00
jpcrp_cor:DividendPaidPerShareSummaryOfBusinessResults	１株当たり配当額、経営指標等	Prior3YearDuration_NonConsolidatedMember	JPYPerShares	100.00
jpcrp_cor:DividendPaidPerShareSummaryOfBusinessResults	１株当たり配当額、経営指標等	Prior2YearDuration_NonConsolidatedMember	JPYPerShares	100.00
jpcrp_cor:DividendPaidPerShareSummaryOfBusinessResults	１株当たり配当額、経営指標等	Prior1YearDuration_NonConsolidatedMember	JPYPerShares	130.00
jpcrp_cor:DividendPaidPerShareSummaryOfBusinessResults	１株当たり配当額、経営指標等	CurrentYearDuration_NonConsolidatedMember	JPYPerShares	150.00
jpcrp_cor:InterimDividendPaidPerShareSummaryOfBusinessResults	１株当たり中間配当額、経営指標等	Prior4YearDuration_NonConsolidatedMember	JPYPerShares	－
jpcrp_cor:InterimDividendPaidPerShareSummaryOfBusinessResults	１株当たり中間配当額、経営指標等	Prior3YearDuration_NonConsolidatedMember	JPYPerShares	－
jpcrp_cor:InterimDividendPaidPerShareSummaryOfBusinessResults	１株当たり中間配当額、経営指標等	Prior2YearDuration_NonConsolidatedMember	JPYPerShares	－
jpcrp_cor:InterimDividendPaidPerShareSummaryOfBusinessResults	１株当たり中間配当額、経営指標等	Prior1YearDuration_NonConsolidatedMember	JPYPerShares	－
jpcrp_cor:InterimDividendPaidPerShareSummaryOfBusinessResults	１株当たり中間配当額、経営指標等	CurrentYearDuration_NonConsolidatedMember	JPYPerShares	－
jpcrp_cor:BasicEarningsLossPerShareSummaryOfBusinessResults	１株当たり当期純利益又は当期純損失（△）、経営指標等	Prior4YearDuration_NonConsolidatedMember	JPYPerShares	317.97
jpcrp_cor:BasicEarningsLossPerShareSummaryOfBusinessResults	１株当たり当期純利益又は当期純損失（△）、経営指標等	Prior3YearDuration_NonConsolidatedMember	JPYPerShares	380.81
jpcrp_cor:BasicEarningsLossPerShareSummaryOfBusinessResults	１株当たり当期純利益又は当期純損失（△）、経営指標等	Prior2YearDuration_NonConsolidatedMember	JPYPerShares	450.83
jpcrp_cor:BasicEarningsLossPerShareSummaryOfBusinessResults	１株当たり当期純利益又は当期純損失（△）、経営指標等	Prior1YearDuration_NonConsolidatedMember	JPYPerShares	608.83
jpcrp_cor:BasicEarningsLossPerShareSummaryOfBusinessResults	１株当たり当期純利益又は当期純損失（△）、経営指標等	CurrentYearDuration_NonConsolidatedMember	JPYPerShares	483.69
jpcrp_cor:DilutedEarningsPerShareSummaryOfBusinessResults	潜在株式調整後１株当たり当期純利益、経営指標等	Prior4YearDuration_NonConsolidatedMember	JPYPerShares	－
jpcrp_cor:DilutedEarningsPerShareSummaryOfBusinessResults	潜在株式調整後１株当たり当期純利益、経営指標等	Prior3YearDuration_NonConsolidatedMember	JPYPerShares	－
jpcrp_cor:DilutedEarningsPerShareSummaryOfBusinessResults	潜在株式調整後１株当たり当期純利益、経営指標等	Prior2YearDuration_NonConsolidatedMember	JPYPerShares	－
jpcrp_cor:DilutedEarningsPerShareSummaryOfBusinessResults	潜在株式調整後１株当たり当期純利益、経営指標等	Prior1YearDuration_NonConsolidatedMember	JPYPerShares	－
jpcrp_cor:DilutedEarningsPerShareSummaryOfBusinessResults	潜在株式調整後１株当たり当期純利益、経営指標等	CurrentYearDuration_NonConsolidatedMember	JPYPerShares	－
jpcrp_cor:EquityToAssetRatioSummaryOfBusinessResults	自己資本比率、経営指標等	Prior4YearInstant_NonConsolidatedMember	pure	0.297
jpcrp_cor:EquityToAssetRatioSummaryOfBusinessResults	自己資本比率、経営指標等	Prior3YearInstant_NonConsolidatedMember	pure	0.287
jpcrp_cor:EquityToAssetRatioSummaryOfBusinessResults	自己資本比率、経営指標等	Prior2YearInstant_NonConsolidatedMember	pure	0.325
jpcrp_cor:EquityToAssetRatioSummaryOfBusinessResults	自己資本比率、経営指標等	Prior1YearInstant_NonConsolidatedMember	pure	0.347
jpcrp_cor:EquityToAssetRatioSummaryOfBusinessResults	自己資本比率、経営指標等	CurrentYearInstant_NonConsolidatedMember	pure	0.365
jpcrp_cor:RateOfReturnOnEquitySummaryOfBusinessResults	自己資本利益率、経営指標等	Prior4YearDuration_NonConsolidatedMember	pure	0.107
jpcrp_cor:RateOfReturnOnEquitySummaryOfBusinessResults	自己資本利益率、経営指標等	Prior3YearDuration_NonConsolidatedMember	pure	0.121
jpcrp_cor:RateOfReturnOnEquitySummaryOfBusinessResults	自己資本利益率、経営指標等	Prior2YearDuration_NonConsolidatedMember	pure	0.123
jpcrp_cor:RateOfReturnOnEquitySummaryOfBusinessResults	自己資本利益率、経営指標等	Prior1YearDuration_NonConsolidatedMember	pure	0.151
jpcrp_cor:RateOfReturnOnEquitySummaryOfBusinessResults	自己資本利益率、経営指標等	CurrentYearDuration_NonConsolidatedMember	pure	0.102
jpcrp_cor:PriceEarningsRatioSummaryOfBusinessResults	株価収益率、経営指標等	Prior4YearDuration_NonConsolidatedMember	pure	10.5
jpcrp_cor:PriceEarningsRatioSummaryOfBusinessResults	株価収益率、経営指標等	Prior3YearDuration_NonConsolidatedMember	pure	9.0
jpcrp_cor:PriceEarningsRatioSummaryOfBusinessResults	株価収益率、経営指標等	Prior2YearDuration_NonConsolidatedMember	pure	8.3
jpcrp_cor:PriceEarningsRatioSummaryOfBusinessResults	株価収益率、経営指標等	Prior1YearDuration_NonConsolidatedMember	pure	6.8
jpcrp_cor:PriceEarningsRatioSummaryOfBusinessResults	株価収益率、経営指標等	CurrentYearDuration_NonConsolidatedMember	pure	10.3
jpcrp_cor:PayoutRatioSummaryOfBusinessResults	配当性向、経営指標等	Prior4YearDuration_NonConsolidatedMember	pure	0.283
jpcrp_cor:PayoutRatioSummaryOfBusinessResults	配当性向、経営指標等	Prior3YearDuration_NonConsolidatedMember	pure	0.263
jpcrp_cor:PayoutRatioSummaryOfBusinessResults	配当性向、経営指標等	Prior2YearDuration_NonConsolidatedMember	pure	0.222
jpcrp_cor:PayoutRatioSummaryOfBusinessResults	配当性向、経営指標等	Prior1YearDuration_NonConsolidatedMember	pure	0.214
jpcrp_cor:PayoutRatioSummaryOfBusinessResults	配当性向、経営指標等	CurrentYearDuration_NonConsolidatedMember	pure	0.310
jpcrp_cor:NumberOfEmployees	従業員数	Prior4YearInstant_NonConsolidatedMember	pure	695
jpcrp_cor:NumberOfEmployees	従業員数	Prior3YearInstant_NonConsolidatedMember	pure	704
jpcrp_cor:NumberOfEmployees	従業員数	Prior2YearInstant_NonConsolidatedMember	pure	711
jpcrp_cor:NumberOfEmployees	従業員数	Prior1YearInstant_NonConsolidatedMember	pure	734
jpcrp_cor:NumberOfEmployees	従業員数	CurrentYearInstant_NonConsolidatedMember	pure	769
jpcrp_cor:AverageNumberOfTemporaryWorkers	平均臨時雇用人員	Prior4YearInstant_NonConsolidatedMember	pure	84
jpcrp_cor:AverageNumberOfTemporaryWorkers	平均臨時雇用人員	Prior3YearInstant_NonConsolidatedMember	pure	80
jpcrp_cor:AverageNumberOfTemporaryWorkers	平均臨時雇用人員	Prior2YearInstant_NonConsolidatedMember	pure	75
jpcrp_cor:AverageNumberOfTemporaryWorkers	平均臨時雇用人員	Prior1YearInstant_NonConsolidatedMember	pure	74
jpcrp_cor:AverageNumberOfTemporaryWorkers	平均臨時雇用人員	CurrentYearInstant_NonConsolidatedMember	pure	71
jpcrp_cor:TotalShareholderReturn	株主総利回り	Prior4YearInstant_NonConsolidatedMember	pure	1.12
jpcrp_cor:TotalShareholderReturn	株主総利回り	Prior3YearInstant_NonConsolidatedMember	pure	1.18
jpcrp_cor:TotalShareholderReturn	株主総利回り	Prior2YearInstant_NonConsolidatedMember	pure	1.32
jpcrp_cor:TotalShareholderReturn	株主総利回り	Prior1YearInstant_NonConsolidatedMember	pure	1.50
jpcrp_cor:TotalShareholderReturn	株主総利回り	CurrentYearInstant_NonConsolidatedMember	pure	1.81
jpcrp_cor:TotalReturnOnSharePriceIndex	株価指数における総利回り	Prior4YearInstant_NonConsolidatedMember	pure	1.02
jpcrp_cor:TotalReturnOnSharePriceIndex	株価指数における総利回り	Prior3YearInstant_NonConsolidatedMember	pure	1.08
jpcrp_cor:TotalReturnOnSharePriceIndex	株価指数における総利回り	Prior2YearInstant_NonConsolidatedMember	pure	1.53
jpcrp_cor:TotalReturnOnSharePriceIndex	株価指数における総利回り	Prior1YearInstant_NonConsolidatedMember	pure	1.50
jpcrp_cor:TotalReturnOnSharePriceIndex	株価指数における総利回り	CurrentYearInstant_NonConsolidatedMember	pure	2.02
jpcrp_cor:TargetsDescriptionOfMetricsRelatedToPolicyOnDevelopmentOfHumanResourcesAndInternalEnvironmentAndTargetsAndPerformanceUsingSuchMetrics	目標数値、人材の育成及び社内環境整備に関する方針に関する指標の内容並びに当該指標を用いた目標及び実績	CurrentYearInstant_Row1Member	pure	60
jpcrp_cor:PerformanceDescriptionOfMetricsRelatedToPolicyOnDevelopmentOfHumanResourcesAndInternalEnvironmentAndTargetsAndPerformanceUsingSuchMetrics	実績数値、人材の育成及び社内環境整備に関する方針に関する指標の内容並びに当該指標を用いた目標及び実績	CurrentYearInstant_Row1Member	pure	57.5
jpcrp_cor:TargetsDescriptionOfMetricsRelatedToPolicyOnDevelopmentOfHumanResourcesAndInternalEnvironmentAndTargetsAndPerformanceUsingSuchMetrics	目標数値、人材の育成及び社内環境整備に関する方針に関する指標の内容並びに当該指標を用いた目標及び実績	CurrentYearInstant_Row2Member	pure	1
jpcrp_cor:PerformanceDescriptionOfMetricsRelatedToPolicyOnDevelopmentOfHumanResourcesAndInternalEnvironmentAndTargetsAndPerformanceUsingSuchMetrics	実績数値、人材の育成及び社内環境整備に関する方針に関する指標の内容並びに当該指標を用いた目標及び実績	CurrentYearInstant_Row4Member	pure	0
jpcrp_cor:ResearchAndDevelopmentExpensesResearchAndDevelopmentActivities	研究開発費、研究開発活動	CurrentYearDuration	JPY	354000000
jpcrp_cor:CapitalExpendituresOverviewOfCapitalExpendituresEtc	設備投資額、設備投資等の概要	CurrentYearDuration	JPY	3009000000
jpcrp_cor:CapitalExpendituresOverviewOfCapitalExpendituresEtc	設備投資額、設備投資等の概要	CurrentYearDuration_jpcrp030000-asr_E00012-000MarineProductsBusinessReportableSegmentMember	JPY	1389000000
jpcrp_cor:CapitalExpendituresOverviewOfCapitalExpendituresEtc	設備投資額、設備投資等の概要	CurrentYearDuration_jpcrp030000-asr_E00012-000FreshfoodsBusinessReportableSegmentMember	JPY	615000000
jpcrp_cor:CapitalExpendituresOverviewOfCapitalExpendituresEtc	設備投資額、設備投資等の概要	CurrentYearDuration_jpcrp030000-asr_E00012-000ProcessedFoodBusinessReportableSegmentMember	JPY	737000000
jpcrp_cor:CapitalExpendituresOverviewOfCapitalExpendituresEtc	設備投資額、設備投資等の概要	CurrentYearDuration_jpcrp030000-asr_E00012-000LogisticsBusinessReportableSegmentsMember	JPY	45000000
jpcrp_cor:CapitalExpendituresOverviewOfCapitalExpendituresEtc	設備投資額、設備投資等の概要	CurrentYearDuration_jpcrp030000-asr_E00012-000OthersAndCorporateMember	JPY	220000000
jpcrp_cor:NumberOfIssuedSharesAsOfFiscalYearEndIssuedSharesTotalNumberOfSharesEtc	事業年度末現在発行数（株）、発行済株式、株式の総数等	FilingDateInstant_OrdinaryShareMember	shares	12078283
jpcrp_cor:NumberOfIssuedSharesAsOfFilingDateIssuedSharesTotalNumberOfSharesEtc	提出日現在発行数（株）、発行済株式、株式の総数等	FilingDateInstant_OrdinaryShareMember	shares	12078283
jpcrp_cor:NumberOfIssuedSharesAsOfFiscalYearEndIssuedSharesTotalNumberOfSharesEtc	事業年度末現在発行数（株）、発行済株式、株式の総数等	FilingDateInstant	shares	12078283
jpcrp_cor:NumberOfIssuedSharesAsOfFilingDateIssuedSharesTotalNumberOfSharesEtc	提出日現在発行数（株）、発行済株式、株式の総数等	FilingDateInstant	shares	12078283
jpcrp_cor:NumberOfSharesConstitutingOneUnit	１単元の株式数	CurrentYearInstant_OrdinaryShareMember	shares	100
jpcrp_cor:NumberOfShareholdersNationalAndLocalGovernments	株主数－政府及び地方公共団体	CurrentYearInstant_OrdinaryShareMember	pure	－
jpcrp_cor:NumberOfShareholdersFinancialInstitutions	株主数－金融機関	CurrentYearInstant_OrdinaryShareMember	pure	28
jpcrp_cor:NumberOfShareholdersFinancialServiceProviders	株主数－金融商品取引業者	CurrentYearInstant_OrdinaryShareMember	pure	34
jpcrp_cor:NumberOfShareholdersOtherCorporations	株主数－その他の法人	CurrentYearInstant_OrdinaryShareMember	pure	276
jpcrp_cor:NumberOfShareholdersForeignInvestorsOtherThanIndividuals	株主数－外国法人等－個人以外	CurrentYearInstant_OrdinaryShareMember	pure	83
jpcrp_cor:NumberOfShareholdersForeignIndividualInvestors	株主数－外国法人等－個人	CurrentYearInstant_OrdinaryShareMember	pure	15
jpcrp_cor:NumberOfShareholdersIndividualsAndOthers	株主数－個人その他	CurrentYearInstant_OrdinaryShareMember	pure	29064
jpcrp_cor:NumberOfShareholdersTotal	株主数－計	CurrentYearInstant_OrdinaryShareMember	pure	29500
jpcrp_cor:NumberOfSharesHeldNumberOfUnitsNationalAndLocalGovernments	所有株式数（単元）－政府及び地方公共団体	CurrentYearInstant_OrdinaryShareMember	pure	－
jpcrp_cor:NumberOfSharesHeldNumberOfUnitsFinancialInstitutions	所有株式数（単元）－金融機関	CurrentYearInstant_OrdinaryShareMember	pure	32294
jpcrp_cor:NumberOfSharesHeldNumberOfUnitsFinancialServiceProviders	所有株式数（単元）－金融商品取引業者	CurrentYearInstant_OrdinaryShareMember	pure	3102
jpcrp_cor:NumberOfSharesHeldNumberOfUnitsOtherCorporations	所有株式数（単元）－その他の法人	CurrentYearInstant_OrdinaryShareMember	pure	12375
jpcrp_cor:NumberOfSharesHeldNumberOfUnitsForeignInvestorsOtherThanIndividuals	所有株式数（単元）－外国法人等－個人以外	CurrentYearInstant_OrdinaryShareMember	pure	11722
jpcrp_cor:NumberOfSharesHeldNumberOfUnitsForeignIndividualInvestors	所有株式数（単元）－外国法人等－個人	CurrentYearInstant_OrdinaryShareMember	pure	33
jpcrp_cor:NumberOfSharesHeldNumberOfUnitsIndividualsAndOthers	所有株式数（単元）－個人その他	CurrentYearInstant_OrdinaryShareMember	pure	60879
jpcrp_cor:NumberOfSharesHeldNumberOfUnitsTotal	所有株式数（単元）－計	CurrentYearInstant_OrdinaryShareMember	pure	120405
jpcrp_cor:NumberOfSharesHeldSharesLessThanOneUnit	所有株式数－単元未満株式の状況（株）	CurrentYearInstant_OrdinaryShareMember	shares	37783
jpcrp_cor:PercentageOfShareholdingsNationalAndLocalGovernments	所有株式数の割合（％）－政府及び地方公共団体	CurrentYearInstant_OrdinaryShareMember	pure	－
jpcrp_cor:PercentageOfShareholdingsFinancialInstitutions	所有株式数の割合（％）－金融機関	CurrentYearInstant_OrdinaryShareMember	pure	0.2682
jpcrp_cor:PercentageOfShareholdingsFinancialServiceProviders	所有株式数の割合（％）－金融商品取引業者	CurrentYearInstant_OrdinaryShareMember	pure	0.0258
jpcrp_cor:PercentageOfShareholdingsOtherCorporations	所有株式数の割合（％）－その他の法人	CurrentYearInstant_OrdinaryShareMember	pure	0.1028
jpcrp_cor:PercentageOfShareholdingsForeignersOtherThanIndividuals	所有株式数の割合（％）－外国法人等－個人以外	CurrentYearInstant_OrdinaryShareMember	pure	0.0973
jpcrp_cor:PercentageOfShareholdingsForeignIndividuals	所有株式数の割合（％）－外国法人等－個人	CurrentYearInstant_OrdinaryShareMember	pure	0.0003
jpcrp_cor:PercentageOfShareholdingsIndividualsAndOthers	所有株式数の割合（％）－個人その他	CurrentYearInstant_OrdinaryShareMember	pure	0.5056
jpcrp_cor:NumberOfSharesHeld	所有株式数	CurrentYearInstant_No1MajorShareholdersMember	shares	1418000
jpcrp_cor:ShareholdingRatio	発行済株式（自己株式を除く。）の総数に対する所有株式数の割合	CurrentYearInstant_No1MajorShareholdersMember	pure	0.1186
jpcrp_cor:NumberOfSharesHeld	所有株式数	CurrentYearInstant_No2MajorShareholdersMember	shares	523000
jpcrp_cor:ShareholdingRatio	発行済株式（自己株式を除く。）の総数に対する所有株式数の割合	CurrentYearInstant_No2MajorShareholdersMember	pure	0.0437
jpcrp_cor:NumberOfSharesHeld	所有株式数	CurrentYearInstant_No3MajorShareholdersMember	shares	445000
jpcrp_cor:ShareholdingRatio	発行済株式（自己株式を除く。）の総数に対する所有株式数の割合	CurrentYearInstant_No3MajorShareholdersMember	pure	0.0372
jpcrp_cor:NumberOfSharesHeld	所有株式数	CurrentYearInstant_No4MajorShareholdersMember	shares	379000
jpcrp_cor:ShareholdingRatio	発行済株式（自己株式を除く。）の総数に対する所有株式数の割合	CurrentYearInstant_No4MajorShareholdersMember	pure	0.0317
jpcrp_cor:NumberOfSharesHeld	所有株式数	CurrentYearInstant_No5MajorShareholdersMember	shares	315000
jpcrp_cor:ShareholdingRatio	発行済株式（自己株式を除く。）の総数に対する所有株式数の割合	CurrentYearInstant_No5MajorShareholdersMember	pure	0.0263
jpcrp_cor:NumberOfSharesHeld	所有株式数	CurrentYearInstant_No6MajorShareholdersMember	shares	171000
jpcrp_cor:ShareholdingRatio	発行済株式（自己株式を除く。）の総数に対する所有株式数の割合	CurrentYearInstant_No6MajorShareholdersMember	pure	0.0143
jpcrp_cor:NumberOfSharesHeld	所有株式数	CurrentYearInstant_No7MajorShareholdersMember	shares	155000
jpcrp_cor:ShareholdingRatio	発行済株式（自己株式を除く。）の総数に対する所有株式数の割合	CurrentYearInstant_No7MajorShareholdersMember	pure	0.0130
jpcrp_cor:NumberOfSharesHeld	所有株式数	CurrentYearInstant_No8MajorShareholdersMember	shares	146000
jpcrp_cor:ShareholdingRatio	発行済株式（自己株式を除く。）の総数に対する所有株式数の割合	CurrentYearInstant_No8MajorShareholdersMember	pure	0.0122
jpcrp_cor:NumberOfSharesHeld	所有株式数	CurrentYearInstant_No9MajorShareholdersMember	shares	144000
jpcrp_cor:ShareholdingRatio	発行済株式（自己株式を除く。）の総数に対する所有株式数の割合	CurrentYearInstant_No9MajorShareholdersMember	pure	0.0121
jpcrp_cor:NumberOfSharesHeld	所有株式数	CurrentYearInstant_No10MajorShareholdersMember	shares	142000
jpcrp_cor:ShareholdingRatio	発行済株式（自己株式を除く。）の総数に対する所有株式数の割合	CurrentYearInstant_No10MajorShareholdersMember	pure	0.0118
jpcrp_cor:NumberOfSharesHeld	所有株式数	CurrentYearInstant	shares	3838000
jpcrp_cor:ShareholdingRatio	発行済株式（自己株式を除く。）の総数に対する所有株式数の割合	CurrentYearInstant	pure	0.3209
jpcrp_cor:NumberOfSharesIssuedSharesVotingRights	株式数（株）、発行済株式、議決権の状況	CurrentYearInstant_SharesWithNoVotingRightsMember	shares	－
jpcrp_cor:NumberOfSharesIssuedSharesVotingRights	株式数（株）、発行済株式、議決権の状況	CurrentYearInstant_SharesWithRestrictedVotingRightsTreasurySharesEtcMember	shares	－
jpcrp_cor:NumberOfSharesIssuedSharesVotingRights	株式数（株）、発行済株式、議決権の状況	CurrentYearInstant_SharesWithRestrictedVotingRightsOtherMember	shares	－
jpcrp_cor:NumberOfVotingRightsIssuedSharesVotingRights	議決権の数（個）、発行済株式、議決権の状況	CurrentYearInstant_SharesWithRestrictedVotingRightsOtherMember	pure	－
jpcrp_cor:NumberOfSharesIssuedSharesVotingRights	株式数（株）、発行済株式、議決権の状況	CurrentYearInstant_OrdinarySharesTreasurySharesSharesWithFullVotingRightsTreasurySharesEtcMember	shares	124400
jpcrp_cor:NumberOfSharesIssuedSharesVotingRights	株式数（株）、発行済株式、議決権の状況	CurrentYearInstant_OrdinarySharesSharesWithFullVotingRightsOtherMember	shares	11916100
jpcrp_cor:NumberOfVotingRightsIssuedSharesVotingRights	議決権の数（個）、発行済株式、議決権の状況	CurrentYearInstant_OrdinarySharesSharesWithFullVotingRightsOtherMember	pure	119161
jpcrp_cor:NumberOfSharesIssuedSharesVotingRights	株式数（株）、発行済株式、議決権の状況	CurrentYearInstant_OrdinarySharesSharesLessThanOneUnitMember	shares	37783
jpcrp_cor:NumberOfSharesIssuedSharesVotingRights	株式数（株）、発行済株式、議決権の状況	CurrentYearInstant	shares	12078283
jpcrp_cor:NumberOfVotingRightsIssuedSharesVotingRights	議決権の数（個）、発行済株式、議決権の状況	CurrentYearInstant	pure	119161
jpcrp_cor:NumberOfSharesHeldInOwnNameTreasurySharesEtc	自己名義所有株式数（株）、自己株式等	CurrentYearInstant_Row1Member	shares	124400
jpcrp_cor:NumberOfSharesHeldInOthersNamesTreasurySharesEtc	他人名義所有株式数（株）、自己株式等	CurrentYearInstant_Row1Member	shares	－
jpcrp_cor:TotalNumberOfSharesHeldTreasurySharesEtc	所有株式数の合計（株）、自己株式等	CurrentYearInstant_Row1Member	shares	124400
jpcrp_cor:ShareholdingRatioTreasurySharesEtc	発行済株式総数に対する所有株式数の割合（％）、自己株式等	CurrentYearInstant_Row1Member	pure	0.0103
jpcrp_cor:NumberOfSharesHeldInOwnNameTreasurySharesEtc	自己名義所有株式数（株）、自己株式等	CurrentYearInstant	shares	124400
jpcrp_cor:NumberOfSharesHeldInOthersNamesTreasurySharesEtc	他人名義所有株式数（株）、自己株式等	CurrentYearInstant	shares	－
jpcrp_cor:TotalNumberOfSharesHeldTreasurySharesEtc	所有株式数の合計（株）、自己株式等	CurrentYearInstant	shares	124400
jpcrp_cor:ShareholdingRatioTreasurySharesEtc	発行済株式総数に対する所有株式数の割合（％）、自己株式等	CurrentYearInstant	pure	0.0103
jpcrp_cor:TotalAmountOfDividendsDividendsOfSurplus	配当金の総額、剰余金の配当	FilingDateInstant_Row1Member	JPY	1793000000
jpcrp_cor:DividendPerShareDividendsOfSurplus	１株当たり配当額、剰余金の配当	FilingDateInstant_Row1Member	JPYPerShares	150
jpcrp_cor:NumberOfMaleDirectorsAndOtherOfficers	役員のうち男性の人数	FilingDateInstant	pure	15
jpcrp_cor:NumberOfFemaleDirectorsAndOtherOfficers	役員のうち女性の人数	FilingDateInstant	pure	3
jpcrp_cor:RatioOfFemaleDirectorsAndOtherOfficers	役員のうち女性の比率	FilingDateInstant	pure	0.167
jpcrp_cor:NumberOfSharesHeldOrdinarySharesInformationAboutDirectorsAndCorporateAuditors	所有株式数（普通株式）、役員の状況（取締役（及び監査役））	FilingDateInstant_jpcrp030000-asr_E00012-000InoueMakotoMember	shares	10600
jpcrp_cor:NumberOfSharesHeldOrdinarySharesInformationAboutDirectorsAndCorporateAuditors	所有株式数（普通株式）、役員の状況（取締役（及び監査役））	FilingDateInstant_jpcrp030000-asr_E00012-000KondoShigeruMember	shares	7500
jpcrp_cor:NumberOfSharesHeldOrdinarySharesInformationAboutDirectorsAndCorporateAuditors	所有株式数（普通株式）、役員の状況（取締役（及び監査役））	FilingDateInstant_jpcrp030000-asr_E00012-000KiyamaShuichiMember	shares	3900
jpcrp_cor:NumberOfSharesHeldOrdinarySharesInformationAboutDirectorsAndCorporateAuditors	所有株式数（普通株式）、役員の状況（取締役（及び監査役））	FilingDateInstant_jpcrp030000-asr_E00012-000HigakiHitoshiMember	shares	2500
jpcrp_cor:NumberOfSharesHeldOrdinarySharesInformationAboutDirectorsAndCorporateAuditors	所有株式数（普通株式）、役員の状況（取締役（及び監査役））	FilingDateInstant_jpcrp030000-asr_E00012-000TanakaYutakaMember	shares	5300
jpcrp_cor:NumberOfSharesHeldOrdinarySharesInformationAboutDirectorsAndCorporateAuditors	所有株式数（普通株式）、役員の状況（取締役（及び監査役））	FilingDateInstant_jpcrp030000-asr_E00012-000YamaguchiKeizoMember	shares	2200
jpcrp_cor:NumberOfSharesHeldOrdinarySharesInformationAboutDirectorsAndCorporateAuditors	所有株式数（普通株式）、役員の状況（取締役（及び監査役））	FilingDateInstant_jpcrp030000-asr_E00012-000HattoriAtsushiMember	shares	1400
jpcrp_cor:NumberOfSharesHeldOrdinarySharesInformationAboutDirectorsAndCorporateAuditors	所有株式数（普通株式）、役員の状況（取締役（及び監査役））	FilingDateInstant_jpcrp030000-asr_E00012-000MiyamaMasakiMember	shares	1200
jpcrp_cor:NumberOfSharesHeldOrdinarySharesInformationAboutDirectorsAndCorporateAuditors	所有株式数（普通株式）、役員の状況（取締役（及び監査役））	FilingDateInstant_jpcrp030000-asr_E00012-000OdaMasahikoMember	shares	500
jpcrp_cor:NumberOfSharesHeldOrdinarySharesInformationAboutDirectorsAndCorporateAuditors	所有株式数（普通株式）、役員の状況（取締役（及び監査役））	FilingDateInstant_jpcrp030000-asr_E00012-000MiuraMasayoMember	shares	700
jpcrp_cor:NumberOfSharesHeldOrdinarySharesInformationAboutDirectorsAndCorporateAuditors	所有株式数（普通株式）、役員の状況（取締役（及び監査役））	FilingDateInstant_jpcrp030000-asr_E00012-000ShiraoMikaMember	shares	－
jpcrp_cor:NumberOfSharesHeldOrdinarySharesInformationAboutDirectorsAndCorporateAuditors	所有株式数（普通株式）、役員の状況（取締役（及び監査役））	FilingDateInstant_jpcrp030000-asr_E00012-000MachidaKatsuhiroMember	shares	－
jpcrp_cor:NumberOfSharesHeldOrdinarySharesInformationAboutDirectorsAndCorporateAuditors	所有株式数（普通株式）、役員の状況（取締役（及び監査役））	FilingDateInstant_jpcrp030000-asr_E00012-000YamadaEijiMember	shares	－
jpcrp_cor:NumberOfSharesHeldOrdinarySharesInformationAboutDirectorsAndCorporateAuditors	所有株式数（普通株式）、役員の状況（取締役（及び監査役））	FilingDateInstant_jpcrp030000-asr_E00012-000NaganoAsakoMember	shares	－
jpcrp_cor:NumberOfSharesHeldOrdinarySharesInformationAboutDirectorsAndCorporateAuditors	所有株式数（普通株式）、役員の状況（取締役（及び監査役））	FilingDateInstant_jpcrp030000-asr_E00012-000SasakiTsutomuMember	shares	200
jpcrp_cor:NumberOfSharesHeldOrdinarySharesInformationAboutDirectorsAndCorporateAuditors	所有株式数（普通株式）、役員の状況（取締役（及び監査役））	FilingDateInstant_jpcrp030000-asr_E00012-000FukushimaShigeruMember	shares	－
jpcrp_cor:NumberOfSharesHeldOrdinarySharesInformationAboutDirectorsAndCorporateAuditors	所有株式数（普通株式）、役員の状況（取締役（及び監査役））	FilingDateInstant_jpcrp030000-asr_E00012-000SobajimaYasuyukiMember	shares	1600
jpcrp_cor:NumberOfSharesHeldOrdinarySharesInformationAboutDirectorsAndCorporateAuditors	所有株式数（普通株式）、役員の状況（取締役（及び監査役））	FilingDateInstant_jpcrp030000-asr_E00012-000SuzukiJunjiMember	shares	2800
jpcrp_cor:NumberOfSharesHeldOrdinarySharesInformationAboutDirectorsAndCorporateAuditors	所有株式数（普通株式）、役員の状況（取締役（及び監査役））	FilingDateInstant	shares	40400
jpcrp_cor:AuditFeesReportingCompany	監査証明業務に基づく報酬－提出会社、監査公認会計士等	Prior1YearDuration	JPY	45000000
jpcrp_cor:NonAuditFeesReportingCompany	非監査業務に基づく報酬－提出会社、監査公認会計士等	Prior1YearDuration	JPY	－
jpcrp_cor:AuditFeesReportingCompany	監査証明業務に基づく報酬－提出会社、監査公認会計士等	CurrentYearDuration	JPY	49000000
jpcrp_cor:NonAuditFeesReportingCompany	非監査業務に基づく報酬－提出会社、監査公認会計士等	CurrentYearDuration	JPY	－
jpcrp_cor:AuditFeesConsolidatedSubsidiaries	監査証明業務に基づく報酬－連結子会社、監査公認会計士等	Prior1YearDuration	JPY	－
jpcrp_cor:NonAuditFeesConsolidatedSubsidiaries	非監査業務に基づく報酬－連結子会社、監査公認会計士等	Prior1YearDuration	JPY	0
jpcrp_cor:AuditFeesConsolidatedSubsidiaries	監査証明業務に基づく報酬－連結子会社、監査公認会計士等	CurrentYearDuration	JPY	－
jpcrp_cor:NonAuditFeesConsolidatedSubsidiaries	非監査業務に基づく報酬－連結子会社、監査公認会計士等	CurrentYearDuration	JPY	0
jpcrp_cor:AuditFeesTotal	監査証明業務に基づく報酬－計、監査公認会計士等	Prior1YearDuration	JPY	45000000
jpcrp_cor:NonAuditFeesTotal	非監査業務に基づく報酬－計、監査公認会計士等	Prior1YearDuration	JPY	0
jpcrp_cor:AuditFeesTotal	監査証明業務に基づく報酬－計、監査公認会計士等	CurrentYearDuration	JPY	49000000
jpcrp_cor:NonAuditFeesTotal	非監査業務に基づく報酬－計、監査公認会計士等	CurrentYearDuration	JPY	0
jpcrp_cor:TotalAmountOfRemunerationEtcRemunerationEtcByCategoryOfDirectorsAndOtherOfficers	報酬等の総額、役員区分ごとの報酬等	CurrentYearDuration_DirectorsExcludingOutsideDirectorsMember	JPY	415000000
jpcrp_cor:BaseRemunerationRemunerationEtcByCategoryOfDirectorsAndOtherOfficers	基本報酬、役員区分ごとの報酬等	CurrentYearDuration_DirectorsExcludingOutsideDirectorsMember	JPY	374000000
jpcrp_cor:PerformanceBasedRemunerationRemunerationByCategoryOfDirectorsAndOtherOfficers	業績連動報酬、役員区分ごとの報酬等	CurrentYearDuration_DirectorsExcludingOutsideDirectorsMember	JPY	41000000
jpcrp_cor:NonMonetaryRemunerationRemunerationByCategoryOfDirectorsAndOtherOfficers	非金銭報酬等、役員区分ごとの報酬等	CurrentYearDuration_DirectorsExcludingOutsideDirectorsMember	JPY	－
jpcrp_cor:NumberOfDirectorsAndOtherOfficersRemunerationEtcByCategoryOfDirectorsAndOtherOfficers	対象となる役員の員数、役員区分ごとの報酬等	CurrentYearDuration_DirectorsExcludingOutsideDirectorsMember	pure	9
jpcrp_cor:TotalAmountOfRemunerationEtcRemunerationEtcByCategoryOfDirectorsAndOtherOfficers	報酬等の総額、役員区分ごとの報酬等	CurrentYearDuration_CorporateAuditorsExcludingOutsideCorporateAuditorsMember	JPY	14000000
jpcrp_cor:BaseRemunerationRemunerationEtcByCategoryOfDirectorsAndOtherOfficers	基本報酬、役員区分ごとの報酬等	CurrentYearDuration_CorporateAuditorsExcludingOutsideCorporateAuditorsMember	JPY	14000000
jpcrp_cor:PerformanceBasedRemunerationRemunerationByCategoryOfDirectorsAndOtherOfficers	業績連動報酬、役員区分ごとの報酬等	CurrentYearDuration_CorporateAuditorsExcludingOutsideCorporateAuditorsMember	JPY	－
jpcrp_cor:NonMonetaryRemunerationRemunerationByCategoryOfDirectorsAndOtherOfficers	非金銭報酬等、役員区分ごとの報酬等	CurrentYearDuration_CorporateAuditorsExcludingOutsideCorporateAuditorsMember	JPY	－
jpcrp_cor:NumberOfDirectorsAndOtherOfficersRemunerationEtcByCategoryOfDirectorsAndOtherOfficers	対象となる役員の員数、役員区分ごとの報酬等	CurrentYearDuration_CorporateAuditorsExcludingOutsideCorporateAuditorsMember	pure	3
jpcrp_cor:TotalAmountOfRemunerationEtcRemunerationEtcByCategoryOfDirectorsAndOtherOfficers	報酬等の総額、役員区分ごとの報酬等	CurrentYearDuration_OutsideDirectorsAndOtherOfficersMember	JPY	105000000
jpcrp_cor:BaseRemunerationRemunerationEtcByCategoryOfDirectorsAndOtherOfficers	基本報酬、役員区分ごとの報酬等	CurrentYearDuration_OutsideDirectorsAndOtherOfficersMember	JPY	105000000
jpcrp_cor:PerformanceBasedRemunerationRemunerationByCategoryOfDirectorsAndOtherOfficers	業績連動報酬、役員区分ごとの報酬等	CurrentYearDuration_OutsideDirectorsAndOtherOfficersMember	JPY	－
jpcrp_cor:NonMonetaryRemunerationRemunerationByCategoryOfDirectorsAndOtherOfficers	非金銭報酬等、役員区分ごとの報酬等	CurrentYearDuration_OutsideDirectorsAndOtherOfficersMember	JPY	－
jpcrp_cor:NumberOfDirectorsAndOtherOfficersRemunerationEtcByCategoryOfDirectorsAndOtherOfficers	対象となる役員の員数、役員区分ごとの報酬等	CurrentYearDuration_OutsideDirectorsAndOtherOfficersMember	pure	8
jpcrp_cor:TotalAmountOfRemunerationEtcPaidByGroupRemunerationEtcPaidByGroupToEachDirectorOrOtherOfficer	連結報酬等の総額、役員ごとの連結報酬等	CurrentYearDuration_jpcrp030000-asr_E00012-000InoueMakotoMember	JPY	113000000
jpcrp_cor:NumberOfIssuesSharesNotListedInvestmentSharesHeldForPurposesOtherThanPureInvestmentReportingCompany	銘柄数、非上場株式、保有目的が純投資目的以外の目的である投資株式、提出会社	CurrentYearInstant	pure	17
jpcrp_cor:CarryingAmountSharesNotListedInvestmentSharesHeldForPurposesOtherThanPureInvestmentReportingCompany	貸借対照表計上額、非上場株式、保有目的が純投資目的以外の目的である投資株式、提出会社	CurrentYearInstant	JPY	357000000
jpcrp_cor:NumberOfIssuesSharesOtherThanThoseNotListedInvestmentSharesHeldForPurposesOtherThanPureInvestmentReportingCompany	銘柄数、非上場株式以外の株式、保有目的が純投資目的以外の目的である投資株式、提出会社	CurrentYearInstant	pure	33
jpcrp_cor:CarryingAmountSharesOtherThanThoseNotListedInvestmentSharesHeldForPurposesOtherThanPureInvestmentReportingCompany	貸借対照表計上額、非上場株式以外の株式、保有目的が純投資目的以外の目的である投資株式、提出会社	CurrentYearInstant	JPY	20388000000
jpcrp_cor:NumberOfIssuesWhoseNumberOfSharesIncreasedSharesNotListedInvestmentSharesHeldForPurposesOtherThanPureInvestmentReportingCompany	株式数が増加した銘柄数、非上場株式、保有目的が純投資目的以外の目的である投資株式、提出会社	CurrentYearDuration	pure	－
jpcrp_cor:TotalAcquisitionCostForIncreasedSharesSharesNotListedInvestmentSharesHeldForPurposesOtherThanPureInvestmentReportingCompany	株式数の増加に係る取得価額の合計額、非上場株式、保有目的が純投資目的以外の目的である投資株式、提出会社	CurrentYearDuration	JPY	－
jpcrp_cor:NumberOfIssuesWhoseNumberOfSharesIncreasedSharesOtherThanThoseNotListedInvestmentSharesHeldForPurposesOtherThanPureInvestmentReportingCompany	株式数が増加した銘柄数、非上場株式以外の株式、保有目的が純投資目的以外の目的である投資株式、提出会社	CurrentYearDuration	pure	10
jpcrp_cor:TotalAcquisitionCostForIncreasedSharesSharesOtherThanThoseNotListedInvestmentSharesHeldForPurposesOtherThanPureInvestmentReportingCompany	株式数の増加に係る取得価額の合計額、非上場株式以外の株式、保有目的が純投資目的以外の目的である投資株式、提出会社	CurrentYearDuration	JPY	12000000
jpcrp_cor:NumberOfIssuesWhoseNumberOfSharesDecreasedSharesNotListedInvestmentSharesHeldForPurposesOtherThanPureInvestmentReportingCompany	株式数が減少した銘柄数、非上場株式、保有目的が純投資目的以外の目的である投資株式、提出会社	CurrentYearDuration	pure	－
jpcrp_cor:TotalSaleAmountForDecreasedSharesSharesNotListedInvestmentSharesHeldForPurposesOtherThanPureInvestmentReportingCompany	株式数の減少に係る売却価額の合計額、非上場株式、保有目的が純投資目的以外の目的である投資株式、提出会社	CurrentYearDuration	JPY	－
jpcrp_cor:NumberOfIssuesWhoseNumberOfSharesDecreasedSharesOtherThanThoseNotListedInvestmentSharesHeldForPurposesOtherThanPureInvestmentReportingCompany	株式数が減少した銘柄数、非上場株式以外の株式、保有目的が純投資目的以外の目的である投資株式、提出会社	CurrentYearDuration	pure	1
jpcrp_cor:TotalSaleAmountForDecreasedSharesSharesOtherThanThoseNotListedInvestmentSharesHeldForPurposesOtherThanPureInvestmentReportingCompany	株式数の減少に係る売却価額の合計額、非上場株式以外の株式、保有目的が純投資目的以外の目的である投資株式、提出会社	CurrentYearDuration	JPY	6000000
jpcrp_cor:NumberOfSharesHeldDetailsOfSpecifiedInvestmentEquitySecuritiesHeldForPurposesOtherThanPureInvestmentReportingCompany	株式数、保有目的が純投資目的以外の目的である特定投資株式の明細、提出会社	CurrentYearInstant_Row1Member	shares	1110800
jpcrp_cor:NumberOfSharesHeldDetailsOfSpecifiedInvestmentEquitySecuritiesHeldForPurposesOtherThanPureInvestmentReportingCompany	株式数、保有目的が純投資目的以外の目的である特定投資株式の明細、提出会社	Prior1YearInstant_Row1Member	shares	1110800
jpcrp_cor:BookValueDetailsOfSpecifiedInvestmentEquitySecuritiesHeldForPurposesOtherThanPureInvestmentReportingCompany	貸借対照表計上額、保有目的が純投資目的以外の目的である特定投資株式の明細、提出会社	CurrentYearInstant_Row1Member	JPY	10297000000
jpcrp_cor:BookValueDetailsOfSpecifiedInvestmentEquitySecuritiesHeldForPurposesOtherThanPureInvestmentReportingCompany	貸借対照表計上額、保有目的が純投資目的以外の目的である特定投資株式の明細、提出会社	Prior1YearInstant_Row1Member	JPY	4944000000
jpcrp_cor:NumberOfSharesHeldDetailsOfSpecifiedInvestmentEquitySecuritiesHeldForPurposesOtherThanPureInvestmentReportingCompany	株式数、保有目的が純投資目的以外の目的である特定投資株式の明細、提出会社	CurrentYearInstant_Row2Member	shares	794300
jpcrp_cor:NumberOfSharesHeldDetailsOfSpecifiedInvestmentEquitySecuritiesHeldForPurposesOtherThanPureInvestmentReportingCompany	株式数、保有目的が純投資目的以外の目的である特定投資株式の明細、提出会社	Prior1YearInstant_Row2Member	shares	794300
jpcrp_cor:BookValueDetailsOfSpecifiedInvestmentEquitySecuritiesHeldForPurposesOtherThanPureInvestmentReportingCompany	貸借対照表計上額、保有目的が純投資目的以外の目的である特定投資株式の明細、提出会社	CurrentYearInstant_Row2Member	JPY	2065000000
jpcrp_cor:BookValueDetailsOfSpecifiedInvestmentEquitySecuritiesHeldForPurposesOtherThanPureInvestmentReportingCompany	貸借対照表計上額、保有目的が純投資目的以外の目的である特定投資株式の明細、提出会社	Prior1YearInstant_Row2Member	JPY	1597000000
jpcrp_cor:NumberOfSharesHeldDetailsOfSpecifiedInvestmentEquitySecuritiesHeldForPurposesOtherThanPureInvestmentReportingCompany	株式数、保有目的が純投資目的以外の目的である特定投資株式の明細、提出会社	CurrentYearInstant_Row3Member	shares	1500000
jpcrp_cor:NumberOfSharesHeldDetailsOfSpecifiedInvestmentEquitySecuritiesHeldForPurposesOtherThanPureInvestmentReportingCompany	株式数、保有目的が純投資目的以外の目的である特定投資株式の明細、提出会社	Prior1YearInstant_Row3Member	shares	1500000
jpcrp_cor:BookValueDetailsOfSpecifiedInvestmentEquitySecuritiesHeldForPurposesOtherThanPureInvestmentReportingCompany	貸借対照表計上額、保有目的が純投資目的以外の目的である特定投資株式の明細、提出会社	CurrentYearInstant_Row3Member	JPY	1866000000
jpcrp_cor:BookValueDetailsOfSpecifiedInvestmentEquitySecuritiesHeldForPurposesOtherThanPureInvestmentReportingCompany	貸借対照表計上額、保有目的が純投資目的以外の目的である特定投資株式の明細、提出会社	Prior1YearInstant_Row3Member	JPY	1906000000
jpcrp_cor:NumberOfSharesHeldDetailsOfSpecifiedInvestmentEquitySecuritiesHeldForPurposesOtherThanPureInvestmentReportingCompany	株式数、保有目的が純投資目的以外の目的である特定投資株式の明細、提出会社	CurrentYearInstant_Row4Member	shares	560100
jpcrp_cor:NumberOfSharesHeldDetailsOfSpecifiedInvestmentEquitySecuritiesHeldForPurposesOtherThanPureInvestmentReportingCompany	株式数、保有目的が純投資目的以外の目的である特定投資株式の明細、提出会社	Prior1YearInstant_Row4Member	shares	560100
jpcrp_cor:BookValueDetailsOfSpecifiedInvestmentEquitySecuritiesHeldForPurposesOtherThanPureInvestmentReportingCompany	貸借対照表計上額、保有目的が純投資目的以外の目的である特定投資株式の明細、提出会社	CurrentYearInstant_Row4Member	JPY	965000000
jpcrp_cor:BookValueDetailsOfSpecifiedInvestmentEquitySecuritiesHeldForPurposesOtherThanPureInvestmentReportingCompany	貸借対照表計上額、保有目的が純投資目的以外の目的である特定投資株式の明細、提出会社	Prior1YearInstant_Row4Member	JPY	720000000
jpcrp_cor:NumberOfSharesHeldDetailsOfSpecifiedInvestmentEquitySecuritiesHeldForPurposesOtherThanPureInvestmentReportingCompany	株式数、保有目的が純投資目的以外の目的である特定投資株式の明細、提出会社	CurrentYearInstant_Row5Member	shares	214123
jpcrp_cor:NumberOfSharesHeldDetailsOfSpecifiedInvestmentEquitySecuritiesHeldForPurposesOtherThanPureInvestmentReportingCompany	株式数、保有目的が純投資目的以外の目的である特定投資株式の明細、提出会社	Prior1YearInstant_Row5Member	shares	214123
jpcrp_cor:BookValueDetailsOfSpecifiedInvestmentEquitySecuritiesHeldForPurposesOtherThanPureInvestmentReportingCompany	貸借対照表計上額、保有目的が純投資目的以外の目的である特定投資株式の明細、提出会社	CurrentYearInstant_Row5Member	JPY	869000000
jpcrp_cor:BookValueDetailsOfSpecifiedInvestmentEquitySecuritiesHeldForPurposesOtherThanPureInvestmentReportingCompany	貸借対照表計上額、保有目的が純投資目的以外の目的である特定投資株式の明細、提出会社	Prior1YearInstant_Row5Member	JPY	708000000
jpcrp_cor:NumberOfSharesHeldDetailsOfSpecifiedInvestmentEquitySecuritiesHeldForPurposesOtherThanPureInvestmentReportingCompany	株式数、保有目的が純投資目的以外の目的である特定投資株式の明細、提出会社	CurrentYearInstant_Row6Member	shares	157380
jpcrp_cor:NumberOfSharesHeldDetailsOfSpecifiedInvestmentEquitySecuritiesHeldForPurposesOtherThanPureInvestmentReportingCompany	株式数、保有目的が純投資目的以外の目的である特定投資株式の明細、提出会社	Prior1YearInstant_Row6Member	shares	157380
jpcrp_cor:BookValueDetailsOfSpecifiedInvestmentEquitySecuritiesHeldForPurposesOtherThanPureInvestmentReportingCompany	貸借対照表計上額、保有目的が純投資目的以外の目的である特定投資株式の明細、提出会社	CurrentYearInstant_Row6Member	JPY	771000000
jpcrp_cor:BookValueDetailsOfSpecifiedInvestmentEquitySecuritiesHeldForPurposesOtherThanPureInvestmentReportingCompany	貸借対照表計上額、保有目的が純投資目的以外の目的である特定投資株式の明細、提出会社	Prior1YearInstant_Row6Member	JPY	585000000
jpcrp_cor:NumberOfSharesHeldDetailsOfSpecifiedInvestmentEquitySecuritiesHeldForPurposesOtherThanPureInvestmentReportingCompany	株式数、保有目的が純投資目的以外の目的である特定投資株式の明細、提出会社	CurrentYearInstant_Row7Member	shares	497883
jpcrp_cor:NumberOfSharesHeldDetailsOfSpecifiedInvestmentEquitySecuritiesHeldForPurposesOtherThanPureInvestmentReportingCompany	株式数、保有目的が純投資目的以外の目的である特定投資株式の明細、提出会社	Prior1YearInstant_Row7Member	shares	497883
jpcrp_cor:BookValueDetailsOfSpecifiedInvestmentEquitySecuritiesHeldForPurposesOtherThanPureInvestmentReportingCompany	貸借対照表計上額、保有目的が純投資目的以外の目的である特定投資株式の明細、提出会社	CurrentYearInstant_Row7Member	JPY	767000000
jpcrp_cor:BookValueDetailsOfSpecifiedInvestmentEquitySecuritiesHeldForPurposesOtherThanPureInvestmentReportingCompany	貸借対照表計上額、保有目的が純投資目的以外の目的である特定投資株式の明細、提出会社	Prior1YearInstant_Row7Member	JPY	487000000
jpcrp_cor:NumberOfSharesHeldDetailsOfSpecifiedInvestmentEquitySecuritiesHeldForPurposesOtherThanPureInvestmentReportingCompany	株式数、保有目的が純投資目的以外の目的である特定投資株式の明細、提出会社	CurrentYearInstant_Row8Member	shares	1180459
jpcrp_cor:NumberOfSharesHeldDetailsOfSpecifiedInvestmentEquitySecuritiesHeldForPurposesOtherThanPureInvestmentReportingCompany	株式数、保有目的が純投資目的以外の目的である特定投資株式の明細、提出会社	Prior1YearInstant_Row8Member	shares	1180459
jpcrp_cor:BookValueDetailsOfSpecifiedInvestmentEquitySecuritiesHeldForPurposesOtherThanPureInvestmentReportingCompany	貸借対照表計上額、保有目的が純投資目的以外の目的である特定投資株式の明細、提出会社	CurrentYearInstant_Row8Member	JPY	459000000
jpcrp_cor:BookValueDetailsOfSpecifiedInvestmentEquitySecuritiesHeldForPurposesOtherThanPureInvestmentReportingCompany	貸借対照表計上額、保有目的が純投資目的以外の目的である特定投資株式の明細、提出会社	Prior1YearInstant_Row8Member	JPY	374000000
jpcrp_cor:NumberOfSharesHeldDetailsOfSpecifiedInvestmentEquitySecuritiesHeldForPurposesOtherThanPureInvestmentReportingCompany	株式数、保有目的が純投資目的以外の目的である特定投資株式の明細、提出会社	CurrentYearInstant_Row9Member	shares	150813
jpcrp_cor:NumberOfSharesHeldDetailsOfSpecifiedInvestmentEquitySecuritiesHeldForPurposesOtherThanPureInvestmentReportingCompany	株式数、保有目的が純投資目的以外の目的である特定投資株式の明細、提出会社	Prior1YearInstant_Row9Member	shares	150813
jpcrp_cor:BookValueDetailsOfSpecifiedInvestmentEquitySecuritiesHeldForPurposesOtherThanPureInvestmentReportingCompany	貸借対照表計上額、保有目的が純投資目的以外の目的である特定投資株式の明細、提出会社	CurrentYearInstant_Row9Member	JPY	427000000
jpcrp_cor:BookValueDetailsOfSpecifiedInvestmentEquitySecuritiesHeldForPurposesOtherThanPureInvestmentReportingCompany	貸借対照表計上額、保有目的が純投資目的以外の目的である特定投資株式の明細、提出会社	Prior1YearInstant_Row9Member	JPY	265000000
jpcrp_cor:NumberOfSharesHeldDetailsOfSpecifiedInvestmentEquitySecuritiesHeldForPurposesOtherThanPureInvestmentReportingCompany	株式数、保有目的が純投資目的以外の目的である特定投資株式の明細、提出会社	CurrentYearInstant_Row10Member	shares	169200
jpcrp_cor:NumberOfSharesHeldDetailsOfSpecifiedInvestmentEquitySecuritiesHeldForPurposesOtherThanPureInvestmentReportingCompany	株式数、保有目的が純投資目的以外の目的である特定投資株式の明細、提出会社	Prior1YearInstant_Row10Member	shares	169200
jpcrp_cor:BookValueDetailsOfSpecifiedInvestmentEquitySecuritiesHeldForPurposesOtherThanPureInvestmentReportingCompany	貸借対照表計上額、保有目的が純投資目的以外の目的である特定投資株式の明細、提出会社	CurrentYearInstant_Row10Member	JPY	423000000
jpcrp_cor:BookValueDetailsOfSpecifiedInvestmentEquitySecuritiesHeldForPurposesOtherThanPureInvestmentReportingCompany	貸借対照表計上額、保有目的が純投資目的以外の目的である特定投資株式の明細、提出会社	Prior1YearInstant_Row10Member	JPY	324000000
jpcrp_cor:NumberOfSharesHeldDetailsOfSpecifiedInvestmentEquitySecuritiesHeldForPurposesOtherThanPureInvestmentReportingCompany	株式数、保有目的が純投資目的以外の目的である特定投資株式の明細、提出会社	CurrentYearInstant_Row11Member	shares	120165
jpcrp_cor:NumberOfSharesHeldDetailsOfSpecifiedInvestmentEquitySecuritiesHeldForPurposesOtherThanPureInvestmentReportingCompany	株式数、保有目的が純投資目的以外の目的である特定投資株式の明細、提出会社	Prior1YearInstant_Row11Member	shares	120165
jpcrp_cor:BookValueDetailsOfSpecifiedInvestmentEquitySecuritiesHeldForPurposesOtherThanPureInvestmentReportingCompany	貸借対照表計上額、保有目的が純投資目的以外の目的である特定投資株式の明細、提出会社	CurrentYearInstant_Row11Member	JPY	349000000
jpcrp_cor:BookValueDetailsOfSpecifiedInvestmentEquitySecuritiesHeldForPurposesOtherThanPureInvestmentReportingCompany	貸借対照表計上額、保有目的が純投資目的以外の目的である特定投資株式の明細、提出会社	Prior1YearInstant_Row11Member	JPY	330000000
jpcrp_cor:NumberOfSharesHeldDetailsOfSpecifiedInvestmentEquitySecuritiesHeldForPurposesOtherThanPureInvestmentReportingCompany	株式数、保有目的が純投資目的以外の目的である特定投資株式の明細、提出会社	CurrentYearInstant_Row12Member	shares	60000
jpcrp_cor:NumberOfSharesHeldDetailsOfSpecifiedInvestmentEquitySecuritiesHeldForPurposesOtherThanPureInvestmentReportingCompany	株式数、保有目的が純投資目的以外の目的である特定投資株式の明細、提出会社	Prior1YearInstant_Row12Member	shares	20000
jpcrp_cor:BookValueDetailsOfSpecifiedInvestmentEquitySecuritiesHeldForPurposesOtherThanPureInvestmentReportingCompany	貸借対照表計上額、保有目的が純投資目的以外の目的である特定投資株式の明細、提出会社	CurrentYearInstant_Row12Member	JPY	183000000
jpcrp_cor:BookValueDetailsOfSpecifiedInvestmentEquitySecuritiesHeldForPurposesOtherThanPureInvestmentReportingCompany	貸借対照表計上額、保有目的が純投資目的以外の目的である特定投資株式の明細、提出会社	Prior1YearInstant_Row12Member	JPY	95000000
jpcrp_cor:NumberOfSharesHeldDetailsOfSpecifiedInvestmentEquitySecuritiesHeldForPurposesOtherThanPureInvestmentReportingCompany	株式数、保有目的が純投資目的以外の目的である特定投資株式の明細、提出会社	CurrentYearInstant_Row13Member	shares	74886
jpcrp_cor:NumberOfSharesHeldDetailsOfSpecifiedInvestmentEquitySecuritiesHeldForPurposesOtherThanPureInvestmentReportingCompany	株式数、保有目的が純投資目的以外の目的である特定投資株式の明細、提出会社	Prior1YearInstant_Row13Member	shares	24918
jpcrp_cor:BookValueDetailsOfSpecifiedInvestmentEquitySecuritiesHeldForPurposesOtherThanPureInvestmentReportingCompany	貸借対照表計上額、保有目的が純投資目的以外の目的である特定投資株式の明細、提出会社	CurrentYearInstant_Row13Member	JPY	141000000
jpcrp_cor:BookValueDetailsOfSpecifiedInvestmentEquitySecuritiesHeldForPurposesOtherThanPureInvestmentReportingCompany	貸借対照表計上額、保有目的が純投資目的以外の目的である特定投資株式の明細、提出会社	Prior1YearInstant_Row13Member	JPY	93000000
jpcrp_cor:NumberOfSharesHeldDetailsOfSpecifiedInvestmentEquitySecuritiesHeldForPurposesOtherThanPureInvestmentReportingCompany	株式数、保有目的が純投資目的以外の目的である特定投資株式の明細、提出会社	CurrentYearInstant_Row14Member	shares	42329
jpcrp_cor:NumberOfSharesHeldDetailsOfSpecifiedInvestmentEquitySecuritiesHeldForPurposesOtherThanPureInvestmentReportingCompany	株式数、保有目的が純投資目的以外の目的である特定投資株式の明細、提出会社	Prior1YearInstant_Row14Member	shares	41799
jpcrp_cor:BookValueDetailsOfSpecifiedInvestmentEquitySecuritiesHeldForPurposesOtherThanPureInvestmentReportingCompany	貸借対照表計上額、保有目的が純投資目的以外の目的である特定投資株式の明細、提出会社	CurrentYearInstant_Row14Member	JPY	122000000
jpcrp_cor:BookValueDetailsOfSpecifiedInvestmentEquitySecuritiesHeldForPurposesOtherThanPureInvestmentReportingCompany	貸借対照表計上額、保有目的が純投資目的以外の目的である特定投資株式の明細、提出会社	Prior1YearInstant_Row14Member	JPY	141000000
jpcrp_cor:NumberOfSharesHeldDetailsOfSpecifiedInvestmentEquitySecuritiesHeldForPurposesOtherThanPureInvestmentReportingCompany	株式数、保有目的が純投資目的以外の目的である特定投資株式の明細、提出会社	CurrentYearInstant_Row15Member	shares	21000
jpcrp_cor:NumberOfSharesHeldDetailsOfSpecifiedInvestmentEquitySecuritiesHeldForPurposesOtherThanPureInvestmentReportingCompany	株式数、保有目的が純投資目的以外の目的である特定投資株式の明細、提出会社	Prior1YearInstant_Row15Member	shares	21000
jpcrp_cor:BookValueDetailsOfSpecifiedInvestmentEquitySecuritiesHeldForPurposesOtherThanPureInvestmentReportingCompany	貸借対照表計上額、保有目的が純投資目的以外の目的である特定投資株式の明細、提出会社	CurrentYearInstant_Row15Member	JPY	84000000
jpcrp_cor:BookValueDetailsOfSpecifiedInvestmentEquitySecuritiesHeldForPurposesOtherThanPureInvestmentReportingCompany	貸借対照表計上額、保有目的が純投資目的以外の目的である特定投資株式の明細、提出会社	Prior1YearInstant_Row15Member	JPY	82000000
jpcrp_cor:NumberOfSharesHeldDetailsOfSpecifiedInvestmentEquitySecuritiesHeldForPurposesOtherThanPureInvestmentReportingCompany	株式数、保有目的が純投資目的以外の目的である特定投資株式の明細、提出会社	CurrentYearInstant_Row16Member	shares	21636
jpcrp_cor:NumberOfSharesHeldDetailsOfSpecifiedInvestmentEquitySecuritiesHeldForPurposesOtherThanPureInvestmentReportingCompany	株式数、保有目的が純投資目的以外の目的である特定投資株式の明細、提出会社	Prior1YearInstant_Row16Member	shares	21018
jpcrp_cor:BookValueDetailsOfSpecifiedInvestmentEquitySecuritiesHeldForPurposesOtherThanPureInvestmentReportingCompany	貸借対照表計上額、保有目的が純投資目的以外の目的である特定投資株式の明細、提出会社	CurrentYearInstant_Row16Member	JPY	82000000
jpcrp_cor:BookValueDetailsOfSpecifiedInvestmentEquitySecuritiesHeldForPurposesOtherThanPureInvestmentReportingCompany	貸借対照表計上額、保有目的が純投資目的以外の目的である特定投資株式の明細、提出会社	Prior1YearInstant_Row16Member	JPY	61000000
jpcrp_cor:NumberOfSharesHeldDetailsOfSpecifiedInvestmentEquitySecuritiesHeldForPurposesOtherThanPureInvestmentReportingCompany	株式数、保有目的が純投資目的以外の目的である特定投資株式の明細、提出会社	CurrentYearInstant_Row17Member	shares	15000
jpcrp_cor:NumberOfSharesHeldDetailsOfSpecifiedInvestmentEquitySecuritiesHeldForPurposesOtherThanPureInvestmentReportingCompany	株式数、保有目的が純投資目的以外の目的である特定投資株式の明細、提出会社	Prior1YearInstant_Row17Member	shares	15000
jpcrp_cor:BookValueDetailsOfSpecifiedInvestmentEquitySecuritiesHeldForPurposesOtherThanPureInvestmentReportingCompany	貸借対照表計上額、保有目的が純投資目的以外の目的である特定投資株式の明細、提出会社	CurrentYearInstant_Row17Member	JPY	75000000
jpcrp_cor:BookValueDetailsOfSpecifiedInvestmentEquitySecuritiesHeldForPurposesOtherThanPureInvestmentReportingCompany	貸借対照表計上額、保有目的が純投資目的以外の目的である特定投資株式の明細、提出会社	Prior1YearInstant_Row17Member	JPY	56000000
jpcrp_cor:NumberOfSharesHeldDetailsOfSpecifiedInvestmentEquitySecuritiesHeldForPurposesOtherThanPureInvestmentReportingCompany	株式数、保有目的が純投資目的以外の目的である特定投資株式の明細、提出会社	CurrentYearInstant_Row18Member	shares	12800
jpcrp_cor:NumberOfSharesHeldDetailsOfSpecifiedInvestmentEquitySecuritiesHeldForPurposesOtherThanPureInvestmentReportingCompany	株式数、保有目的が純投資目的以外の目的である特定投資株式の明細、提出会社	Prior1YearInstant_Row18Member	shares	12800
jpcrp_cor:BookValueDetailsOfSpecifiedInvestmentEquitySecuritiesHeldForPurposesOtherThanPureInvestmentReportingCompany	貸借対照表計上額、保有目的が純投資目的以外の目的である特定投資株式の明細、提出会社	CurrentYearInstant_Row18Member	JPY	75000000
jpcrp_cor:BookValueDetailsOfSpecifiedInvestmentEquitySecuritiesHeldForPurposesOtherThanPureInvestmentReportingCompany	貸借対照表計上額、保有目的が純投資目的以外の目的である特定投資株式の明細、提出会社	Prior1YearInstant_Row18Member	JPY	32000000
jpcrp_cor:NumberOfSharesHeldDetailsOfSpecifiedInvestmentEquitySecuritiesHeldForPurposesOtherThanPureInvestmentReportingCompany	株式数、保有目的が純投資目的以外の目的である特定投資株式の明細、提出会社	CurrentYearInstant_Row19Member	shares	28800
jpcrp_cor:NumberOfSharesHeldDetailsOfSpecifiedInvestmentEquitySecuritiesHeldForPurposesOtherThanPureInvestmentReportingCompany	株式数、保有目的が純投資目的以外の目的である特定投資株式の明細、提出会社	Prior1YearInstant_Row19Member	shares	28800
jpcrp_cor:BookValueDetailsOfSpecifiedInvestmentEquitySecuritiesHeldForPurposesOtherThanPureInvestmentReportingCompany	貸借対照表計上額、保有目的が純投資目的以外の目的である特定投資株式の明細、提出会社	CurrentYearInstant_Row19Member	JPY	67000000
jpcrp_cor:BookValueDetailsOfSpecifiedInvestmentEquitySecuritiesHeldForPurposesOtherThanPureInvestmentReportingCompany	貸借対照表計上額、保有目的が純投資目的以外の目的である特定投資株式の明細、提出会社	Prior1YearInstant_Row19Member	JPY	59000000
jpcrp_cor:NumberOfSharesHeldDetailsOfSpecifiedInvestmentEquitySecuritiesHeldForPurposesOtherThanPureInvestmentReportingCompany	株式数、保有目的が純投資目的以外の目的である特定投資株式の明細、提出会社	CurrentYearInstant_Row20Member	shares	12242
jpcrp_cor:NumberOfSharesHeldDetailsOfSpecifiedInvestmentEquitySecuritiesHeldForPurposesOtherThanPureInvestmentReportingCompany	株式数、保有目的が純投資目的以外の目的である特定投資株式の明細、提出会社	Prior1YearInstant_Row20Member	shares	11803
jpcrp_cor:BookValueDetailsOfSpecifiedInvestmentEquitySecuritiesHeldForPurposesOtherThanPureInvestmentReportingCompany	貸借対照表計上額、保有目的が純投資目的以外の目的である特定投資株式の明細、提出会社	CurrentYearInstant_Row20Member	JPY	43000000
jpcrp_cor:BookValueDetailsOfSpecifiedInvestmentEquitySecuritiesHeldForPurposesOtherThanPureInvestmentReportingCompany	貸借対照表計上額、保有目的が純投資目的以外の目的である特定投資株式の明細、提出会社	Prior1YearInstant_Row20Member	JPY	38000000
jpcrp_cor:NumberOfSharesHeldDetailsOfSpecifiedInvestmentEquitySecuritiesHeldForPurposesOtherThanPureInvestmentReportingCompany	株式数、保有目的が純投資目的以外の目的である特定投資株式の明細、提出会社	CurrentYearInstant_Row21Member	shares	15389
jpcrp_cor:NumberOfSharesHeldDetailsOfSpecifiedInvestmentEquitySecuritiesHeldForPurposesOtherThanPureInvestmentReportingCompany	株式数、保有目的が純投資目的以外の目的である特定投資株式の明細、提出会社	Prior1YearInstant_Row21Member	shares	14663
jpcrp_cor:BookValueDetailsOfSpecifiedInvestmentEquitySecuritiesHeldForPurposesOtherThanPureInvestmentReportingCompany	貸借対照表計上額、保有目的が純投資目的以外の目的である特定投資株式の明細、提出会社	CurrentYearInstant_Row21Member	JPY	42000000
jpcrp_cor:BookValueDetailsOfSpecifiedInvestmentEquitySecuritiesHeldForPurposesOtherThanPureInvestmentReportingCompany	貸借対照表計上額、保有目的が純投資目的以外の目的である特定投資株式の明細、提出会社	Prior1YearInstant_Row21Member	JPY	45000000
jpcrp_cor:NumberOfSharesHeldDetailsOfSpecifiedInvestmentEquitySecuritiesHeldForPurposesOtherThanPureInvestmentReportingCompany	株式数、保有目的が純投資目的以外の目的である特定投資株式の明細、提出会社	CurrentYearInstant_Row22Member	shares	13140
jpcrp_cor:NumberOfSharesHeldDetailsOfSpecifiedInvestmentEquitySecuritiesHeldForPurposesOtherThanPureInvestmentReportingCompany	株式数、保有目的が純投資目的以外の目的である特定投資株式の明細、提出会社	Prior1YearInstant_Row22Member	shares	13140
jpcrp_cor:BookValueDetailsOfSpecifiedInvestmentEquitySecuritiesHeldForPurposesOtherThanPureInvestmentReportingCompany	貸借対照表計上額、保有目的が純投資目的以外の目的である特定投資株式の明細、提出会社	CurrentYearInstant_Row22Member	JPY	33000000
jpcrp_cor:BookValueDetailsOfSpecifiedInvestmentEquitySecuritiesHeldForPurposesOtherThanPureInvestmentReportingCompany	貸借対照表計上額、保有目的が純投資目的以外の目的である特定投資株式の明細、提出会社	Prior1YearInstant_Row22Member	JPY	25000000
jpcrp_cor:NumberOfSharesHeldDetailsOfSpecifiedInvestmentEquitySecuritiesHeldForPurposesOtherThanPureInvestmentReportingCompany	株式数、保有目的が純投資目的以外の目的である特定投資株式の明細、提出会社	CurrentYearInstant_Row23Member	shares	24000
jpcrp_cor:NumberOfSharesHeldDetailsOfSpecifiedInvestmentEquitySecuritiesHeldForPurposesOtherThanPureInvestmentReportingCompany	株式数、保有目的が純投資目的以外の目的である特定投資株式の明細、提出会社	Prior1YearInstant_Row23Member	shares	8000
jpcrp_cor:BookValueDetailsOfSpecifiedInvestmentEquitySecuritiesHeldForPurposesOtherThanPureInvestmentReportingCompany	貸借対照表計上額、保有目的が純投資目的以外の目的である特定投資株式の明細、提出会社	CurrentYearInstant_Row23Member	JPY	32000000
jpcrp_cor:BookValueDetailsOfSpecifiedInvestmentEquitySecuritiesHeldForPurposesOtherThanPureInvestmentReportingCompany	貸借対照表計上額、保有目的が純投資目的以外の目的である特定投資株式の明細、提出会社	Prior1YearInstant_Row23Member	JPY	27000000
jpcrp_cor:NumberOfSharesHeldDetailsOfSpecifiedInvestmentEquitySecuritiesHeldForPurposesOtherThanPureInvestmentReportingCompany	株式数、保有目的が純投資目的以外の目的である特定投資株式の明細、提出会社	CurrentYearInstant_Row24Member	shares	10000
jpcrp_cor:NumberOfSharesHeldDetailsOfSpecifiedInvestmentEquitySecuritiesHeldForPurposesOtherThanPureInvestmentReportingCompany	株式数、保有目的が純投資目的以外の目的である特定投資株式の明細、提出会社	Prior1YearInstant_Row24Member	shares	10000
jpcrp_cor:BookValueDetailsOfSpecifiedInvestmentEquitySecuritiesHeldForPurposesOtherThanPureInvestmentReportingCompany	貸借対照表計上額、保有目的が純投資目的以外の目的である特定投資株式の明細、提出会社	CurrentYearInstant_Row24Member	JPY	25000000
jpcrp_cor:BookValueDetailsOfSpecifiedInvestmentEquitySecuritiesHeldForPurposesOtherThanPureInvestmentReportingCompany	貸借対照表計上額、保有目的が純投資目的以外の目的である特定投資株式の明細、提出会社	Prior1YearInstant_Row24Member	JPY	19000000
jpcrp_cor:NumberOfSharesHeldDetailsOfSpecifiedInvestmentEquitySecuritiesHeldForPurposesOtherThanPureInvestmentReportingCompany	株式数、保有目的が純投資目的以外の目的である特定投資株式の明細、提出会社	CurrentYearInstant_Row25Member	shares	19432
jpcrp_cor:NumberOfSharesHeldDetailsOfSpecifiedInvestmentEquitySecuritiesHeldForPurposesOtherThanPureInvestmentReportingCompany	株式数、保有目的が純投資目的以外の目的である特定投資株式の明細、提出会社	Prior1YearInstant_Row25Member	shares	18637
jpcrp_cor:BookValueDetailsOfSpecifiedInvestmentEquitySecuritiesHeldForPurposesOtherThanPureInvestmentReportingCompany	貸借対照表計上額、保有目的が純投資目的以外の目的である特定投資株式の明細、提出会社	CurrentYearInstant_Row25Member	JPY	23000000
jpcrp_cor:BookValueDetailsOfSpecifiedInvestmentEquitySecuritiesHeldForPurposesOtherThanPureInvestmentReportingCompany	貸借対照表計上額、保有目的が純投資目的以外の目的である特定投資株式の明細、提出会社	Prior1YearInstant_Row25Member	JPY	20000000
jpcrp_cor:NumberOfSharesHeldDetailsOfSpecifiedInvestmentEquitySecuritiesHeldForPurposesOtherThanPureInvestmentReportingCompany	株式数、保有目的が純投資目的以外の目的である特定投資株式の明細、提出会社	CurrentYearInstant_Row26Member	shares	11000
jpcrp_cor:NumberOfSharesHeldDetailsOfSpecifiedInvestmentEquitySecuritiesHeldForPurposesOtherThanPureInvestmentReportingCompany	株式数、保有目的が純投資目的以外の目的である特定投資株式の明細、提出会社	Prior1YearInstant_Row26Member	shares	2200
jpcrp_cor:BookValueDetailsOfSpecifiedInvestmentEquitySecuritiesHeldForPurposesOtherThanPureInvestmentReportingCompany	貸借対照表計上額、保有目的が純投資目的以外の目的である特定投資株式の明細、提出会社	CurrentYearInstant_Row26Member	JPY	21000000
jpcrp_cor:BookValueDetailsOfSpecifiedInvestmentEquitySecuritiesHeldForPurposesOtherThanPureInvestmentReportingCompany	貸借対照表計上額、保有目的が純投資目的以外の目的である特定投資株式の明細、提出会社	Prior1YearInstant_Row26Member	JPY	20000000
jpcrp_cor:NumberOfSharesHeldDetailsOfSpecifiedInvestmentEquitySecuritiesHeldForPurposesOtherThanPureInvestmentReportingCompany	株式数、保有目的が純投資目的以外の目的である特定投資株式の明細、提出会社	CurrentYearInstant_Row27Member	shares	7470
jpcrp_cor:NumberOfSharesHeldDetailsOfSpecifiedInvestmentEquitySecuritiesHeldForPurposesOtherThanPureInvestmentReportingCompany	株式数、保有目的が純投資目的以外の目的である特定投資株式の明細、提出会社	Prior1YearInstant_Row27Member	shares	7237
jpcrp_cor:BookValueDetailsOfSpecifiedInvestmentEquitySecuritiesHeldForPurposesOtherThanPureInvestmentReportingCompany	貸借対照表計上額、保有目的が純投資目的以外の目的である特定投資株式の明細、提出会社	CurrentYearInstant_Row27Member	JPY	21000000
jpcrp_cor:BookValueDetailsOfSpecifiedInvestmentEquitySecuritiesHeldForPurposesOtherThanPureInvestmentReportingCompany	貸借対照表計上額、保有目的が純投資目的以外の目的である特定投資株式の明細、提出会社	Prior1YearInstant_Row27Member	JPY	17000000
jpcrp_cor:NumberOfSharesHeldDetailsOfSpecifiedInvestmentEquitySecuritiesHeldForPurposesOtherThanPureInvestmentReportingCompany	株式数、保有目的が純投資目的以外の目的である特定投資株式の明細、提出会社	CurrentYearInstant_Row28Member	shares	15000
jpcrp_cor:NumberOfSharesHeldDetailsOfSpecifiedInvestmentEquitySecuritiesHeldForPurposesOtherThanPureInvestmentReportingCompany	株式数、保有目的が純投資目的以外の目的である特定投資株式の明細、提出会社	Prior1YearInstant_Row28Member	shares	3000
jpcrp_cor:BookValueDetailsOfSpecifiedInvestmentEquitySecuritiesHeldForPurposesOtherThanPureInvestmentReportingCompany	貸借対照表計上額、保有目的が純投資目的以外の目的である特定投資株式の明細、提出会社	CurrentYearInstant_Row28Member	JPY	21000000
jpcrp_cor:BookValueDetailsOfSpecifiedInvestmentEquitySecuritiesHeldForPurposesOtherThanPureInvestmentReportingCompany	貸借対照表計上額、保有目的が純投資目的以外の目的である特定投資株式の明細、提出会社	Prior1YearInstant_Row28Member	JPY	14000000
jpcrp_cor:NumberOfSharesHeldDetailsOfSpecifiedInvestmentEquitySecuritiesHeldForPurposesOtherThanPureInvestmentReportingCompany	株式数、保有目的が純投資目的以外の目的である特定投資株式の明細、提出会社	CurrentYearInstant_Row29Member	shares	11947
jpcrp_cor:NumberOfSharesHeldDetailsOfSpecifiedInvestmentEquitySecuritiesHeldForPurposesOtherThanPureInvestmentReportingCompany	株式数、保有目的が純投資目的以外の目的である特定投資株式の明細、提出会社	Prior1YearInstant_Row29Member	shares	10377
jpcrp_cor:BookValueDetailsOfSpecifiedInvestmentEquitySecuritiesHeldForPurposesOtherThanPureInvestmentReportingCompany	貸借対照表計上額、保有目的が純投資目的以外の目的である特定投資株式の明細、提出会社	CurrentYearInstant_Row29Member	JPY	13000000
jpcrp_cor:BookValueDetailsOfSpecifiedInvestmentEquitySecuritiesHeldForPurposesOtherThanPureInvestmentReportingCompany	貸借対照表計上額、保有目的が純投資目的以外の目的である特定投資株式の明細、提出会社	Prior1YearInstant_Row29Member	JPY	12000000
jpcrp_cor:NumberOfSharesHeldDetailsOfSpecifiedInvestmentEquitySecuritiesHeldForPurposesOtherThanPureInvestmentReportingCompany	株式数、保有目的が純投資目的以外の目的である特定投資株式の明細、提出会社	CurrentYearInstant_Row30Member	shares	5196
jpcrp_cor:NumberOfSharesHeldDetailsOfSpecifiedInvestmentEquitySecuritiesHeldForPurposesOtherThanPureInvestmentReportingCompany	株式数、保有目的が純投資目的以外の目的である特定投資株式の明細、提出会社	Prior1YearInstant_Row30Member	shares	4968
jpcrp_cor:BookValueDetailsOfSpecifiedInvestmentEquitySecuritiesHeldForPurposesOtherThanPureInvestmentReportingCompany	貸借対照表計上額、保有目的が純投資目的以外の目的である特定投資株式の明細、提出会社	CurrentYearInstant_Row30Member	JPY	13000000
jpcrp_cor:BookValueDetailsOfSpecifiedInvestmentEquitySecuritiesHeldForPurposesOtherThanPureInvestmentReportingCompany	貸借対照表計上額、保有目的が純投資目的以外の目的である特定投資株式の明細、提出会社	Prior1YearInstant_Row30Member	JPY	10000000
jpcrp_cor:NumberOfSharesHeldDetailsOfSpecifiedInvestmentEquitySecuritiesHeldForPurposesOtherThanPureInvestmentReportingCompany	株式数、保有目的が純投資目的以外の目的である特定投資株式の明細、提出会社	CurrentYearInstant_Row31Member	shares	41746
jpcrp_cor:NumberOfSharesHeldDetailsOfSpecifiedInvestmentEquitySecuritiesHeldForPurposesOtherThanPureInvestmentReportingCompany	株式数、保有目的が純投資目的以外の目的である特定投資株式の明細、提出会社	Prior1YearInstant_Row31Member	shares	39052
jpcrp_cor:BookValueDetailsOfSpecifiedInvestmentEquitySecuritiesHeldForPurposesOtherThanPureInvestmentReportingCompany	貸借対照表計上額、保有目的が純投資目的以外の目的である特定投資株式の明細、提出会社	CurrentYearInstant_Row31Member	JPY	10000000
jpcrp_cor:BookValueDetailsOfSpecifiedInvestmentEquitySecuritiesHeldForPurposesOtherThanPureInvestmentReportingCompany	貸借対照表計上額、保有目的が純投資目的以外の目的である特定投資株式の明細、提出会社	Prior1YearInstant_Row31Member	JPY	9000000
jpcrp_cor:NumberOfSharesHeldDetailsOfSpecifiedInvestmentEquitySecuritiesHeldForPurposesOtherThanPureInvestmentReportingCompany	株式数、保有目的が純投資目的以外の目的である特定投資株式の明細、提出会社	CurrentYearInstant_Row32Member	shares	3570
jpcrp_cor:NumberOfSharesHeldDetailsOfSpecifiedInvestmentEquitySecuritiesHeldForPurposesOtherThanPureInvestmentReportingCompany	株式数、保有目的が純投資目的以外の目的である特定投資株式の明細、提出会社	Prior1YearInstant_Row32Member	shares	3570
jpcrp_cor:BookValueDetailsOfSpecifiedInvestmentEquitySecuritiesHeldForPurposesOtherThanPureInvestmentReportingCompany	貸借対照表計上額、保有目的が純投資目的以外の目的である特定投資株式の明細、提出会社	CurrentYearInstant_Row32Member	JPY	3000000
jpcrp_cor:BookValueDetailsOfSpecifiedInvestmentEquitySecuritiesHeldForPurposesOtherThanPureInvestmentReportingCompany	貸借対照表計上額、保有目的が純投資目的以外の目的である特定投資株式の明細、提出会社	Prior1YearInstant_Row32Member	JPY	2000000
jpcrp_cor:NumberOfSharesHeldDetailsOfSpecifiedInvestmentEquitySecuritiesHeldForPurposesOtherThanPureInvestmentReportingCompany	株式数、保有目的が純投資目的以外の目的である特定投資株式の明細、提出会社	CurrentYearInstant_Row33Member	shares	3000
jpcrp_cor:NumberOfSharesHeldDetailsOfSpecifiedInvestmentEquitySecuritiesHeldForPurposesOtherThanPureInvestmentReportingCompany	株式数、保有目的が純投資目的以外の目的である特定投資株式の明細、提出会社	Prior1YearInstant_Row33Member	shares	3000
jpcrp_cor:BookValueDetailsOfSpecifiedInvestmentEquitySecuritiesHeldForPurposesOtherThanPureInvestmentReportingCompany	貸借対照表計上額、保有目的が純投資目的以外の目的である特定投資株式の明細、提出会社	CurrentYearInstant_Row33Member	JPY	1000000
jpcrp_cor:BookValueDetailsOfSpecifiedInvestmentEquitySecuritiesHeldForPurposesOtherThanPureInvestmentReportingCompany	貸借対照表計上額、保有目的が純投資目的以外の目的である特定投資株式の明細、提出会社	Prior1YearInstant_Row33Member	JPY	1000000
jpcrp_cor:NumberOfSharesHeldDetailsOfSpecifiedInvestmentEquitySecuritiesHeldForPurposesOtherThanPureInvestmentReportingCompany	株式数、保有目的が純投資目的以外の目的である特定投資株式の明細、提出会社	CurrentYearInstant_Row34Member	shares	－
jpcrp_cor:NumberOfSharesHeldDetailsOfSpecifiedInvestmentEquitySecuritiesHeldForPurposesOtherThanPureInvestmentReportingCompany	株式数、保有目的が純投資目的以外の目的である特定投資株式の明細、提出会社	Prior1YearInstant_Row34Member	shares	3000
jpcrp_cor:BookValueDetailsOfSpecifiedInvestmentEquitySecuritiesHeldForPurposesOtherThanPureInvestmentReportingCompany	貸借対照表計上額、保有目的が純投資目的以外の目的である特定投資株式の明細、提出会社	CurrentYearInstant_Row34Member	JPY	－
jpcrp_cor:BookValueDetailsOfSpecifiedInvestmentEquitySecuritiesHeldForPurposesOtherThanPureInvestmentReportingCompany	貸借対照表計上額、保有目的が純投資目的以外の目的である特定投資株式の明細、提出会社	Prior1YearInstant_Row34Member	JPY	14000000
jpcrp_cor:NumberOfEmployees	従業員数	CurrentYearInstant_jpcrp030000-asr_E00012-000MarineProductsBusinessReportableSegmentMember	pure	984
jpcrp_cor:AverageNumberOfTemporaryWorkers	平均臨時雇用人員	CurrentYearInstant_jpcrp030000-asr_E00012-000MarineProductsBusinessReportableSegmentMember	pure	1067
jpcrp_cor:NumberOfEmployees	従業員数	CurrentYearInstant_jpcrp030000-asr_E00012-000FreshfoodsBusinessReportableSegmentMember	pure	517
jpcrp_cor:AverageNumberOfTemporaryWorkers	平均臨時雇用人員	CurrentYearInstant_jpcrp030000-asr_E00012-000FreshfoodsBusinessReportableSegmentMember	pure	605
jpcrp_cor:NumberOfEmployees	従業員数	CurrentYearInstant_jpcrp030000-asr_E00012-000ProcessedFoodBusinessReportableSegmentMember	pure	784
jpcrp_cor:AverageNumberOfTemporaryWorkers	平均臨時雇用人員	CurrentYearInstant_jpcrp030000-asr_E00012-000ProcessedFoodBusinessReportableSegmentMember	pure	471
jpcrp_cor:NumberOfEmployees	従業員数	CurrentYearInstant_jpcrp030000-asr_E00012-000LogisticsBusinessReportableSegmentsMember	pure	77
jpcrp_cor:AverageNumberOfTemporaryWorkers	平均臨時雇用人員	CurrentYearInstant_jpcrp030000-asr_E00012-000LogisticsBusinessReportableSegmentsMember	pure	25
jpcrp_cor:NumberOfEmployees	従業員数	CurrentYearInstant_OtherReportableSegmentsMember	pure	85
jpcrp_cor:AverageNumberOfTemporaryWorkers	平均臨時雇用人員	CurrentYearInstant_OtherReportableSegmentsMember	pure	7
jpcrp_cor:NumberOfEmployees	従業員数	CurrentYearInstant_CorporateSharedMember	pure	95
jpcrp_cor:AverageNumberOfTemporaryWorkers	平均臨時雇用人員	CurrentYearInstant_CorporateSharedMember	pure	5
jpcrp_cor:NumberOfEmployees	従業員数	CurrentYearInstant	pure	2542
jpcrp_cor:AverageNumberOfTemporaryWorkers	平均臨時雇用人員	CurrentYearInstant	pure	2180
jpcrp_cor:NumberOfEmployees	従業員数	CurrentYearInstant_NonConsolidatedMember	pure	769
jpcrp_cor:AverageNumberOfTemporaryWorkers	平均臨時雇用人員	CurrentYearInstant_NonConsolidatedMember	pure	71
jpcrp_cor:AverageAgeYearsInformationAboutReportingCompanyInformationAboutEmployees	平均年齢（年）、提出会社の状況、従業員の状況	CurrentYearInstant_NonConsolidatedMember	pure	41.6
jpcrp_cor:AverageLengthOfServiceYearsInformationAboutReportingCompanyInformationAboutEmployees	平均勤続年数（年）、提出会社の状況、従業員の状況	CurrentYearInstant_NonConsolidatedMember	pure	16.5
jpcrp_cor:AverageAnnualSalaryInformationAboutReportingCompanyInformationAboutEmployees	平均年間給与、提出会社の状況、従業員の状況	CurrentYearInstant_NonConsolidatedMember	JPY	9268717
jpcrp030000-asr_E00012-000:ChangeFromPreviousFiscalYearInAverageAnnualSalaryInformationAboutReportingCompanyInformationAboutEmployees		CurrentYearInstant_NonConsolidatedMember	pure	0.040
jpcrp_cor:NumberOfEmployees	従業員数	CurrentYearInstant_NonConsolidatedMember_jpcrp030000-asr_E00012-000MarineProductsBusinessReportableSegmentMember	pure	262
jpcrp_cor:AverageNumberOfTemporaryWorkers	平均臨時雇用人員	CurrentYearInstant_NonConsolidatedMember_jpcrp030000-asr_E00012-000MarineProductsBusinessReportableSegmentMember	pure	17
jpcrp_cor:NumberOfEmployees	従業員数	CurrentYearInstant_NonConsolidatedMember_jpcrp030000-asr_E00012-000FreshfoodsBusinessReportableSegmentMember	pure	116
jpcrp_cor:AverageNumberOfTemporaryWorkers	平均臨時雇用人員	CurrentYearInstant_NonConsolidatedMember_jpcrp030000-asr_E00012-000FreshfoodsBusinessReportableSegmentMember	pure	11
jpcrp_cor:NumberOfEmployees	従業員数	CurrentYearInstant_NonConsolidatedMember_jpcrp030000-asr_E00012-000ProcessedFoodBusinessReportableSegmentMember	pure	265
jpcrp_cor:AverageNumberOfTemporaryWorkers	平均臨時雇用人員	CurrentYearInstant_NonConsolidatedMember_jpcrp030000-asr_E00012-000ProcessedFoodBusinessReportableSegmentMember	pure	37
jpcrp_cor:NumberOfEmployees	従業員数	CurrentYearInstant_NonConsolidatedMember_jpcrp030000-asr_E00012-000LogisticsBusinessReportableSegmentsMember	pure	20
jpcrp_cor:AverageNumberOfTemporaryWorkers	平均臨時雇用人員	CurrentYearInstant_NonConsolidatedMember_jpcrp030000-asr_E00012-000LogisticsBusinessReportableSegmentsMember	pure	1
jpcrp_cor:NumberOfEmployees	従業員数	CurrentYearInstant_NonConsolidatedMember_OtherReportableSegmentsMember	pure	11
jpcrp_cor:AverageNumberOfTemporaryWorkers	平均臨時雇用人員	CurrentYearInstant_NonConsolidatedMember_OtherReportableSegmentsMember	pure	0
jpcrp_cor:NumberOfEmployees	従業員数	CurrentYearInstant_NonConsolidatedMember_CorporateSharedMember	pure	95
jpcrp_cor:AverageNumberOfTemporaryWorkers	平均臨時雇用人員	CurrentYearInstant_NonConsolidatedMember_CorporateSharedMember	pure	5
jpcrp_cor:NumberOfEmployees	従業員数	CurrentYearInstant_NonConsolidatedMember	pure	769
jpcrp_cor:AverageNumberOfTemporaryWorkers	平均臨時雇用人員	CurrentYearInstant_NonConsolidatedMember	pure	71
jpcrp_cor:RatioOfFemaleEmployeesInManagerialPositionsMetricsOfReportingCompany	管理職に占める女性労働者の割合、提出会社の指標	CurrentYearInstant_NonConsolidatedMember	pure	0.038
jpcrp_cor:AllEmployeesCalculatedBasedOnProvisionsOfArticle714Item2OfOrdinanceForEnforcementOfActOnChildcareLeaveCaregiverLeaveAndOtherMeasuresForTheWelfareOfWorkersCaringForChildrenOrOtherFamilyMembersRatioOfMaleEmployeesTakingChildcareLeaveMetricsOfReportingCompany	全労働者、育児休業、介護休業等育児又は家族介護を行う労働者の福祉に関する法律施行規則第71条の6第2号における割合を算出、男性労働者の育児休業取得率、提出会社の指標	CurrentYearInstant_NonConsolidatedMember	pure	0.857
jpcrp_cor:AllEmployeesDifferencesInWagesBetweenMaleAndFemaleEmployeesMetricsOfReportingCompany	全労働者、労働者の男女の賃金の差異、提出会社の指標	CurrentYearInstant_NonConsolidatedMember	pure	0.537
jpcrp_cor:RegularEmployeesDifferencesInWagesBetweenMaleAndFemaleEmployeesMetricsOfReportingCompany	正規雇用労働者、労働者の男女の賃金の差異、提出会社の指標	CurrentYearInstant_NonConsolidatedMember	pure	0.572
jpcrp_cor:NonRegularEmployeesDifferencesInWagesBetweenMaleAndFemaleEmployeesMetricsOfReportingCompany	非正規雇用労働者、労働者の男女の賃金の差異、提出会社の指標	CurrentYearInstant_NonConsolidatedMember	pure	0.595
jpcrp_cor:AllEmployeesRatioOfMaleEmployeesTakingChildcareLeaveMetricsOfConsolidatedSubsidiaries	全労働者、男性労働者の育児休業取得率、連結子会社の指標	CurrentYearInstant_Row1Member	pure	0.129
jpcrp_cor:AllEmployeesDifferencesInWagesBetweenMaleAndFemaleEmployeesMetricsOfConsolidatedSubsidiaries	全労働者、労働者の男女の賃金の差異、連結子会社の指標	CurrentYearInstant_Row1Member	pure	0.812
jpcrp_cor:RegularEmployeesDifferencesInWagesBetweenMaleAndFemaleEmployeesMetricsOfConsolidatedSubsidiaries	正規雇用労働者、労働者の男女の賃金の差異、連結子会社の指標	CurrentYearInstant_Row1Member	pure	0.745
jpcrp_cor:NonRegularEmployeesDifferencesInWagesBetweenMaleAndFemaleEmployeesMetricsOfConsolidatedSubsidiaries	非正規雇用労働者、労働者の男女の賃金の差異、連結子会社の指標	CurrentYearInstant_Row1Member	pure	0.971
jpcrp_cor:RatioOfFemaleEmployeesInManagerialPositionsMetricsOfConsolidatedSubsidiaries	管理職に占める女性労働者の割合、連結子会社の指標	CurrentYearInstant_Row2Member	pure	0.048
jpcrp_cor:AllEmployeesRatioOfMaleEmployeesTakingChildcareLeaveMetricsOfConsolidatedSubsidiaries	全労働者、男性労働者の育児休業取得率、連結子会社の指標	CurrentYearInstant_Row2Member	pure	1.00
jpcrp_cor:AllEmployeesDifferencesInWagesBetweenMaleAndFemaleEmployeesMetricsOfConsolidatedSubsidiaries	全労働者、労働者の男女の賃金の差異、連結子会社の指標	CurrentYearInstant_Row2Member	pure	0.433
jpcrp_cor:RegularEmployeesDifferencesInWagesBetweenMaleAndFemaleEmployeesMetricsOfConsolidatedSubsidiaries	正規雇用労働者、労働者の男女の賃金の差異、連結子会社の指標	CurrentYearInstant_Row2Member	pure	0.742
jpcrp_cor:NonRegularEmployeesDifferencesInWagesBetweenMaleAndFemaleEmployeesMetricsOfConsolidatedSubsidiaries	非正規雇用労働者、労働者の男女の賃金の差異、連結子会社の指標	CurrentYearInstant_Row2Member	pure	0.752
jppfs_cor:CashAndDeposits	現金及び預金	Prior1YearInstant	JPY	7514000000
jppfs_cor:CashAndDeposits	現金及び預金	CurrentYearInstant	JPY	11047000000
jppfs_cor:NotesAndAccountsReceivableTrade	受取手形及び売掛金	Prior1YearInstant	JPY	36935000000
jppfs_cor:NotesAndAccountsReceivableTrade	受取手形及び売掛金	CurrentYearInstant	JPY	39212000000
jppfs_cor:MerchandiseAndFinishedGoods	商品及び製品	Prior1YearInstant	JPY	58052000000
jppfs_cor:MerchandiseAndFinishedGoods	商品及び製品	CurrentYearInstant	JPY	64465000000
jppfs_cor:WorkInProcess	仕掛品	Prior1YearInstant	JPY	5189000000
jppfs_cor:WorkInProcess	仕掛品	CurrentYearInstant	JPY	5966000000
jppfs_cor:RawMaterialsAndSupplies	原材料及び貯蔵品	Prior1YearInstant	JPY	12115000000
jppfs_cor:RawMaterialsAndSupplies	原材料及び貯蔵品	CurrentYearInstant	JPY	18980000000
jppfs_cor:OtherCA	その他、流動資産	Prior1YearInstant	JPY	14463000000
jppfs_cor:OtherCA	その他、流動資産	CurrentYearInstant	JPY	17044000000
jppfs_cor:AllowanceForDoubtfulAccountsCA	貸倒引当金、流動資産、一括控除	Prior1YearInstant	JPY	-10000000
jppfs_cor:AllowanceForDoubtfulAccountsCA	貸倒引当金、流動資産、一括控除	CurrentYearInstant	JPY	-10000000
jppfs_cor:CurrentAssets	流動資産	Prior1YearInstant	JPY	134260000000
jppfs_cor:CurrentAssets	流動資産	CurrentYearInstant	JPY	156706000000
jppfs_cor:BuildingsAndStructuresNet	建物及び構築物（純額）	Prior1YearInstant	JPY	10775000000
jppfs_cor:BuildingsAndStructuresNet	建物及び構築物（純額）	CurrentYearInstant	JPY	12604000000
jppfs_cor:MachineryEquipmentAndVehiclesNet	機械装置及び運搬具（純額）	Prior1YearInstant	JPY	6385000000
jppfs_cor:MachineryEquipmentAndVehiclesNet	機械装置及び運搬具（純額）	CurrentYearInstant	JPY	6806000000
jppfs_cor:VesselsNet	船舶（純額）	Prior1YearInstant	JPY	2248000000
jppfs_cor:VesselsNet	船舶（純額）	CurrentYearInstant	JPY	1941000000
jppfs_cor:Land	土地	Prior1YearInstant	JPY	6217000000
jppfs_cor:Land	土地	CurrentYearInstant	JPY	6214000000
jppfs_cor:LeaseAssetsNetPPE	リース資産（純額）、有形固定資産	Prior1YearInstant	JPY	253000000
jppfs_cor:LeaseAssetsNetPPE	リース資産（純額）、有形固定資産	CurrentYearInstant	JPY	208000000
jppfs_cor:ConstructionInProgress	建設仮勘定	Prior1YearInstant	JPY	2041000000
jppfs_cor:ConstructionInProgress	建設仮勘定	CurrentYearInstant	JPY	449000000
jppfs_cor:OtherNetPPE	その他（純額）、有形固定資産	Prior1YearInstant	JPY	666000000
jppfs_cor:OtherNetPPE	その他（純額）、有形固定資産	CurrentYearInstant	JPY	724000000
jppfs_cor:PropertyPlantAndEquipment	有形固定資産	Prior1YearInstant	JPY	28588000000
jppfs_cor:PropertyPlantAndEquipment	有形固定資産	CurrentYearInstant	JPY	28950000000
jppfs_cor:Goodwill	のれん	Prior1YearInstant	JPY	1054000000
jppfs_cor:Goodwill	のれん	CurrentYearInstant	JPY	1008000000
jppfs_cor:LeaseAssetsIA	リース資産、無形固定資産	Prior1YearInstant	JPY	56000000
jppfs_cor:LeaseAssetsIA	リース資産、無形固定資産	CurrentYearInstant	JPY	36000000
jppfs_cor:OtherIA	その他、無形固定資産	Prior1YearInstant	JPY	854000000
jppfs_cor:OtherIA	その他、無形固定資産	CurrentYearInstant	JPY	859000000
jppfs_cor:IntangibleAssets	無形固定資産	Prior1YearInstant	JPY	1965000000
jppfs_cor:IntangibleAssets	無形固定資産	CurrentYearInstant	JPY	1905000000
jppfs_cor:InvestmentSecurities	投資有価証券	Prior1YearInstant	JPY	14053000000
jppfs_cor:InvestmentSecurities	投資有価証券	CurrentYearInstant	JPY	21269000000
jppfs_cor:DeferredTaxAssets	繰延税金資産	Prior1YearInstant	JPY	560000000
jppfs_cor:DeferredTaxAssets	繰延税金資産	CurrentYearInstant	JPY	635000000
jppfs_cor:NetDefinedBenefitAsset	退職給付に係る資産	Prior1YearInstant	JPY	－
jppfs_cor:NetDefinedBenefitAsset	退職給付に係る資産	CurrentYearInstant	JPY	614000000
jppfs_cor:OtherIOA	その他、投資その他の資産	Prior1YearInstant	JPY	4293000000
jppfs_cor:OtherIOA	その他、投資その他の資産	CurrentYearInstant	JPY	5641000000
jppfs_cor:AllowanceForDoubtfulAccountsIOAByGroup	貸倒引当金、投資その他の資産、一括控除	Prior1YearInstant	JPY	-1596000000
jppfs_cor:AllowanceForDoubtfulAccountsIOAByGroup	貸倒引当金、投資その他の資産、一括控除	CurrentYearInstant	JPY	-1593000000
jppfs_cor:InvestmentsAndOtherAssets	投資その他の資産	Prior1YearInstant	JPY	17310000000
jppfs_cor:InvestmentsAndOtherAssets	投資その他の資産	CurrentYearInstant	JPY	26567000000
jppfs_cor:NoncurrentAssets	固定資産	Prior1YearInstant	JPY	47865000000
jppfs_cor:NoncurrentAssets	固定資産	CurrentYearInstant	JPY	57422000000
jppfs_cor:Assets	資産	Prior1YearInstant	JPY	182125000000
jppfs_cor:Assets	資産	CurrentYearInstant	JPY	214128000000
jppfs_cor:NotesAndAccountsPayableTrade	支払手形及び買掛金	Prior1YearInstant	JPY	10004000000
jppfs_cor:NotesAndAccountsPayableTrade	支払手形及び買掛金	CurrentYearInstant	JPY	14496000000
jppfs_cor:ShortTermLoansPayable	短期借入金	Prior1YearInstant	JPY	28770000000
jppfs_cor:ShortTermLoansPayable	短期借入金	CurrentYearInstant	JPY	41172000000
jppfs_cor:CommercialPapersLiabilities	コマーシャル・ペーパー	Prior1YearInstant	JPY	15000000000
jppfs_cor:CommercialPapersLiabilities	コマーシャル・ペーパー	CurrentYearInstant	JPY	20000000000
jppfs_cor:LeaseObligationsCL	リース負債、流動負債	Prior1YearInstant	JPY	203000000
jppfs_cor:LeaseObligationsCL	リース負債、流動負債	CurrentYearInstant	JPY	190000000
jppfs_cor:IncomeTaxesPayable	未払法人税等	Prior1YearInstant	JPY	2383000000
jppfs_cor:IncomeTaxesPayable	未払法人税等	CurrentYearInstant	JPY	2062000000
jppfs_cor:ProvisionForBonuses	賞与引当金	Prior1YearInstant	JPY	1161000000
jppfs_cor:ProvisionForBonuses	賞与引当金	CurrentYearInstant	JPY	1227000000
jppfs_cor:ProvisionForDirectorsBonuses	役員賞与引当金	Prior1YearInstant	JPY	6000000
jppfs_cor:ProvisionForDirectorsBonuses	役員賞与引当金	CurrentYearInstant	JPY	5000000
jppfs_cor:AccountsPayableOther	未払金	Prior1YearInstant	JPY	10618000000
jppfs_cor:AccountsPayableOther	未払金	CurrentYearInstant	JPY	9998000000
jppfs_cor:OtherCL	その他、流動負債	Prior1YearInstant	JPY	6845000000
jppfs_cor:OtherCL	その他、流動負債	CurrentYearInstant	JPY	9667000000
jppfs_cor:CurrentLiabilities	流動負債	Prior1YearInstant	JPY	74995000000
jppfs_cor:CurrentLiabilities	流動負債	CurrentYearInstant	JPY	98822000000
jppfs_cor:LongTermLoansPayable	長期借入金	Prior1YearInstant	JPY	35604000000
jppfs_cor:LongTermLoansPayable	長期借入金	CurrentYearInstant	JPY	30440000000
jppfs_cor:LeaseObligationsNCL	リース負債、固定負債	Prior1YearInstant	JPY	339000000
jppfs_cor:LeaseObligationsNCL	リース負債、固定負債	CurrentYearInstant	JPY	299000000
jppfs_cor:DeferredTaxLiabilities	繰延税金負債	Prior1YearInstant	JPY	1749000000
jppfs_cor:DeferredTaxLiabilities	繰延税金負債	CurrentYearInstant	JPY	4525000000
jppfs_cor:ProvisionForSpecialRepairs	特別修繕引当金	Prior1YearInstant	JPY	70000000
jppfs_cor:ProvisionForSpecialRepairs	特別修繕引当金	CurrentYearInstant	JPY	109000000
jppfs_cor:ProvisionForShareBasedRemunerationNCL	株式給付引当金、固定負債	Prior1YearInstant	JPY	2000000
jppfs_cor:ProvisionForShareBasedRemunerationNCL	株式給付引当金、固定負債	CurrentYearInstant	JPY	3000000
jppfs_cor:ProvisionForShareBasedRemunerationForDirectorsAndOtherOfficersNCL	役員株式給付引当金、固定負債	Prior1YearInstant	JPY	214000000
jppfs_cor:ProvisionForShareBasedRemunerationForDirectorsAndOtherOfficersNCL	役員株式給付引当金、固定負債	CurrentYearInstant	JPY	255000000
jppfs_cor:NetDefinedBenefitLiability	退職給付に係る負債	Prior1YearInstant	JPY	775000000
jppfs_cor:NetDefinedBenefitLiability	退職給付に係る負債	CurrentYearInstant	JPY	757000000
jppfs_cor:AssetRetirementObligationsNCL	資産除去債務、固定負債	Prior1YearInstant	JPY	16000000
jppfs_cor:AssetRetirementObligationsNCL	資産除去債務、固定負債	CurrentYearInstant	JPY	15000000
jppfs_cor:OtherNCL	その他、固定負債	Prior1YearInstant	JPY	2000000
jppfs_cor:OtherNCL	その他、固定負債	CurrentYearInstant	JPY	31000000
jppfs_cor:NoncurrentLiabilities	固定負債	Prior1YearInstant	JPY	38774000000
jppfs_cor:NoncurrentLiabilities	固定負債	CurrentYearInstant	JPY	36438000000
jppfs_cor:Liabilities	負債	Prior1YearInstant	JPY	113769000000
jppfs_cor:Liabilities	負債	CurrentYearInstant	JPY	135260000000
jppfs_cor:CapitalStock	資本金	Prior1YearInstant	JPY	7527000000
jppfs_cor:CapitalStock	資本金	CurrentYearInstant	JPY	7527000000
jppfs_cor:CapitalSurplus	資本剰余金	Prior1YearInstant	JPY	3265000000
jppfs_cor:CapitalSurplus	資本剰余金	CurrentYearInstant	JPY	3265000000
jppfs_cor:RetainedEarnings	利益剰余金	Prior1YearInstant	JPY	47725000000
jppfs_cor:RetainedEarnings	利益剰余金	CurrentYearInstant	JPY	53013000000
jppfs_cor:TreasuryStock	自己株式	Prior1YearInstant	JPY	-616000000
jppfs_cor:TreasuryStock	自己株式	CurrentYearInstant	JPY	-617000000
jppfs_cor:ShareholdersEquity	株主資本	Prior1YearInstant	JPY	57902000000
jppfs_cor:ShareholdersEquity	株主資本	CurrentYearInstant	JPY	63189000000
jppfs_cor:ValuationDifferenceOnAvailableForSaleSecurities	その他有価証券評価差額金	Prior1YearInstant	JPY	6326000000
jppfs_cor:ValuationDifferenceOnAvailableForSaleSecurities	その他有価証券評価差額金	CurrentYearInstant	JPY	11263000000
jppfs_cor:DeferredGainsOrLossesOnHedges	繰延ヘッジ損益	Prior1YearInstant	JPY	-77000000
jppfs_cor:DeferredGainsOrLossesOnHedges	繰延ヘッジ損益	CurrentYearInstant	JPY	194000000
jppfs_cor:ForeignCurrencyTranslationAdjustment	為替換算調整勘定	Prior1YearInstant	JPY	1425000000
jppfs_cor:ForeignCurrencyTranslationAdjustment	為替換算調整勘定	CurrentYearInstant	JPY	1235000000
jppfs_cor:RemeasurementsOfDefinedBenefitPlans	退職給付に係る調整累計額	Prior1YearInstant	JPY	938000000
jppfs_cor:RemeasurementsOfDefinedBenefitPlans	退職給付に係る調整累計額	CurrentYearInstant	JPY	1453000000
jppfs_cor:ValuationAndTranslationAdjustments	評価・換算差額等	Prior1YearInstant	JPY	8613000000
jppfs_cor:ValuationAndTranslationAdjustments	評価・換算差額等	CurrentYearInstant	JPY	14147000000
jppfs_cor:NonControllingInterests	非支配株主持分	Prior1YearInstant	JPY	1840000000
jppfs_cor:NonControllingInterests	非支配株主持分	CurrentYearInstant	JPY	1531000000
jppfs_cor:NetAssets	純資産	Prior1YearInstant	JPY	68355000000
jppfs_cor:NetAssets	純資産	CurrentYearInstant	JPY	78868000000
jppfs_cor:LiabilitiesAndNetAssets	負債純資産	Prior1YearInstant	JPY	182125000000
jppfs_cor:LiabilitiesAndNetAssets	負債純資産	CurrentYearInstant	JPY	214128000000
jppfs_cor:NetSales	売上高	Prior1YearDuration	JPY	302681000000
jppfs_cor:NetSales	売上高	CurrentYearDuration	JPY	334612000000
jppfs_cor:CostOfSales	売上原価	Prior1YearDuration	JPY	263861000000
jppfs_cor:CostOfSales	売上原価	CurrentYearDuration	JPY	293266000000
jppfs_cor:GrossProfit	売上総利益又は売上総損失（△）	Prior1YearDuration	JPY	38819000000
jppfs_cor:GrossProfit	売上総利益又は売上総損失（△）	CurrentYearDuration	JPY	41346000000
jppfs_cor:SellingExpensesSGA	販売費、販売費及び一般管理費	Prior1YearDuration	JPY	18256000000
jppfs_cor:SellingExpensesSGA	販売費、販売費及び一般管理費	CurrentYearDuration	JPY	20167000000
jppfs_cor:GeneralAndAdministrativeExpensesSGA	一般管理費、販売費及び一般管理費	Prior1YearDuration	JPY	9483000000
jppfs_cor:GeneralAndAdministrativeExpensesSGA	一般管理費、販売費及び一般管理費	CurrentYearDuration	JPY	10447000000
jppfs_cor:SellingGeneralAndAdministrativeExpenses	販売費及び一般管理費	Prior1YearDuration	JPY	27740000000
jppfs_cor:SellingGeneralAndAdministrativeExpenses	販売費及び一般管理費	CurrentYearDuration	JPY	30614000000
jppfs_cor:OperatingIncome	営業利益又は営業損失（△）	Prior1YearDuration	JPY	11079000000
jppfs_cor:OperatingIncome	営業利益又は営業損失（△）	CurrentYearDuration	JPY	10731000000
jppfs_cor:InterestIncomeNOI	受取利息、営業外収益	Prior1YearDuration	JPY	32000000
jppfs_cor:InterestIncomeNOI	受取利息、営業外収益	CurrentYearDuration	JPY	73000000
jppfs_cor:DividendsIncomeNOI	受取配当金、営業外収益	Prior1YearDuration	JPY	257000000
jppfs_cor:DividendsIncomeNOI	受取配当金、営業外収益	CurrentYearDuration	JPY	323000000
jppfs_cor:EquityInEarningsOfAffiliatesNOI	持分法による投資利益、営業外収益	Prior1YearDuration	JPY	14000000
jppfs_cor:EquityInEarningsOfAffiliatesNOI	持分法による投資利益、営業外収益	CurrentYearDuration	JPY	8000000
jppfs_cor:InsuranceIncomeNOI	受取保険金、営業外収益	Prior1YearDuration	JPY	170000000
jppfs_cor:InsuranceIncomeNOI	受取保険金、営業外収益	CurrentYearDuration	JPY	130000000
jppfs_cor:OtherNOI	その他、営業外収益	Prior1YearDuration	JPY	398000000
jppfs_cor:OtherNOI	その他、営業外収益	CurrentYearDuration	JPY	384000000
jppfs_cor:NonOperatingIncome	営業外収益	Prior1YearDuration	JPY	873000000
jppfs_cor:NonOperatingIncome	営業外収益	CurrentYearDuration	JPY	920000000
jppfs_cor:InterestExpensesNOE	支払利息、営業外費用	Prior1YearDuration	JPY	844000000
jppfs_cor:InterestExpensesNOE	支払利息、営業外費用	CurrentYearDuration	JPY	1424000000
jppfs_cor:ForeignExchangeLossesNOE	為替差損、営業外費用	Prior1YearDuration	JPY	88000000
jppfs_cor:ForeignExchangeLossesNOE	為替差損、営業外費用	CurrentYearDuration	JPY	9000000
jppfs_cor:OtherNOE	その他、営業外費用	Prior1YearDuration	JPY	162000000
jppfs_cor:OtherNOE	その他、営業外費用	CurrentYearDuration	JPY	186000000
jppfs_cor:NonOperatingExpenses	営業外費用	Prior1YearDuration	JPY	1095000000
jppfs_cor:NonOperatingExpenses	営業外費用	CurrentYearDuration	JPY	1621000000
jppfs_cor:OrdinaryIncome	経常利益又は経常損失（△）	Prior1YearDuration	JPY	10857000000
jppfs_cor:OrdinaryIncome	経常利益又は経常損失（△）	CurrentYearDuration	JPY	10031000000
jppfs_cor:GainOnDisposalOfNoncurrentAssetsEI	固定資産処分益、特別利益	Prior1YearDuration	JPY	14000000
jppfs_cor:GainOnDisposalOfNoncurrentAssetsEI	固定資産処分益、特別利益	CurrentYearDuration	JPY	65000000
jpcrp030000-asr_E00012-000:AStateGovernmentSubsidyIncomeEI		Prior1YearDuration	JPY	188000000
jpcrp030000-asr_E00012-000:AStateGovernmentSubsidyIncomeEI		CurrentYearDuration	JPY	216000000
jppfs_cor:InsuranceIncomeEI	受取保険金、特別利益	Prior1YearDuration	JPY	－
jppfs_cor:InsuranceIncomeEI	受取保険金、特別利益	CurrentYearDuration	JPY	96000000
jppfs_cor:GainOnSalesOfInvestmentSecuritiesEI	投資有価証券売却益、特別利益	Prior1YearDuration	JPY	15000000
jppfs_cor:GainOnSalesOfInvestmentSecuritiesEI	投資有価証券売却益、特別利益	CurrentYearDuration	JPY	13000000
jppfs_cor:SettlementReceivedEI	受取和解金、特別利益	Prior1YearDuration	JPY	－
jppfs_cor:SettlementReceivedEI	受取和解金、特別利益	CurrentYearDuration	JPY	9000000
jppfs_cor:GainOnForgivenessOfDebtsEI	債務免除益、特別利益	Prior1YearDuration	JPY	1274000000
jppfs_cor:GainOnForgivenessOfDebtsEI	債務免除益、特別利益	CurrentYearDuration	JPY	－
jppfs_cor:ExtraordinaryIncome	特別利益	Prior1YearDuration	JPY	1493000000
jppfs_cor:ExtraordinaryIncome	特別利益	CurrentYearDuration	JPY	401000000
jppfs_cor:LossOnDisposalOfNoncurrentAssetsEL	固定資産処分損、特別損失	Prior1YearDuration	JPY	36000000
jppfs_cor:LossOnDisposalOfNoncurrentAssetsEL	固定資産処分損、特別損失	CurrentYearDuration	JPY	39000000
jppfs_cor:ImpairmentLossEL	減損損失、特別損失	Prior1YearDuration	JPY	0
jppfs_cor:ImpairmentLossEL	減損損失、特別損失	CurrentYearDuration	JPY	－
jppfs_cor:LossOnDisasterEL	災害による損失、特別損失	Prior1YearDuration	JPY	－
jppfs_cor:LossOnDisasterEL	災害による損失、特別損失	CurrentYearDuration	JPY	21000000
jppfs_cor:LossOnReductionOfNoncurrentAssetsEL	固定資産圧縮損、特別損失	Prior1YearDuration	JPY	188000000
jppfs_cor:LossOnReductionOfNoncurrentAssetsEL	固定資産圧縮損、特別損失	CurrentYearDuration	JPY	213000000
jpcrp030000-asr_E00012-000:LossOfRecallProductEL		Prior1YearDuration	JPY	－
jpcrp030000-asr_E00012-000:LossOfRecallProductEL		CurrentYearDuration	JPY	114000000
jppfs_cor:LossOnLitigationEL	訴訟関連損失、特別損失	Prior1YearDuration	JPY	957000000
jppfs_cor:LossOnLitigationEL	訴訟関連損失、特別損失	CurrentYearDuration	JPY	－
jpcrp030000-asr_E00012-000:RestorationExpensesOnFacilitiesEL		Prior1YearDuration	JPY	114000000
jpcrp030000-asr_E00012-000:RestorationExpensesOnFacilitiesEL		CurrentYearDuration	JPY	－
jppfs_cor:ForeignExchangeLossesEL	為替差損、特別損失	Prior1YearDuration	JPY	93000000
jppfs_cor:ForeignExchangeLossesEL	為替差損、特別損失	CurrentYearDuration	JPY	－
jppfs_cor:LossOnSalesOfInvestmentSecuritiesEL	投資有価証券売却損、特別損失	Prior1YearDuration	JPY	65000000
jppfs_cor:LossOnSalesOfInvestmentSecuritiesEL	投資有価証券売却損、特別損失	CurrentYearDuration	JPY	－
jppfs_cor:LossOnValuationOfInvestmentSecuritiesEL	投資有価証券評価損、特別損失	Prior1YearDuration	JPY	10000000
jppfs_cor:LossOnValuationOfInvestmentSecuritiesEL	投資有価証券評価損、特別損失	CurrentYearDuration	JPY	－
jppfs_cor:OtherEL	その他、特別損失	Prior1YearDuration	JPY	35000000
jppfs_cor:OtherEL	その他、特別損失	CurrentYearDuration	JPY	3000000
jppfs_cor:ExtraordinaryLoss	特別損失	Prior1YearDuration	JPY	1502000000
jppfs_cor:ExtraordinaryLoss	特別損失	CurrentYearDuration	JPY	392000000
jppfs_cor:IncomeBeforeIncomeTaxes	税引前当期純利益又は税引前当期純損失（△）	Prior1YearDuration	JPY	10848000000
jppfs_cor:IncomeBeforeIncomeTaxes	税引前当期純利益又は税引前当期純損失（△）	CurrentYearDuration	JPY	10040000000
jppfs_cor:IncomeTaxesCurrent	法人税、住民税及び事業税	Prior1YearDuration	JPY	2996000000
jppfs_cor:IncomeTaxesCurrent	法人税、住民税及び事業税	CurrentYearDuration	JPY	3548000000
jppfs_cor:IncomeTaxesDeferred	法人税等調整額	Prior1YearDuration	JPY	-154000000
jppfs_cor:IncomeTaxesDeferred	法人税等調整額	CurrentYearDuration	JPY	-40000000
jppfs_cor:IncomeTaxes	法人税等	Prior1YearDuration	JPY	2842000000
jppfs_cor:IncomeTaxes	法人税等	CurrentYearDuration	JPY	3507000000
jppfs_cor:ProfitLoss	当期純利益又は当期純損失（△）（平成26年3月28日財規等改正後）	Prior1YearDuration	JPY	8006000000
jppfs_cor:ProfitLoss	当期純利益又は当期純損失（△）（平成26年3月28日財規等改正後）	CurrentYearDuration	JPY	6532000000
jppfs_cor:ProfitLossAttributableToOwnersOfParent	親会社株主に帰属する当期純利益又は親会社株主に帰属する当期純損失（△）	Prior1YearDuration	JPY	6740000000
jppfs_cor:ProfitLossAttributableToOwnersOfParent	親会社株主に帰属する当期純利益又は親会社株主に帰属する当期純損失（△）	CurrentYearDuration	JPY	6841000000
jppfs_cor:ProfitLossAttributableToNonControllingInterests	非支配株主に帰属する当期純利益又は非支配株主に帰属する当期純損失（△）	Prior1YearDuration	JPY	1266000000
jppfs_cor:ProfitLossAttributableToNonControllingInterests	非支配株主に帰属する当期純利益又は非支配株主に帰属する当期純損失（△）	CurrentYearDuration	JPY	-308000000
jppfs_cor:ValuationDifferenceOnAvailableForSaleSecuritiesNetOfTaxOCI	その他有価証券評価差額金（税引後）、その他の包括利益	Prior1YearDuration	JPY	1484000000
jppfs_cor:ValuationDifferenceOnAvailableForSaleSecuritiesNetOfTaxOCI	その他有価証券評価差額金（税引後）、その他の包括利益	CurrentYearDuration	JPY	4936000000
jppfs_cor:DeferredGainsOrLossesOnHedgesNetOfTaxOCI	繰延ヘッジ損益（税引後）、その他の包括利益	Prior1YearDuration	JPY	-175000000
jppfs_cor:DeferredGainsOrLossesOnHedgesNetOfTaxOCI	繰延ヘッジ損益（税引後）、その他の包括利益	CurrentYearDuration	JPY	272000000
jppfs_cor:ForeignCurrencyTranslationAdjustmentNetOfTaxOCI	為替換算調整勘定（税引後）、その他の包括利益	Prior1YearDuration	JPY	624000000
jppfs_cor:ForeignCurrencyTranslationAdjustmentNetOfTaxOCI	為替換算調整勘定（税引後）、その他の包括利益	CurrentYearDuration	JPY	-236000000
jppfs_cor:RemeasurementsOfDefinedBenefitPlansNetOfTaxOCI	退職給付に係る調整額（税引後）、その他の包括利益	Prior1YearDuration	JPY	117000000
jppfs_cor:RemeasurementsOfDefinedBenefitPlansNetOfTaxOCI	退職給付に係る調整額（税引後）、その他の包括利益	CurrentYearDuration	JPY	515000000
jppfs_cor:ShareOfOtherComprehensiveIncomeOfAssociatesAccountedForUsingEquityMethodOCI	持分法適用会社に対する持分相当額、その他の包括利益	Prior1YearDuration	JPY	－
jppfs_cor:ShareOfOtherComprehensiveIncomeOfAssociatesAccountedForUsingEquityMethodOCI	持分法適用会社に対する持分相当額、その他の包括利益	CurrentYearDuration	JPY	2000000
jppfs_cor:OtherComprehensiveIncome	その他の包括利益	Prior1YearDuration	JPY	2051000000
jppfs_cor:OtherComprehensiveIncome	その他の包括利益	CurrentYearDuration	JPY	5490000000
jppfs_cor:ComprehensiveIncome	包括利益	Prior1YearDuration	JPY	10057000000
jppfs_cor:ComprehensiveIncome	包括利益	CurrentYearDuration	JPY	12023000000
jppfs_cor:ComprehensiveIncomeAttributableToOwnersOfTheParent	親会社株主に係る包括利益、包括利益	Prior1YearDuration	JPY	8730000000
jppfs_cor:ComprehensiveIncomeAttributableToOwnersOfTheParent	親会社株主に係る包括利益、包括利益	CurrentYearDuration	JPY	12376000000
jppfs_cor:ComprehensiveIncomeAttributableToNonControllingInterests	非支配株主に係る包括利益、包括利益	Prior1YearDuration	JPY	1326000000
jppfs_cor:ComprehensiveIncomeAttributableToNonControllingInterests	非支配株主に係る包括利益、包括利益	CurrentYearDuration	JPY	-352000000
jppfs_cor:NetAssets	純資産	Prior2YearInstant_CapitalStockMember	JPY	7527000000
jppfs_cor:NetAssets	純資産	Prior2YearInstant_CapitalSurplusMember	JPY	3193000000
jppfs_cor:NetAssets	純資産	Prior2YearInstant_RetainedEarningsMember	JPY	42176000000
jppfs_cor:NetAssets	純資産	Prior2YearInstant_TreasuryStockMember	JPY	-543000000
jppfs_cor:NetAssets	純資産	Prior2YearInstant_ShareholdersEquityMember	JPY	52354000000
jppfs_cor:DividendsFromSurplus	剰余金の配当	Prior1YearDuration_RetainedEarningsMember	JPY	-1191000000
jppfs_cor:DividendsFromSurplus	剰余金の配当	Prior1YearDuration_ShareholdersEquityMember	JPY	-1191000000
jppfs_cor:ProfitLossAttributableToOwnersOfParent	親会社株主に帰属する当期純利益又は親会社株主に帰属する当期純損失（△）	Prior1YearDuration_RetainedEarningsMember	JPY	6740000000
jppfs_cor:ProfitLossAttributableToOwnersOfParent	親会社株主に帰属する当期純利益又は親会社株主に帰属する当期純損失（△）	Prior1YearDuration_ShareholdersEquityMember	JPY	6740000000
jppfs_cor:PurchaseOfTreasuryStock	自己株式の取得	Prior1YearDuration_TreasuryStockMember	JPY	-173000000
jppfs_cor:PurchaseOfTreasuryStock	自己株式の取得	Prior1YearDuration_ShareholdersEquityMember	JPY	-173000000
jppfs_cor:DisposalOfTreasuryStock	自己株式の処分	Prior1YearDuration_CapitalSurplusMember	JPY	71000000
jppfs_cor:DisposalOfTreasuryStock	自己株式の処分	Prior1YearDuration_TreasuryStockMember	JPY	101000000
jppfs_cor:DisposalOfTreasuryStock	自己株式の処分	Prior1YearDuration_ShareholdersEquityMember	JPY	173000000
jppfs_cor:TotalChangesOfItemsDuringThePeriod	当期変動額合計	Prior1YearDuration_CapitalStockMember	JPY	－
jppfs_cor:TotalChangesOfItemsDuringThePeriod	当期変動額合計	Prior1YearDuration_CapitalSurplusMember	JPY	71000000
jppfs_cor:TotalChangesOfItemsDuringThePeriod	当期変動額合計	Prior1YearDuration_RetainedEarningsMember	JPY	5548000000
jppfs_cor:TotalChangesOfItemsDuringThePeriod	当期変動額合計	Prior1YearDuration_TreasuryStockMember	JPY	-72000000
jppfs_cor:TotalChangesOfItemsDuringThePeriod	当期変動額合計	Prior1YearDuration_ShareholdersEquityMember	JPY	5548000000
jppfs_cor:NetAssets	純資産	Prior1YearInstant_CapitalStockMember	JPY	7527000000
jppfs_cor:NetAssets	純資産	Prior1YearInstant_CapitalSurplusMember	JPY	3265000000
jppfs_cor:NetAssets	純資産	Prior1YearInstant_RetainedEarningsMember	JPY	47725000000
jppfs_cor:NetAssets	純資産	Prior1YearInstant_TreasuryStockMember	JPY	-616000000
jppfs_cor:NetAssets	純資産	Prior1YearInstant_ShareholdersEquityMember	JPY	57902000000
jppfs_cor:NetAssets	純資産	Prior2YearInstant_ValuationDifferenceOnAvailableForSaleSecuritiesMember	JPY	4842000000
jppfs_cor:NetAssets	純資産	Prior2YearInstant_DeferredGainsOrLossesOnHedgesMember	JPY	97000000
jppfs_cor:NetAssets	純資産	Prior2YearInstant_ForeignCurrencyTranslationAdjustmentMember	JPY	861000000
jppfs_cor:NetAssets	純資産	Prior2YearInstant_RemeasurementsOfDefinedBenefitPlansMember	JPY	820000000
jppfs_cor:NetAssets	純資産	Prior2YearInstant_ValuationAndTranslationAdjustmentsMember	JPY	6622000000
jppfs_cor:NetAssets	純資産	Prior2YearInstant_NonControllingInterestsMember	JPY	-115000000
jppfs_cor:NetAssets	純資産	Prior2YearInstant	JPY	58860000000
jppfs_cor:DividendsFromSurplus	剰余金の配当	Prior1YearDuration	JPY	-1191000000
jppfs_cor:ProfitLossAttributableToOwnersOfParent	親会社株主に帰属する当期純利益又は親会社株主に帰属する当期純損失（△）	Prior1YearDuration	JPY	6740000000
jppfs_cor:PurchaseOfTreasuryStock	自己株式の取得	Prior1YearDuration	JPY	-173000000
jppfs_cor:DisposalOfTreasuryStock	自己株式の処分	Prior1YearDuration	JPY	173000000
jppfs_cor:NetChangesOfItemsOtherThanShareholdersEquity	株主資本以外の項目の当期変動額（純額）	Prior1YearDuration_ValuationDifferenceOnAvailableForSaleSecuritiesMember	JPY	1484000000
jppfs_cor:NetChangesOfItemsOtherThanShareholdersEquity	株主資本以外の項目の当期変動額（純額）	Prior1YearDuration_DeferredGainsOrLossesOnHedgesMember	JPY	-175000000
jppfs_cor:NetChangesOfItemsOtherThanShareholdersEquity	株主資本以外の項目の当期変動額（純額）	Prior1YearDuration_ForeignCurrencyTranslationAdjustmentMember	JPY	564000000
jppfs_cor:NetChangesOfItemsOtherThanShareholdersEquity	株主資本以外の項目の当期変動額（純額）	Prior1YearDuration_RemeasurementsOfDefinedBenefitPlansMember	JPY	117000000
jppfs_cor:NetChangesOfItemsOtherThanShareholdersEquity	株主資本以外の項目の当期変動額（純額）	Prior1YearDuration_ValuationAndTranslationAdjustmentsMember	JPY	1990000000
jppfs_cor:NetChangesOfItemsOtherThanShareholdersEquity	株主資本以外の項目の当期変動額（純額）	Prior1YearDuration_NonControllingInterestsMember	JPY	1956000000
jppfs_cor:NetChangesOfItemsOtherThanShareholdersEquity	株主資本以外の項目の当期変動額（純額）	Prior1YearDuration	JPY	3946000000
jppfs_cor:TotalChangesOfItemsDuringThePeriod	当期変動額合計	Prior1YearDuration_ValuationDifferenceOnAvailableForSaleSecuritiesMember	JPY	1484000000
jppfs_cor:TotalChangesOfItemsDuringThePeriod	当期変動額合計	Prior1YearDuration_DeferredGainsOrLossesOnHedgesMember	JPY	-175000000
jppfs_cor:TotalChangesOfItemsDuringThePeriod	当期変動額合計	Prior1YearDuration_ForeignCurrencyTranslationAdjustmentMember	JPY	564000000
jppfs_cor:TotalChangesOfItemsDuringThePeriod	当期変動額合計	Prior1YearDuration_RemeasurementsOfDefinedBenefitPlansMember	JPY	117000000
jppfs_cor:TotalChangesOfItemsDuringThePeriod	当期変動額合計	Prior1YearDuration_ValuationAndTranslationAdjustmentsMember	JPY	1990000000
jppfs_cor:TotalChangesOfItemsDuringThePeriod	当期変動額合計	Prior1YearDuration_NonControllingInterestsMember	JPY	1956000000
jppfs_cor:TotalChangesOfItemsDuringThePeriod	当期変動額合計	Prior1YearDuration	JPY	9495000000
jppfs_cor:NetAssets	純資産	Prior1YearInstant_ValuationDifferenceOnAvailableForSaleSecuritiesMember	JPY	6326000000
jppfs_cor:NetAssets	純資産	Prior1YearInstant_DeferredGainsOrLossesOnHedgesMember	JPY	-77000000
jppfs_cor:NetAssets	純資産	Prior1YearInstant_ForeignCurrencyTranslationAdjustmentMember	JPY	1425000000
jppfs_cor:NetAssets	純資産	Prior1YearInstant_RemeasurementsOfDefinedBenefitPlansMember	JPY	938000000
jppfs_cor:NetAssets	純資産	Prior1YearInstant_ValuationAndTranslationAdjustmentsMember	JPY	8613000000
jppfs_cor:NetAssets	純資産	Prior1YearInstant_NonControllingInterestsMember	JPY	1840000000
jppfs_cor:NetAssets	純資産	Prior1YearInstant	JPY	68355000000
jppfs_cor:NetAssets	純資産	Prior1YearInstant_CapitalStockMember	JPY	7527000000
jppfs_cor:NetAssets	純資産	Prior1YearInstant_CapitalSurplusMember	JPY	3265000000
jppfs_cor:NetAssets	純資産	Prior1YearInstant_RetainedEarningsMember	JPY	47725000000
jppfs_cor:NetAssets	純資産	Prior1YearInstant_TreasuryStockMember	JPY	-616000000
jppfs_cor:NetAssets	純資産	Prior1YearInstant_ShareholdersEquityMember	JPY	57902000000
jppfs_cor:DividendsFromSurplus	剰余金の配当	CurrentYearDuration_RetainedEarningsMember	JPY	-1554000000
jppfs_cor:DividendsFromSurplus	剰余金の配当	CurrentYearDuration_ShareholdersEquityMember	JPY	-1554000000
jppfs_cor:ProfitLossAttributableToOwnersOfParent	親会社株主に帰属する当期純利益又は親会社株主に帰属する当期純損失（△）	CurrentYearDuration_RetainedEarningsMember	JPY	6841000000
jppfs_cor:ProfitLossAttributableToOwnersOfParent	親会社株主に帰属する当期純利益又は親会社株主に帰属する当期純損失（△）	CurrentYearDuration_ShareholdersEquityMember	JPY	6841000000
jppfs_cor:PurchaseOfTreasuryStock	自己株式の取得	CurrentYearDuration_TreasuryStockMember	JPY	-0
jppfs_cor:PurchaseOfTreasuryStock	自己株式の取得	CurrentYearDuration_ShareholdersEquityMember	JPY	-0
jppfs_cor:DisposalOfTreasuryStock	自己株式の処分	CurrentYearDuration_ShareholdersEquityMember	JPY	－
jppfs_cor:TotalChangesOfItemsDuringThePeriod	当期変動額合計	CurrentYearDuration_CapitalStockMember	JPY	－
jppfs_cor:TotalChangesOfItemsDuringThePeriod	当期変動額合計	CurrentYearDuration_CapitalSurplusMember	JPY	－
jppfs_cor:TotalChangesOfItemsDuringThePeriod	当期変動額合計	CurrentYearDuration_RetainedEarningsMember	JPY	5287000000
jppfs_cor:TotalChangesOfItemsDuringThePeriod	当期変動額合計	CurrentYearDuration_TreasuryStockMember	JPY	-0
jppfs_cor:TotalChangesOfItemsDuringThePeriod	当期変動額合計	CurrentYearDuration_ShareholdersEquityMember	JPY	5286000000
jppfs_cor:NetAssets	純資産	CurrentYearInstant_CapitalStockMember	JPY	7527000000
jppfs_cor:NetAssets	純資産	CurrentYearInstant_CapitalSurplusMember	JPY	3265000000
jppfs_cor:NetAssets	純資産	CurrentYearInstant_RetainedEarningsMember	JPY	53013000000
jppfs_cor:NetAssets	純資産	CurrentYearInstant_TreasuryStockMember	JPY	-617000000
jppfs_cor:NetAssets	純資産	CurrentYearInstant_ShareholdersEquityMember	JPY	63189000000
jppfs_cor:NetAssets	純資産	Prior1YearInstant_ValuationDifferenceOnAvailableForSaleSecuritiesMember	JPY	6326000000
jppfs_cor:NetAssets	純資産	Prior1YearInstant_DeferredGainsOrLossesOnHedgesMember	JPY	-77000000
jppfs_cor:NetAssets	純資産	Prior1YearInstant_ForeignCurrencyTranslationAdjustmentMember	JPY	1425000000
jppfs_cor:NetAssets	純資産	Prior1YearInstant_RemeasurementsOfDefinedBenefitPlansMember	JPY	938000000
jppfs_cor:NetAssets	純資産	Prior1YearInstant_ValuationAndTranslationAdjustmentsMember	JPY	8613000000
jppfs_cor:NetAssets	純資産	Prior1YearInstant_NonControllingInterestsMember	JPY	1840000000
jppfs_cor:NetAssets	純資産	Prior1YearInstant	JPY	68355000000
jppfs_cor:DividendsFromSurplus	剰余金の配当	CurrentYearDuration	JPY	-1554000000
jppfs_cor:ProfitLossAttributableToOwnersOfParent	親会社株主に帰属する当期純利益又は親会社株主に帰属する当期純損失（△）	CurrentYearDuration	JPY	6841000000
jppfs_cor:PurchaseOfTreasuryStock	自己株式の取得	CurrentYearDuration	JPY	-0
jppfs_cor:DisposalOfTreasuryStock	自己株式の処分	CurrentYearDuration	JPY	－
jppfs_cor:NetChangesOfItemsOtherThanShareholdersEquity	株主資本以外の項目の当期変動額（純額）	CurrentYearDuration_ValuationDifferenceOnAvailableForSaleSecuritiesMember	JPY	4936000000
jppfs_cor:NetChangesOfItemsOtherThanShareholdersEquity	株主資本以外の項目の当期変動額（純額）	CurrentYearDuration_DeferredGainsOrLossesOnHedgesMember	JPY	272000000
jppfs_cor:NetChangesOfItemsOtherThanShareholdersEquity	株主資本以外の項目の当期変動額（純額）	CurrentYearDuration_ForeignCurrencyTranslationAdjustmentMember	JPY	-190000000
jppfs_cor:NetChangesOfItemsOtherThanShareholdersEquity	株主資本以外の項目の当期変動額（純額）	CurrentYearDuration_RemeasurementsOfDefinedBenefitPlansMember	JPY	515000000
jppfs_cor:NetChangesOfItemsOtherThanShareholdersEquity	株主資本以外の項目の当期変動額（純額）	CurrentYearDuration_ValuationAndTranslationAdjustmentsMember	JPY	5534000000
jppfs_cor:NetChangesOfItemsOtherThanShareholdersEquity	株主資本以外の項目の当期変動額（純額）	CurrentYearDuration_NonControllingInterestsMember	JPY	-309000000
jppfs_cor:NetChangesOfItemsOtherThanShareholdersEquity	株主資本以外の項目の当期変動額（純額）	CurrentYearDuration	JPY	5225000000
jppfs_cor:TotalChangesOfItemsDuringThePeriod	当期変動額合計	CurrentYearDuration_ValuationDifferenceOnAvailableForSaleSecuritiesMember	JPY	4936000000
jppfs_cor:TotalChangesOfItemsDuringThePeriod	当期変動額合計	CurrentYearDuration_DeferredGainsOrLossesOnHedgesMember	JPY	272000000
jppfs_cor:TotalChangesOfItemsDuringThePeriod	当期変動額合計	CurrentYearDuration_ForeignCurrencyTranslationAdjustmentMember	JPY	-190000000
jppfs_cor:TotalChangesOfItemsDuringThePeriod	当期変動額合計	CurrentYearDuration_RemeasurementsOfDefinedBenefitPlansMember	JPY	515000000
jppfs_cor:TotalChangesOfItemsDuringThePeriod	当期変動額合計	CurrentYearDuration_ValuationAndTranslationAdjustmentsMember	JPY	5534000000
jppfs_cor:TotalChangesOfItemsDuringThePeriod	当期変動額合計	CurrentYearDuration_NonControllingInterestsMember	JPY	-309000000
jppfs_cor:TotalChangesOfItemsDuringThePeriod	当期変動額合計	CurrentYearDuration	JPY	10512000000
jppfs_cor:NetAssets	純資産	CurrentYearInstant_ValuationDifferenceOnAvailableForSaleSecuritiesMember	JPY	11263000000
jppfs_cor:NetAssets	純資産	CurrentYearInstant_DeferredGainsOrLossesOnHedgesMember	JPY	194000000
jppfs_cor:NetAssets	純資産	CurrentYearInstant_ForeignCurrencyTranslationAdjustmentMember	JPY	1235000000
jppfs_cor:NetAssets	純資産	CurrentYearInstant_RemeasurementsOfDefinedBenefitPlansMember	JPY	1453000000
jppfs_cor:NetAssets	純資産	CurrentYearInstant_ValuationAndTranslationAdjustmentsMember	JPY	14147000000
jppfs_cor:NetAssets	純資産	CurrentYearInstant_NonControllingInterestsMember	JPY	1531000000
jppfs_cor:NetAssets	純資産	CurrentYearInstant	JPY	78868000000
jppfs_cor:IncomeBeforeIncomeTaxes	税引前当期純利益又は税引前当期純損失（△）	Prior1YearDuration	JPY	10848000000
jppfs_cor:IncomeBeforeIncomeTaxes	税引前当期純利益又は税引前当期純損失（△）	CurrentYearDuration	JPY	10040000000
jppfs_cor:DepreciationAndAmortizationOpeCF	減価償却費、営業活動によるキャッシュ・フロー	Prior1YearDuration	JPY	2624000000
jppfs_cor:DepreciationAndAmortizationOpeCF	減価償却費、営業活動によるキャッシュ・フロー	CurrentYearDuration	JPY	3034000000
jppfs_cor:AmortizationOfGoodwillOpeCF	のれん償却額、営業活動によるキャッシュ・フロー	Prior1YearDuration	JPY	77000000
jppfs_cor:AmortizationOfGoodwillOpeCF	のれん償却額、営業活動によるキャッシュ・フロー	CurrentYearDuration	JPY	104000000
jppfs_cor:ImpairmentLossOpeCF	減損損失、営業活動によるキャッシュ・フロー	Prior1YearDuration	JPY	0
jppfs_cor:ImpairmentLossOpeCF	減損損失、営業活動によるキャッシュ・フロー	CurrentYearDuration	JPY	－
jppfs_cor:IncreaseDecreaseInAllowanceForDoubtfulAccountsOpeCF	貸倒引当金の増減額（△は減少）、営業活動によるキャッシュ・フロー	Prior1YearDuration	JPY	-0
jppfs_cor:IncreaseDecreaseInAllowanceForDoubtfulAccountsOpeCF	貸倒引当金の増減額（△は減少）、営業活動によるキャッシュ・フロー	CurrentYearDuration	JPY	-2000000
jppfs_cor:IncreaseDecreaseInProvisionForBonusesOpeCF	賞与引当金の増減額（△は減少）、営業活動によるキャッシュ・フロー	Prior1YearDuration	JPY	104000000
jppfs_cor:IncreaseDecreaseInProvisionForBonusesOpeCF	賞与引当金の増減額（△は減少）、営業活動によるキャッシュ・フロー	CurrentYearDuration	JPY	66000000
jppfs_cor:IncreaseDecreaseInProvisionForDirectorsBonusesOpeCF	役員賞与引当金の増減額（△は減少）、営業活動によるキャッシュ・フロー	Prior1YearDuration	JPY	-0
jppfs_cor:IncreaseDecreaseInProvisionForDirectorsBonusesOpeCF	役員賞与引当金の増減額（△は減少）、営業活動によるキャッシュ・フロー	CurrentYearDuration	JPY	-1000000
jpcrp030000-asr_E00012-000:IncreaseOrDecreaseInRetirementBenefitAssetOrLiabilityOpeCF		Prior1YearDuration	JPY	91000000
jpcrp030000-asr_E00012-000:IncreaseOrDecreaseInRetirementBenefitAssetOrLiabilityOpeCF		CurrentYearDuration	JPY	144000000
jppfs_cor:IncreaseDecreaseInProvisionForShareBasedRemunerationOpeCF	株式給付引当金の増減額（△は減少）、営業活動によるキャッシュ・フロー	Prior1YearDuration	JPY	1000000
jppfs_cor:IncreaseDecreaseInProvisionForShareBasedRemunerationOpeCF	株式給付引当金の増減額（△は減少）、営業活動によるキャッシュ・フロー	CurrentYearDuration	JPY	1000000
jppfs_cor:IncreaseDecreaseInProvisionForShareBasedRemunerationForDirectorsAndOtherOfficersOpeCF	役員株式給付引当金の増減額（△は減少）、営業活動によるキャッシュ・フロー	Prior1YearDuration	JPY	89000000
jppfs_cor:IncreaseDecreaseInProvisionForShareBasedRemunerationForDirectorsAndOtherOfficersOpeCF	役員株式給付引当金の増減額（△は減少）、営業活動によるキャッシュ・フロー	CurrentYearDuration	JPY	41000000
jppfs_cor:IncreaseDecreaseInProvisionForSpecialRepairsOpeCF	特別修繕引当金の増減額（△は減少）、営業活動によるキャッシュ・フロー	Prior1YearDuration	JPY	38000000
jppfs_cor:IncreaseDecreaseInProvisionForSpecialRepairsOpeCF	特別修繕引当金の増減額（△は減少）、営業活動によるキャッシュ・フロー	CurrentYearDuration	JPY	38000000
jppfs_cor:InterestAndDividendsIncomeOpeCF	受取利息及び受取配当金、営業活動によるキャッシュ・フロー	Prior1YearDuration	JPY	-289000000
jppfs_cor:InterestAndDividendsIncomeOpeCF	受取利息及び受取配当金、営業活動によるキャッシュ・フロー	CurrentYearDuration	JPY	-396000000
jppfs_cor:InterestExpensesOpeCF	支払利息、営業活動によるキャッシュ・フロー	Prior1YearDuration	JPY	844000000
jppfs_cor:InterestExpensesOpeCF	支払利息、営業活動によるキャッシュ・フロー	CurrentYearDuration	JPY	1424000000
jppfs_cor:LossGainOnValuationOfInvestmentSecuritiesOpeCF	投資有価証券評価損益（△は益）、営業活動によるキャッシュ・フロー	Prior1YearDuration	JPY	10000000
jppfs_cor:LossGainOnValuationOfInvestmentSecuritiesOpeCF	投資有価証券評価損益（△は益）、営業活動によるキャッシュ・フロー	CurrentYearDuration	JPY	－
jppfs_cor:LossGainOnSalesOfInvestmentSecuritiesOpeCF	投資有価証券売却損益（△は益）、営業活動によるキャッシュ・フロー	Prior1YearDuration	JPY	50000000
jppfs_cor:LossGainOnSalesOfInvestmentSecuritiesOpeCF	投資有価証券売却損益（△は益）、営業活動によるキャッシュ・フロー	CurrentYearDuration	JPY	-13000000
jppfs_cor:LossGainOnDisposalOfNoncurrentAssetsOpeCF	固定資産処分損益（△は益）、営業活動によるキャッシュ・フロー	Prior1YearDuration	JPY	21000000
jppfs_cor:LossGainOnDisposalOfNoncurrentAssetsOpeCF	固定資産処分損益（△は益）、営業活動によるキャッシュ・フロー	CurrentYearDuration	JPY	-26000000
jppfs_cor:LossOnReductionOfNoncurrentAssetsOpeCF	固定資産圧縮損、営業活動によるキャッシュ・フロー	Prior1YearDuration	JPY	188000000
jppfs_cor:LossOnReductionOfNoncurrentAssetsOpeCF	固定資産圧縮損、営業活動によるキャッシュ・フロー	CurrentYearDuration	JPY	213000000
jpcrp030000-asr_E00012-000:AStateGovernmentSubsidyIncomeOpeCF		Prior1YearDuration	JPY	-188000000
jpcrp030000-asr_E00012-000:AStateGovernmentSubsidyIncomeOpeCF		CurrentYearDuration	JPY	-216000000
jppfs_cor:InsuranceIncomeOpeCF	受取保険金、営業活動によるキャッシュ・フロー	Prior1YearDuration	JPY	－
jppfs_cor:InsuranceIncomeOpeCF	受取保険金、営業活動によるキャッシュ・フロー	CurrentYearDuration	JPY	-96000000
jppfs_cor:SettlementReceivedOpeCF	受取和解金、営業活動によるキャッシュ・フロー	Prior1YearDuration	JPY	－
jppfs_cor:SettlementReceivedOpeCF	受取和解金、営業活動によるキャッシュ・フロー	CurrentYearDuration	JPY	-9000000
jpcrp030000-asr_E00012-000:LossOfRecallProductOpeCF		Prior1YearDuration	JPY	－
jpcrp030000-asr_E00012-000:LossOfRecallProductOpeCF		CurrentYearDuration	JPY	114000000
jppfs_cor:GainOnForgivenessOfDebtOpeCF	債務免除益、営業活動によるキャッシュ・フロー	Prior1YearDuration	JPY	-1274000000
jppfs_cor:GainOnForgivenessOfDebtOpeCF	債務免除益、営業活動によるキャッシュ・フロー	CurrentYearDuration	JPY	－
jppfs_cor:LossOnLitigationOpeCF	訴訟関連損失、営業活動によるキャッシュ・フロー	Prior1YearDuration	JPY	957000000
jppfs_cor:LossOnLitigationOpeCF	訴訟関連損失、営業活動によるキャッシュ・フロー	CurrentYearDuration	JPY	－
jpcrp030000-asr_E00012-000:RestorationExpensesOnFacilitiesOpeCF		Prior1YearDuration	JPY	114000000
jpcrp030000-asr_E00012-000:RestorationExpensesOnFacilitiesOpeCF		CurrentYearDuration	JPY	－
jppfs_cor:DecreaseIncreaseInNotesAndAccountsReceivableTradeOpeCF	売上債権の増減額（△は増加）、営業活動によるキャッシュ・フロー	Prior1YearDuration	JPY	-527000000
jppfs_cor:DecreaseIncreaseInNotesAndAccountsReceivableTradeOpeCF	売上債権の増減額（△は増加）、営業活動によるキャッシュ・フロー	CurrentYearDuration	JPY	-1368000000
jpcrp030000-asr_E00012-000:DecreaseIncreaseInOtherReceivablesOpeCF		Prior1YearDuration	JPY	-4080000000
jpcrp030000-asr_E00012-000:DecreaseIncreaseInOtherReceivablesOpeCF		CurrentYearDuration	JPY	-2063000000
jppfs_cor:DecreaseIncreaseInInventoriesOpeCF	棚卸資産の増減額（△は増加）、営業活動によるキャッシュ・フロー	Prior1YearDuration	JPY	-2710000000
jppfs_cor:DecreaseIncreaseInInventoriesOpeCF	棚卸資産の増減額（△は増加）、営業活動によるキャッシュ・フロー	CurrentYearDuration	JPY	-12562000000
jpcrp030000-asr_E00012-000:DecreaseIncreaseInOtherInvestmentsOpeCF		Prior1YearDuration	JPY	-115000000
jpcrp030000-asr_E00012-000:DecreaseIncreaseInOtherInvestmentsOpeCF		CurrentYearDuration	JPY	-54000000
jppfs_cor:IncreaseDecreaseInNotesAndAccountsPayableTradeOpeCF	仕入債務の増減額（△は減少）、営業活動によるキャッシュ・フロー	Prior1YearDuration	JPY	101000000
jppfs_cor:IncreaseDecreaseInNotesAndAccountsPayableTradeOpeCF	仕入債務の増減額（△は減少）、営業活動によるキャッシュ・フロー	CurrentYearDuration	JPY	3153000000
jpcrp030000-asr_E00012-000:IncreaseInOtherLiabilitiesOpeCF		Prior1YearDuration	JPY	536000000
jpcrp030000-asr_E00012-000:IncreaseInOtherLiabilitiesOpeCF		CurrentYearDuration	JPY	2457000000
jppfs_cor:OtherNetOpeCF	その他、営業活動によるキャッシュ・フロー	Prior1YearDuration	JPY	166000000
jppfs_cor:OtherNetOpeCF	その他、営業活動によるキャッシュ・フロー	CurrentYearDuration	JPY	-28000000
jppfs_cor:SubtotalOpeCF	小計、営業活動によるキャッシュ・フロー	Prior1YearDuration	JPY	7680000000
jppfs_cor:SubtotalOpeCF	小計、営業活動によるキャッシュ・フロー	CurrentYearDuration	JPY	3992000000
jppfs_cor:InterestAndDividendsIncomeReceivedOpeCFInvCF	利息及び配当金の受取額、営業活動によるキャッシュ・フロー又は投資活動によるキャッシュ・フロー	Prior1YearDuration	JPY	285000000
jppfs_cor:InterestAndDividendsIncomeReceivedOpeCFInvCF	利息及び配当金の受取額、営業活動によるキャッシュ・フロー又は投資活動によるキャッシュ・フロー	CurrentYearDuration	JPY	367000000
jppfs_cor:InterestExpensesPaidOpeCFFinCF	利息の支払額、営業活動によるキャッシュ・フロー又は財務活動によるキャッシュ・フロー	Prior1YearDuration	JPY	-833000000
jppfs_cor:InterestExpensesPaidOpeCFFinCF	利息の支払額、営業活動によるキャッシュ・フロー又は財務活動によるキャッシュ・フロー	CurrentYearDuration	JPY	-1421000000
jpcrp030000-asr_E00012-000:IncomeOfGovernmentSubsidyOpeCF		Prior1YearDuration	JPY	188000000
jpcrp030000-asr_E00012-000:IncomeOfGovernmentSubsidyOpeCF		CurrentYearDuration	JPY	216000000
jppfs_cor:SettlementPackageReceivedOpeCF	和解金の受取額、営業活動によるキャッシュ・フロー	Prior1YearDuration	JPY	－
jppfs_cor:SettlementPackageReceivedOpeCF	和解金の受取額、営業活動によるキャッシュ・フロー	CurrentYearDuration	JPY	9000000
jpcrp030000-asr_E00012-000:PaymentsForLossOfRecallProductOpeCF		Prior1YearDuration	JPY	－
jpcrp030000-asr_E00012-000:PaymentsForLossOfRecallProductOpeCF		CurrentYearDuration	JPY	-52000000
jpcrp030000-asr_E00012-000:PaymentsAssociatedWithRestorationExpensesOnFacilitiesOpeCF		Prior1YearDuration	JPY	-45000000
jpcrp030000-asr_E00012-000:PaymentsAssociatedWithRestorationExpensesOnFacilitiesOpeCF		CurrentYearDuration	JPY	－
jppfs_cor:IncomeTaxesPaidOpeCF	法人税等の支払額、営業活動によるキャッシュ・フロー	Prior1YearDuration	JPY	-1431000000
jppfs_cor:IncomeTaxesPaidOpeCF	法人税等の支払額、営業活動によるキャッシュ・フロー	CurrentYearDuration	JPY	-3857000000
jppfs_cor:NetCashProvidedByUsedInOperatingActivities	営業活動によるキャッシュ・フロー	Prior1YearDuration	JPY	5843000000
jppfs_cor:NetCashProvidedByUsedInOperatingActivities	営業活動によるキャッシュ・フロー	CurrentYearDuration	JPY	-745000000
jppfs_cor:PurchaseOfNoncurrentAssetsInvCF	固定資産の取得による支出、投資活動によるキャッシュ・フロー	Prior1YearDuration	JPY	-6158000000
jppfs_cor:PurchaseOfNoncurrentAssetsInvCF	固定資産の取得による支出、投資活動によるキャッシュ・フロー	CurrentYearDuration	JPY	-3234000000
jppfs_cor:ProceedsFromSalesOfNoncurrentAssetsInvCF	固定資産の売却による収入、投資活動によるキャッシュ・フロー	Prior1YearDuration	JPY	25000000
jppfs_cor:ProceedsFromSalesOfNoncurrentAssetsInvCF	固定資産の売却による収入、投資活動によるキャッシュ・フロー	CurrentYearDuration	JPY	101000000
jppfs_cor:PurchaseOfInvestmentSecuritiesInvCF	投資有価証券の取得による支出、投資活動によるキャッシュ・フロー	Prior1YearDuration	JPY	-248000000
jppfs_cor:PurchaseOfInvestmentSecuritiesInvCF	投資有価証券の取得による支出、投資活動によるキャッシュ・フロー	CurrentYearDuration	JPY	-15000000
jppfs_cor:ProceedsFromSalesOfInvestmentSecuritiesInvCF	投資有価証券の売却による収入、投資活動によるキャッシュ・フロー	Prior1YearDuration	JPY	46000000
jppfs_cor:ProceedsFromSalesOfInvestmentSecuritiesInvCF	投資有価証券の売却による収入、投資活動によるキャッシュ・フロー	CurrentYearDuration	JPY	19000000
jppfs_cor:PurchaseOfInvestmentsInSubsidiariesResultingInChangeInScopeOfConsolidationInvCF	連結の範囲の変更を伴う子会社株式の取得による支出、投資活動によるキャッシュ・フロー	Prior1YearDuration	JPY	-2122000000
jppfs_cor:PurchaseOfInvestmentsInSubsidiariesResultingInChangeInScopeOfConsolidationInvCF	連結の範囲の変更を伴う子会社株式の取得による支出、投資活動によるキャッシュ・フロー	CurrentYearDuration	JPY	-612000000
jppfs_cor:PaymentsOfLoansReceivableInvCF	貸付けによる支出、投資活動によるキャッシュ・フロー	Prior1YearDuration	JPY	-31000000
jppfs_cor:PaymentsOfLoansReceivableInvCF	貸付けによる支出、投資活動によるキャッシュ・フロー	CurrentYearDuration	JPY	-201000000
jppfs_cor:CollectionOfLoansReceivableInvCF	貸付金の回収による収入、投資活動によるキャッシュ・フロー	Prior1YearDuration	JPY	－
jppfs_cor:CollectionOfLoansReceivableInvCF	貸付金の回収による収入、投資活動によるキャッシュ・フロー	CurrentYearDuration	JPY	12000000
jppfs_cor:PaymentsOfConstructionAssistanceFundReceivablesInvCF	建設協力金の支払による支出、投資活動によるキャッシュ・フロー	Prior1YearDuration	JPY	-626000000
jppfs_cor:PaymentsOfConstructionAssistanceFundReceivablesInvCF	建設協力金の支払による支出、投資活動によるキャッシュ・フロー	CurrentYearDuration	JPY	-1252000000
jpcrp030000-asr_E00012-000:ProceedsFromTheLiquidationOfSubsidiariesAndAssociatesInvCF		Prior1YearDuration	JPY	89000000
jpcrp030000-asr_E00012-000:ProceedsFromTheLiquidationOfSubsidiariesAndAssociatesInvCF		CurrentYearDuration	JPY	－
jppfs_cor:OtherNetInvCF	その他、投資活動によるキャッシュ・フロー	Prior1YearDuration	JPY	-10000000
jppfs_cor:OtherNetInvCF	その他、投資活動によるキャッシュ・フロー	CurrentYearDuration	JPY	-33000000
jppfs_cor:NetCashProvidedByUsedInInvestmentActivities	投資活動によるキャッシュ・フロー	Prior1YearDuration	JPY	-9036000000
jppfs_cor:NetCashProvidedByUsedInInvestmentActivities	投資活動によるキャッシュ・フロー	CurrentYearDuration	JPY	-5216000000
jppfs_cor:NetIncreaseDecreaseInShortTermLoansPayableFinCF	短期借入金の純増減額（△は減少）、財務活動によるキャッシュ・フロー	Prior1YearDuration	JPY	-4890000000
jppfs_cor:NetIncreaseDecreaseInShortTermLoansPayableFinCF	短期借入金の純増減額（△は減少）、財務活動によるキャッシュ・フロー	CurrentYearDuration	JPY	8801000000
jppfs_cor:IncreaseDecreaseInCommercialPapersFinCF	コマーシャル・ペーパーの増減額（△は減少）、財務活動によるキャッシュ・フロー	Prior1YearDuration	JPY	－
jppfs_cor:IncreaseDecreaseInCommercialPapersFinCF	コマーシャル・ペーパーの増減額（△は減少）、財務活動によるキャッシュ・フロー	CurrentYearDuration	JPY	5000000000
jppfs_cor:ProceedsFromLongTermLoansPayableFinCF	長期借入れによる収入、財務活動によるキャッシュ・フロー	Prior1YearDuration	JPY	16514000000
jppfs_cor:ProceedsFromLongTermLoansPayableFinCF	長期借入れによる収入、財務活動によるキャッシュ・フロー	CurrentYearDuration	JPY	6456000000
jppfs_cor:RepaymentOfLongTermLoansPayableFinCF	長期借入金の返済による支出、財務活動によるキャッシュ・フロー	Prior1YearDuration	JPY	-8141000000
jppfs_cor:RepaymentOfLongTermLoansPayableFinCF	長期借入金の返済による支出、財務活動によるキャッシュ・フロー	CurrentYearDuration	JPY	-9409000000
jppfs_cor:ProceedsFromShareIssuanceToNonControllingShareholdersFinCF	非支配株主からの払込みによる収入、財務活動によるキャッシュ・フロー	Prior1YearDuration	JPY	39000000
jppfs_cor:ProceedsFromShareIssuanceToNonControllingShareholdersFinCF	非支配株主からの払込みによる収入、財務活動によるキャッシュ・フロー	CurrentYearDuration	JPY	－
jppfs_cor:DecreaseIncreaseInTreasuryStockFinCF	自己株式の増減額（△は増加）、財務活動によるキャッシュ・フロー	Prior1YearDuration	JPY	-0
jppfs_cor:DecreaseIncreaseInTreasuryStockFinCF	自己株式の増減額（△は増加）、財務活動によるキャッシュ・フロー	CurrentYearDuration	JPY	-0
jppfs_cor:CashDividendsPaidFinCF	配当金の支払額、財務活動によるキャッシュ・フロー	Prior1YearDuration	JPY	-1191000000
jppfs_cor:CashDividendsPaidFinCF	配当金の支払額、財務活動によるキャッシュ・フロー	CurrentYearDuration	JPY	-1554000000
jppfs_cor:RepaymentsOfLeaseObligationsFinCF	リース負債の返済による支出、財務活動によるキャッシュ・フロー	Prior1YearDuration	JPY	-162000000
jppfs_cor:RepaymentsOfLeaseObligationsFinCF	リース負債の返済による支出、財務活動によるキャッシュ・フロー	CurrentYearDuration	JPY	-203000000
jppfs_cor:OtherNetFinCF	その他、財務活動によるキャッシュ・フロー	Prior1YearDuration	JPY	-18000000
jppfs_cor:OtherNetFinCF	その他、財務活動によるキャッシュ・フロー	CurrentYearDuration	JPY	-10000000
jppfs_cor:NetCashProvidedByUsedInFinancingActivities	財務活動によるキャッシュ・フロー	Prior1YearDuration	JPY	2149000000
jppfs_cor:NetCashProvidedByUsedInFinancingActivities	財務活動によるキャッシュ・フロー	CurrentYearDuration	JPY	9079000000
jppfs_cor:EffectOfExchangeRateChangeOnCashAndCashEquivalents	現金及び現金同等物に係る換算差額	Prior1YearDuration	JPY	105000000
jppfs_cor:EffectOfExchangeRateChangeOnCashAndCashEquivalents	現金及び現金同等物に係る換算差額	CurrentYearDuration	JPY	416000000
jppfs_cor:NetIncreaseDecreaseInCashAndCashEquivalents	現金及び現金同等物の増減額（△は減少）	Prior1YearDuration	JPY	-938000000
jppfs_cor:NetIncreaseDecreaseInCashAndCashEquivalents	現金及び現金同等物の増減額（△は減少）	CurrentYearDuration	JPY	3533000000
jppfs_cor:CashAndCashEquivalents	現金及び現金同等物の残高	Prior2YearInstant	JPY	8452000000
jppfs_cor:CashAndCashEquivalents	現金及び現金同等物の残高	Prior1YearInstant	JPY	7514000000
jppfs_cor:CashAndCashEquivalents	現金及び現金同等物の残高	Prior1YearInstant	JPY	7514000000
jppfs_cor:CashAndCashEquivalents	現金及び現金同等物の残高	CurrentYearInstant	JPY	11047000000
jpcrp_cor:NumberOfConsolidatedSubsidiaries	連結子会社の数	CurrentYearInstant	pure	36
jpcrp_cor:NumberOfAssociatesAccountedForUsingEquityMethod	持分法を適用した関連会社の数	CurrentYearInstant	pure	1
jppfs_cor:AccumulatedDepreciationPPEByGroup	減価償却累計額、有形固定資産、一括控除	Prior1YearInstant	JPY	-30724000000
jppfs_cor:AccumulatedDepreciationPPEByGroup	減価償却累計額、有形固定資産、一括控除	CurrentYearInstant	JPY	-34415000000
jpcrp_cor:WriteDownsOfInventories	棚卸資産帳簿価額切下額	Prior1YearDuration	JPY	581000000
jpcrp_cor:WriteDownsOfInventories	棚卸資産帳簿価額切下額	CurrentYearDuration	JPY	253000000
jpcrp030000-asr_E00012-000:ShippingAndDeliveryExpensesSellingExpenses		Prior1YearDuration	JPY	6435000000
jpcrp030000-asr_E00012-000:ShippingAndDeliveryExpensesSellingExpenses		CurrentYearDuration	JPY	7475000000
jpcrp030000-asr_E00012-000:SalesStaffPayrollsAndAllowancesSellingExpenses		Prior1YearDuration	JPY	3198000000
jpcrp030000-asr_E00012-000:SalesStaffPayrollsAndAllowancesSellingExpenses		CurrentYearDuration	JPY	3461000000
jpcrp030000-asr_E00012-000:StorageExpensesSGA		Prior1YearDuration	JPY	3499000000
jpcrp030000-asr_E00012-000:StorageExpensesSGA		CurrentYearDuration	JPY	3763000000
jppfs_cor:ProvisionForBonusesSGA	賞与引当金繰入額、販売費及び一般管理費	Prior1YearDuration	JPY	439000000
jppfs_cor:ProvisionForBonusesSGA	賞与引当金繰入額、販売費及び一般管理費	CurrentYearDuration	JPY	468000000
jppfs_cor:RetirementBenefitExpensesSGA	退職給付費用、販売費及び一般管理費	Prior1YearDuration	JPY	172000000
jppfs_cor:RetirementBenefitExpensesSGA	退職給付費用、販売費及び一般管理費	CurrentYearDuration	JPY	177000000
jppfs_cor:ProvisionOfAllowanceForDoubtfulAccountsSGA	貸倒引当金繰入額、販売費及び一般管理費	Prior1YearDuration	JPY	2000000
jppfs_cor:ProvisionOfAllowanceForDoubtfulAccountsSGA	貸倒引当金繰入額、販売費及び一般管理費	CurrentYearDuration	JPY	7000000
jpcrp030000-asr_E00012-000:OfficeStaffPayrollsAndAllowancesGeneralAndAdministrativeExpenses		Prior1YearDuration	JPY	3126000000
jpcrp030000-asr_E00012-000:OfficeStaffPayrollsAndAllowancesGeneralAndAdministrativeExpenses		CurrentYearDuration	JPY	3570000000
jppfs_cor:ProvisionForBonusesGA	賞与引当金繰入額、一般管理費	Prior1YearDuration	JPY	454000000
jppfs_cor:ProvisionForBonusesGA	賞与引当金繰入額、一般管理費	CurrentYearDuration	JPY	473000000
jppfs_cor:RetirementBenefitExpensesGA	退職給付費用、一般管理費	Prior1YearDuration	JPY	150000000
jppfs_cor:RetirementBenefitExpensesGA	退職給付費用、一般管理費	CurrentYearDuration	JPY	159000000
jppfs_cor:ProvisionForShareBasedRemunerationForDirectorsAndOtherOfficersSGA	役員株式給付引当金繰入額、販売費及び一般管理費	Prior1YearDuration	JPY	89000000
jppfs_cor:ProvisionForShareBasedRemunerationForDirectorsAndOtherOfficersSGA	役員株式給付引当金繰入額、販売費及び一般管理費	CurrentYearDuration	JPY	41000000
jppfs_cor:ProvisionForDirectorsBonusesSGA	役員賞与引当金繰入額、販売費及び一般管理費	Prior1YearDuration	JPY	6000000
jppfs_cor:ProvisionForDirectorsBonusesSGA	役員賞与引当金繰入額、販売費及び一般管理費	CurrentYearDuration	JPY	4000000
jpcrp030000-asr_E00012-000:ProvisionForShareBasedRemuneration		Prior1YearDuration	JPY	1000000
jpcrp030000-asr_E00012-000:ProvisionForShareBasedRemuneration		CurrentYearDuration	JPY	1000000
jppfs_cor:ResearchAndDevelopmentExpensesSGA	研究開発費、販売費及び一般管理費	Prior1YearDuration	JPY	332000000
jppfs_cor:ResearchAndDevelopmentExpensesSGA	研究開発費、販売費及び一般管理費	CurrentYearDuration	JPY	354000000
jpcrp_cor:RevenuesFromExternalCustomers	外部顧客への売上高	Prior1YearDuration_jpcrp030000-asr_E00012-000MarineProductsBusinessReportableSegmentMember	JPY	168668000000
jpcrp_cor:RevenuesFromExternalCustomers	外部顧客への売上高	Prior1YearDuration_jpcrp030000-asr_E00012-000FreshfoodsBusinessReportableSegmentMember	JPY	65850000000
jpcrp_cor:RevenuesFromExternalCustomers	外部顧客への売上高	Prior1YearDuration_jpcrp030000-asr_E00012-000ProcessedFoodBusinessReportableSegmentMember	JPY	65940000000
jpcrp_cor:RevenuesFromExternalCustomers	外部顧客への売上高	Prior1YearDuration_jpcrp030000-asr_E00012-000LogisticsBusinessReportableSegmentsMember	JPY	1667000000
jpcrp_cor:RevenuesFromExternalCustomers	外部顧客への売上高	Prior1YearDuration_OperatingSegmentsNotIncludedInReportableSegmentsAndOtherRevenueGeneratingBusinessActivitiesMember	JPY	554000000
jpcrp_cor:RevenuesFromExternalCustomers	外部顧客への売上高	Prior1YearDuration_TotalOfReportableSegmentsAndOthersMember	JPY	302681000000
jpcrp_cor:RevenuesFromExternalCustomers	外部顧客への売上高	Prior1YearDuration_ReconcilingItemsMember	JPY	－
jpcrp_cor:RevenuesFromExternalCustomers	外部顧客への売上高	Prior1YearDuration	JPY	302681000000
jpcrp_cor:TransactionsWithOtherSegments	セグメント間の内部売上高又は振替高	Prior1YearDuration_jpcrp030000-asr_E00012-000MarineProductsBusinessReportableSegmentMember	JPY	26875000000
jpcrp_cor:TransactionsWithOtherSegments	セグメント間の内部売上高又は振替高	Prior1YearDuration_jpcrp030000-asr_E00012-000FreshfoodsBusinessReportableSegmentMember	JPY	8564000000
jpcrp_cor:TransactionsWithOtherSegments	セグメント間の内部売上高又は振替高	Prior1YearDuration_jpcrp030000-asr_E00012-000ProcessedFoodBusinessReportableSegmentMember	JPY	7957000000
jpcrp_cor:TransactionsWithOtherSegments	セグメント間の内部売上高又は振替高	Prior1YearDuration_jpcrp030000-asr_E00012-000LogisticsBusinessReportableSegmentsMember	JPY	1314000000
jpcrp_cor:TransactionsWithOtherSegments	セグメント間の内部売上高又は振替高	Prior1YearDuration_OperatingSegmentsNotIncludedInReportableSegmentsAndOtherRevenueGeneratingBusinessActivitiesMember	JPY	1624000000
jpcrp_cor:TransactionsWithOtherSegments	セグメント間の内部売上高又は振替高	Prior1YearDuration_TotalOfReportableSegmentsAndOthersMember	JPY	46335000000
jpcrp_cor:TransactionsWithOtherSegments	セグメント間の内部売上高又は振替高	Prior1YearDuration_ReconcilingItemsMember	JPY	-46335000000
jpcrp_cor:TransactionsWithOtherSegments	セグメント間の内部売上高又は振替高	Prior1YearDuration	JPY	－
jppfs_cor:NetSales	売上高	Prior1YearDuration_jpcrp030000-asr_E00012-000MarineProductsBusinessReportableSegmentMember	JPY	195543000000
jppfs_cor:NetSales	売上高	Prior1YearDuration_jpcrp030000-asr_E00012-000FreshfoodsBusinessReportableSegmentMember	JPY	74414000000
jppfs_cor:NetSales	売上高	Prior1YearDuration_jpcrp030000-asr_E00012-000ProcessedFoodBusinessReportableSegmentMember	JPY	73898000000
jppfs_cor:NetSales	売上高	Prior1YearDuration_jpcrp030000-asr_E00012-000LogisticsBusinessReportableSegmentsMember	JPY	2981000000
jppfs_cor:NetSales	売上高	Prior1YearDuration_OperatingSegmentsNotIncludedInReportableSegmentsAndOtherRevenueGeneratingBusinessActivitiesMember	JPY	2179000000
jppfs_cor:NetSales	売上高	Prior1YearDuration_TotalOfReportableSegmentsAndOthersMember	JPY	349017000000
jppfs_cor:NetSales	売上高	Prior1YearDuration_ReconcilingItemsMember	JPY	-46335000000
jppfs_cor:NetSales	売上高	Prior1YearDuration	JPY	302681000000
jppfs_cor:OperatingIncome	営業利益又は営業損失（△）	Prior1YearDuration_jpcrp030000-asr_E00012-000MarineProductsBusinessReportableSegmentMember	JPY	6109000000
jppfs_cor:OperatingIncome	営業利益又は営業損失（△）	Prior1YearDuration_jpcrp030000-asr_E00012-000FreshfoodsBusinessReportableSegmentMember	JPY	3615000000
jppfs_cor:OperatingIncome	営業利益又は営業損失（△）	Prior1YearDuration_jpcrp030000-asr_E00012-000ProcessedFoodBusinessReportableSegmentMember	JPY	2446000000
jppfs_cor:OperatingIncome	営業利益又は営業損失（△）	Prior1YearDuration_jpcrp030000-asr_E00012-000LogisticsBusinessReportableSegmentsMember	JPY	294000000
jppfs_cor:OperatingIncome	営業利益又は営業損失（△）	Prior1YearDuration_OperatingSegmentsNotIncludedInReportableSegmentsAndOtherRevenueGeneratingBusinessActivitiesMember	JPY	254000000
jppfs_cor:OperatingIncome	営業利益又は営業損失（△）	Prior1YearDuration_TotalOfReportableSegmentsAndOthersMember	JPY	12720000000
jppfs_cor:OperatingIncome	営業利益又は営業損失（△）	Prior1YearDuration_ReconcilingItemsMember	JPY	-1641000000
jppfs_cor:OperatingIncome	営業利益又は営業損失（△）	Prior1YearDuration	JPY	11079000000
jppfs_cor:Assets	資産	Prior1YearInstant_jpcrp030000-asr_E00012-000MarineProductsBusinessReportableSegmentMember	JPY	90396000000
jppfs_cor:Assets	資産	Prior1YearInstant_jpcrp030000-asr_E00012-000FreshfoodsBusinessReportableSegmentMember	JPY	47757000000
jppfs_cor:Assets	資産	Prior1YearInstant_jpcrp030000-asr_E00012-000ProcessedFoodBusinessReportableSegmentMember	JPY	36144000000
jppfs_cor:Assets	資産	Prior1YearInstant_jpcrp030000-asr_E00012-000LogisticsBusinessReportableSegmentsMember	JPY	3088000000
jppfs_cor:Assets	資産	Prior1YearInstant_OperatingSegmentsNotIncludedInReportableSegmentsAndOtherRevenueGeneratingBusinessActivitiesMember	JPY	1716000000
jppfs_cor:Assets	資産	Prior1YearInstant_TotalOfReportableSegmentsAndOthersMember	JPY	179103000000
jppfs_cor:Assets	資産	Prior1YearInstant_ReconcilingItemsMember	JPY	3022000000
jppfs_cor:Assets	資産	Prior1YearInstant	JPY	182125000000
jpcrp_cor:DepreciationSegmentInformation	減価償却費、セグメント情報	Prior1YearDuration_jpcrp030000-asr_E00012-000MarineProductsBusinessReportableSegmentMember	JPY	446000000
jpcrp_cor:DepreciationSegmentInformation	減価償却費、セグメント情報	Prior1YearDuration_jpcrp030000-asr_E00012-000FreshfoodsBusinessReportableSegmentMember	JPY	1061000000
jpcrp_cor:DepreciationSegmentInformation	減価償却費、セグメント情報	Prior1YearDuration_jpcrp030000-asr_E00012-000ProcessedFoodBusinessReportableSegmentMember	JPY	836000000
jpcrp_cor:DepreciationSegmentInformation	減価償却費、セグメント情報	Prior1YearDuration_jpcrp030000-asr_E00012-000LogisticsBusinessReportableSegmentsMember	JPY	70000000
jpcrp_cor:DepreciationSegmentInformation	減価償却費、セグメント情報	Prior1YearDuration_OperatingSegmentsNotIncludedInReportableSegmentsAndOtherRevenueGeneratingBusinessActivitiesMember	JPY	19000000
jpcrp_cor:DepreciationSegmentInformation	減価償却費、セグメント情報	Prior1YearDuration_TotalOfReportableSegmentsAndOthersMember	JPY	2435000000
jpcrp_cor:DepreciationSegmentInformation	減価償却費、セグメント情報	Prior1YearDuration_ReconcilingItemsMember	JPY	213000000
jpcrp_cor:DepreciationSegmentInformation	減価償却費、セグメント情報	Prior1YearDuration	JPY	2648000000
jpcrp_cor:InvestmentsInEntitiesAccountedForUsingEquityMethod	持分法適用会社への投資額	Prior1YearDuration_jpcrp030000-asr_E00012-000MarineProductsBusinessReportableSegmentMember	JPY	49000000
jpcrp_cor:InvestmentsInEntitiesAccountedForUsingEquityMethod	持分法適用会社への投資額	Prior1YearDuration_jpcrp030000-asr_E00012-000FreshfoodsBusinessReportableSegmentMember	JPY	－
jpcrp_cor:InvestmentsInEntitiesAccountedForUsingEquityMethod	持分法適用会社への投資額	Prior1YearDuration_jpcrp030000-asr_E00012-000ProcessedFoodBusinessReportableSegmentMember	JPY	－
jpcrp_cor:InvestmentsInEntitiesAccountedForUsingEquityMethod	持分法適用会社への投資額	Prior1YearDuration_jpcrp030000-asr_E00012-000LogisticsBusinessReportableSegmentsMember	JPY	－
jpcrp_cor:InvestmentsInEntitiesAccountedForUsingEquityMethod	持分法適用会社への投資額	Prior1YearDuration_OperatingSegmentsNotIncludedInReportableSegmentsAndOtherRevenueGeneratingBusinessActivitiesMember	JPY	－
jpcrp_cor:InvestmentsInEntitiesAccountedForUsingEquityMethod	持分法適用会社への投資額	Prior1YearDuration_TotalOfReportableSegmentsAndOthersMember	JPY	49000000
jpcrp_cor:InvestmentsInEntitiesAccountedForUsingEquityMethod	持分法適用会社への投資額	Prior1YearDuration_ReconcilingItemsMember	JPY	－
jpcrp_cor:InvestmentsInEntitiesAccountedForUsingEquityMethod	持分法適用会社への投資額	Prior1YearDuration	JPY	49000000
jpcrp_cor:IncreaseInPropertyPlantAndEquipmentAndIntangibleAssets	有形固定資産及び無形固定資産の増加額	Prior1YearDuration_jpcrp030000-asr_E00012-000MarineProductsBusinessReportableSegmentMember	JPY	3960000000
jpcrp_cor:IncreaseInPropertyPlantAndEquipmentAndIntangibleAssets	有形固定資産及び無形固定資産の増加額	Prior1YearDuration_jpcrp030000-asr_E00012-000FreshfoodsBusinessReportableSegmentMember	JPY	629000000
jpcrp_cor:IncreaseInPropertyPlantAndEquipmentAndIntangibleAssets	有形固定資産及び無形固定資産の増加額	Prior1YearDuration_jpcrp030000-asr_E00012-000ProcessedFoodBusinessReportableSegmentMember	JPY	3208000000
jpcrp_cor:IncreaseInPropertyPlantAndEquipmentAndIntangibleAssets	有形固定資産及び無形固定資産の増加額	Prior1YearDuration_jpcrp030000-asr_E00012-000LogisticsBusinessReportableSegmentsMember	JPY	834000000
jpcrp_cor:IncreaseInPropertyPlantAndEquipmentAndIntangibleAssets	有形固定資産及び無形固定資産の増加額	Prior1YearDuration_OperatingSegmentsNotIncludedInReportableSegmentsAndOtherRevenueGeneratingBusinessActivitiesMember	JPY	8000000
jpcrp_cor:IncreaseInPropertyPlantAndEquipmentAndIntangibleAssets	有形固定資産及び無形固定資産の増加額	Prior1YearDuration_TotalOfReportableSegmentsAndOthersMember	JPY	8640000000
jpcrp_cor:IncreaseInPropertyPlantAndEquipmentAndIntangibleAssets	有形固定資産及び無形固定資産の増加額	Prior1YearDuration_ReconcilingItemsMember	JPY	293000000
jpcrp_cor:IncreaseInPropertyPlantAndEquipmentAndIntangibleAssets	有形固定資産及び無形固定資産の増加額	Prior1YearDuration	JPY	8933000000
jpcrp_cor:RevenuesFromExternalCustomers	外部顧客への売上高	CurrentYearDuration_jpcrp030000-asr_E00012-000MarineProductsBusinessReportableSegmentMember	JPY	195039000000
jpcrp_cor:RevenuesFromExternalCustomers	外部顧客への売上高	CurrentYearDuration_jpcrp030000-asr_E00012-000FreshfoodsBusinessReportableSegmentMember	JPY	71725000000
jpcrp_cor:RevenuesFromExternalCustomers	外部顧客への売上高	CurrentYearDuration_jpcrp030000-asr_E00012-000ProcessedFoodBusinessReportableSegmentMember	JPY	65528000000
jpcrp_cor:RevenuesFromExternalCustomers	外部顧客への売上高	CurrentYearDuration_jpcrp030000-asr_E00012-000LogisticsBusinessReportableSegmentsMember	JPY	1737000000
jpcrp_cor:RevenuesFromExternalCustomers	外部顧客への売上高	CurrentYearDuration_OperatingSegmentsNotIncludedInReportableSegmentsAndOtherRevenueGeneratingBusinessActivitiesMember	JPY	581000000
jpcrp_cor:RevenuesFromExternalCustomers	外部顧客への売上高	CurrentYearDuration_TotalOfReportableSegmentsAndOthersMember	JPY	334612000000
jpcrp_cor:RevenuesFromExternalCustomers	外部顧客への売上高	CurrentYearDuration_ReconcilingItemsMember	JPY	－
jpcrp_cor:RevenuesFromExternalCustomers	外部顧客への売上高	CurrentYearDuration	JPY	334612000000
jpcrp_cor:TransactionsWithOtherSegments	セグメント間の内部売上高又は振替高	CurrentYearDuration_jpcrp030000-asr_E00012-000MarineProductsBusinessReportableSegmentMember	JPY	25046000000
jpcrp_cor:TransactionsWithOtherSegments	セグメント間の内部売上高又は振替高	CurrentYearDuration_jpcrp030000-asr_E00012-000FreshfoodsBusinessReportableSegmentMember	JPY	7416000000
jpcrp_cor:TransactionsWithOtherSegments	セグメント間の内部売上高又は振替高	CurrentYearDuration_jpcrp030000-asr_E00012-000ProcessedFoodBusinessReportableSegmentMember	JPY	8945000000
jpcrp_cor:TransactionsWithOtherSegments	セグメント間の内部売上高又は振替高	CurrentYearDuration_jpcrp030000-asr_E00012-000LogisticsBusinessReportableSegmentsMember	JPY	1282000000
jpcrp_cor:TransactionsWithOtherSegments	セグメント間の内部売上高又は振替高	CurrentYearDuration_OperatingSegmentsNotIncludedInReportableSegmentsAndOtherRevenueGeneratingBusinessActivitiesMember	JPY	1808000000
jpcrp_cor:TransactionsWithOtherSegments	セグメント間の内部売上高又は振替高	CurrentYearDuration_TotalOfReportableSegmentsAndOthersMember	JPY	44499000000
jpcrp_cor:TransactionsWithOtherSegments	セグメント間の内部売上高又は振替高	CurrentYearDuration_ReconcilingItemsMember	JPY	-44499000000
jpcrp_cor:TransactionsWithOtherSegments	セグメント間の内部売上高又は振替高	CurrentYearDuration	JPY	－
jppfs_cor:NetSales	売上高	CurrentYearDuration_jpcrp030000-asr_E00012-000MarineProductsBusinessReportableSegmentMember	JPY	220086000000
jppfs_cor:NetSales	売上高	CurrentYearDuration_jpcrp030000-asr_E00012-000FreshfoodsBusinessReportableSegmentMember	JPY	79141000000
jppfs_cor:NetSales	売上高	CurrentYearDuration_jpcrp030000-asr_E00012-000ProcessedFoodBusinessReportableSegmentMember	JPY	74474000000
jppfs_cor:NetSales	売上高	CurrentYearDuration_jpcrp030000-asr_E00012-000LogisticsBusinessReportableSegmentsMember	JPY	3019000000
jppfs_cor:NetSales	売上高	CurrentYearDuration_OperatingSegmentsNotIncludedInReportableSegmentsAndOtherRevenueGeneratingBusinessActivitiesMember	JPY	2390000000
jppfs_cor:NetSales	売上高	CurrentYearDuration_TotalOfReportableSegmentsAndOthersMember	JPY	379112000000
jppfs_cor:NetSales	売上高	CurrentYearDuration_ReconcilingItemsMember	JPY	-44499000000
jppfs_cor:NetSales	売上高	CurrentYearDuration	JPY	334612000000
jppfs_cor:OperatingIncome	営業利益又は営業損失（△）	CurrentYearDuration_jpcrp030000-asr_E00012-000MarineProductsBusinessReportableSegmentMember	JPY	5750000000
jppfs_cor:OperatingIncome	営業利益又は営業損失（△）	CurrentYearDuration_jpcrp030000-asr_E00012-000FreshfoodsBusinessReportableSegmentMember	JPY	3856000000
jppfs_cor:OperatingIncome	営業利益又は営業損失（△）	CurrentYearDuration_jpcrp030000-asr_E00012-000ProcessedFoodBusinessReportableSegmentMember	JPY	2534000000
jppfs_cor:OperatingIncome	営業利益又は営業損失（△）	CurrentYearDuration_jpcrp030000-asr_E00012-000LogisticsBusinessReportableSegmentsMember	JPY	347000000
jppfs_cor:OperatingIncome	営業利益又は営業損失（△）	CurrentYearDuration_OperatingSegmentsNotIncludedInReportableSegmentsAndOtherRevenueGeneratingBusinessActivitiesMember	JPY	278000000
jppfs_cor:OperatingIncome	営業利益又は営業損失（△）	CurrentYearDuration_TotalOfReportableSegmentsAndOthersMember	JPY	12767000000
jppfs_cor:OperatingIncome	営業利益又は営業損失（△）	CurrentYearDuration_ReconcilingItemsMember	JPY	-2035000000
jppfs_cor:OperatingIncome	営業利益又は営業損失（△）	CurrentYearDuration	JPY	10731000000
jppfs_cor:Assets	資産	CurrentYearInstant_jpcrp030000-asr_E00012-000MarineProductsBusinessReportableSegmentMember	JPY	104762000000
jppfs_cor:Assets	資産	CurrentYearInstant_jpcrp030000-asr_E00012-000FreshfoodsBusinessReportableSegmentMember	JPY	57713000000
jppfs_cor:Assets	資産	CurrentYearInstant_jpcrp030000-asr_E00012-000ProcessedFoodBusinessReportableSegmentMember	JPY	36889000000
jppfs_cor:Assets	資産	CurrentYearInstant_jpcrp030000-asr_E00012-000LogisticsBusinessReportableSegmentsMember	JPY	4486000000
jppfs_cor:Assets	資産	CurrentYearInstant_OperatingSegmentsNotIncludedInReportableSegmentsAndOtherRevenueGeneratingBusinessActivitiesMember	JPY	1848000000
jppfs_cor:Assets	資産	CurrentYearInstant_TotalOfReportableSegmentsAndOthersMember	JPY	205700000000
jppfs_cor:Assets	資産	CurrentYearInstant_ReconcilingItemsMember	JPY	8427000000
jppfs_cor:Assets	資産	CurrentYearInstant	JPY	214128000000
jpcrp_cor:DepreciationSegmentInformation	減価償却費、セグメント情報	CurrentYearDuration_jpcrp030000-asr_E00012-000MarineProductsBusinessReportableSegmentMember	JPY	721000000
jpcrp_cor:DepreciationSegmentInformation	減価償却費、セグメント情報	CurrentYearDuration_jpcrp030000-asr_E00012-000FreshfoodsBusinessReportableSegmentMember	JPY	998000000
jpcrp_cor:DepreciationSegmentInformation	減価償却費、セグメント情報	CurrentYearDuration_jpcrp030000-asr_E00012-000ProcessedFoodBusinessReportableSegmentMember	JPY	1007000000
jpcrp_cor:DepreciationSegmentInformation	減価償却費、セグメント情報	CurrentYearDuration_jpcrp030000-asr_E00012-000LogisticsBusinessReportableSegmentsMember	JPY	107000000
jpcrp_cor:DepreciationSegmentInformation	減価償却費、セグメント情報	CurrentYearDuration_OperatingSegmentsNotIncludedInReportableSegmentsAndOtherRevenueGeneratingBusinessActivitiesMember	JPY	16000000
jpcrp_cor:DepreciationSegmentInformation	減価償却費、セグメント情報	CurrentYearDuration_TotalOfReportableSegmentsAndOthersMember	JPY	2851000000
jpcrp_cor:DepreciationSegmentInformation	減価償却費、セグメント情報	CurrentYearDuration_ReconcilingItemsMember	JPY	234000000
jpcrp_cor:DepreciationSegmentInformation	減価償却費、セグメント情報	CurrentYearDuration	JPY	3085000000
jpcrp_cor:InvestmentsInEntitiesAccountedForUsingEquityMethod	持分法適用会社への投資額	CurrentYearDuration_jpcrp030000-asr_E00012-000MarineProductsBusinessReportableSegmentMember	JPY	60000000
jpcrp_cor:InvestmentsInEntitiesAccountedForUsingEquityMethod	持分法適用会社への投資額	CurrentYearDuration_jpcrp030000-asr_E00012-000FreshfoodsBusinessReportableSegmentMember	JPY	－
jpcrp_cor:InvestmentsInEntitiesAccountedForUsingEquityMethod	持分法適用会社への投資額	CurrentYearDuration_jpcrp030000-asr_E00012-000ProcessedFoodBusinessReportableSegmentMember	JPY	－
jpcrp_cor:InvestmentsInEntitiesAccountedForUsingEquityMethod	持分法適用会社への投資額	CurrentYearDuration_jpcrp030000-asr_E00012-000LogisticsBusinessReportableSegmentsMember	JPY	－
jpcrp_cor:InvestmentsInEntitiesAccountedForUsingEquityMethod	持分法適用会社への投資額	CurrentYearDuration_OperatingSegmentsNotIncludedInReportableSegmentsAndOtherRevenueGeneratingBusinessActivitiesMember	JPY	－
jpcrp_cor:InvestmentsInEntitiesAccountedForUsingEquityMethod	持分法適用会社への投資額	CurrentYearDuration_TotalOfReportableSegmentsAndOthersMember	JPY	60000000
jpcrp_cor:InvestmentsInEntitiesAccountedForUsingEquityMethod	持分法適用会社への投資額	CurrentYearDuration_ReconcilingItemsMember	JPY	－
jpcrp_cor:InvestmentsInEntitiesAccountedForUsingEquityMethod	持分法適用会社への投資額	CurrentYearDuration	JPY	60000000
jpcrp_cor:IncreaseInPropertyPlantAndEquipmentAndIntangibleAssets	有形固定資産及び無形固定資産の増加額	CurrentYearDuration_jpcrp030000-asr_E00012-000MarineProductsBusinessReportableSegmentMember	JPY	1396000000
jpcrp_cor:IncreaseInPropertyPlantAndEquipmentAndIntangibleAssets	有形固定資産及び無形固定資産の増加額	CurrentYearDuration_jpcrp030000-asr_E00012-000FreshfoodsBusinessReportableSegmentMember	JPY	618000000
jpcrp_cor:IncreaseInPropertyPlantAndEquipmentAndIntangibleAssets	有形固定資産及び無形固定資産の増加額	CurrentYearDuration_jpcrp030000-asr_E00012-000ProcessedFoodBusinessReportableSegmentMember	JPY	741000000
jpcrp_cor:IncreaseInPropertyPlantAndEquipmentAndIntangibleAssets	有形固定資産及び無形固定資産の増加額	CurrentYearDuration_jpcrp030000-asr_E00012-000LogisticsBusinessReportableSegmentsMember	JPY	1053000000
jpcrp_cor:IncreaseInPropertyPlantAndEquipmentAndIntangibleAssets	有形固定資産及び無形固定資産の増加額	CurrentYearDuration_OperatingSegmentsNotIncludedInReportableSegmentsAndOtherRevenueGeneratingBusinessActivitiesMember	JPY	6000000
jpcrp_cor:IncreaseInPropertyPlantAndEquipmentAndIntangibleAssets	有形固定資産及び無形固定資産の増加額	CurrentYearDuration_TotalOfReportableSegmentsAndOthersMember	JPY	3817000000
jpcrp_cor:IncreaseInPropertyPlantAndEquipmentAndIntangibleAssets	有形固定資産及び無形固定資産の増加額	CurrentYearDuration_ReconcilingItemsMember	JPY	222000000
jpcrp_cor:IncreaseInPropertyPlantAndEquipmentAndIntangibleAssets	有形固定資産及び無形固定資産の増加額	CurrentYearDuration	JPY	4039000000
jppfs_cor:ImpairmentLossEL	減損損失、特別損失	Prior1YearDuration_jpcrp030000-asr_E00012-000MarineProductsBusinessReportableSegmentMember	JPY	－
jppfs_cor:ImpairmentLossEL	減損損失、特別損失	Prior1YearDuration_jpcrp030000-asr_E00012-000FreshfoodsBusinessReportableSegmentMember	JPY	0
jppfs_cor:ImpairmentLossEL	減損損失、特別損失	Prior1YearDuration_jpcrp030000-asr_E00012-000ProcessedFoodBusinessReportableSegmentMember	JPY	－
jppfs_cor:ImpairmentLossEL	減損損失、特別損失	Prior1YearDuration_jpcrp030000-asr_E00012-000LogisticsBusinessReportableSegmentsMember	JPY	－
jppfs_cor:ImpairmentLossEL	減損損失、特別損失	Prior1YearDuration_OperatingSegmentsNotIncludedInReportableSegmentsAndOtherRevenueGeneratingBusinessActivitiesMember	JPY	－
jppfs_cor:ImpairmentLossEL	減損損失、特別損失	Prior1YearDuration_UnallocatedAmountsAndEliminationMember	JPY	－
jppfs_cor:ImpairmentLossEL	減損損失、特別損失	Prior1YearDuration	JPY	0
jppfs_cor:AmortizationOfGoodwillSGA	のれん償却額、販売費及び一般管理費	Prior1YearDuration_jpcrp030000-asr_E00012-000MarineProductsBusinessReportableSegmentMember	JPY	77000000
jppfs_cor:AmortizationOfGoodwillSGA	のれん償却額、販売費及び一般管理費	Prior1YearDuration_jpcrp030000-asr_E00012-000FreshfoodsBusinessReportableSegmentMember	JPY	－
jppfs_cor:AmortizationOfGoodwillSGA	のれん償却額、販売費及び一般管理費	Prior1YearDuration_jpcrp030000-asr_E00012-000ProcessedFoodBusinessReportableSegmentMember	JPY	－
jppfs_cor:AmortizationOfGoodwillSGA	のれん償却額、販売費及び一般管理費	Prior1YearDuration_jpcrp030000-asr_E00012-000LogisticsBusinessReportableSegmentsMember	JPY	－
jppfs_cor:AmortizationOfGoodwillSGA	のれん償却額、販売費及び一般管理費	Prior1YearDuration_OperatingSegmentsNotIncludedInReportableSegmentsAndOtherRevenueGeneratingBusinessActivitiesMember	JPY	－
jppfs_cor:AmortizationOfGoodwillSGA	のれん償却額、販売費及び一般管理費	Prior1YearDuration_UnallocatedAmountsAndEliminationMember	JPY	－
jppfs_cor:AmortizationOfGoodwillSGA	のれん償却額、販売費及び一般管理費	Prior1YearDuration	JPY	77000000
jppfs_cor:Goodwill	のれん	Prior1YearInstant_jpcrp030000-asr_E00012-000MarineProductsBusinessReportableSegmentMember	JPY	1054000000
jppfs_cor:Goodwill	のれん	Prior1YearInstant_jpcrp030000-asr_E00012-000FreshfoodsBusinessReportableSegmentMember	JPY	－
jppfs_cor:Goodwill	のれん	Prior1YearInstant_jpcrp030000-asr_E00012-000ProcessedFoodBusinessReportableSegmentMember	JPY	－
jppfs_cor:Goodwill	のれん	Prior1YearInstant_jpcrp030000-asr_E00012-000LogisticsBusinessReportableSegmentsMember	JPY	－
jppfs_cor:Goodwill	のれん	Prior1YearInstant_OperatingSegmentsNotIncludedInReportableSegmentsAndOtherRevenueGeneratingBusinessActivitiesMember	JPY	－
jppfs_cor:Goodwill	のれん	Prior1YearInstant_UnallocatedAmountsAndEliminationMember	JPY	－
jppfs_cor:Goodwill	のれん	Prior1YearInstant	JPY	1054000000
jppfs_cor:AmortizationOfGoodwillSGA	のれん償却額、販売費及び一般管理費	CurrentYearDuration_jpcrp030000-asr_E00012-000MarineProductsBusinessReportableSegmentMember	JPY	104000000
jppfs_cor:AmortizationOfGoodwillSGA	のれん償却額、販売費及び一般管理費	CurrentYearDuration_jpcrp030000-asr_E00012-000FreshfoodsBusinessReportableSegmentMember	JPY	－
jppfs_cor:AmortizationOfGoodwillSGA	のれん償却額、販売費及び一般管理費	CurrentYearDuration_jpcrp030000-asr_E00012-000ProcessedFoodBusinessReportableSegmentMember	JPY	－
jppfs_cor:AmortizationOfGoodwillSGA	のれん償却額、販売費及び一般管理費	CurrentYearDuration_jpcrp030000-asr_E00012-000LogisticsBusinessReportableSegmentsMember	JPY	－
jppfs_cor:AmortizationOfGoodwillSGA	のれん償却額、販売費及び一般管理費	CurrentYearDuration_OperatingSegmentsNotIncludedInReportableSegmentsAndOtherRevenueGeneratingBusinessActivitiesMember	JPY	－
jppfs_cor:AmortizationOfGoodwillSGA	のれん償却額、販売費及び一般管理費	CurrentYearDuration_UnallocatedAmountsAndEliminationMember	JPY	－
jppfs_cor:AmortizationOfGoodwillSGA	のれん償却額、販売費及び一般管理費	CurrentYearDuration	JPY	104000000
jppfs_cor:Goodwill	のれん	CurrentYearInstant_jpcrp030000-asr_E00012-000MarineProductsBusinessReportableSegmentMember	JPY	1008000000
jppfs_cor:Goodwill	のれん	CurrentYearInstant_jpcrp030000-asr_E00012-000FreshfoodsBusinessReportableSegmentMember	JPY	－
jppfs_cor:Goodwill	のれん	CurrentYearInstant_jpcrp030000-asr_E00012-000ProcessedFoodBusinessReportableSegmentMember	JPY	－
jppfs_cor:Goodwill	のれん	CurrentYearInstant_jpcrp030000-asr_E00012-000LogisticsBusinessReportableSegmentsMember	JPY	－
jppfs_cor:Goodwill	のれん	CurrentYearInstant_OperatingSegmentsNotIncludedInReportableSegmentsAndOtherRevenueGeneratingBusinessActivitiesMember	JPY	－
jppfs_cor:Goodwill	のれん	CurrentYearInstant_UnallocatedAmountsAndEliminationMember	JPY	－
jppfs_cor:Goodwill	のれん	CurrentYearInstant	JPY	1008000000
jppfs_cor:CashAndDeposits	現金及び預金	Prior1YearInstant_NonConsolidatedMember	JPY	3558000000
jppfs_cor:CashAndDeposits	現金及び預金	CurrentYearInstant_NonConsolidatedMember	JPY	6296000000
jppfs_cor:AccountsReceivableTrade	売掛金	Prior1YearInstant_NonConsolidatedMember	JPY	33938000000
jppfs_cor:AccountsReceivableTrade	売掛金	CurrentYearInstant_NonConsolidatedMember	JPY	36214000000
jppfs_cor:MerchandiseAndFinishedGoods	商品及び製品	Prior1YearInstant_NonConsolidatedMember	JPY	52327000000
jppfs_cor:MerchandiseAndFinishedGoods	商品及び製品	CurrentYearInstant_NonConsolidatedMember	JPY	55940000000
jppfs_cor:RawMaterialsAndSupplies	原材料及び貯蔵品	Prior1YearInstant_NonConsolidatedMember	JPY	3000000
jppfs_cor:RawMaterialsAndSupplies	原材料及び貯蔵品	CurrentYearInstant_NonConsolidatedMember	JPY	6000000
jppfs_cor:AdvancePaymentsTrade	前渡金	Prior1YearInstant_NonConsolidatedMember	JPY	5382000000
jppfs_cor:AdvancePaymentsTrade	前渡金	CurrentYearInstant_NonConsolidatedMember	JPY	6831000000
jppfs_cor:PrepaidExpenses	前払費用	Prior1YearInstant_NonConsolidatedMember	JPY	1276000000
jppfs_cor:PrepaidExpenses	前払費用	CurrentYearInstant_NonConsolidatedMember	JPY	289000000
jppfs_cor:ShortTermLoansReceivable	短期貸付金	Prior1YearInstant_NonConsolidatedMember	JPY	178000000
jppfs_cor:ShortTermLoansReceivable	短期貸付金	CurrentYearInstant_NonConsolidatedMember	JPY	179000000
jppfs_cor:AccountsReceivableOther	未収入金	Prior1YearInstant_NonConsolidatedMember	JPY	15263000000
jppfs_cor:AccountsReceivableOther	未収入金	CurrentYearInstant_NonConsolidatedMember	JPY	18559000000
jppfs_cor:ConsumptionTaxesReceivable	未収消費税等	Prior1YearInstant_NonConsolidatedMember	JPY	7000000
jppfs_cor:ConsumptionTaxesReceivable	未収消費税等	CurrentYearInstant_NonConsolidatedMember	JPY	305000000
jppfs_cor:DepositsPaid	預け金	Prior1YearInstant_NonConsolidatedMember	JPY	4885000000
jppfs_cor:DepositsPaid	預け金	CurrentYearInstant_NonConsolidatedMember	JPY	3937000000
jppfs_cor:OtherCA	その他、流動資産	Prior1YearInstant_NonConsolidatedMember	JPY	90000000
jppfs_cor:OtherCA	その他、流動資産	CurrentYearInstant_NonConsolidatedMember	JPY	371000000
jppfs_cor:AllowanceForDoubtfulAccountsCA	貸倒引当金、流動資産、一括控除	Prior1YearInstant_NonConsolidatedMember	JPY	-357000000
jppfs_cor:AllowanceForDoubtfulAccountsCA	貸倒引当金、流動資産、一括控除	CurrentYearInstant_NonConsolidatedMember	JPY	-496000000
jppfs_cor:CurrentAssets	流動資産	Prior1YearInstant_NonConsolidatedMember	JPY	116555000000
jppfs_cor:CurrentAssets	流動資産	CurrentYearInstant_NonConsolidatedMember	JPY	128436000000
jppfs_cor:BuildingsNet	建物（純額）	Prior1YearInstant_NonConsolidatedMember	JPY	2835000000
jppfs_cor:BuildingsNet	建物（純額）	CurrentYearInstant_NonConsolidatedMember	JPY	2752000000
jppfs_cor:StructuresNet	構築物（純額）	Prior1YearInstant_NonConsolidatedMember	JPY	242000000
jppfs_cor:StructuresNet	構築物（純額）	CurrentYearInstant_NonConsolidatedMember	JPY	211000000
jpcrp030000-asr_E00012-000:MachineryEquipmentPPE		Prior1YearInstant_NonConsolidatedMember	JPY	1875000000
jpcrp030000-asr_E00012-000:MachineryEquipmentPPE		CurrentYearInstant_NonConsolidatedMember	JPY	1553000000
jppfs_cor:VesselsNet	船舶（純額）	Prior1YearInstant_NonConsolidatedMember	JPY	106000000
jppfs_cor:VesselsNet	船舶（純額）	CurrentYearInstant_NonConsolidatedMember	JPY	105000000
jppfs_cor:VehiclesNet	車両運搬具（純額）	Prior1YearInstant_NonConsolidatedMember	JPY	4000000
jppfs_cor:VehiclesNet	車両運搬具（純額）	CurrentYearInstant_NonConsolidatedMember	JPY	3000000
jppfs_cor:ToolsFurnitureAndFixturesNet	工具、器具及び備品（純額）	Prior1YearInstant_NonConsolidatedMember	JPY	324000000
jppfs_cor:ToolsFurnitureAndFixturesNet	工具、器具及び備品（純額）	CurrentYearInstant_NonConsolidatedMember	JPY	320000000
jppfs_cor:Land	土地	Prior1YearInstant_NonConsolidatedMember	JPY	2002000000
jppfs_cor:Land	土地	CurrentYearInstant_NonConsolidatedMember	JPY	2002000000
jppfs_cor:LeaseAssetsNetPPE	リース資産（純額）、有形固定資産	Prior1YearInstant_NonConsolidatedMember	JPY	101000000
jppfs_cor:LeaseAssetsNetPPE	リース資産（純額）、有形固定資産	CurrentYearInstant_NonConsolidatedMember	JPY	92000000
jppfs_cor:ConstructionInProgress	建設仮勘定	Prior1YearInstant_NonConsolidatedMember	JPY	16000000
jppfs_cor:ConstructionInProgress	建設仮勘定	CurrentYearInstant_NonConsolidatedMember	JPY	13000000
jppfs_cor:PropertyPlantAndEquipment	有形固定資産	Prior1YearInstant_NonConsolidatedMember	JPY	7509000000
jppfs_cor:PropertyPlantAndEquipment	有形固定資産	CurrentYearInstant_NonConsolidatedMember	JPY	7056000000
jppfs_cor:RightOfTrademark	商標権	Prior1YearInstant_NonConsolidatedMember	JPY	0
jppfs_cor:RightOfTrademark	商標権	CurrentYearInstant_NonConsolidatedMember	JPY	0
jppfs_cor:Software	ソフトウエア	Prior1YearInstant_NonConsolidatedMember	JPY	413000000
jppfs_cor:Software	ソフトウエア	CurrentYearInstant_NonConsolidatedMember	JPY	442000000
jppfs_cor:LeaseAssetsIA	リース資産、無形固定資産	Prior1YearInstant_NonConsolidatedMember	JPY	54000000
jppfs_cor:LeaseAssetsIA	リース資産、無形固定資産	CurrentYearInstant_NonConsolidatedMember	JPY	35000000
jppfs_cor:OtherIA	その他、無形固定資産	Prior1YearInstant_NonConsolidatedMember	JPY	60000000
jppfs_cor:OtherIA	その他、無形固定資産	CurrentYearInstant_NonConsolidatedMember	JPY	5000000
jppfs_cor:IntangibleAssets	無形固定資産	Prior1YearInstant_NonConsolidatedMember	JPY	529000000
jppfs_cor:IntangibleAssets	無形固定資産	CurrentYearInstant_NonConsolidatedMember	JPY	483000000
jppfs_cor:InvestmentSecurities	投資有価証券	Prior1YearInstant_NonConsolidatedMember	JPY	13499000000
jppfs_cor:InvestmentSecurities	投資有価証券	CurrentYearInstant_NonConsolidatedMember	JPY	20745000000
jppfs_cor:StocksOfSubsidiariesAndAffiliates	関係会社株式	Prior1YearInstant_NonConsolidatedMember	JPY	7093000000
jppfs_cor:StocksOfSubsidiariesAndAffiliates	関係会社株式	CurrentYearInstant_NonConsolidatedMember	JPY	5754000000
jppfs_cor:InvestmentsInCapital	出資金	Prior1YearInstant_NonConsolidatedMember	JPY	27000000
jppfs_cor:InvestmentsInCapital	出資金	CurrentYearInstant_NonConsolidatedMember	JPY	27000000
jppfs_cor:InvestmentsInCapitalOfSubsidiariesAndAffiliates	関係会社出資金	Prior1YearInstant_NonConsolidatedMember	JPY	1410000000
jppfs_cor:InvestmentsInCapitalOfSubsidiariesAndAffiliates	関係会社出資金	CurrentYearInstant_NonConsolidatedMember	JPY	1449000000
jppfs_cor:LongTermLoansReceivable	長期貸付金	Prior1YearInstant_NonConsolidatedMember	JPY	485000000
jppfs_cor:LongTermLoansReceivable	長期貸付金	CurrentYearInstant_NonConsolidatedMember	JPY	753000000
jppfs_cor:ClaimsProvableInBankruptcyClaimsProvableInRehabilitationAndOther	破産更生債権等	Prior1YearInstant_NonConsolidatedMember	JPY	1596000000
jppfs_cor:ClaimsProvableInBankruptcyClaimsProvableInRehabilitationAndOther	破産更生債権等	CurrentYearInstant_NonConsolidatedMember	JPY	1593000000
jppfs_cor:GuaranteeDepositsIOA	差入保証金、投資その他の資産	Prior1YearInstant_NonConsolidatedMember	JPY	641000000
jppfs_cor:GuaranteeDepositsIOA	差入保証金、投資その他の資産	CurrentYearInstant_NonConsolidatedMember	JPY	641000000
jppfs_cor:OtherIOA	その他、投資その他の資産	Prior1YearInstant_NonConsolidatedMember	JPY	796000000
jppfs_cor:OtherIOA	その他、投資その他の資産	CurrentYearInstant_NonConsolidatedMember	JPY	1773000000
jppfs_cor:AllowanceForDoubtfulAccountsIOAByGroup	貸倒引当金、投資その他の資産、一括控除	Prior1YearInstant_NonConsolidatedMember	JPY	-1596000000
jppfs_cor:AllowanceForDoubtfulAccountsIOAByGroup	貸倒引当金、投資その他の資産、一括控除	CurrentYearInstant_NonConsolidatedMember	JPY	-1593000000
jppfs_cor:InvestmentsAndOtherAssets	投資その他の資産	Prior1YearInstant_NonConsolidatedMember	JPY	23955000000
jppfs_cor:InvestmentsAndOtherAssets	投資その他の資産	CurrentYearInstant_NonConsolidatedMember	JPY	31146000000
jppfs_cor:NoncurrentAssets	固定資産	Prior1YearInstant_NonConsolidatedMember	JPY	31994000000
jppfs_cor:NoncurrentAssets	固定資産	CurrentYearInstant_NonConsolidatedMember	JPY	38686000000
jppfs_cor:Assets	資産	Prior1YearInstant_NonConsolidatedMember	JPY	148549000000
jppfs_cor:Assets	資産	CurrentYearInstant_NonConsolidatedMember	JPY	167122000000
jppfs_cor:AccountsPayableTrade	買掛金	Prior1YearInstant_NonConsolidatedMember	JPY	11066000000
jppfs_cor:AccountsPayableTrade	買掛金	CurrentYearInstant_NonConsolidatedMember	JPY	13341000000
jppfs_cor:AdvancesReceived	前受金	Prior1YearInstant_NonConsolidatedMember	JPY	1000000
jppfs_cor:AdvancesReceived	前受金	CurrentYearInstant_NonConsolidatedMember	JPY	13000000
jppfs_cor:ProvisionForBonuses	賞与引当金	Prior1YearInstant_NonConsolidatedMember	JPY	725000000
jppfs_cor:ProvisionForBonuses	賞与引当金	CurrentYearInstant_NonConsolidatedMember	JPY	773000000
jppfs_cor:AccountsPayableOther	未払金	Prior1YearInstant_NonConsolidatedMember	JPY	7656000000
jppfs_cor:AccountsPayableOther	未払金	CurrentYearInstant_NonConsolidatedMember	JPY	6318000000
jppfs_cor:DepositsReceived	預り金	Prior1YearInstant_NonConsolidatedMember	JPY	7604000000
jppfs_cor:DepositsReceived	預り金	CurrentYearInstant_NonConsolidatedMember	JPY	8999000000
jppfs_cor:AccruedExpenses	未払費用	Prior1YearInstant_NonConsolidatedMember	JPY	554000000
jppfs_cor:AccruedExpenses	未払費用	CurrentYearInstant_NonConsolidatedMember	JPY	388000000
jppfs_cor:LeaseObligationsCL	リース負債、流動負債	Prior1YearInstant_NonConsolidatedMember	JPY	73000000
jppfs_cor:LeaseObligationsCL	リース負債、流動負債	CurrentYearInstant_NonConsolidatedMember	JPY	68000000
jppfs_cor:ShortTermLoansPayable	短期借入金	Prior1YearInstant_NonConsolidatedMember	JPY	14011000000
jppfs_cor:ShortTermLoansPayable	短期借入金	CurrentYearInstant_NonConsolidatedMember	JPY	17150000000
jppfs_cor:CurrentPortionOfLongTermLoansPayable	１年内返済予定の長期借入金	Prior1YearInstant_NonConsolidatedMember	JPY	7949000000
jppfs_cor:CurrentPortionOfLongTermLoansPayable	１年内返済予定の長期借入金	CurrentYearInstant_NonConsolidatedMember	JPY	9857000000
jppfs_cor:CommercialPapersLiabilities	コマーシャル・ペーパー	Prior1YearInstant_NonConsolidatedMember	JPY	15000000000
jppfs_cor:CommercialPapersLiabilities	コマーシャル・ペーパー	CurrentYearInstant_NonConsolidatedMember	JPY	20000000000
jppfs_cor:IncomeTaxesPayable	未払法人税等	Prior1YearInstant_NonConsolidatedMember	JPY	2043000000
jppfs_cor:IncomeTaxesPayable	未払法人税等	CurrentYearInstant_NonConsolidatedMember	JPY	1630000000
jppfs_cor:OtherCL	その他、流動負債	Prior1YearInstant_NonConsolidatedMember	JPY	721000000
jppfs_cor:OtherCL	その他、流動負債	CurrentYearInstant_NonConsolidatedMember	JPY	707000000
jppfs_cor:CurrentLiabilities	流動負債	Prior1YearInstant_NonConsolidatedMember	JPY	67409000000
jppfs_cor:CurrentLiabilities	流動負債	CurrentYearInstant_NonConsolidatedMember	JPY	79248000000
jppfs_cor:LongTermLoansPayable	長期借入金	Prior1YearInstant_NonConsolidatedMember	JPY	25852000000
jppfs_cor:LongTermLoansPayable	長期借入金	CurrentYearInstant_NonConsolidatedMember	JPY	20696000000
jppfs_cor:ProvisionForLossOnBusinessOfSubsidiariesAndAffiliatesNCL	関係会社事業損失引当金、固定負債	Prior1YearInstant_NonConsolidatedMember	JPY	468000000
jppfs_cor:ProvisionForLossOnBusinessOfSubsidiariesAndAffiliatesNCL	関係会社事業損失引当金、固定負債	CurrentYearInstant_NonConsolidatedMember	JPY	303000000
jppfs_cor:ProvisionForShareBasedRemunerationNCL	株式給付引当金、固定負債	Prior1YearInstant_NonConsolidatedMember	JPY	2000000
jppfs_cor:ProvisionForShareBasedRemunerationNCL	株式給付引当金、固定負債	CurrentYearInstant_NonConsolidatedMember	JPY	3000000
jppfs_cor:ProvisionForShareBasedRemunerationForDirectorsAndOtherOfficersNCL	役員株式給付引当金、固定負債	Prior1YearInstant_NonConsolidatedMember	JPY	214000000
jppfs_cor:ProvisionForShareBasedRemunerationForDirectorsAndOtherOfficersNCL	役員株式給付引当金、固定負債	CurrentYearInstant_NonConsolidatedMember	JPY	255000000
jppfs_cor:ProvisionForRetirementBenefits	退職給付引当金	Prior1YearInstant_NonConsolidatedMember	JPY	1430000000
jppfs_cor:ProvisionForRetirementBenefits	退職給付引当金	CurrentYearInstant_NonConsolidatedMember	JPY	1507000000
jppfs_cor:DeferredTaxLiabilities	繰延税金負債	Prior1YearInstant_NonConsolidatedMember	JPY	1481000000
jppfs_cor:DeferredTaxLiabilities	繰延税金負債	CurrentYearInstant_NonConsolidatedMember	JPY	3992000000
jppfs_cor:LeaseObligationsNCL	リース負債、固定負債	Prior1YearInstant_NonConsolidatedMember	JPY	103000000
jppfs_cor:LeaseObligationsNCL	リース負債、固定負債	CurrentYearInstant_NonConsolidatedMember	JPY	78000000
jppfs_cor:OtherNCL	その他、固定負債	Prior1YearInstant_NonConsolidatedMember	JPY	15000000
jppfs_cor:OtherNCL	その他、固定負債	CurrentYearInstant_NonConsolidatedMember	JPY	45000000
jppfs_cor:NoncurrentLiabilities	固定負債	Prior1YearInstant_NonConsolidatedMember	JPY	29568000000
jppfs_cor:NoncurrentLiabilities	固定負債	CurrentYearInstant_NonConsolidatedMember	JPY	26881000000
jppfs_cor:Liabilities	負債	Prior1YearInstant_NonConsolidatedMember	JPY	96977000000
jppfs_cor:Liabilities	負債	CurrentYearInstant_NonConsolidatedMember	JPY	106129000000
jppfs_cor:CapitalStock	資本金	Prior1YearInstant_NonConsolidatedMember	JPY	7527000000
jppfs_cor:CapitalStock	資本金	CurrentYearInstant_NonConsolidatedMember	JPY	7527000000
jppfs_cor:LegalCapitalSurplus	資本準備金	Prior1YearInstant_NonConsolidatedMember	JPY	2605000000
jppfs_cor:LegalCapitalSurplus	資本準備金	CurrentYearInstant_NonConsolidatedMember	JPY	2605000000
jppfs_cor:OtherCapitalSurplus	その他資本剰余金	Prior1YearInstant_NonConsolidatedMember	JPY	650000000
jppfs_cor:OtherCapitalSurplus	その他資本剰余金	CurrentYearInstant_NonConsolidatedMember	JPY	650000000
jppfs_cor:CapitalSurplus	資本剰余金	Prior1YearInstant_NonConsolidatedMember	JPY	3255000000
jppfs_cor:CapitalSurplus	資本剰余金	CurrentYearInstant_NonConsolidatedMember	JPY	3255000000
jppfs_cor:LegalRetainedEarnings	利益準備金	Prior1YearInstant_NonConsolidatedMember	JPY	673000000
jppfs_cor:LegalRetainedEarnings	利益準備金	CurrentYearInstant_NonConsolidatedMember	JPY	673000000
jppfs_cor:GeneralReserve	別途積立金	Prior1YearInstant_NonConsolidatedMember	JPY	1560000000
jppfs_cor:GeneralReserve	別途積立金	CurrentYearInstant_NonConsolidatedMember	JPY	1560000000
jppfs_cor:RetainedEarningsBroughtForward	繰越利益剰余金	Prior1YearInstant_NonConsolidatedMember	JPY	32962000000
jppfs_cor:RetainedEarningsBroughtForward	繰越利益剰余金	CurrentYearInstant_NonConsolidatedMember	JPY	37152000000
jppfs_cor:RetainedEarnings	利益剰余金	Prior1YearInstant_NonConsolidatedMember	JPY	35195000000
jppfs_cor:RetainedEarnings	利益剰余金	CurrentYearInstant_NonConsolidatedMember	JPY	39386000000
jppfs_cor:TreasuryStock	自己株式	Prior1YearInstant_NonConsolidatedMember	JPY	-616000000
jppfs_cor:TreasuryStock	自己株式	CurrentYearInstant_NonConsolidatedMember	JPY	-617000000
jppfs_cor:ShareholdersEquity	株主資本	Prior1YearInstant_NonConsolidatedMember	JPY	45362000000
jppfs_cor:ShareholdersEquity	株主資本	CurrentYearInstant_NonConsolidatedMember	JPY	49552000000
jppfs_cor:ValuationDifferenceOnAvailableForSaleSecurities	その他有価証券評価差額金	Prior1YearInstant_NonConsolidatedMember	JPY	6286000000
jppfs_cor:ValuationDifferenceOnAvailableForSaleSecurities	その他有価証券評価差額金	CurrentYearInstant_NonConsolidatedMember	JPY	11245000000
jppfs_cor:DeferredGainsOrLossesOnHedges	繰延ヘッジ損益	Prior1YearInstant_NonConsolidatedMember	JPY	-77000000
jppfs_cor:DeferredGainsOrLossesOnHedges	繰延ヘッジ損益	CurrentYearInstant_NonConsolidatedMember	JPY	194000000
jppfs_cor:ValuationAndTranslationAdjustments	評価・換算差額等	Prior1YearInstant_NonConsolidatedMember	JPY	6208000000
jppfs_cor:ValuationAndTranslationAdjustments	評価・換算差額等	CurrentYearInstant_NonConsolidatedMember	JPY	11440000000
jppfs_cor:NetAssets	純資産	Prior1YearInstant_NonConsolidatedMember	JPY	51571000000
jppfs_cor:NetAssets	純資産	CurrentYearInstant_NonConsolidatedMember	JPY	60993000000
jppfs_cor:LiabilitiesAndNetAssets	負債純資産	Prior1YearInstant_NonConsolidatedMember	JPY	148549000000
jppfs_cor:LiabilitiesAndNetAssets	負債純資産	CurrentYearInstant_NonConsolidatedMember	JPY	167122000000
jppfs_cor:NetSales	売上高	Prior1YearDuration_NonConsolidatedMember	JPY	272792000000
jppfs_cor:NetSales	売上高	CurrentYearDuration_NonConsolidatedMember	JPY	296097000000
jppfs_cor:CostOfSales	売上原価	Prior1YearDuration_NonConsolidatedMember	JPY	239302000000
jppfs_cor:CostOfSales	売上原価	CurrentYearDuration_NonConsolidatedMember	JPY	260459000000
jppfs_cor:GrossProfit	売上総利益又は売上総損失（△）	Prior1YearDuration_NonConsolidatedMember	JPY	33490000000
jppfs_cor:GrossProfit	売上総利益又は売上総損失（△）	CurrentYearDuration_NonConsolidatedMember	JPY	35637000000
jppfs_cor:SellingGeneralAndAdministrativeExpenses	販売費及び一般管理費	Prior1YearDuration_NonConsolidatedMember	JPY	23837000000
jppfs_cor:SellingGeneralAndAdministrativeExpenses	販売費及び一般管理費	CurrentYearDuration_NonConsolidatedMember	JPY	25765000000
jppfs_cor:OperatingIncome	営業利益又は営業損失（△）	Prior1YearDuration_NonConsolidatedMember	JPY	9653000000
jppfs_cor:OperatingIncome	営業利益又は営業損失（△）	CurrentYearDuration_NonConsolidatedMember	JPY	9871000000
jppfs_cor:InterestIncomeNOI	受取利息、営業外収益	Prior1YearDuration_NonConsolidatedMember	JPY	115000000
jppfs_cor:InterestIncomeNOI	受取利息、営業外収益	CurrentYearDuration_NonConsolidatedMember	JPY	123000000
jppfs_cor:DividendsIncomeNOI	受取配当金、営業外収益	Prior1YearDuration_NonConsolidatedMember	JPY	425000000
jppfs_cor:DividendsIncomeNOI	受取配当金、営業外収益	CurrentYearDuration_NonConsolidatedMember	JPY	447000000
jppfs_cor:ForeignExchangeGainsNOI	為替差益、営業外収益	Prior1YearDuration_NonConsolidatedMember	JPY	－
jppfs_cor:ForeignExchangeGainsNOI	為替差益、営業外収益	CurrentYearDuration_NonConsolidatedMember	JPY	221000000
jppfs_cor:MiscellaneousIncomeNOI	雑収入、営業外収益	Prior1YearDuration_NonConsolidatedMember	JPY	205000000
jppfs_cor:MiscellaneousIncomeNOI	雑収入、営業外収益	CurrentYearDuration_NonConsolidatedMember	JPY	179000000
jppfs_cor:NonOperatingIncome	営業外収益	Prior1YearDuration_NonConsolidatedMember	JPY	745000000
jppfs_cor:NonOperatingIncome	営業外収益	CurrentYearDuration_NonConsolidatedMember	JPY	972000000
jppfs_cor:InterestExpensesNOE	支払利息、営業外費用	Prior1YearDuration_NonConsolidatedMember	JPY	598000000
jppfs_cor:InterestExpensesNOE	支払利息、営業外費用	CurrentYearDuration_NonConsolidatedMember	JPY	846000000
jppfs_cor:ProvisionOfAllowanceForDoubtfulAccountsNOE	貸倒引当金繰入額、営業外費用	Prior1YearDuration_NonConsolidatedMember	JPY	-169000000
jppfs_cor:ProvisionOfAllowanceForDoubtfulAccountsNOE	貸倒引当金繰入額、営業外費用	CurrentYearDuration_NonConsolidatedMember	JPY	138000000
jppfs_cor:ForeignExchangeLossesNOE	為替差損、営業外費用	Prior1YearDuration_NonConsolidatedMember	JPY	58000000
jppfs_cor:ForeignExchangeLossesNOE	為替差損、営業外費用	CurrentYearDuration_NonConsolidatedMember	JPY	－
jpcrp030000-asr_E00012-000:ProvisionForLossOnBusinessOfSubsidiariesAndAssociatesNOE		Prior1YearDuration_NonConsolidatedMember	JPY	192000000
jpcrp030000-asr_E00012-000:ProvisionForLossOnBusinessOfSubsidiariesAndAssociatesNOE		CurrentYearDuration_NonConsolidatedMember	JPY	-165000000
jppfs_cor:MiscellaneousExpensesNOE	雑支出、営業外費用	Prior1YearDuration_NonConsolidatedMember	JPY	47000000
jppfs_cor:MiscellaneousExpensesNOE	雑支出、営業外費用	CurrentYearDuration_NonConsolidatedMember	JPY	39000000
jppfs_cor:NonOperatingExpenses	営業外費用	Prior1YearDuration_NonConsolidatedMember	JPY	726000000
jppfs_cor:NonOperatingExpenses	営業外費用	CurrentYearDuration_NonConsolidatedMember	JPY	859000000
jppfs_cor:OrdinaryIncome	経常利益又は経常損失（△）	Prior1YearDuration_NonConsolidatedMember	JPY	9672000000
jppfs_cor:OrdinaryIncome	経常利益又は経常損失（△）	CurrentYearDuration_NonConsolidatedMember	JPY	9985000000
jppfs_cor:GainOnDisposalOfNoncurrentAssetsEI	固定資産処分益、特別利益	Prior1YearDuration_NonConsolidatedMember	JPY	1000000
jppfs_cor:GainOnDisposalOfNoncurrentAssetsEI	固定資産処分益、特別利益	CurrentYearDuration_NonConsolidatedMember	JPY	0
jpcrp030000-asr_E00012-000:AStateGovernmentSubsidyIncomeEI		Prior1YearDuration_NonConsolidatedMember	JPY	－
jpcrp030000-asr_E00012-000:AStateGovernmentSubsidyIncomeEI		CurrentYearDuration_NonConsolidatedMember	JPY	143000000
jppfs_cor:InsuranceIncomeEI	受取保険金、特別利益	Prior1YearDuration_NonConsolidatedMember	JPY	－
jppfs_cor:InsuranceIncomeEI	受取保険金、特別利益	CurrentYearDuration_NonConsolidatedMember	JPY	96000000
jppfs_cor:GainOnSalesOfInvestmentSecuritiesEI	投資有価証券売却益、特別利益	Prior1YearDuration_NonConsolidatedMember	JPY	15000000
jppfs_cor:GainOnSalesOfInvestmentSecuritiesEI	投資有価証券売却益、特別利益	CurrentYearDuration_NonConsolidatedMember	JPY	13000000
jppfs_cor:GainOnLiquidationOfSubsidiariesAndAffiliatesEI	関係会社清算益、特別利益	Prior1YearDuration_NonConsolidatedMember	JPY	28000000
jppfs_cor:GainOnLiquidationOfSubsidiariesAndAffiliatesEI	関係会社清算益、特別利益	CurrentYearDuration_NonConsolidatedMember	JPY	－
jppfs_cor:GainOnSalesOfSubsidiariesAndAffiliatesStocksEI	関係会社株式売却益、特別利益	Prior1YearDuration_NonConsolidatedMember	JPY	20000000
jppfs_cor:GainOnSalesOfSubsidiariesAndAffiliatesStocksEI	関係会社株式売却益、特別利益	CurrentYearDuration_NonConsolidatedMember	JPY	－
jppfs_cor:ExtraordinaryIncome	特別利益	Prior1YearDuration_NonConsolidatedMember	JPY	65000000
jppfs_cor:ExtraordinaryIncome	特別利益	CurrentYearDuration_NonConsolidatedMember	JPY	253000000
jppfs_cor:LossOnDisposalOfNoncurrentAssetsEL	固定資産処分損、特別損失	Prior1YearDuration_NonConsolidatedMember	JPY	22000000
jppfs_cor:LossOnDisposalOfNoncurrentAssetsEL	固定資産処分損、特別損失	CurrentYearDuration_NonConsolidatedMember	JPY	7000000
jppfs_cor:LossOnValuationOfStocksOfSubsidiariesAndAffiliatesEL	関係会社株式評価損、特別損失	Prior1YearDuration_NonConsolidatedMember	JPY	130000000
jppfs_cor:LossOnValuationOfStocksOfSubsidiariesAndAffiliatesEL	関係会社株式評価損、特別損失	CurrentYearDuration_NonConsolidatedMember	JPY	1339000000
jppfs_cor:LossOnReductionOfNoncurrentAssetsEL	固定資産圧縮損、特別損失	Prior1YearDuration_NonConsolidatedMember	JPY	－
jppfs_cor:LossOnReductionOfNoncurrentAssetsEL	固定資産圧縮損、特別損失	CurrentYearDuration_NonConsolidatedMember	JPY	142000000
jpcrp030000-asr_E00012-000:LossOfRecallProductEL		Prior1YearDuration_NonConsolidatedMember	JPY	－
jpcrp030000-asr_E00012-000:LossOfRecallProductEL		CurrentYearDuration_NonConsolidatedMember	JPY	114000000
jppfs_cor:ForeignExchangeLossesEL	為替差損、特別損失	Prior1YearDuration_NonConsolidatedMember	JPY	93000000
jppfs_cor:ForeignExchangeLossesEL	為替差損、特別損失	CurrentYearDuration_NonConsolidatedMember	JPY	－
jppfs_cor:ProvisionOfAllowanceForDoubtfulAccountsEL	貸倒引当金繰入額、特別損失	Prior1YearDuration_NonConsolidatedMember	JPY	43000000
jppfs_cor:ProvisionOfAllowanceForDoubtfulAccountsEL	貸倒引当金繰入額、特別損失	CurrentYearDuration_NonConsolidatedMember	JPY	－
jppfs_cor:LossOnValuationOfInvestmentSecuritiesEL	投資有価証券評価損、特別損失	Prior1YearDuration_NonConsolidatedMember	JPY	10000000
jppfs_cor:LossOnValuationOfInvestmentSecuritiesEL	投資有価証券評価損、特別損失	CurrentYearDuration_NonConsolidatedMember	JPY	－
jppfs_cor:ExtraordinaryLoss	特別損失	Prior1YearDuration_NonConsolidatedMember	JPY	300000000
jppfs_cor:ExtraordinaryLoss	特別損失	CurrentYearDuration_NonConsolidatedMember	JPY	1603000000
jppfs_cor:IncomeBeforeIncomeTaxes	税引前当期純利益又は税引前当期純損失（△）	Prior1YearDuration_NonConsolidatedMember	JPY	9436000000
jppfs_cor:IncomeBeforeIncomeTaxes	税引前当期純利益又は税引前当期純損失（△）	CurrentYearDuration_NonConsolidatedMember	JPY	8635000000
jppfs_cor:IncomeTaxesCurrent	法人税、住民税及び事業税	Prior1YearDuration_NonConsolidatedMember	JPY	2438000000
jppfs_cor:IncomeTaxesCurrent	法人税、住民税及び事業税	CurrentYearDuration_NonConsolidatedMember	JPY	2783000000
jppfs_cor:IncomeTaxesDeferred	法人税等調整額	Prior1YearDuration_NonConsolidatedMember	JPY	-232000000
jppfs_cor:IncomeTaxesDeferred	法人税等調整額	CurrentYearDuration_NonConsolidatedMember	JPY	106000000
jppfs_cor:IncomeTaxes	法人税等	Prior1YearDuration_NonConsolidatedMember	JPY	2205000000
jppfs_cor:IncomeTaxes	法人税等	CurrentYearDuration_NonConsolidatedMember	JPY	2890000000
jppfs_cor:ProfitLoss	当期純利益又は当期純損失（△）（平成26年3月28日財規等改正後）	Prior1YearDuration_NonConsolidatedMember	JPY	7231000000
jppfs_cor:ProfitLoss	当期純利益又は当期純損失（△）（平成26年3月28日財規等改正後）	CurrentYearDuration_NonConsolidatedMember	JPY	5744000000
jppfs_cor:NetAssets	純資産	Prior2YearInstant_NonConsolidatedMember_CapitalStockMember	JPY	7527000000
jppfs_cor:NetAssets	純資産	Prior2YearInstant_NonConsolidatedMember_LegalCapitalSurplusMember	JPY	2605000000
jppfs_cor:NetAssets	純資産	Prior2YearInstant_NonConsolidatedMember_OtherCapitalSurplusMember	JPY	578000000
jppfs_cor:NetAssets	純資産	Prior2YearInstant_NonConsolidatedMember_CapitalSurplusMember	JPY	3183000000
jppfs_cor:NetAssets	純資産	Prior2YearInstant_NonConsolidatedMember_LegalRetainedEarningsMember	JPY	673000000
jppfs_cor:NetAssets	純資産	Prior2YearInstant_NonConsolidatedMember_GeneralReserveMember	JPY	1560000000
jppfs_cor:NetAssets	純資産	Prior2YearInstant_NonConsolidatedMember_RetainedEarningsBroughtForwardMember	JPY	26922000000
jppfs_cor:DividendsFromSurplus	剰余金の配当	Prior1YearDuration_NonConsolidatedMember_CapitalSurplusMember	JPY	－
jppfs_cor:DividendsFromSurplus	剰余金の配当	Prior1YearDuration_NonConsolidatedMember_RetainedEarningsBroughtForwardMember	JPY	-1191000000
jppfs_cor:ProfitLoss	当期純利益又は当期純損失（△）（平成26年3月28日財規等改正後）	Prior1YearDuration_NonConsolidatedMember_CapitalSurplusMember	JPY	－
jppfs_cor:ProfitLoss	当期純利益又は当期純損失（△）（平成26年3月28日財規等改正後）	Prior1YearDuration_NonConsolidatedMember_RetainedEarningsBroughtForwardMember	JPY	7231000000
jppfs_cor:PurchaseOfTreasuryStock	自己株式の取得	Prior1YearDuration_NonConsolidatedMember_CapitalSurplusMember	JPY	－
jppfs_cor:DisposalOfTreasuryStock	自己株式の処分	Prior1YearDuration_NonConsolidatedMember_OtherCapitalSurplusMember	JPY	71000000
jppfs_cor:DisposalOfTreasuryStock	自己株式の処分	Prior1YearDuration_NonConsolidatedMember_CapitalSurplusMember	JPY	71000000
jppfs_cor:NetChangesOfItemsOtherThanShareholdersEquity	株主資本以外の項目の当期変動額（純額）	Prior1YearDuration_NonConsolidatedMember_CapitalSurplusMember	JPY	－
jppfs_cor:TotalChangesOfItemsDuringThePeriod	当期変動額合計	Prior1YearDuration_NonConsolidatedMember_CapitalStockMember	JPY	－
jppfs_cor:TotalChangesOfItemsDuringThePeriod	当期変動額合計	Prior1YearDuration_NonConsolidatedMember_LegalCapitalSurplusMember	JPY	－
jppfs_cor:TotalChangesOfItemsDuringThePeriod	当期変動額合計	Prior1YearDuration_NonConsolidatedMember_OtherCapitalSurplusMember	JPY	71000000
jppfs_cor:TotalChangesOfItemsDuringThePeriod	当期変動額合計	Prior1YearDuration_NonConsolidatedMember_CapitalSurplusMember	JPY	71000000
jppfs_cor:TotalChangesOfItemsDuringThePeriod	当期変動額合計	Prior1YearDuration_NonConsolidatedMember_LegalRetainedEarningsMember	JPY	－
jppfs_cor:TotalChangesOfItemsDuringThePeriod	当期変動額合計	Prior1YearDuration_NonConsolidatedMember_GeneralReserveMember	JPY	－
jppfs_cor:TotalChangesOfItemsDuringThePeriod	当期変動額合計	Prior1YearDuration_NonConsolidatedMember_RetainedEarningsBroughtForwardMember	JPY	6039000000
jppfs_cor:NetAssets	純資産	Prior1YearInstant_NonConsolidatedMember_CapitalStockMember	JPY	7527000000
jppfs_cor:NetAssets	純資産	Prior1YearInstant_NonConsolidatedMember_LegalCapitalSurplusMember	JPY	2605000000
jppfs_cor:NetAssets	純資産	Prior1YearInstant_NonConsolidatedMember_OtherCapitalSurplusMember	JPY	650000000
jppfs_cor:NetAssets	純資産	Prior1YearInstant_NonConsolidatedMember_CapitalSurplusMember	JPY	3255000000
jppfs_cor:NetAssets	純資産	Prior1YearInstant_NonConsolidatedMember_LegalRetainedEarningsMember	JPY	673000000
jppfs_cor:NetAssets	純資産	Prior1YearInstant_NonConsolidatedMember_GeneralReserveMember	JPY	1560000000
jppfs_cor:NetAssets	純資産	Prior1YearInstant_NonConsolidatedMember_RetainedEarningsBroughtForwardMember	JPY	32962000000
jppfs_cor:NetAssets	純資産	Prior2YearInstant_NonConsolidatedMember_RetainedEarningsMember	JPY	29156000000
jppfs_cor:NetAssets	純資産	Prior2YearInstant_NonConsolidatedMember_TreasuryStockMember	JPY	-543000000
jppfs_cor:NetAssets	純資産	Prior2YearInstant_NonConsolidatedMember_ShareholdersEquityMember	JPY	39323000000
jppfs_cor:NetAssets	純資産	Prior2YearInstant_NonConsolidatedMember_ValuationDifferenceOnAvailableForSaleSecuritiesMember	JPY	4815000000
jppfs_cor:NetAssets	純資産	Prior2YearInstant_NonConsolidatedMember_DeferredGainsOrLossesOnHedgesMember	JPY	97000000
jppfs_cor:NetAssets	純資産	Prior2YearInstant_NonConsolidatedMember_ValuationAndTranslationAdjustmentsMember	JPY	4912000000
jppfs_cor:NetAssets	純資産	Prior2YearInstant_NonConsolidatedMember	JPY	44235000000
jppfs_cor:DividendsFromSurplus	剰余金の配当	Prior1YearDuration_NonConsolidatedMember_RetainedEarningsMember	JPY	-1191000000
jppfs_cor:DividendsFromSurplus	剰余金の配当	Prior1YearDuration_NonConsolidatedMember_ShareholdersEquityMember	JPY	-1191000000
jppfs_cor:DividendsFromSurplus	剰余金の配当	Prior1YearDuration_NonConsolidatedMember_ValuationAndTranslationAdjustmentsMember	JPY	－
jppfs_cor:DividendsFromSurplus	剰余金の配当	Prior1YearDuration_NonConsolidatedMember	JPY	-1191000000
jppfs_cor:ProfitLoss	当期純利益又は当期純損失（△）（平成26年3月28日財規等改正後）	Prior1YearDuration_NonConsolidatedMember_RetainedEarningsMember	JPY	7231000000
jppfs_cor:ProfitLoss	当期純利益又は当期純損失（△）（平成26年3月28日財規等改正後）	Prior1YearDuration_NonConsolidatedMember_ShareholdersEquityMember	JPY	7231000000
jppfs_cor:ProfitLoss	当期純利益又は当期純損失（△）（平成26年3月28日財規等改正後）	Prior1YearDuration_NonConsolidatedMember_ValuationAndTranslationAdjustmentsMember	JPY	－
jppfs_cor:ProfitLoss	当期純利益又は当期純損失（△）（平成26年3月28日財規等改正後）	Prior1YearDuration_NonConsolidatedMember	JPY	7231000000
jppfs_cor:PurchaseOfTreasuryStock	自己株式の取得	Prior1YearDuration_NonConsolidatedMember_RetainedEarningsMember	JPY	－
jppfs_cor:PurchaseOfTreasuryStock	自己株式の取得	Prior1YearDuration_NonConsolidatedMember_TreasuryStockMember	JPY	-173000000
jppfs_cor:PurchaseOfTreasuryStock	自己株式の取得	Prior1YearDuration_NonConsolidatedMember_ShareholdersEquityMember	JPY	-173000000
jppfs_cor:PurchaseOfTreasuryStock	自己株式の取得	Prior1YearDuration_NonConsolidatedMember_ValuationAndTranslationAdjustmentsMember	JPY	－
jppfs_cor:PurchaseOfTreasuryStock	自己株式の取得	Prior1YearDuration_NonConsolidatedMember	JPY	-173000000
jppfs_cor:DisposalOfTreasuryStock	自己株式の処分	Prior1YearDuration_NonConsolidatedMember_RetainedEarningsMember	JPY	－
jppfs_cor:DisposalOfTreasuryStock	自己株式の処分	Prior1YearDuration_NonConsolidatedMember_TreasuryStockMember	JPY	101000000
jppfs_cor:DisposalOfTreasuryStock	自己株式の処分	Prior1YearDuration_NonConsolidatedMember_ShareholdersEquityMember	JPY	173000000
jppfs_cor:DisposalOfTreasuryStock	自己株式の処分	Prior1YearDuration_NonConsolidatedMember_ValuationAndTranslationAdjustmentsMember	JPY	－
jppfs_cor:DisposalOfTreasuryStock	自己株式の処分	Prior1YearDuration_NonConsolidatedMember	JPY	173000000
jppfs_cor:NetChangesOfItemsOtherThanShareholdersEquity	株主資本以外の項目の当期変動額（純額）	Prior1YearDuration_NonConsolidatedMember_RetainedEarningsMember	JPY	－
jppfs_cor:NetChangesOfItemsOtherThanShareholdersEquity	株主資本以外の項目の当期変動額（純額）	Prior1YearDuration_NonConsolidatedMember_ShareholdersEquityMember	JPY	－
jppfs_cor:NetChangesOfItemsOtherThanShareholdersEquity	株主資本以外の項目の当期変動額（純額）	Prior1YearDuration_NonConsolidatedMember_ValuationDifferenceOnAvailableForSaleSecuritiesMember	JPY	1471000000
jppfs_cor:NetChangesOfItemsOtherThanShareholdersEquity	株主資本以外の項目の当期変動額（純額）	Prior1YearDuration_NonConsolidatedMember_DeferredGainsOrLossesOnHedgesMember	JPY	-175000000
jppfs_cor:NetChangesOfItemsOtherThanShareholdersEquity	株主資本以外の項目の当期変動額（純額）	Prior1YearDuration_NonConsolidatedMember_ValuationAndTranslationAdjustmentsMember	JPY	1296000000
jppfs_cor:NetChangesOfItemsOtherThanShareholdersEquity	株主資本以外の項目の当期変動額（純額）	Prior1YearDuration_NonConsolidatedMember	JPY	1296000000
jppfs_cor:TotalChangesOfItemsDuringThePeriod	当期変動額合計	Prior1YearDuration_NonConsolidatedMember_RetainedEarningsMember	JPY	6039000000
jppfs_cor:TotalChangesOfItemsDuringThePeriod	当期変動額合計	Prior1YearDuration_NonConsolidatedMember_TreasuryStockMember	JPY	-72000000
jppfs_cor:TotalChangesOfItemsDuringThePeriod	当期変動額合計	Prior1YearDuration_NonConsolidatedMember_ShareholdersEquityMember	JPY	6039000000
jppfs_cor:TotalChangesOfItemsDuringThePeriod	当期変動額合計	Prior1YearDuration_NonConsolidatedMember_ValuationDifferenceOnAvailableForSaleSecuritiesMember	JPY	1471000000
jppfs_cor:TotalChangesOfItemsDuringThePeriod	当期変動額合計	Prior1YearDuration_NonConsolidatedMember_DeferredGainsOrLossesOnHedgesMember	JPY	-175000000
jppfs_cor:TotalChangesOfItemsDuringThePeriod	当期変動額合計	Prior1YearDuration_NonConsolidatedMember_ValuationAndTranslationAdjustmentsMember	JPY	1296000000
jppfs_cor:TotalChangesOfItemsDuringThePeriod	当期変動額合計	Prior1YearDuration_NonConsolidatedMember	JPY	7335000000
jppfs_cor:NetAssets	純資産	Prior1YearInstant_NonConsolidatedMember_RetainedEarningsMember	JPY	35195000000
jppfs_cor:NetAssets	純資産	Prior1YearInstant_NonConsolidatedMember_TreasuryStockMember	JPY	-616000000
jppfs_cor:NetAssets	純資産	Prior1YearInstant_NonConsolidatedMember_ShareholdersEquityMember	JPY	45362000000
jppfs_cor:NetAssets	純資産	Prior1YearInstant_NonConsolidatedMember_ValuationDifferenceOnAvailableForSaleSecuritiesMember	JPY	6286000000
jppfs_cor:NetAssets	純資産	Prior1YearInstant_NonConsolidatedMember_DeferredGainsOrLossesOnHedgesMember	JPY	-77000000
jppfs_cor:NetAssets	純資産	Prior1YearInstant_NonConsolidatedMember_ValuationAndTranslationAdjustmentsMember	JPY	6208000000
jppfs_cor:NetAssets	純資産	Prior1YearInstant_NonConsolidatedMember	JPY	51571000000
jppfs_cor:NetAssets	純資産	Prior1YearInstant_NonConsolidatedMember_CapitalStockMember	JPY	7527000000
jppfs_cor:NetAssets	純資産	Prior1YearInstant_NonConsolidatedMember_LegalCapitalSurplusMember	JPY	2605000000
jppfs_cor:NetAssets	純資産	Prior1YearInstant_NonConsolidatedMember_OtherCapitalSurplusMember	JPY	650000000
jppfs_cor:NetAssets	純資産	Prior1YearInstant_NonConsolidatedMember_CapitalSurplusMember	JPY	3255000000
jppfs_cor:NetAssets	純資産	Prior1YearInstant_NonConsolidatedMember_LegalRetainedEarningsMember	JPY	673000000
jppfs_cor:NetAssets	純資産	Prior1YearInstant_NonConsolidatedMember_GeneralReserveMember	JPY	1560000000
jppfs_cor:NetAssets	純資産	Prior1YearInstant_NonConsolidatedMember_RetainedEarningsBroughtForwardMember	JPY	32962000000
jppfs_cor:DividendsFromSurplus	剰余金の配当	CurrentYearDuration_NonConsolidatedMember_CapitalSurplusMember	JPY	－
jppfs_cor:DividendsFromSurplus	剰余金の配当	CurrentYearDuration_NonConsolidatedMember_RetainedEarningsBroughtForwardMember	JPY	-1554000000
jppfs_cor:ProfitLoss	当期純利益又は当期純損失（△）（平成26年3月28日財規等改正後）	CurrentYearDuration_NonConsolidatedMember_CapitalSurplusMember	JPY	－
jppfs_cor:ProfitLoss	当期純利益又は当期純損失（△）（平成26年3月28日財規等改正後）	CurrentYearDuration_NonConsolidatedMember_RetainedEarningsBroughtForwardMember	JPY	5744000000
jppfs_cor:PurchaseOfTreasuryStock	自己株式の取得	CurrentYearDuration_NonConsolidatedMember_CapitalSurplusMember	JPY	－
jppfs_cor:DisposalOfTreasuryStock	自己株式の処分	CurrentYearDuration_NonConsolidatedMember_CapitalSurplusMember	JPY	－
jppfs_cor:NetChangesOfItemsOtherThanShareholdersEquity	株主資本以外の項目の当期変動額（純額）	CurrentYearDuration_NonConsolidatedMember_CapitalSurplusMember	JPY	－
jppfs_cor:TotalChangesOfItemsDuringThePeriod	当期変動額合計	CurrentYearDuration_NonConsolidatedMember_CapitalStockMember	JPY	－
jppfs_cor:TotalChangesOfItemsDuringThePeriod	当期変動額合計	CurrentYearDuration_NonConsolidatedMember_LegalCapitalSurplusMember	JPY	－
jppfs_cor:TotalChangesOfItemsDuringThePeriod	当期変動額合計	CurrentYearDuration_NonConsolidatedMember_OtherCapitalSurplusMember	JPY	－
jppfs_cor:TotalChangesOfItemsDuringThePeriod	当期変動額合計	CurrentYearDuration_NonConsolidatedMember_CapitalSurplusMember	JPY	－
jppfs_cor:TotalChangesOfItemsDuringThePeriod	当期変動額合計	CurrentYearDuration_NonConsolidatedMember_LegalRetainedEarningsMember	JPY	－
jppfs_cor:TotalChangesOfItemsDuringThePeriod	当期変動額合計	CurrentYearDuration_NonConsolidatedMember_GeneralReserveMember	JPY	－
jppfs_cor:TotalChangesOfItemsDuringThePeriod	当期変動額合計	CurrentYearDuration_NonConsolidatedMember_RetainedEarningsBroughtForwardMember	JPY	4190000000
jppfs_cor:NetAssets	純資産	CurrentYearInstant_NonConsolidatedMember_CapitalStockMember	JPY	7527000000
jppfs_cor:NetAssets	純資産	CurrentYearInstant_NonConsolidatedMember_LegalCapitalSurplusMember	JPY	2605000000
jppfs_cor:NetAssets	純資産	CurrentYearInstant_NonConsolidatedMember_OtherCapitalSurplusMember	JPY	650000000
jppfs_cor:NetAssets	純資産	CurrentYearInstant_NonConsolidatedMember_CapitalSurplusMember	JPY	3255000000
jppfs_cor:NetAssets	純資産	CurrentYearInstant_NonConsolidatedMember_LegalRetainedEarningsMember	JPY	673000000
jppfs_cor:NetAssets	純資産	CurrentYearInstant_NonConsolidatedMember_GeneralReserveMember	JPY	1560000000
jppfs_cor:NetAssets	純資産	CurrentYearInstant_NonConsolidatedMember_RetainedEarningsBroughtForwardMember	JPY	37152000000
jppfs_cor:NetAssets	純資産	Prior1YearInstant_NonConsolidatedMember_RetainedEarningsMember	JPY	35195000000
jppfs_cor:NetAssets	純資産	Prior1YearInstant_NonConsolidatedMember_TreasuryStockMember	JPY	-616000000
jppfs_cor:NetAssets	純資産	Prior1YearInstant_NonConsolidatedMember_ShareholdersEquityMember	JPY	45362000000
jppfs_cor:NetAssets	純資産	Prior1YearInstant_NonConsolidatedMember_ValuationDifferenceOnAvailableForSaleSecuritiesMember	JPY	6286000000
jppfs_cor:NetAssets	純資産	Prior1YearInstant_NonConsolidatedMember_DeferredGainsOrLossesOnHedgesMember	JPY	-77000000
jppfs_cor:NetAssets	純資産	Prior1YearInstant_NonConsolidatedMember_ValuationAndTranslationAdjustmentsMember	JPY	6208000000
jppfs_cor:NetAssets	純資産	Prior1YearInstant_NonConsolidatedMember	JPY	51571000000
jppfs_cor:DividendsFromSurplus	剰余金の配当	CurrentYearDuration_NonConsolidatedMember_RetainedEarningsMember	JPY	-1554000000
jppfs_cor:DividendsFromSurplus	剰余金の配当	CurrentYearDuration_NonConsolidatedMember_ShareholdersEquityMember	JPY	-1554000000
jppfs_cor:DividendsFromSurplus	剰余金の配当	CurrentYearDuration_NonConsolidatedMember_ValuationAndTranslationAdjustmentsMember	JPY	－
jppfs_cor:DividendsFromSurplus	剰余金の配当	CurrentYearDuration_NonConsolidatedMember	JPY	-1554000000
jppfs_cor:ProfitLoss	当期純利益又は当期純損失（△）（平成26年3月28日財規等改正後）	CurrentYearDuration_NonConsolidatedMember_RetainedEarningsMember	JPY	5744000000
jppfs_cor:ProfitLoss	当期純利益又は当期純損失（△）（平成26年3月28日財規等改正後）	CurrentYearDuration_NonConsolidatedMember_ShareholdersEquityMember	JPY	5744000000
jppfs_cor:ProfitLoss	当期純利益又は当期純損失（△）（平成26年3月28日財規等改正後）	CurrentYearDuration_NonConsolidatedMember_ValuationAndTranslationAdjustmentsMember	JPY	－
jppfs_cor:ProfitLoss	当期純利益又は当期純損失（△）（平成26年3月28日財規等改正後）	CurrentYearDuration_NonConsolidatedMember	JPY	5744000000
jppfs_cor:PurchaseOfTreasuryStock	自己株式の取得	CurrentYearDuration_NonConsolidatedMember_RetainedEarningsMember	JPY	－
jppfs_cor:PurchaseOfTreasuryStock	自己株式の取得	CurrentYearDuration_NonConsolidatedMember_TreasuryStockMember	JPY	-0
jppfs_cor:PurchaseOfTreasuryStock	自己株式の取得	CurrentYearDuration_NonConsolidatedMember_ShareholdersEquityMember	JPY	-0
jppfs_cor:PurchaseOfTreasuryStock	自己株式の取得	CurrentYearDuration_NonConsolidatedMember_ValuationAndTranslationAdjustmentsMember	JPY	－
jppfs_cor:PurchaseOfTreasuryStock	自己株式の取得	CurrentYearDuration_NonConsolidatedMember	JPY	-0
jppfs_cor:DisposalOfTreasuryStock	自己株式の処分	CurrentYearDuration_NonConsolidatedMember_RetainedEarningsMember	JPY	－
jppfs_cor:DisposalOfTreasuryStock	自己株式の処分	CurrentYearDuration_NonConsolidatedMember_ShareholdersEquityMember	JPY	－
jppfs_cor:DisposalOfTreasuryStock	自己株式の処分	CurrentYearDuration_NonConsolidatedMember_ValuationAndTranslationAdjustmentsMember	JPY	－
jppfs_cor:DisposalOfTreasuryStock	自己株式の処分	CurrentYearDuration_NonConsolidatedMember	JPY	－
jppfs_cor:NetChangesOfItemsOtherThanShareholdersEquity	株主資本以外の項目の当期変動額（純額）	CurrentYearDuration_NonConsolidatedMember_RetainedEarningsMember	JPY	－
jppfs_cor:NetChangesOfItemsOtherThanShareholdersEquity	株主資本以外の項目の当期変動額（純額）	CurrentYearDuration_NonConsolidatedMember_ShareholdersEquityMember	JPY	－
jppfs_cor:NetChangesOfItemsOtherThanShareholdersEquity	株主資本以外の項目の当期変動額（純額）	CurrentYearDuration_NonConsolidatedMember_ValuationDifferenceOnAvailableForSaleSecuritiesMember	JPY	4959000000
jppfs_cor:NetChangesOfItemsOtherThanShareholdersEquity	株主資本以外の項目の当期変動額（純額）	CurrentYearDuration_NonConsolidatedMember_DeferredGainsOrLossesOnHedgesMember	JPY	272000000
jppfs_cor:NetChangesOfItemsOtherThanShareholdersEquity	株主資本以外の項目の当期変動額（純額）	CurrentYearDuration_NonConsolidatedMember_ValuationAndTranslationAdjustmentsMember	JPY	5231000000
jppfs_cor:NetChangesOfItemsOtherThanShareholdersEquity	株主資本以外の項目の当期変動額（純額）	CurrentYearDuration_NonConsolidatedMember	JPY	5231000000
jppfs_cor:TotalChangesOfItemsDuringThePeriod	当期変動額合計	CurrentYearDuration_NonConsolidatedMember_RetainedEarningsMember	JPY	4190000000
jppfs_cor:TotalChangesOfItemsDuringThePeriod	当期変動額合計	CurrentYearDuration_NonConsolidatedMember_TreasuryStockMember	JPY	-0
jppfs_cor:TotalChangesOfItemsDuringThePeriod	当期変動額合計	CurrentYearDuration_NonConsolidatedMember_ShareholdersEquityMember	JPY	4190000000
jppfs_cor:TotalChangesOfItemsDuringThePeriod	当期変動額合計	CurrentYearDuration_NonConsolidatedMember_ValuationDifferenceOnAvailableForSaleSecuritiesMember	JPY	4959000000
jppfs_cor:TotalChangesOfItemsDuringThePeriod	当期変動額合計	CurrentYearDuration_NonConsolidatedMember_DeferredGainsOrLossesOnHedgesMember	JPY	272000000
jppfs_cor:TotalChangesOfItemsDuringThePeriod	当期変動額合計	CurrentYearDuration_NonConsolidatedMember_ValuationAndTranslationAdjustmentsMember	JPY	5231000000
jppfs_cor:TotalChangesOfItemsDuringThePeriod	当期変動額合計	CurrentYearDuration_NonConsolidatedMember	JPY	9421000000
jppfs_cor:NetAssets	純資産	CurrentYearInstant_NonConsolidatedMember_RetainedEarningsMember	JPY	39386000000
jppfs_cor:NetAssets	純資産	CurrentYearInstant_NonConsolidatedMember_TreasuryStockMember	JPY	-617000000
jppfs_cor:NetAssets	純資産	CurrentYearInstant_NonConsolidatedMember_ShareholdersEquityMember	JPY	49552000000
jppfs_cor:NetAssets	純資産	CurrentYearInstant_NonConsolidatedMember_ValuationDifferenceOnAvailableForSaleSecuritiesMember	JPY	11245000000
jppfs_cor:NetAssets	純資産	CurrentYearInstant_NonConsolidatedMember_DeferredGainsOrLossesOnHedgesMember	JPY	194000000
jppfs_cor:NetAssets	純資産	CurrentYearInstant_NonConsolidatedMember_ValuationAndTranslationAdjustmentsMember	JPY	11440000000
jppfs_cor:NetAssets	純資産	CurrentYearInstant_NonConsolidatedMember	JPY	60993000000
jpcrp030000-asr_E00012-000:ShippingAndDeliveryExpensesSGA		Prior1YearDuration_NonConsolidatedMember	JPY	5805000000
jpcrp030000-asr_E00012-000:ShippingAndDeliveryExpensesSGA		CurrentYearDuration_NonConsolidatedMember	JPY	6619000000
jpcrp030000-asr_E00012-000:SalariesAndAllowancesForSalesAssociatesAndOfficeClerksSGA		Prior1YearDuration_NonConsolidatedMember	JPY	4696000000
jpcrp030000-asr_E00012-000:SalariesAndAllowancesForSalesAssociatesAndOfficeClerksSGA		CurrentYearDuration_NonConsolidatedMember	JPY	5081000000
jpcrp030000-asr_E00012-000:StorageExpensesSGA		Prior1YearDuration_NonConsolidatedMember	JPY	4317000000
jpcrp030000-asr_E00012-000:StorageExpensesSGA		CurrentYearDuration_NonConsolidatedMember	JPY	4605000000
jppfs_cor:RetirementBenefitExpensesSGA	退職給付費用、販売費及び一般管理費	Prior1YearDuration_NonConsolidatedMember	JPY	248000000
jppfs_cor:RetirementBenefitExpensesSGA	退職給付費用、販売費及び一般管理費	CurrentYearDuration_NonConsolidatedMember	JPY	258000000
jppfs_cor:ProvisionForBonusesSGA	賞与引当金繰入額、販売費及び一般管理費	Prior1YearDuration_NonConsolidatedMember	JPY	697000000
jppfs_cor:ProvisionForBonusesSGA	賞与引当金繰入額、販売費及び一般管理費	CurrentYearDuration_NonConsolidatedMember	JPY	746000000
jppfs_cor:ProvisionForShareBasedRemunerationForDirectorsAndOtherOfficersSGA	役員株式給付引当金繰入額、販売費及び一般管理費	Prior1YearDuration_NonConsolidatedMember	JPY	89000000
jppfs_cor:ProvisionForShareBasedRemunerationForDirectorsAndOtherOfficersSGA	役員株式給付引当金繰入額、販売費及び一般管理費	CurrentYearDuration_NonConsolidatedMember	JPY	41000000
jpcrp030000-asr_E00012-000:ProvisionForShareBasedRemuneration		Prior1YearDuration_NonConsolidatedMember	JPY	1000000
jpcrp030000-asr_E00012-000:ProvisionForShareBasedRemuneration		CurrentYearDuration_NonConsolidatedMember	JPY	1000000
jppfs_cor:DepreciationSGA	減価償却費、販売費及び一般管理費	Prior1YearDuration_NonConsolidatedMember	JPY	349000000
jppfs_cor:DepreciationSGA	減価償却費、販売費及び一般管理費	CurrentYearDuration_NonConsolidatedMember	JPY	372000000
jppfs_cor:ProvisionOfAllowanceForDoubtfulAccountsSGA	貸倒引当金繰入額、販売費及び一般管理費	Prior1YearDuration_NonConsolidatedMember	JPY	-33000000
jppfs_cor:ProvisionOfAllowanceForDoubtfulAccountsSGA	貸倒引当金繰入額、販売費及び一般管理費	CurrentYearDuration_NonConsolidatedMember	JPY	－
jpcrp_cor:DocumentTitleCoverPage	提出書類、表紙	FilingDateInstant	－	有価証券報告書
jpcrp_cor:ClauseOfStipulationCoverPage	根拠条文、表紙	FilingDateInstant	－	金融商品取引法第24条第１項
jpcrp_cor:PlaceOfFilingCoverPage	提出先、表紙	FilingDateInstant	－	関東財務局長
jpcrp_cor:FilingDateCoverPage	提出日、表紙	FilingDateInstant	－	2026-06-22
jpcrp_cor:FiscalYearCoverPage	事業年度、表紙	FilingDateInstant	－	第103期(自　2025年４月１日　至　2026年３月31日)
jpcrp_cor:CompanyNameCoverPage	会社名、表紙	FilingDateInstant	－	株式会社極洋
jpcrp_cor:CompanyNameInEnglishCoverPage	英訳名、表紙	FilingDateInstant	－	KYOKUYO CO.,LTD.
jpcrp_cor:TitleAndNameOfRepresentativeCoverPage	代表者の役職氏名、表紙	FilingDateInstant	－	代表取締役社長　　井　上　誠
jpcrp_cor:AddressOfRegisteredHeadquarterCoverPage	本店の所在の場所、表紙	FilingDateInstant	－	東京都港区赤坂三丁目３番５号
jpcrp_cor:TelephoneNumberAddressOfRegisteredHeadquarterCoverPage	電話番号、本店の所在の場所、表紙	FilingDateInstant	－	03(5545)0806
jpcrp_cor:NameOfContactPersonAddressOfRegisteredHeadquarterCoverPage	事務連絡者氏名、本店の所在の場所、表紙	FilingDateInstant	－	常務取締役　檜垣　仁志
jpcrp_cor:NearestPlaceOfContactCoverPage	最寄りの連絡場所、表紙	FilingDateInstant	－	東京都港区赤坂三丁目３番５号
jpcrp_cor:TelephoneNumberNearestPlaceOfContactCoverPage	電話番号、最寄りの連絡場所、表紙	FilingDateInstant	－	03(5545)0806
jpcrp_cor:NameOfContactPersonNearestPlaceOfContactCoverPage	事務連絡者氏名、最寄りの連絡場所、表紙	FilingDateInstant	－	常務取締役　檜垣　仁志
jpcrp_cor:PlaceForPublicInspectionCoverPageTextBlock	縦覧に供する場所、表紙 [テキストブロック]	FilingDateInstant	－	株式会社東京証券取引所  (東京都中央区日本橋兜町２番１号)
jpdei_cor:EDINETCodeDEI	EDINETコード、DEI	FilingDateInstant	－	E00012
jpdei_cor:FundCodeDEI	ファンドコード、DEI	FilingDateInstant	－	－
jpdei_cor:SecurityCodeDEI	証券コード、DEI	FilingDateInstant	－	13010
jpdei_cor:FilerNameInJapaneseDEI	提出者名（日本語表記）、DEI	FilingDateInstant	－	株式会社極洋
jpdei_cor:FilerNameInEnglishDEI	提出者名（英語表記）、DEI	FilingDateInstant	－	KYOKUYO CO.,LTD.
jpdei_cor:FundNameInJapaneseDEI	ファンド名称（日本語表記）、DEI	FilingDateInstant	－	－
jpdei_cor:FundNameInEnglishDEI	ファンド名称（英語表記）、DEI	FilingDateInstant	－	－
jpdei_cor:CabinetOfficeOrdinanceDEI	府令、DEI	FilingDateInstant	－	企業内容等の開示に関する内閣府令
jpdei_cor:DocumentTypeDEI	様式、DEI	FilingDateInstant	－	第三号様式
jpdei_cor:AccountingStandardsDEI	会計基準、DEI	FilingDateInstant	－	Japan GAAP
jpdei_cor:WhetherConsolidatedFinancialStatementsArePreparedDEI	連結決算の有無、DEI	FilingDateInstant	－	true
jpdei_cor:IndustryCodeWhenConsolidatedFinancialStatementsArePreparedInAccordanceWithIndustrySpecificRegulationsDEI	別記事業（連結）、DEI	FilingDateInstant	－	cte
jpdei_cor:IndustryCodeWhenFinancialStatementsArePreparedInAccordanceWithIndustrySpecificRegulationsDEI	別記事業（個別）、DEI	FilingDateInstant	－	cte
jpdei_cor:CurrentFiscalYearStartDateDEI	当事業年度開始日、DEI	FilingDateInstant	－	2025-04-01
jpdei_cor:CurrentPeriodEndDateDEI	当会計期間終了日、DEI	FilingDateInstant	－	2026-03-31
jpdei_cor:TypeOfCurrentPeriodDEI	当会計期間の種類、DEI	FilingDateInstant	－	FY
jpdei_cor:CurrentFiscalYearEndDateDEI	当事業年度終了日、DEI	FilingDateInstant	－	2026-03-31
jpdei_cor:PreviousFiscalYearStartDateDEI	前事業年度開始日、DEI	FilingDateInstant	－	2024-04-01
jpdei_cor:ComparativePeriodEndDateDEI	比較対象会計期間終了日、DEI	FilingDateInstant	－	2025-03-31
jpdei_cor:PreviousFiscalYearEndDateDEI	前事業年度終了日、DEI	FilingDateInstant	－	2025-03-31
jpdei_cor:NextFiscalYearStartDateDEI	次の事業年度開始日、DEI	FilingDateInstant	－	－
jpdei_cor:EndDateOfQuarterlyOrSemiAnnualPeriodOfNextFiscalYearDEI	次の中間期の会計期間終了日、DEI	FilingDateInstant	－	－
jpdei_cor:AmendmentFlagDEI	訂正の有無、DEI	FilingDateInstant	－	false
jpdei_cor:IdentificationOfDocumentSubjectToAmendmentDEI	訂正対象書類の書類管理番号、DEI	FilingDateInstant	－	－
jpdei_cor:ReportAmendmentFlagDEI	記載事項訂正のフラグ、DEI	FilingDateInstant	－	false
jpdei_cor:XBRLAmendmentFlagDEI	XBRL訂正のフラグ、DEI	FilingDateInstant	－	false
jpcrp_cor:BusinessResultsOfGroupTextBlock	連結経営指標等 [テキストブロック]	FilingDateInstant	－	(1) 連結経営指標等 回次第99期第100期第101期第102期第103期決算年月2022年３月2023年３月2024年３月2025年３月2026年３月売上高(百万円)253,575272,167261,604302,681334,612
jpcrp_cor:BusinessResultsOfReportingCompanyTextBlock	提出会社の経営指標等 [テキストブロック]	FilingDateInstant	－	 (2) 提出会社の経営指標等 回次第99期第100期第101期第102期第103期決算年月2022年３月2023年３月2024年３月2025年３月2026年３月売上高(百万円)232,745249,142234,757272,792296
jpcrp_cor:CompanyHistoryTextBlock	沿革 [テキストブロック]	FilingDateInstant	－	 ２ 【沿革】年月概要1937年９月当社は母船式捕鯨事業並びに各種漁業、水産物の加工販売を主たる事業目的として極洋捕鯨株式会社の商号をもって資本金500万円にて東京市丸の内に設立1949年５月東京・大阪(2003年11月上場廃止)・名古屋(
jpcrp_cor:DescriptionOfBusinessTextBlock	事業の内容 [テキストブロック]	FilingDateInstant	－	 ３ 【事業の内容】当社及び当社の関係会社は、株式会社極洋(当社)、子会社36社、関連会社５社及び非連結子会社１社により構成され、水産事業、生鮮事業、食品事業、物流サービス事業を主として行っております。各事業における当社グループの位置付けは
jpcrp_cor:OverviewOfAffiliatedEntitiesTextBlock	関係会社の状況 [テキストブロック]	FilingDateInstant	－	 ４ 【関係会社の状況】 名        称 住    所 資本金  関    係    内    容主要な事議決権の役員資金 設備業の内容所有割合のの 取引の内容の  兼任等援助 賃貸（連結子会社） 百万円 ％    キョクヨー秋津冷蔵
jpcrp_cor:BusinessPolicyBusinessEnvironmentIssuesToAddressEtcTextBlock	経営方針、経営環境及び対処すべき課題等 [テキストブロック]	FilingDateInstant	－	１ 【経営方針、経営環境及び対処すべき課題等】文中における将来に関する事項は、当連結会計年度末（2026年３月31日）現在において当社グループが判断したものです。 (1) 会社の経営の基本方針当社グループは企業理念として、人間尊重を経営の基
jpcrp_cor:DisclosureOfSustainabilityRelatedFinancialInformationTextBlock	サステナビリティに関する考え方及び取組 [テキストブロック]	FilingDateInstant	－	 ２ 【サステナビリティに関する考え方及び取組】当社グループのサステナビリティに関する考え方及び取り組みは、次のとおりです。なお、文中の将来に関する事項は、当連結会計年度末現在において当社グループが判断したものであります。 (1)ガバナンス
jpcrp_cor:GovernanceTextBlock	ガバナンス [テキストブロック]	FilingDateInstant	－	(1)ガバナンス 当社グループでは、環境保全、気候変動、責任ある調達、人権尊重など様々なサステナビリティ課題解決へ向けた取り組み活動を推進するため、「サステナビリティ推進委員会」を設置しています。㈱極洋の代表取締役を委員長とするサステナビリ
jpcrp_cor:RiskManagementTextBlock	リスク管理 [テキストブロック]	FilingDateInstant	－	(2)リスク管理①気候変動について　キョクヨーグループサステナビリティ基本方針の「４．環境との調和」の考えのもと、サステナビリティ推進委員会において、リスクのインパクトの大きさおよび発生する可能性の高さ・頻度から重要リスクの特定・評価を行い
jpcrp_cor:StrategyTextBlock	戦略 [テキストブロック]	FilingDateInstant	－	（3）戦略①気候変動リスクについて当社グループでは、気候変動は事業基盤である海洋環境の変化や異常気象を引き起こし、当社グループや社会にさまざまな影響を及ぼすことから、重要な経営課題として認識しています。一方で、当社グループの事業は多様である
jpcrp_cor:PolicyOnDevelopmentOfHumanResourcesAndInternalEnvironmentStrategyTextBlock	人材の育成及び社内環境整備に関する方針、戦略 [テキストブロック]	FilingDateInstant	－	②人的資本について　当社グループにおける、人材の多様性を含む人材の育成に関する方針及び社内環境整備に関する方針は、以下のとおりです。　当社グループでは、働きやすい職場環境づくりを進めることが仕事に対するモチベーションを高め、従業員が能力を発
jpcrp_cor:MetricsAndTargetsTextBlock	指標及び目標 [テキストブロック]	FilingDateInstant	－	（4）指標及び目標①気候変動リスクについて　当社グループは、中期経営計画『Gear Up Kyokuyo 2027』で、サステナビリティを意識した経営のもと、カーボンニュートラルへの貢献など事業を通じた社会課題に積極的に取り組む方針を掲げて
jpcrp_cor:DescriptionOfMetricsRelatedToPolicyOnDevelopmentOfHumanResourcesAndInternalEnvironmentAndTargetsAndPerformanceUsingSuchMetricsMetricsAndTargetsTextBlock	人材の育成及び社内環境整備に関する方針に関する指標の内容並びに当該指標を用いた目標及び実績、指標及び目標 [テキストブロック]	FilingDateInstant	－	②人的資本について当社では、上記「（３）戦略　②人的資本について」において記載した、人材の多様性を含む人材の育成に関する方針及び社内環境整備に関する方針について、次の指標を用いております。当該指標に関する目標及び実績は次のとおりであります。
jpcrp_cor:MetricsDescriptionOfMetricsRelatedToPolicyOnDevelopmentOfHumanResourcesAndInternalEnvironmentAndTargetsAndPerformanceUsingSuchMetrics	指標の内容、人材の育成及び社内環境整備に関する方針に関する指標の内容並びに当該指標を用いた目標及び実績	CurrentYearInstant_Row1Member	－	女性の継続雇用の割合
jpcrp_cor:TargetPeriodDescriptionOfMetricsRelatedToPolicyOnDevelopmentOfHumanResourcesAndInternalEnvironmentAndTargetsAndPerformanceUsingSuchMetrics	目標期間、人材の育成及び社内環境整備に関する方針に関する指標の内容並びに当該指標を用いた目標及び実績	CurrentYearInstant_Row1Member	－	2026年３月31日まで
jpcrp_cor:MetricsUnitDescriptionOfMetricsRelatedToPolicyOnDevelopmentOfHumanResourcesAndInternalEnvironmentAndTargetsAndPerformanceUsingSuchMetrics	指標の単位、人材の育成及び社内環境整備に関する方針に関する指標の内容並びに当該指標を用いた目標及び実績	CurrentYearInstant_Row1Member	－	％
jpcrp_cor:MetricsDescriptionOfMetricsRelatedToPolicyOnDevelopmentOfHumanResourcesAndInternalEnvironmentAndTargetsAndPerformanceUsingSuchMetrics	指標の内容、人材の育成及び社内環境整備に関する方針に関する指標の内容並びに当該指標を用いた目標及び実績	CurrentYearInstant_Row2Member	－	退職者の再雇用
jpcrp_cor:TargetPeriodDescriptionOfMetricsRelatedToPolicyOnDevelopmentOfHumanResourcesAndInternalEnvironmentAndTargetsAndPerformanceUsingSuchMetrics	目標期間、人材の育成及び社内環境整備に関する方針に関する指標の内容並びに当該指標を用いた目標及び実績	CurrentYearInstant_Row2Member	－	2026年３月31日まで
jpcrp_cor:MetricsUnitDescriptionOfMetricsRelatedToPolicyOnDevelopmentOfHumanResourcesAndInternalEnvironmentAndTargetsAndPerformanceUsingSuchMetrics	指標の単位、人材の育成及び社内環境整備に関する方針に関する指標の内容並びに当該指標を用いた目標及び実績	CurrentYearInstant_Row3Member	－	名
jpcrp_cor:MetricsDescriptionOfMetricsRelatedToPolicyOnDevelopmentOfHumanResourcesAndInternalEnvironmentAndTargetsAndPerformanceUsingSuchMetrics	指標の内容、人材の育成及び社内環境整備に関する方針に関する指標の内容並びに当該指標を用いた目標及び実績	CurrentYearInstant_Row5Member	－	男性社員の育児休業取得率及び育児を目的とした休暇利用者の割合、人数
jpcrp_cor:TargetPeriodDescriptionOfMetricsRelatedToPolicyOnDevelopmentOfHumanResourcesAndInternalEnvironmentAndTargetsAndPerformanceUsingSuchMetrics	目標期間、人材の育成及び社内環境整備に関する方針に関する指標の内容並びに当該指標を用いた目標及び実績	CurrentYearInstant_Row5Member	－	2026年３月31日まで
jpcrp_cor:BusinessRisksTextBlock	事業等のリスク [テキストブロック]	FilingDateInstant	－	 ３ 【事業等のリスク】経営者が当社グループの財政状態、経営成績及びキャッシュ・フローの状況に重要な影響を与える可能性があると認識している主要なリスクは以下のとおりであります。なお、文中における将来に関する事項は、当連結会計年度末（2026
jpcrp_cor:ManagementAnalysisOfFinancialPositionOperatingResultsAndCashFlowsTextBlock	経営者による財政状態、経営成績及びキャッシュ・フローの状況の分析 [テキストブロック]	FilingDateInstant	－	 ４ 【経営者による財政状態、経営成績及びキャッシュ・フローの状況の分析】当連結会計年度における当社グループの財政状態、経営成績及びキャッシュ・フロー（以下、「経営成績等」という。）の状況の概要並びに経営者の視点による当社グループの経営成績
jpcrp_cor:CriticalContractsTextBlock	重要な契約等 [テキストブロック]	FilingDateInstant	－	 ５ 【重要な契約等】該当事項はありません。 なお、当社は、2026年５月15日付で、LS Stream Ltd.(本社：シンガポール)と当社株式の取得に係る"Share Purchase Agreement"を締結しました。新たに取得され
jpcrp_cor:ResearchAndDevelopmentActivitiesTextBlock	研究開発活動 [テキストブロック]	FilingDateInstant	－	６ 【研究開発活動】当社グループは、食生活にとって大切な動物性蛋白質資源及びその他の食料資源をより有効に活用し、生物多様性の保全に努めながら、安心・安全で豊かな食生活を実現することを使命とし、以下の取り組みを行っております。(1) 魚肉蛋白
jpcrp_cor:OverviewOfCapitalExpendituresEtcTextBlock	設備投資等の概要 [テキストブロック]	FilingDateInstant	－	１ 【設備投資等の概要】当社グループは、中長期的な事業拡大及び事業の効率化を目的とした生産設備及びシステム関連等への投資を行っております。当連結会計年度は、当社グループ全体で3,009百万円の設備投資を実施しました。セグメント別の設備投資は
jpcrp_cor:MajorFacilitiesTextBlock	主要な設備の状況 [テキストブロック]	FilingDateInstant	－	２ 【主要な設備の状況】(1) 提出会社 （2026年３月31日現在)事業所名(所在地)セグメントの名称設備の内容帳簿価額(百万円)従業員数(名)建物及び構築物機械装置及び運搬具船舶土地(面積千㎡)リース資産その他合計本社及び支社(東京都港
jpcrp_cor:PlannedAdditionsRetirementsEtcOfFacilitiesTextBlock	設備の新設、除却等の計画 [テキストブロック]	FilingDateInstant	－	３ 【設備の新設、除却等の計画】(1) 重要な設備の新設等　　特記事項はありません。 (2) 重要な設備の除却等経常的な設備の更新のための除却等を除き、重要な設備の除却等の計画はありません。　
jpcrp_cor:TotalNumberOfSharesTextBlock	株式の総数 [テキストブロック]	FilingDateInstant	－	① 【株式の総数】 種類発行可能株式総数（株）普通株式43,700,000計43,700,000  
jpcrp_cor:IssuedSharesTotalNumberOfSharesEtcTextBlock	発行済株式、株式の総数等 [テキストブロック]	FilingDateInstant	－	② 【発行済株式】 種類事業年度末現在発行数(株)(2026年３月31日)提出日現在発行数(株)(2026年６月22日)上場金融商品取引所名又は登録認可金融商品取引業協会名内容普通株式12,078,28312,078,283東京証券取引所（
jpcrp_cor:ClassIssuedSharesTotalNumberOfSharesEtc	種類、発行済株式、株式の総数等	FilingDateInstant_OrdinaryShareMember	－	普通株式
jpcrp_cor:NameOfFinancialInstrumentsExchangeOnWhichSecuritiesAreListedOrAuthorizedFinancialInstrumentsBusinessAssociationToWhichSecuritiesAreRegistered	上場金融商品取引所名又は登録認可金融商品取引業協会名	FilingDateInstant_OrdinaryShareMember	－	東京証券取引所（プライム市場）
jpcrp_cor:DescriptionIssuedSharesTotalNumberOfSharesEtc	内容、発行済株式、株式の総数等	FilingDateInstant_OrdinaryShareMember	－	完全議決権株式であり、権利内容に何ら限定のない当社における標準となる株式単元株式数は100株であります。
jpcrp_cor:DetailsOfEmployeeShareOptionProgramTextBlock	ストックオプション制度の内容 [テキストブロック]	FilingDateInstant	－	① 【ストックオプション制度の内容】該当事項はありません。　
jpcrp_cor:DescriptionOfRightsPlanTextBlock	ライツプランの内容 [テキストブロック]	FilingDateInstant	－	② 【ライツプランの内容】該当事項はありません。　
jpcrp_cor:OtherInformationOnShareAcquisitionRightsTextBlock	その他の新株予約権等の状況 [テキストブロック]	FilingDateInstant	－	③ 【その他の新株予約権等の状況】 該当事項はありません。　
jpcrp_cor:ExercisesEtcOfMovingStrikeConvertibleBondsEtcTextBlock	行使価額修正条項付新株予約権付社債券等の行使状況等 [テキストブロック]	FilingDateInstant	－	(3) 【行使価額修正条項付新株予約権付社債券等の行使状況等】該当事項はありません。　
jpcrp_cor:ChangesInNumberOfIssuedSharesStatedCapitalEtcTextBlock	発行済株式総数、資本金等の推移 [テキストブロック]	FilingDateInstant	－	(4) 【発行済株式総数、資本金等の推移】 年月日発行済株式総数増減数(千株)発行済株式総数残高(千株)資本金増減額 (百万円)資本金残高 (百万円)資本準備金増減額(百万円)資本準備金残高(百万円)2024年３月１日(注１)1,00011
jpcrp_cor:ShareholdingByShareholderCategoryTextBlock	所有者別状況 [テキストブロック]	FilingDateInstant	－	 (5) 【所有者別状況】（2026年３月31日現在）区分株式の状況(１単元の株式数100株)単元未満株式の状況（株）政府及び地方公共団体金融機関金融商品取引業者その他の法人外国法人等個人その他計個人以外個人株主数(人)-283427683
jpcrp_cor:MajorShareholdersTextBlock	大株主の状況 [テキストブロック]	FilingDateInstant	－	(6) 【大株主の状況】(2026年３月31日現在)氏名又は名称住所所有株式数(千株)発行済株式(自己株式を除く。)の総数に対する所有株式数の割合(％)日本マスタートラスト信託銀行株式会社東京都港区赤坂一丁目８番１号1,41811.86株式
jpcrp_cor:NameMajorShareholders	氏名又は名称、大株主の状況	CurrentYearInstant_No1MajorShareholdersMember	－	日本マスタートラスト信託銀行株式会社
jpcrp_cor:AddressMajorShareholders	住所、大株主の状況	CurrentYearInstant_No1MajorShareholdersMember	－	東京都港区赤坂一丁目８番１号
jpcrp_cor:NameMajorShareholders	氏名又は名称、大株主の状況	CurrentYearInstant_No2MajorShareholdersMember	－	株式会社りそな銀行
jpcrp_cor:AddressMajorShareholders	住所、大株主の状況	CurrentYearInstant_No2MajorShareholdersMember	－	大阪府大阪市中央区備後町二丁目２番１号
jpcrp_cor:NameMajorShareholders	氏名又は名称、大株主の状況	CurrentYearInstant_No3MajorShareholdersMember	－	農林中央金庫
jpcrp_cor:AddressMajorShareholders	住所、大株主の状況	CurrentYearInstant_No3MajorShareholdersMember	－	東京都千代田区大手町一丁目２番１号
jpcrp_cor:NameMajorShareholders	氏名又は名称、大株主の状況	CurrentYearInstant_No4MajorShareholdersMember	－	株式会社日本カストディ銀行
jpcrp_cor:AddressMajorShareholders	住所、大株主の状況	CurrentYearInstant_No4MajorShareholdersMember	－	東京都中央区晴海一丁目８番12号
jpcrp_cor:NameMajorShareholders	氏名又は名称、大株主の状況	CurrentYearInstant_No5MajorShareholdersMember	－	東洋製罐グループホールディングス株式会社
jpcrp_cor:AddressMajorShareholders	住所、大株主の状況	CurrentYearInstant_No5MajorShareholdersMember	－	東京都品川区東五反田二丁目18番１号
jpcrp_cor:NameMajorShareholders	氏名又は名称、大株主の状況	CurrentYearInstant_No6MajorShareholdersMember	－	中村　格彰
jpcrp_cor:AddressMajorShareholders	住所、大株主の状況	CurrentYearInstant_No6MajorShareholdersMember	－	東京都中央区
jpcrp_cor:NameMajorShareholders	氏名又は名称、大株主の状況	CurrentYearInstant_No7MajorShareholdersMember	－	極洋秋津会
jpcrp_cor:AddressMajorShareholders	住所、大株主の状況	CurrentYearInstant_No7MajorShareholdersMember	－	東京都港区赤坂三丁目３番５号
jpcrp_cor:NameMajorShareholders	氏名又は名称、大株主の状況	CurrentYearInstant_No8MajorShareholdersMember	－	ＪＰ ＭＯＲＧＡＮ ＣＨＡＳＥ ＢＡＮＫ　３８５７８１(常任代理人　株式会社みずほ銀行決済営業部)
jpcrp_cor:AddressMajorShareholders	住所、大株主の状況	CurrentYearInstant_No8MajorShareholdersMember	－	２５ ＢＡＮＫ ＳＴＲＥＥＴ，ＣＡＮＡＲＹ ＷＨＡＲＦ， ＬＯＮＤＯＮ， Ｅ14 ５ＪＰ， ＵＮＩＴＥＤ ＫＩＮＧＤＯＭ（東京都港区港南2丁目１５-１）
jpcrp_cor:NameMajorShareholders	氏名又は名称、大株主の状況	CurrentYearInstant_No9MajorShareholdersMember	－	極洋従業員持株会
jpcrp_cor:AddressMajorShareholders	住所、大株主の状況	CurrentYearInstant_No9MajorShareholdersMember	－	東京都港区赤坂三丁目３番５号
jpcrp_cor:NameMajorShareholders	氏名又は名称、大株主の状況	CurrentYearInstant_No10MajorShareholdersMember	－	岩崎　泰次
jpcrp_cor:AddressMajorShareholders	住所、大株主の状況	CurrentYearInstant_No10MajorShareholdersMember	－	静岡県静岡市駿河区
jpcrp_cor:IssuedSharesVotingRightsTextBlock	発行済株式、議決権の状況 [テキストブロック]	FilingDateInstant	－	① 【発行済株式】   (2026年３月31日現在)区分株式数　（株）議決権の数（個）内容無議決権株式―――議決権制限株式（自己株式等）―――議決権制限株式（その他）―――完全議決権株式（自己株式等）（自己保有株式）普通株式124,400 
jpcrp_cor:DescriptionIssuedSharesVotingRights	内容、発行済株式、議決権の状況	CurrentYearInstant_SharesWithNoVotingRightsMember	－	－
jpcrp_cor:DescriptionIssuedSharesVotingRights	内容、発行済株式、議決権の状況	CurrentYearInstant_SharesWithRestrictedVotingRightsTreasurySharesEtcMember	－	－
jpcrp_cor:DescriptionIssuedSharesVotingRights	内容、発行済株式、議決権の状況	CurrentYearInstant_SharesWithRestrictedVotingRightsOtherMember	－	－
jpcrp_cor:DescriptionIssuedSharesVotingRights	内容、発行済株式、議決権の状況	CurrentYearInstant_OrdinarySharesTreasurySharesSharesWithFullVotingRightsTreasurySharesEtcMember	－	－
jpcrp_cor:DescriptionIssuedSharesVotingRights	内容、発行済株式、議決権の状況	CurrentYearInstant_OrdinarySharesSharesWithFullVotingRightsOtherMember	－	－
jpcrp_cor:DescriptionIssuedSharesVotingRights	内容、発行済株式、議決権の状況	CurrentYearInstant_OrdinarySharesSharesLessThanOneUnitMember	－	－
jpcrp_cor:TreasurySharesEtcTextBlock	自己株式等 [テキストブロック]	FilingDateInstant	－	② 【自己株式等】   (2026年３月31日現在)所有者の氏名又は名称所有者の住所自己名義所有株式数(株)他人名義所有株式数（株）所有株式数の合計(株)発行済株式総数に対する所有株式数の割合(％)（自己保有株式）株式会社　極洋東京都港区赤
jpcrp_cor:NameOfShareholderTreasurySharesEtc	所有者の氏名又は名称、自己株式等	CurrentYearInstant_Row1Member	－	株式会社　極洋
jpcrp_cor:AddressOfShareholderTreasurySharesEtc	所有者の住所、自己株式等	CurrentYearInstant_Row1Member	－	東京都港区赤坂三丁目３番５号
jpcrp_cor:ShareOwnershipPlansForDirectorsAndOtherOfficersAndEmployeesTextBlock	役員・従業員株式所有制度の内容 [テキストブロック]	FilingDateInstant	－	 (8) 【役員・従業員株式所有制度の内容】当社は、当社の取締役（社外取締役及び国内非居住者を除く。）および執行役員（国内非居住者を除く。）（以下、併せて「対象取締役等」という。）を対象に、中長期的視野をもって、業績の向上と企業価値の増大へ
jpcrp_cor:ClassesOfSharesEtcTextBlock	株式の種類等 [テキストブロック]	FilingDateInstant	－	【株式の種類等】　　会社法第155条第７号による普通株式の取得 
jpcrp_cor:AcquisitionsByResolutionOfShareholdersMeetingTextBlock	株主総会決議による取得の状況 [テキストブロック]	FilingDateInstant	－	(1) 【株主総会決議による取得の状況】該当事項はありません。　
jpcrp_cor:AcquisitionsByResolutionOfBoardOfDirectorsMeetingTextBlock	取締役会決議による取得の状況 [テキストブロック]	FilingDateInstant	－	(2) 【取締役会決議による取得の状況】該当事項はありません。 
jpcrp_cor:AcquisitionsNotBasedOnResolutionOfShareholdersMeetingOrBoardOfDirectorsMeetingTextBlock	株主総会決議又は取締役会決議に基づかないものの内容 [テキストブロック]	FilingDateInstant	－	(3) 【株主総会決議又は取締役会決議に基づかないものの内容】区分株式数(株)価額の総額(千円)当事業年度における取得自己株式148657当期間における取得自己株式630 (注）当期間における取得自己株式数には、2026年６月１日から有価証
jpcrp_cor:DisposalsOrHoldingOfAcquiredTreasurySharesTextBlock	取得自己株式の処理状況及び保有状況 [テキストブロック]	FilingDateInstant	－	(4) 【取得自己株式の処理状況及び保有状況】区分当事業年度当期間株式数(株)処分価額の総額(千円)株式数(株)処分価額の総額(千円)引き受ける者の募集を行った取得自己株式－－－－消却の処分を行った取得自己株式－－－－合併、株式交換、株式交
jpcrp_cor:DividendPolicyTextBlock	配当政策 [テキストブロック]	FilingDateInstant	－	 ３ 【配当政策】当社は、株主に対する適切な利益還元を経営の重要な課題のひとつと位置付けており、企業体質の強化及び将来の事業展開に備えるための内部留保の充実を図るとともに、安定配当を継続しつつも、中長期的な利益成長による配当水準の向上を目指
jpcrp_cor:DateOfResolutionDividendsOfSurplus	決議日付、剰余金の配当	FilingDateInstant_Row1Member	－	2026-06-24
jpcrp_cor:ResolutionDividendsOfSurplus	決議、剰余金の配当	FilingDateInstant_Row1Member	－	定時株主総会決議（予定）
jpcrp_cor:OverviewOfCorporateGovernanceTextBlock	コーポレート・ガバナンスの概要 [テキストブロック]	FilingDateInstant	－	(1) 【コーポレート・ガバナンスの概要】 ①　コーポレート・ガバナンスに関する基本的な考え方当社及びグループ会社は、株主をはじめとするステークホルダーに対し、透明性の高い経営を行うとともに、迅速果断な意思決定を行い、持続的な成長と中長期的
jpcrp_cor:CorporateGovernanceCompanyWithCorporateAuditorsTextBlock	企業統治の体制の概要（監査役設置会社） [テキストブロック]	FilingDateInstant	－	 ①　コーポレート・ガバナンスに関する基本的な考え方当社及びグループ会社は、株主をはじめとするステークホルダーに対し、透明性の高い経営を行うとともに、迅速果断な意思決定を行い、持続的な成長と中長期的な企業価値の向上を目指していくことをコーポ
jpcrp_cor:BasicPolicyRegardingControlOfCompanyTextBlock	会社の支配に関する基本方針 [テキストブロック]	FilingDateInstant	－	④　当社株式の大量買付行為への対応方針当社は株式会社の支配に関する基本方針として『当社株式の大規模買付行為への対応方針(買収防衛策)』を定めており、2023年６月27日開催の第100回定時株主総会において、2026年６月24日開催予定の定時
jpcrp_cor:InformationAboutOfficersTextBlock	役員の状況 [テキストブロック]	FilingDateInstant	－	 (2) 【役員の状況】①　役員一覧男性15名　女性 3名　（役員のうち女性の比率16.7％）役職名氏名生年月日略歴任期所有株式数(株)代表取締役社長井　上　　　誠1957年12月 5日1980年 4月当社入社2004年 6月当社水産部水産
jpcrp_cor:OfficialTitleOrPositionInformationAboutDirectorsAndCorporateAuditors	役職名、役員の状況（取締役（及び監査役））	FilingDateInstant_jpcrp030000-asr_E00012-000InoueMakotoMember	－	代表取締役社長
jpcrp_cor:NameInformationAboutDirectorsAndCorporateAuditors	氏名、役員の状況（取締役（及び監査役））	FilingDateInstant_jpcrp030000-asr_E00012-000InoueMakotoMember	－	井　上　　　誠
jpcrp_cor:DateOfBirthInformationAboutDirectorsAndCorporateAuditors	生年月日、役員の状況（取締役（及び監査役））	FilingDateInstant_jpcrp030000-asr_E00012-000InoueMakotoMember	－	1957-12-05
jpcrp_cor:CareerSummaryInformationAboutDirectorsAndCorporateAuditorsTextBlock	略歴、役員の状況（取締役（及び監査役）） [テキストブロック]	FilingDateInstant_jpcrp030000-asr_E00012-000InoueMakotoMember	－	1980年 4月当社入社2004年 6月当社水産部水産第３部長2005年 4月当社水産部水産第２部長2006年 4月当社水産冷凍食品部長2010年 6月当社大阪支社長2012年 6月当社取締役大阪支社長2014年 4月当社取締役東京支社長2
jpcrp_cor:TermOfOfficeInformationAboutDirectorsAndCorporateAuditors	任期、役員の状況（取締役（及び監査役））	FilingDateInstant_jpcrp030000-asr_E00012-000InoueMakotoMember	－	(注)3
jpcrp_cor:OfficialTitleOrPositionInformationAboutDirectorsAndCorporateAuditors	役職名、役員の状況（取締役（及び監査役））	FilingDateInstant_jpcrp030000-asr_E00012-000KondoShigeruMember	－	取締役副社長
jpcrp_cor:NameInformationAboutDirectorsAndCorporateAuditors	氏名、役員の状況（取締役（及び監査役））	FilingDateInstant_jpcrp030000-asr_E00012-000KondoShigeruMember	－	近　藤　　　茂
jpcrp_cor:DateOfBirthInformationAboutDirectorsAndCorporateAuditors	生年月日、役員の状況（取締役（及び監査役））	FilingDateInstant_jpcrp030000-asr_E00012-000KondoShigeruMember	－	1958-12-08
jpcrp_cor:CareerSummaryInformationAboutDirectorsAndCorporateAuditorsTextBlock	略歴、役員の状況（取締役（及び監査役）） [テキストブロック]	FilingDateInstant_jpcrp030000-asr_E00012-000KondoShigeruMember	－	1982年 4月当社入社2011年 6月当社海外事業部長2015年 6月当社水産加工第３部長2017年 6月当社取締役水産加工第３部長2019年 6月当社常務取締役水産加工第３部長2020年 6月当社常務取締役水産加工第２部長2021年 3
jpcrp_cor:TermOfOfficeInformationAboutDirectorsAndCorporateAuditors	任期、役員の状況（取締役（及び監査役））	FilingDateInstant_jpcrp030000-asr_E00012-000KondoShigeruMember	－	(注)3
jpcrp_cor:OfficialTitleOrPositionInformationAboutDirectorsAndCorporateAuditors	役職名、役員の状況（取締役（及び監査役））	FilingDateInstant_jpcrp030000-asr_E00012-000KiyamaShuichiMember	－	専務取締役業務本部長
jpcrp_cor:NameInformationAboutDirectorsAndCorporateAuditors	氏名、役員の状況（取締役（及び監査役））	FilingDateInstant_jpcrp030000-asr_E00012-000KiyamaShuichiMember	－	木　山　修　一
jpcrp_cor:DateOfBirthInformationAboutDirectorsAndCorporateAuditors	生年月日、役員の状況（取締役（及び監査役））	FilingDateInstant_jpcrp030000-asr_E00012-000KiyamaShuichiMember	－	1959-08-30
jpcrp_cor:CareerSummaryInformationAboutDirectorsAndCorporateAuditorsTextBlock	略歴、役員の状況（取締役（及び監査役）） [テキストブロック]	FilingDateInstant_jpcrp030000-asr_E00012-000KiyamaShuichiMember	－	1983年 4月当社入社2013年 4月当社企画部長2017年 6月当社取締役企画部長2020年 6月当社常務取締役2022年 6月当社専務取締役総務部長2023年 4月当社専務取締役2025年 6月キョクヨー秋津冷蔵㈱代表取締役会長（現）
jpcrp_cor:TermOfOfficeInformationAboutDirectorsAndCorporateAuditors	任期、役員の状況（取締役（及び監査役））	FilingDateInstant_jpcrp030000-asr_E00012-000KiyamaShuichiMember	－	(注)3
jpcrp_cor:OfficialTitleOrPositionInformationAboutDirectorsAndCorporateAuditors	役職名、役員の状況（取締役（及び監査役））	FilingDateInstant_jpcrp030000-asr_E00012-000HigakiHitoshiMember	－	常務取締役管理本部長
jpcrp_cor:NameInformationAboutDirectorsAndCorporateAuditors	氏名、役員の状況（取締役（及び監査役））	FilingDateInstant_jpcrp030000-asr_E00012-000HigakiHitoshiMember	－	檜　垣　仁　志
jpcrp_cor:DateOfBirthInformationAboutDirectorsAndCorporateAuditors	生年月日、役員の状況（取締役（及び監査役））	FilingDateInstant_jpcrp030000-asr_E00012-000HigakiHitoshiMember	－	1962-08-17
jpcrp_cor:CareerSummaryInformationAboutDirectorsAndCorporateAuditorsTextBlock	略歴、役員の状況（取締役（及び監査役）） [テキストブロック]	FilingDateInstant_jpcrp030000-asr_E00012-000HigakiHitoshiMember	－	1986年 4月当社入社2017年 6月当社経理部長2020年 6月当社取締役経理部長2021年 4月当社取締役経営管理部長2022年 6月当社常務取締役経営管理部長2024年 3月当社常務取締役2026年 4月当社常務取締役管理本部長（現
jpcrp_cor:TermOfOfficeInformationAboutDirectorsAndCorporateAuditors	任期、役員の状況（取締役（及び監査役））	FilingDateInstant_jpcrp030000-asr_E00012-000HigakiHitoshiMember	－	(注)3
jpcrp_cor:OfficialTitleOrPositionInformationAboutDirectorsAndCorporateAuditors	役職名、役員の状況（取締役（及び監査役））	FilingDateInstant_jpcrp030000-asr_E00012-000TanakaYutakaMember	－	取締役大阪支社長
jpcrp_cor:NameInformationAboutDirectorsAndCorporateAuditors	氏名、役員の状況（取締役（及び監査役））	FilingDateInstant_jpcrp030000-asr_E00012-000TanakaYutakaMember	－	田　中　　　豊
jpcrp_cor:DateOfBirthInformationAboutDirectorsAndCorporateAuditors	生年月日、役員の状況（取締役（及び監査役））	FilingDateInstant_jpcrp030000-asr_E00012-000TanakaYutakaMember	－	1961-08-20
jpcrp_cor:CareerSummaryInformationAboutDirectorsAndCorporateAuditorsTextBlock	略歴、役員の状況（取締役（及び監査役）） [テキストブロック]	FilingDateInstant_jpcrp030000-asr_E00012-000TanakaYutakaMember	－	1984年 4月当社入社2010年 8月当社大阪支社冷凍食品部長2016年 4月当社調理冷凍食品部長2018年 6月当社取締役調理冷凍食品部長2021年 4月当社取締役業務食品本部長、業務食品第１部長、ロジスティクス本部長2022年 6月当
jpcrp_cor:TermOfOfficeInformationAboutDirectorsAndCorporateAuditors	任期、役員の状況（取締役（及び監査役））	FilingDateInstant_jpcrp030000-asr_E00012-000TanakaYutakaMember	－	(注)3
jpcrp_cor:OfficialTitleOrPositionInformationAboutDirectorsAndCorporateAuditors	役職名、役員の状況（取締役（及び監査役））	FilingDateInstant_jpcrp030000-asr_E00012-000YamaguchiKeizoMember	－	取締役生鮮事業本部長
jpcrp_cor:NameInformationAboutDirectorsAndCorporateAuditors	氏名、役員の状況（取締役（及び監査役））	FilingDateInstant_jpcrp030000-asr_E00012-000YamaguchiKeizoMember	－	山　口　敬　三
jpcrp_cor:DateOfBirthInformationAboutDirectorsAndCorporateAuditors	生年月日、役員の状況（取締役（及び監査役））	FilingDateInstant_jpcrp030000-asr_E00012-000YamaguchiKeizoMember	－	1962-01-08
jpcrp_cor:CareerSummaryInformationAboutDirectorsAndCorporateAuditorsTextBlock	略歴、役員の状況（取締役（及び監査役）） [テキストブロック]	FilingDateInstant_jpcrp030000-asr_E00012-000YamaguchiKeizoMember	－	1984年 4月当社入社2014年 4月当社品質保証部長2016年 4月当社家庭用冷凍食品部長2018年 3月当社常温食品部長2020年 6月当社取締役常温食品部長2021年 4月当社取締役市販食品本部長、市販食品第２部長2023年 4月当
jpcrp_cor:TermOfOfficeInformationAboutDirectorsAndCorporateAuditors	任期、役員の状況（取締役（及び監査役））	FilingDateInstant_jpcrp030000-asr_E00012-000YamaguchiKeizoMember	－	(注)3
jpcrp_cor:OfficialTitleOrPositionInformationAboutDirectorsAndCorporateAuditors	役職名、役員の状況（取締役（及び監査役））	FilingDateInstant_jpcrp030000-asr_E00012-000HattoriAtsushiMember	－	取締役水産事業本部長
jpcrp_cor:NameInformationAboutDirectorsAndCorporateAuditors	氏名、役員の状況（取締役（及び監査役））	FilingDateInstant_jpcrp030000-asr_E00012-000HattoriAtsushiMember	－	服　部　　　篤
jpcrp_cor:DateOfBirthInformationAboutDirectorsAndCorporateAuditors	生年月日、役員の状況（取締役（及び監査役））	FilingDateInstant_jpcrp030000-asr_E00012-000HattoriAtsushiMember	－	1965-07-16
jpcrp_cor:CareerSummaryInformationAboutDirectorsAndCorporateAuditorsTextBlock	略歴、役員の状況（取締役（及び監査役）） [テキストブロック]	FilingDateInstant_jpcrp030000-asr_E00012-000HattoriAtsushiMember	－	1988年 4月当社入社2016年 6月当社水産加工第２部長2020年 6月当社東京支社長2023年 4月当社執行役員食品事業本部長2023年 6月当社取締役食品事業本部長2026年 4月当社取締役水産事業本部長（現）
jpcrp_cor:TermOfOfficeInformationAboutDirectorsAndCorporateAuditors	任期、役員の状況（取締役（及び監査役））	FilingDateInstant_jpcrp030000-asr_E00012-000HattoriAtsushiMember	－	(注)3
jpcrp_cor:OfficialTitleOrPositionInformationAboutDirectorsAndCorporateAuditors	役職名、役員の状況（取締役（及び監査役））	FilingDateInstant_jpcrp030000-asr_E00012-000MiyamaMasakiMember	－	取締役食品事業本部長水産加工事業本部長
jpcrp_cor:NameInformationAboutDirectorsAndCorporateAuditors	氏名、役員の状況（取締役（及び監査役））	FilingDateInstant_jpcrp030000-asr_E00012-000MiyamaMasakiMember	－	三　山　正　樹
jpcrp_cor:DateOfBirthInformationAboutDirectorsAndCorporateAuditors	生年月日、役員の状況（取締役（及び監査役））	FilingDateInstant_jpcrp030000-asr_E00012-000MiyamaMasakiMember	－	1966-03-30
jpcrp_cor:CareerSummaryInformationAboutDirectorsAndCorporateAuditorsTextBlock	略歴、役員の状況（取締役（及び監査役）） [テキストブロック]	FilingDateInstant_jpcrp030000-asr_E00012-000MiyamaMasakiMember	－	1989年 4月当社入社2012年 8月Kyokuyo America Corporation代表取締役社長2017年 6月当社水産冷凍食品部長2019年 4月当社札幌支社長2021年 3月当社海外事業部長2023年 4月当社執行役員生鮮事
jpcrp_cor:TermOfOfficeInformationAboutDirectorsAndCorporateAuditors	任期、役員の状況（取締役（及び監査役））	FilingDateInstant_jpcrp030000-asr_E00012-000MiyamaMasakiMember	－	(注)3
jpcrp_cor:OfficialTitleOrPositionInformationAboutDirectorsAndCorporateAuditors	役職名、役員の状況（取締役（及び監査役））	FilingDateInstant_jpcrp030000-asr_E00012-000OdaMasahikoMember	－	取締役業務副本部長
jpcrp_cor:NameInformationAboutDirectorsAndCorporateAuditors	氏名、役員の状況（取締役（及び監査役））	FilingDateInstant_jpcrp030000-asr_E00012-000OdaMasahikoMember	－	小　田　匡　彦
jpcrp_cor:DateOfBirthInformationAboutDirectorsAndCorporateAuditors	生年月日、役員の状況（取締役（及び監査役））	FilingDateInstant_jpcrp030000-asr_E00012-000OdaMasahikoMember	－	1966-07-12
jpcrp_cor:CareerSummaryInformationAboutDirectorsAndCorporateAuditorsTextBlock	略歴、役員の状況（取締役（及び監査役）） [テキストブロック]	FilingDateInstant_jpcrp030000-asr_E00012-000OdaMasahikoMember	－	1990年 4月㈱大和銀行（現　㈱りそな銀行）入行2008年10月同行長後支店お客様サービス部長2012年 1月同行横浜南エリア営業第三部長2014年 1月同行江戸川南支店統括部長2016年10月同行ローン管理部長2020年 6月当社入社当
jpcrp_cor:TermOfOfficeInformationAboutDirectorsAndCorporateAuditors	任期、役員の状況（取締役（及び監査役））	FilingDateInstant_jpcrp030000-asr_E00012-000OdaMasahikoMember	－	(注)3
jpcrp_cor:OfficialTitleOrPositionInformationAboutDirectorsAndCorporateAuditors	役職名、役員の状況（取締役（及び監査役））	FilingDateInstant_jpcrp030000-asr_E00012-000MiuraMasayoMember	－	取締役
jpcrp_cor:NameInformationAboutDirectorsAndCorporateAuditors	氏名、役員の状況（取締役（及び監査役））	FilingDateInstant_jpcrp030000-asr_E00012-000MiuraMasayoMember	－	三　浦　理　代
jpcrp_cor:DateOfBirthInformationAboutDirectorsAndCorporateAuditors	生年月日、役員の状況（取締役（及び監査役））	FilingDateInstant_jpcrp030000-asr_E00012-000MiuraMasayoMember	－	1946-05-16
jpcrp_cor:CareerSummaryInformationAboutDirectorsAndCorporateAuditorsTextBlock	略歴、役員の状況（取締役（及び監査役）） [テキストブロック]	FilingDateInstant_jpcrp030000-asr_E00012-000MiuraMasayoMember	－	1970年 4月女子栄養大学（現　日本栄養大学）助手1995年 4月同大学助教授2001年 4月同大学教授2003年 1月同大学実践栄養学科長2009年 1月同大学学務部長2015年 6月当社取締役（現）2017年 4月女子栄養大学（現　日
jpcrp_cor:TermOfOfficeInformationAboutDirectorsAndCorporateAuditors	任期、役員の状況（取締役（及び監査役））	FilingDateInstant_jpcrp030000-asr_E00012-000MiuraMasayoMember	－	(注)3
jpcrp_cor:OfficialTitleOrPositionInformationAboutDirectorsAndCorporateAuditors	役職名、役員の状況（取締役（及び監査役））	FilingDateInstant_jpcrp030000-asr_E00012-000ShiraoMikaMember	－	取締役
jpcrp_cor:NameInformationAboutDirectorsAndCorporateAuditors	氏名、役員の状況（取締役（及び監査役））	FilingDateInstant_jpcrp030000-asr_E00012-000ShiraoMikaMember	－	白　尾　美　佳
jpcrp_cor:DateOfBirthInformationAboutDirectorsAndCorporateAuditors	生年月日、役員の状況（取締役（及び監査役））	FilingDateInstant_jpcrp030000-asr_E00012-000ShiraoMikaMember	－	1960-02-28
jpcrp_cor:CareerSummaryInformationAboutDirectorsAndCorporateAuditorsTextBlock	略歴、役員の状況（取締役（及び監査役）） [テキストブロック]	FilingDateInstant_jpcrp030000-asr_E00012-000ShiraoMikaMember	－	1994年 4月国立公衆衛生院（現　国立保健医療科学院）特別研究員2002年 4月実践女子短期大学助教授2014年 4月実践女子大学教授（現）2020年 6月当社取締役（現）
jpcrp_cor:TermOfOfficeInformationAboutDirectorsAndCorporateAuditors	任期、役員の状況（取締役（及び監査役））	FilingDateInstant_jpcrp030000-asr_E00012-000ShiraoMikaMember	－	(注)3
jpcrp_cor:OfficialTitleOrPositionInformationAboutDirectorsAndCorporateAuditors	役職名、役員の状況（取締役（及び監査役））	FilingDateInstant_jpcrp030000-asr_E00012-000MachidaKatsuhiroMember	－	取締役
jpcrp_cor:NameInformationAboutDirectorsAndCorporateAuditors	氏名、役員の状況（取締役（及び監査役））	FilingDateInstant_jpcrp030000-asr_E00012-000MachidaKatsuhiroMember	－	町　田　勝　弘
jpcrp_cor:DateOfBirthInformationAboutDirectorsAndCorporateAuditors	生年月日、役員の状況（取締役（及び監査役））	FilingDateInstant_jpcrp030000-asr_E00012-000MachidaKatsuhiroMember	－	1953-11-15
jpcrp_cor:CareerSummaryInformationAboutDirectorsAndCorporateAuditorsTextBlock	略歴、役員の状況（取締役（及び監査役）） [テキストブロック]	FilingDateInstant_jpcrp030000-asr_E00012-000MachidaKatsuhiroMember	－	1976年 4月農林水産省入省2009年 7月水産庁長官2010年 7月農林水産省事務次官2013年 5月(一社）JA共済総合研究所理事長2016年 3月日本中央競馬会副理事長2020年 3月JRAファシリティーズ㈱代表取締役会長2021年
jpcrp_cor:TermOfOfficeInformationAboutDirectorsAndCorporateAuditors	任期、役員の状況（取締役（及び監査役））	FilingDateInstant_jpcrp030000-asr_E00012-000MachidaKatsuhiroMember	－	(注)3
jpcrp_cor:OfficialTitleOrPositionInformationAboutDirectorsAndCorporateAuditors	役職名、役員の状況（取締役（及び監査役））	FilingDateInstant_jpcrp030000-asr_E00012-000YamadaEijiMember	－	取締役
jpcrp_cor:NameInformationAboutDirectorsAndCorporateAuditors	氏名、役員の状況（取締役（及び監査役））	FilingDateInstant_jpcrp030000-asr_E00012-000YamadaEijiMember	－	山　田　英　司
jpcrp_cor:DateOfBirthInformationAboutDirectorsAndCorporateAuditors	生年月日、役員の状況（取締役（及び監査役））	FilingDateInstant_jpcrp030000-asr_E00012-000YamadaEijiMember	－	1955-07-18
jpcrp_cor:CareerSummaryInformationAboutDirectorsAndCorporateAuditorsTextBlock	略歴、役員の状況（取締役（及び監査役）） [テキストブロック]	FilingDateInstant_jpcrp030000-asr_E00012-000YamadaEijiMember	－	1978年 4月日本電信電話公社（現 日本電信電話㈱）入社2001年 6月㈱エヌ・ティ・ティ・データ（現 ㈱NTTデータグループ）金融システム事業本部金融ビジネス企画本部長2002年 4月同社ビジネス開発事業本部決済ビジネス事業部長2004
jpcrp_cor:TermOfOfficeInformationAboutDirectorsAndCorporateAuditors	任期、役員の状況（取締役（及び監査役））	FilingDateInstant_jpcrp030000-asr_E00012-000YamadaEijiMember	－	(注)3
jpcrp_cor:OfficialTitleOrPositionInformationAboutDirectorsAndCorporateAuditors	役職名、役員の状況（取締役（及び監査役））	FilingDateInstant_jpcrp030000-asr_E00012-000NaganoAsakoMember	－	取締役
jpcrp_cor:NameInformationAboutDirectorsAndCorporateAuditors	氏名、役員の状況（取締役（及び監査役））	FilingDateInstant_jpcrp030000-asr_E00012-000NaganoAsakoMember	－	長　野　麻　子
jpcrp_cor:DateOfBirthInformationAboutDirectorsAndCorporateAuditors	生年月日、役員の状況（取締役（及び監査役））	FilingDateInstant_jpcrp030000-asr_E00012-000NaganoAsakoMember	－	1971-12-11
jpcrp_cor:CareerSummaryInformationAboutDirectorsAndCorporateAuditorsTextBlock	略歴、役員の状況（取締役（及び監査役）） [テキストブロック]	FilingDateInstant_jpcrp030000-asr_E00012-000NaganoAsakoMember	－	1994年 4月農林水産省入省2010年 4月水産庁水産経営課課長補佐2011年 2月内閣府食品安全委員会事務局総務課課長補佐2013年 1月食料産業局バイオマス循環資源課食品産業環境対策室長2015年 4月大臣官房広報評価課報道室長201
jpcrp_cor:TermOfOfficeInformationAboutDirectorsAndCorporateAuditors	任期、役員の状況（取締役（及び監査役））	FilingDateInstant_jpcrp030000-asr_E00012-000NaganoAsakoMember	－	(注)3
jpcrp_cor:OfficialTitleOrPositionInformationAboutDirectorsAndCorporateAuditors	役職名、役員の状況（取締役（及び監査役））	FilingDateInstant_jpcrp030000-asr_E00012-000SasakiTsutomuMember	－	監査役（常勤）
jpcrp_cor:NameInformationAboutDirectorsAndCorporateAuditors	氏名、役員の状況（取締役（及び監査役））	FilingDateInstant_jpcrp030000-asr_E00012-000SasakiTsutomuMember	－	佐　々　木　力
jpcrp_cor:DateOfBirthInformationAboutDirectorsAndCorporateAuditors	生年月日、役員の状況（取締役（及び監査役））	FilingDateInstant_jpcrp030000-asr_E00012-000SasakiTsutomuMember	－	1965-09-01
jpcrp_cor:CareerSummaryInformationAboutDirectorsAndCorporateAuditorsTextBlock	略歴、役員の状況（取締役（及び監査役）） [テキストブロック]	FilingDateInstant_jpcrp030000-asr_E00012-000SasakiTsutomuMember	－	1989年 4月㈱大和銀行（現　㈱りそな銀行）入行2006年 3月同行枚方支店営業第一部長2008年 4月同行淀川エリア営業第四部長2009年10月同行三国エリア営業部長2010年 4月同行桜川・大正エリア営業第一部長2013年 4月同行大
jpcrp_cor:TermOfOfficeInformationAboutDirectorsAndCorporateAuditors	任期、役員の状況（取締役（及び監査役））	FilingDateInstant_jpcrp030000-asr_E00012-000SasakiTsutomuMember	－	(注)4
jpcrp_cor:OfficialTitleOrPositionInformationAboutDirectorsAndCorporateAuditors	役職名、役員の状況（取締役（及び監査役））	FilingDateInstant_jpcrp030000-asr_E00012-000FukushimaShigeruMember	－	監査役（常勤）
jpcrp_cor:NameInformationAboutDirectorsAndCorporateAuditors	氏名、役員の状況（取締役（及び監査役））	FilingDateInstant_jpcrp030000-asr_E00012-000FukushimaShigeruMember	－	福　嶌　　茂
jpcrp_cor:DateOfBirthInformationAboutDirectorsAndCorporateAuditors	生年月日、役員の状況（取締役（及び監査役））	FilingDateInstant_jpcrp030000-asr_E00012-000FukushimaShigeruMember	－	1968-10-16
jpcrp_cor:CareerSummaryInformationAboutDirectorsAndCorporateAuditorsTextBlock	略歴、役員の状況（取締役（及び監査役）） [テキストブロック]	FilingDateInstant_jpcrp030000-asr_E00012-000FukushimaShigeruMember	－	1992年 4月農林中央金庫入庫2011年10月同高松支店高知推進室長2014年 7月同大阪支店副支店長2016年 7月同人事部副部長2017年 7月同事務企画部長2019年 4月同人事部長2025年 4月同営業企画部参事役2025年 6月
jpcrp_cor:TermOfOfficeInformationAboutDirectorsAndCorporateAuditors	任期、役員の状況（取締役（及び監査役））	FilingDateInstant_jpcrp030000-asr_E00012-000FukushimaShigeruMember	－	(注)4
jpcrp_cor:OfficialTitleOrPositionInformationAboutDirectorsAndCorporateAuditors	役職名、役員の状況（取締役（及び監査役））	FilingDateInstant_jpcrp030000-asr_E00012-000SobajimaYasuyukiMember	－	監査役
jpcrp_cor:NameInformationAboutDirectorsAndCorporateAuditors	氏名、役員の状況（取締役（及び監査役））	FilingDateInstant_jpcrp030000-asr_E00012-000SobajimaYasuyukiMember	－	傍　島　康　之
jpcrp_cor:DateOfBirthInformationAboutDirectorsAndCorporateAuditors	生年月日、役員の状況（取締役（及び監査役））	FilingDateInstant_jpcrp030000-asr_E00012-000SobajimaYasuyukiMember	－	1957-04-23
jpcrp_cor:CareerSummaryInformationAboutDirectorsAndCorporateAuditorsTextBlock	略歴、役員の状況（取締役（及び監査役）） [テキストブロック]	FilingDateInstant_jpcrp030000-asr_E00012-000SobajimaYasuyukiMember	－	1981年 4月当社入社2015年 6月当社業務部長2017年 6月当社名古屋支社長2019年 4月当社大阪支社長2020年 6月当社取締役大阪支社長2021年 3月当社取締役、極洋水産㈱代表取締役社長2021年 6月極洋水産㈱代表取締役社
jpcrp_cor:TermOfOfficeInformationAboutDirectorsAndCorporateAuditors	任期、役員の状況（取締役（及び監査役））	FilingDateInstant_jpcrp030000-asr_E00012-000SobajimaYasuyukiMember	－	(注)4
jpcrp_cor:OfficialTitleOrPositionInformationAboutDirectorsAndCorporateAuditors	役職名、役員の状況（取締役（及び監査役））	FilingDateInstant_jpcrp030000-asr_E00012-000SuzukiJunjiMember	－	監査役
jpcrp_cor:NameInformationAboutDirectorsAndCorporateAuditors	氏名、役員の状況（取締役（及び監査役））	FilingDateInstant_jpcrp030000-asr_E00012-000SuzukiJunjiMember	－	鈴　木　淳　二
jpcrp_cor:DateOfBirthInformationAboutDirectorsAndCorporateAuditors	生年月日、役員の状況（取締役（及び監査役））	FilingDateInstant_jpcrp030000-asr_E00012-000SuzukiJunjiMember	－	1959-06-05
jpcrp_cor:CareerSummaryInformationAboutDirectorsAndCorporateAuditorsTextBlock	略歴、役員の状況（取締役（及び監査役）） [テキストブロック]	FilingDateInstant_jpcrp030000-asr_E00012-000SuzukiJunjiMember	－	1982年 4月当社入社2011年12月当社商品開発部長2016年 4月当社品質保証部長2021年 4月当社食品事業管理部長2023年 4月当社ロジスティクス部長2024年 6月当社退職2025年 6月当社監査役（現）
jpcrp_cor:TermOfOfficeInformationAboutDirectorsAndCorporateAuditors	任期、役員の状況（取締役（及び監査役））	FilingDateInstant_jpcrp030000-asr_E00012-000SuzukiJunjiMember	－	(注)4
jpcrp_cor:FootnotesDirectorsAndCorporateAuditorsTextBlock	脚注（取締役（及び監査役） [テキストブロック]	FilingDateInstant_Row1Member	－	（注）１　取締役　三浦理代、白尾美佳、町田勝弘、山田英司、長野麻子の５氏は、社外取締役であります。
jpcrp_cor:FootnotesDirectorsAndCorporateAuditorsTextBlock	脚注（取締役（及び監査役） [テキストブロック]	FilingDateInstant_Row2Member	－	      ２　監査役　佐々木力、福嶌茂の両氏は社外監査役であります。
jpcrp_cor:FootnotesDirectorsAndCorporateAuditorsTextBlock	脚注（取締役（及び監査役） [テキストブロック]	FilingDateInstant_Row3Member	－	      ３　取締役の任期は選任後１年以内に終了する事業年度のうち最終のものに関する定時株主総会終結の時までとする旨を定款で定めております。
jpcrp_cor:FootnotesDirectorsAndCorporateAuditorsTextBlock	脚注（取締役（及び監査役） [テキストブロック]	FilingDateInstant_Row4Member	－	　　　４　監査役の任期は選任後４年以内に終了する事業年度のうち最終のものに関する定時株主総会終結の時までとする旨を定款で定めております。佐々木力氏及び傍島康之氏の任期は2028年３月期に係る定時株主総会終結の時まで、福嶌茂氏及び鈴木淳二氏の
jpcrp_cor:FootnotesDirectorsAndCorporateAuditorsTextBlock	脚注（取締役（及び監査役） [テキストブロック]	FilingDateInstant_Row5Member	－	      ５　所有株式数は自己名義の株式数を表示しております。なお、極洋役員持株会の所有株式数は900株であります。
jpcrp_cor:FootnotesDirectorsAndCorporateAuditorsTextBlock	脚注（取締役（及び監査役） [テキストブロック]	FilingDateInstant_Row6Member	－	      ６　当社は、法令に定める監査役の員数を欠くことになる場合に備え、会社法第329条第３項に定める補欠監査役１名を選任しております。補欠監査役の略歴は次のとおりであります。 氏名生年月日略歴所有株式数(株)下　田　一　郎1972年 
jpcrp_cor:OutsideDirectorsAndOutsideCorporateAuditorsTextBlock	社外取締役（及び社外監査役） [テキストブロック]	FilingDateInstant	－	 ②　社外役員の状況当社は社外取締役を５名、社外監査役を２名選任しております。　当社では、社外役員の候補者選定にあたり、その独立性を東京証券取引所の独立性の要件に加え、当社独自の基準を考慮して判断しております。 「社外役員の独立性の基準」に
jpcrp_cor:AuditsTextBlock	監査の状況 [テキストブロック]	FilingDateInstant	－	 (3) 【監査の状況】①　監査役監査の状況ア．監査役監査の組織、人員及び手続当社の監査役会は、常勤監査役２名（社外監査役）と非常勤監査役２名（社内監査役）の４名から構成されております。社外監査役はいずれも金融機関における永年の経験があり、
jpcrp_cor:RemunerationForDirectorsAndOtherOfficersTextBlock	役員の報酬等 [テキストブロック]	FilingDateInstant	－	 (4) 【役員の報酬等】 ①　役員の報酬等の額又はその算定方法の決定に関する方針に係る事項当社は取締役の個人別の報酬等の内容に係る決定方針を定めており、決定方針は取締役会が決定しております。当社取締役の報酬は、取締役が中長期的視野をもって
jpcrp_cor:RemunerationEtcPaidByGroupToEachDirectorOrOtherOfficerTextBlock	役員ごとの連結報酬等 [テキストブロック]	FilingDateInstant	－	③　役員ごとの連結報酬等の総額等氏名役員区分会社区分連結報酬等の総額（百万円）連結報酬等の種類別の額（百万円）基本報酬業績連動報酬等非金銭報酬井上　誠取締役提出会社11310112― (注) １　連結報酬等の総額が１億円以上である者に限定し
jpcrp_cor:ShareholdingsTextBlock	株式の保有状況 [テキストブロック]	FilingDateInstant	－	 (5) 【株式の保有状況】①　投資株式の区分の基準及び考え方当社は、純投資目的である投資株式は保有しておりませんが、取引関係の維持・安定化や、お互いの信頼関係の醸成など保有目的の合理性を総合的に勘案し、純投資目的以外の目的である投資株式を
jpcrp_cor:ReasonForIncreaseInNumberOfSharesSharesNotListedInvestmentSharesHeldForPurposesOtherThanPureInvestmentReportingCompany	株式数が増加した理由、非上場株式、保有目的が純投資目的以外の目的である投資株式、提出会社	CurrentYearDuration	－	－
jpcrp_cor:ReasonForIncreaseInNumberOfSharesSharesOtherThanThoseNotListedInvestmentSharesHeldForPurposesOtherThanPureInvestmentReportingCompany	株式数が増加した理由、非上場株式以外の株式、保有目的が純投資目的以外の目的である投資株式、提出会社	CurrentYearDuration	－	取引関係の維持・安定化及び取引拡大を目的として追加取得を行ったため
jpcrp_cor:NameOfSecuritiesDetailsOfSpecifiedInvestmentEquitySecuritiesHeldForPurposesOtherThanPureInvestmentReportingCompany	銘柄、保有目的が純投資目的以外の目的である特定投資株式の明細、提出会社	CurrentYearInstant_Row1Member	－	㈱FOOD&amp;LIFE　COMPANIES
jpcrp_cor:PurposeOfShareholdingOverviewOfBusinessAllianceQuantitativeEffectsOfShareholdingAndReasonForIncreaseInNumberOfSharesDetailsOfSpecifiedInvestmentSharesHeldForPurposesOtherThanPureInvestmentReportingCompany	保有目的、業務提携等の概要、定量的な保有効果及び株式数が増加した理由、保有目的が純投資目的以外の目的である特定投資株式の明細、提出会社	CurrentYearInstant_Row1Member	－	フードサービス事業等を営む同社は、生鮮事業セグメントにおける重要な取引先であり、友好的な事業関係の形成を目的として保有。
jpcrp_cor:WhetherIssuerOfAforementionedSharesHoldsReportingCompanysSharesDetailsOfSpecifiedInvestmentSharesHeldForPurposesOtherThanPureInvestmentReportingCompany	当該株式の発行者による提出会社の株式の保有の有無、保有目的が純投資目的以外の目的である特定投資株式の明細、提出会社	CurrentYearInstant_Row1Member	－	無
jpcrp_cor:NameOfSecuritiesDetailsOfSpecifiedInvestmentEquitySecuritiesHeldForPurposesOtherThanPureInvestmentReportingCompany	銘柄、保有目的が純投資目的以外の目的である特定投資株式の明細、提出会社	CurrentYearInstant_Row2Member	－	㈱三菱UFJフィナンシャル・グループ
jpcrp_cor:PurposeOfShareholdingOverviewOfBusinessAllianceQuantitativeEffectsOfShareholdingAndReasonForIncreaseInNumberOfSharesDetailsOfSpecifiedInvestmentSharesHeldForPurposesOtherThanPureInvestmentReportingCompany	保有目的、業務提携等の概要、定量的な保有効果及び株式数が増加した理由、保有目的が純投資目的以外の目的である特定投資株式の明細、提出会社	CurrentYearInstant_Row2Member	－	当社グループの資金運用・調達などの主要な取引先金融機関であり、友好的な事業関係の形成を目的として保有。
jpcrp_cor:WhetherIssuerOfAforementionedSharesHoldsReportingCompanysSharesDetailsOfSpecifiedInvestmentSharesHeldForPurposesOtherThanPureInvestmentReportingCompany	当該株式の発行者による提出会社の株式の保有の有無、保有目的が純投資目的以外の目的である特定投資株式の明細、提出会社	CurrentYearInstant_Row2Member	－	有
jpcrp_cor:NameOfSecuritiesDetailsOfSpecifiedInvestmentEquitySecuritiesHeldForPurposesOtherThanPureInvestmentReportingCompany	銘柄、保有目的が純投資目的以外の目的である特定投資株式の明細、提出会社	CurrentYearInstant_Row3Member	－	㈱STIフードホールディングス
jpcrp_cor:PurposeOfShareholdingOverviewOfBusinessAllianceQuantitativeEffectsOfShareholdingAndReasonForIncreaseInNumberOfSharesDetailsOfSpecifiedInvestmentSharesHeldForPurposesOtherThanPureInvestmentReportingCompany	保有目的、業務提携等の概要、定量的な保有効果及び株式数が増加した理由、保有目的が純投資目的以外の目的である特定投資株式の明細、提出会社	CurrentYearInstant_Row3Member	－	水産原料を中心とした食品の製造・販売事業を行う同社は、水産事業セグメントにおける重要な取引先であり、友好的な事業関係の形成を目的として保有。
jpcrp_cor:WhetherIssuerOfAforementionedSharesHoldsReportingCompanysSharesDetailsOfSpecifiedInvestmentSharesHeldForPurposesOtherThanPureInvestmentReportingCompany	当該株式の発行者による提出会社の株式の保有の有無、保有目的が純投資目的以外の目的である特定投資株式の明細、提出会社	CurrentYearInstant_Row3Member	－	無
jpcrp_cor:NameOfSecuritiesDetailsOfSpecifiedInvestmentEquitySecuritiesHeldForPurposesOtherThanPureInvestmentReportingCompany	銘柄、保有目的が純投資目的以外の目的である特定投資株式の明細、提出会社	CurrentYearInstant_Row4Member	－	㈱りそなホールディングス
jpcrp_cor:PurposeOfShareholdingOverviewOfBusinessAllianceQuantitativeEffectsOfShareholdingAndReasonForIncreaseInNumberOfSharesDetailsOfSpecifiedInvestmentSharesHeldForPurposesOtherThanPureInvestmentReportingCompany	保有目的、業務提携等の概要、定量的な保有効果及び株式数が増加した理由、保有目的が純投資目的以外の目的である特定投資株式の明細、提出会社	CurrentYearInstant_Row4Member	－	当社グループの資金運用・調達などの主要な取引先金融機関であり、友好的な事業関係の形成を目的として保有。
jpcrp_cor:WhetherIssuerOfAforementionedSharesHoldsReportingCompanysSharesDetailsOfSpecifiedInvestmentSharesHeldForPurposesOtherThanPureInvestmentReportingCompany	当該株式の発行者による提出会社の株式の保有の有無、保有目的が純投資目的以外の目的である特定投資株式の明細、提出会社	CurrentYearInstant_Row4Member	－	有
jpcrp_cor:NameOfSecuritiesDetailsOfSpecifiedInvestmentEquitySecuritiesHeldForPurposesOtherThanPureInvestmentReportingCompany	銘柄、保有目的が純投資目的以外の目的である特定投資株式の明細、提出会社	CurrentYearInstant_Row5Member	－	中央魚類㈱
jpcrp_cor:PurposeOfShareholdingOverviewOfBusinessAllianceQuantitativeEffectsOfShareholdingAndReasonForIncreaseInNumberOfSharesDetailsOfSpecifiedInvestmentSharesHeldForPurposesOtherThanPureInvestmentReportingCompany	保有目的、業務提携等の概要、定量的な保有効果及び株式数が増加した理由、保有目的が純投資目的以外の目的である特定投資株式の明細、提出会社	CurrentYearInstant_Row5Member	－	水産卸売事業を営む同社は、水産事業セグメントにおける水産物の主要な販売先であり、友好的な事業関係の形成を目的として保有。
jpcrp_cor:WhetherIssuerOfAforementionedSharesHoldsReportingCompanysSharesDetailsOfSpecifiedInvestmentSharesHeldForPurposesOtherThanPureInvestmentReportingCompany	当該株式の発行者による提出会社の株式の保有の有無、保有目的が純投資目的以外の目的である特定投資株式の明細、提出会社	CurrentYearInstant_Row5Member	－	有
jpcrp_cor:NameOfSecuritiesDetailsOfSpecifiedInvestmentEquitySecuritiesHeldForPurposesOtherThanPureInvestmentReportingCompany	銘柄、保有目的が純投資目的以外の目的である特定投資株式の明細、提出会社	CurrentYearInstant_Row6Member	－	三井住友トラストグループ㈱
jpcrp_cor:PurposeOfShareholdingOverviewOfBusinessAllianceQuantitativeEffectsOfShareholdingAndReasonForIncreaseInNumberOfSharesDetailsOfSpecifiedInvestmentSharesHeldForPurposesOtherThanPureInvestmentReportingCompany	保有目的、業務提携等の概要、定量的な保有効果及び株式数が増加した理由、保有目的が純投資目的以外の目的である特定投資株式の明細、提出会社	CurrentYearInstant_Row6Member	－	当社グループの資金運用・調達などの主要な取引先金融機関であり、友好的な事業関係の形成を目的として保有。
jpcrp_cor:WhetherIssuerOfAforementionedSharesHoldsReportingCompanysSharesDetailsOfSpecifiedInvestmentSharesHeldForPurposesOtherThanPureInvestmentReportingCompany	当該株式の発行者による提出会社の株式の保有の有無、保有目的が純投資目的以外の目的である特定投資株式の明細、提出会社	CurrentYearInstant_Row6Member	－	有
jpcrp_cor:NameOfSecuritiesDetailsOfSpecifiedInvestmentEquitySecuritiesHeldForPurposesOtherThanPureInvestmentReportingCompany	銘柄、保有目的が純投資目的以外の目的である特定投資株式の明細、提出会社	CurrentYearInstant_Row7Member	－	横浜丸魚㈱
jpcrp_cor:PurposeOfShareholdingOverviewOfBusinessAllianceQuantitativeEffectsOfShareholdingAndReasonForIncreaseInNumberOfSharesDetailsOfSpecifiedInvestmentSharesHeldForPurposesOtherThanPureInvestmentReportingCompany	保有目的、業務提携等の概要、定量的な保有効果及び株式数が増加した理由、保有目的が純投資目的以外の目的である特定投資株式の明細、提出会社	CurrentYearInstant_Row7Member	－	水産卸売事業を営む同社は、水産事業セグメントにおける水産物の主要な販売先であり、友好的な事業関係の形成を目的として保有。
jpcrp_cor:WhetherIssuerOfAforementionedSharesHoldsReportingCompanysSharesDetailsOfSpecifiedInvestmentSharesHeldForPurposesOtherThanPureInvestmentReportingCompany	当該株式の発行者による提出会社の株式の保有の有無、保有目的が純投資目的以外の目的である特定投資株式の明細、提出会社	CurrentYearInstant_Row7Member	－	有
jpcrp_cor:NameOfSecuritiesDetailsOfSpecifiedInvestmentEquitySecuritiesHeldForPurposesOtherThanPureInvestmentReportingCompany	銘柄、保有目的が純投資目的以外の目的である特定投資株式の明細、提出会社	CurrentYearInstant_Row8Member	－	㈱大水
jpcrp_cor:PurposeOfShareholdingOverviewOfBusinessAllianceQuantitativeEffectsOfShareholdingAndReasonForIncreaseInNumberOfSharesDetailsOfSpecifiedInvestmentSharesHeldForPurposesOtherThanPureInvestmentReportingCompany	保有目的、業務提携等の概要、定量的な保有効果及び株式数が増加した理由、保有目的が純投資目的以外の目的である特定投資株式の明細、提出会社	CurrentYearInstant_Row8Member	－	水産卸売事業を営む同社は、水産事業セグメントにおける水産物の主要な販売先であり、友好的な事業関係の形成を目的として保有。
jpcrp_cor:WhetherIssuerOfAforementionedSharesHoldsReportingCompanysSharesDetailsOfSpecifiedInvestmentSharesHeldForPurposesOtherThanPureInvestmentReportingCompany	当該株式の発行者による提出会社の株式の保有の有無、保有目的が純投資目的以外の目的である特定投資株式の明細、提出会社	CurrentYearInstant_Row8Member	－	有
jpcrp_cor:NameOfSecuritiesDetailsOfSpecifiedInvestmentEquitySecuritiesHeldForPurposesOtherThanPureInvestmentReportingCompany	銘柄、保有目的が純投資目的以外の目的である特定投資株式の明細、提出会社	CurrentYearInstant_Row9Member	－	㈱いよぎんホールディングス
jpcrp_cor:PurposeOfShareholdingOverviewOfBusinessAllianceQuantitativeEffectsOfShareholdingAndReasonForIncreaseInNumberOfSharesDetailsOfSpecifiedInvestmentSharesHeldForPurposesOtherThanPureInvestmentReportingCompany	保有目的、業務提携等の概要、定量的な保有効果及び株式数が増加した理由、保有目的が純投資目的以外の目的である特定投資株式の明細、提出会社	CurrentYearInstant_Row9Member	－	四国にある当社連結子会社の取引先金融機関として、友好的な事業関係の形成を目的として保有。
jpcrp_cor:WhetherIssuerOfAforementionedSharesHoldsReportingCompanysSharesDetailsOfSpecifiedInvestmentSharesHeldForPurposesOtherThanPureInvestmentReportingCompany	当該株式の発行者による提出会社の株式の保有の有無、保有目的が純投資目的以外の目的である特定投資株式の明細、提出会社	CurrentYearInstant_Row9Member	－	有
jpcrp_cor:NameOfSecuritiesDetailsOfSpecifiedInvestmentEquitySecuritiesHeldForPurposesOtherThanPureInvestmentReportingCompany	銘柄、保有目的が純投資目的以外の目的である特定投資株式の明細、提出会社	CurrentYearInstant_Row10Member	－	ニチモウ㈱
jpcrp_cor:PurposeOfShareholdingOverviewOfBusinessAllianceQuantitativeEffectsOfShareholdingAndReasonForIncreaseInNumberOfSharesDetailsOfSpecifiedInvestmentSharesHeldForPurposesOtherThanPureInvestmentReportingCompany	保有目的、業務提携等の概要、定量的な保有効果及び株式数が増加した理由、保有目的が純投資目的以外の目的である特定投資株式の明細、提出会社	CurrentYearInstant_Row10Member	－	水産加工品、漁具の製造・販売事業等を営む同社は、生鮮事業セグメントにおける重要な取引先であり、友好的な事業関係の形成を目的として保有。
jpcrp_cor:WhetherIssuerOfAforementionedSharesHoldsReportingCompanysSharesDetailsOfSpecifiedInvestmentSharesHeldForPurposesOtherThanPureInvestmentReportingCompany	当該株式の発行者による提出会社の株式の保有の有無、保有目的が純投資目的以外の目的である特定投資株式の明細、提出会社	CurrentYearInstant_Row10Member	－	有
jpcrp_cor:NameOfSecuritiesDetailsOfSpecifiedInvestmentEquitySecuritiesHeldForPurposesOtherThanPureInvestmentReportingCompany	銘柄、保有目的が純投資目的以外の目的である特定投資株式の明細、提出会社	CurrentYearInstant_Row11Member	－	中部水産㈱
jpcrp_cor:PurposeOfShareholdingOverviewOfBusinessAllianceQuantitativeEffectsOfShareholdingAndReasonForIncreaseInNumberOfSharesDetailsOfSpecifiedInvestmentSharesHeldForPurposesOtherThanPureInvestmentReportingCompany	保有目的、業務提携等の概要、定量的な保有効果及び株式数が増加した理由、保有目的が純投資目的以外の目的である特定投資株式の明細、提出会社	CurrentYearInstant_Row11Member	－	水産卸売事業を営む同社は、水産事業セグメントにおける水産物の主要な販売先であり、友好的な事業関係の形成を目的として保有。
jpcrp_cor:WhetherIssuerOfAforementionedSharesHoldsReportingCompanysSharesDetailsOfSpecifiedInvestmentSharesHeldForPurposesOtherThanPureInvestmentReportingCompany	当該株式の発行者による提出会社の株式の保有の有無、保有目的が純投資目的以外の目的である特定投資株式の明細、提出会社	CurrentYearInstant_Row11Member	－	有
jpcrp_cor:NameOfSecuritiesDetailsOfSpecifiedInvestmentEquitySecuritiesHeldForPurposesOtherThanPureInvestmentReportingCompany	銘柄、保有目的が純投資目的以外の目的である特定投資株式の明細、提出会社	CurrentYearInstant_Row12Member	－	㈱七十七銀行
jpcrp_cor:PurposeOfShareholdingOverviewOfBusinessAllianceQuantitativeEffectsOfShareholdingAndReasonForIncreaseInNumberOfSharesDetailsOfSpecifiedInvestmentSharesHeldForPurposesOtherThanPureInvestmentReportingCompany	保有目的、業務提携等の概要、定量的な保有効果及び株式数が増加した理由、保有目的が純投資目的以外の目的である特定投資株式の明細、提出会社	CurrentYearInstant_Row12Member	－	宮城県にある当社連結子会社の取引先金融機関として、友好的な事業関係の形成を目的として保有。株式数の増加は株式分割によるもの。
jpcrp_cor:WhetherIssuerOfAforementionedSharesHoldsReportingCompanysSharesDetailsOfSpecifiedInvestmentSharesHeldForPurposesOtherThanPureInvestmentReportingCompany	当該株式の発行者による提出会社の株式の保有の有無、保有目的が純投資目的以外の目的である特定投資株式の明細、提出会社	CurrentYearInstant_Row12Member	－	有
jpcrp_cor:NameOfSecuritiesDetailsOfSpecifiedInvestmentEquitySecuritiesHeldForPurposesOtherThanPureInvestmentReportingCompany	銘柄、保有目的が純投資目的以外の目的である特定投資株式の明細、提出会社	CurrentYearInstant_Row13Member	－	イオン㈱
jpcrp_cor:PurposeOfShareholdingOverviewOfBusinessAllianceQuantitativeEffectsOfShareholdingAndReasonForIncreaseInNumberOfSharesDetailsOfSpecifiedInvestmentSharesHeldForPurposesOtherThanPureInvestmentReportingCompany	保有目的、業務提携等の概要、定量的な保有効果及び株式数が増加した理由、保有目的が純投資目的以外の目的である特定投資株式の明細、提出会社	CurrentYearInstant_Row13Member	－	食品の小売事業等を営む同社は、食品事業セグメントにおける重要な取引先であり、友好的な事業関係の形成を目的として保有。株式数の増加は取引関係の維持・安定化を目的とした追加取得と株式分割によるもの。
jpcrp_cor:WhetherIssuerOfAforementionedSharesHoldsReportingCompanysSharesDetailsOfSpecifiedInvestmentSharesHeldForPurposesOtherThanPureInvestmentReportingCompany	当該株式の発行者による提出会社の株式の保有の有無、保有目的が純投資目的以外の目的である特定投資株式の明細、提出会社	CurrentYearInstant_Row13Member	－	無
jpcrp_cor:NameOfSecuritiesDetailsOfSpecifiedInvestmentEquitySecuritiesHeldForPurposesOtherThanPureInvestmentReportingCompany	銘柄、保有目的が純投資目的以外の目的である特定投資株式の明細、提出会社	CurrentYearInstant_Row14Member	－	㈱Genki Global Dining Concepts
jpcrp_cor:PurposeOfShareholdingOverviewOfBusinessAllianceQuantitativeEffectsOfShareholdingAndReasonForIncreaseInNumberOfSharesDetailsOfSpecifiedInvestmentSharesHeldForPurposesOtherThanPureInvestmentReportingCompany	保有目的、業務提携等の概要、定量的な保有効果及び株式数が増加した理由、保有目的が純投資目的以外の目的である特定投資株式の明細、提出会社	CurrentYearInstant_Row14Member	－	フードサービス事業を営む同社は、生鮮事業セグメントにおける重要な取引先であり、友好的な事業関係の形成を目的として保有。取引関係の維持・安定化を目的として追加取得を行ったため。
jpcrp_cor:WhetherIssuerOfAforementionedSharesHoldsReportingCompanysSharesDetailsOfSpecifiedInvestmentSharesHeldForPurposesOtherThanPureInvestmentReportingCompany	当該株式の発行者による提出会社の株式の保有の有無、保有目的が純投資目的以外の目的である特定投資株式の明細、提出会社	CurrentYearInstant_Row14Member	－	無
jpcrp_cor:NameOfSecuritiesDetailsOfSpecifiedInvestmentEquitySecuritiesHeldForPurposesOtherThanPureInvestmentReportingCompany	銘柄、保有目的が純投資目的以外の目的である特定投資株式の明細、提出会社	CurrentYearInstant_Row15Member	－	築地魚市場㈱
jpcrp_cor:PurposeOfShareholdingOverviewOfBusinessAllianceQuantitativeEffectsOfShareholdingAndReasonForIncreaseInNumberOfSharesDetailsOfSpecifiedInvestmentSharesHeldForPurposesOtherThanPureInvestmentReportingCompany	保有目的、業務提携等の概要、定量的な保有効果及び株式数が増加した理由、保有目的が純投資目的以外の目的である特定投資株式の明細、提出会社	CurrentYearInstant_Row15Member	－	水産卸売事業を営む同社は、水産事業セグメントにおける水産物の主要な販売先であり、友好的な事業関係の形成を目的として保有。
jpcrp_cor:WhetherIssuerOfAforementionedSharesHoldsReportingCompanysSharesDetailsOfSpecifiedInvestmentSharesHeldForPurposesOtherThanPureInvestmentReportingCompany	当該株式の発行者による提出会社の株式の保有の有無、保有目的が純投資目的以外の目的である特定投資株式の明細、提出会社	CurrentYearInstant_Row15Member	－	有
jpcrp_cor:NameOfSecuritiesDetailsOfSpecifiedInvestmentEquitySecuritiesHeldForPurposesOtherThanPureInvestmentReportingCompany	銘柄、保有目的が純投資目的以外の目的である特定投資株式の明細、提出会社	CurrentYearInstant_Row16Member	－	㈱アークス
jpcrp_cor:PurposeOfShareholdingOverviewOfBusinessAllianceQuantitativeEffectsOfShareholdingAndReasonForIncreaseInNumberOfSharesDetailsOfSpecifiedInvestmentSharesHeldForPurposesOtherThanPureInvestmentReportingCompany	保有目的、業務提携等の概要、定量的な保有効果及び株式数が増加した理由、保有目的が純投資目的以外の目的である特定投資株式の明細、提出会社	CurrentYearInstant_Row16Member	－	食品の小売事業を営む同社は、食品事業セグメントにおける重要な取引先であり、友好的な事業関係の形成を目的として保有。取引関係の維持・安定化を目的として追加取得を行ったため。
jpcrp_cor:WhetherIssuerOfAforementionedSharesHoldsReportingCompanysSharesDetailsOfSpecifiedInvestmentSharesHeldForPurposesOtherThanPureInvestmentReportingCompany	当該株式の発行者による提出会社の株式の保有の有無、保有目的が純投資目的以外の目的である特定投資株式の明細、提出会社	CurrentYearInstant_Row16Member	－	無
jpcrp_cor:NameOfSecuritiesDetailsOfSpecifiedInvestmentEquitySecuritiesHeldForPurposesOtherThanPureInvestmentReportingCompany	銘柄、保有目的が純投資目的以外の目的である特定投資株式の明細、提出会社	CurrentYearInstant_Row17Member	－	㈱三井住友フィナンシャルグループ
jpcrp_cor:PurposeOfShareholdingOverviewOfBusinessAllianceQuantitativeEffectsOfShareholdingAndReasonForIncreaseInNumberOfSharesDetailsOfSpecifiedInvestmentSharesHeldForPurposesOtherThanPureInvestmentReportingCompany	保有目的、業務提携等の概要、定量的な保有効果及び株式数が増加した理由、保有目的が純投資目的以外の目的である特定投資株式の明細、提出会社	CurrentYearInstant_Row17Member	－	当社グループの資金運用・調達などの主要な取引先金融機関であり、友好的な事業関係の形成を目的として保有。
jpcrp_cor:WhetherIssuerOfAforementionedSharesHoldsReportingCompanysSharesDetailsOfSpecifiedInvestmentSharesHeldForPurposesOtherThanPureInvestmentReportingCompany	当該株式の発行者による提出会社の株式の保有の有無、保有目的が純投資目的以外の目的である特定投資株式の明細、提出会社	CurrentYearInstant_Row17Member	－	有
jpcrp_cor:NameOfSecuritiesDetailsOfSpecifiedInvestmentEquitySecuritiesHeldForPurposesOtherThanPureInvestmentReportingCompany	銘柄、保有目的が純投資目的以外の目的である特定投資株式の明細、提出会社	CurrentYearInstant_Row18Member	－	㈱ほくほくフィナンシャルグループ
jpcrp_cor:PurposeOfShareholdingOverviewOfBusinessAllianceQuantitativeEffectsOfShareholdingAndReasonForIncreaseInNumberOfSharesDetailsOfSpecifiedInvestmentSharesHeldForPurposesOtherThanPureInvestmentReportingCompany	保有目的、業務提携等の概要、定量的な保有効果及び株式数が増加した理由、保有目的が純投資目的以外の目的である特定投資株式の明細、提出会社	CurrentYearInstant_Row18Member	－	当社グループの資金運用・調達などの主要な取引先金融機関であり、友好的な事業関係の形成を目的として保有。
jpcrp_cor:WhetherIssuerOfAforementionedSharesHoldsReportingCompanysSharesDetailsOfSpecifiedInvestmentSharesHeldForPurposesOtherThanPureInvestmentReportingCompany	当該株式の発行者による提出会社の株式の保有の有無、保有目的が純投資目的以外の目的である特定投資株式の明細、提出会社	CurrentYearInstant_Row18Member	－	有
jpcrp_cor:NameOfSecuritiesDetailsOfSpecifiedInvestmentEquitySecuritiesHeldForPurposesOtherThanPureInvestmentReportingCompany	銘柄、保有目的が純投資目的以外の目的である特定投資株式の明細、提出会社	CurrentYearInstant_Row19Member	－	㈱サトー商会
jpcrp_cor:PurposeOfShareholdingOverviewOfBusinessAllianceQuantitativeEffectsOfShareholdingAndReasonForIncreaseInNumberOfSharesDetailsOfSpecifiedInvestmentSharesHeldForPurposesOtherThanPureInvestmentReportingCompany	保有目的、業務提携等の概要、定量的な保有効果及び株式数が増加した理由、保有目的が純投資目的以外の目的である特定投資株式の明細、提出会社	CurrentYearInstant_Row19Member	－	食品の卸売事業等を営む同社は、食品事業セグメントにおける重要な取引先であり、友好的な事業関係の形成を目的として保有。
jpcrp_cor:WhetherIssuerOfAforementionedSharesHoldsReportingCompanysSharesDetailsOfSpecifiedInvestmentSharesHeldForPurposesOtherThanPureInvestmentReportingCompany	当該株式の発行者による提出会社の株式の保有の有無、保有目的が純投資目的以外の目的である特定投資株式の明細、提出会社	CurrentYearInstant_Row19Member	－	無
jpcrp_cor:NameOfSecuritiesDetailsOfSpecifiedInvestmentEquitySecuritiesHeldForPurposesOtherThanPureInvestmentReportingCompany	銘柄、保有目的が純投資目的以外の目的である特定投資株式の明細、提出会社	CurrentYearInstant_Row20Member	－	カネ美食品㈱
jpcrp_cor:PurposeOfShareholdingOverviewOfBusinessAllianceQuantitativeEffectsOfShareholdingAndReasonForIncreaseInNumberOfSharesDetailsOfSpecifiedInvestmentSharesHeldForPurposesOtherThanPureInvestmentReportingCompany	保有目的、業務提携等の概要、定量的な保有効果及び株式数が増加した理由、保有目的が純投資目的以外の目的である特定投資株式の明細、提出会社	CurrentYearInstant_Row20Member	－	食品の製造・販売事業等を営む同社は、食品事業セグメントにおける重要な取引先であり、友好的な事業関係の形成を目的として保有。取引関係の維持・安定化を目的として追加取得を行ったため。
jpcrp_cor:WhetherIssuerOfAforementionedSharesHoldsReportingCompanysSharesDetailsOfSpecifiedInvestmentSharesHeldForPurposesOtherThanPureInvestmentReportingCompany	当該株式の発行者による提出会社の株式の保有の有無、保有目的が純投資目的以外の目的である特定投資株式の明細、提出会社	CurrentYearInstant_Row20Member	－	無
jpcrp_cor:NameOfSecuritiesDetailsOfSpecifiedInvestmentEquitySecuritiesHeldForPurposesOtherThanPureInvestmentReportingCompany	銘柄、保有目的が純投資目的以外の目的である特定投資株式の明細、提出会社	CurrentYearInstant_Row21Member	－	セントラルフォレストグループ㈱
jpcrp_cor:PurposeOfShareholdingOverviewOfBusinessAllianceQuantitativeEffectsOfShareholdingAndReasonForIncreaseInNumberOfSharesDetailsOfSpecifiedInvestmentSharesHeldForPurposesOtherThanPureInvestmentReportingCompany	保有目的、業務提携等の概要、定量的な保有効果及び株式数が増加した理由、保有目的が純投資目的以外の目的である特定投資株式の明細、提出会社	CurrentYearInstant_Row21Member	－	食品の卸売事業等を営む同社は、食品事業セグメントにおける重要な取引先であり、友好的な事業関係の形成を目的として保有。取引関係の維持・安定化を目的として追加取得を行ったため。
jpcrp_cor:WhetherIssuerOfAforementionedSharesHoldsReportingCompanysSharesDetailsOfSpecifiedInvestmentSharesHeldForPurposesOtherThanPureInvestmentReportingCompany	当該株式の発行者による提出会社の株式の保有の有無、保有目的が純投資目的以外の目的である特定投資株式の明細、提出会社	CurrentYearInstant_Row21Member	－	無
jpcrp_cor:NameOfSecuritiesDetailsOfSpecifiedInvestmentEquitySecuritiesHeldForPurposesOtherThanPureInvestmentReportingCompany	銘柄、保有目的が純投資目的以外の目的である特定投資株式の明細、提出会社	CurrentYearInstant_Row22Member	－	㈱ライフコーポレーション
jpcrp_cor:PurposeOfShareholdingOverviewOfBusinessAllianceQuantitativeEffectsOfShareholdingAndReasonForIncreaseInNumberOfSharesDetailsOfSpecifiedInvestmentSharesHeldForPurposesOtherThanPureInvestmentReportingCompany	保有目的、業務提携等の概要、定量的な保有効果及び株式数が増加した理由、保有目的が純投資目的以外の目的である特定投資株式の明細、提出会社	CurrentYearInstant_Row22Member	－	食品の小売事業を営む同社は、食品事業セグメントにおける重要な取引先であり、友好的な事業関係の形成を目的として保有。
jpcrp_cor:WhetherIssuerOfAforementionedSharesHoldsReportingCompanysSharesDetailsOfSpecifiedInvestmentSharesHeldForPurposesOtherThanPureInvestmentReportingCompany	当該株式の発行者による提出会社の株式の保有の有無、保有目的が純投資目的以外の目的である特定投資株式の明細、提出会社	CurrentYearInstant_Row22Member	－	無
jpcrp_cor:NameOfSecuritiesDetailsOfSpecifiedInvestmentEquitySecuritiesHeldForPurposesOtherThanPureInvestmentReportingCompany	銘柄、保有目的が純投資目的以外の目的である特定投資株式の明細、提出会社	CurrentYearInstant_Row23Member	－	㈱トーホー
jpcrp_cor:PurposeOfShareholdingOverviewOfBusinessAllianceQuantitativeEffectsOfShareholdingAndReasonForIncreaseInNumberOfSharesDetailsOfSpecifiedInvestmentSharesHeldForPurposesOtherThanPureInvestmentReportingCompany	保有目的、業務提携等の概要、定量的な保有効果及び株式数が増加した理由、保有目的が純投資目的以外の目的である特定投資株式の明細、提出会社	CurrentYearInstant_Row23Member	－	食品の仕入・販売事業等を営む同社は、食品事業セグメントにおける重要な取引先であり、友好的な事業関係の形成を目的として保有。株式数の増加は株式分割によるもの。
jpcrp_cor:WhetherIssuerOfAforementionedSharesHoldsReportingCompanysSharesDetailsOfSpecifiedInvestmentSharesHeldForPurposesOtherThanPureInvestmentReportingCompany	当該株式の発行者による提出会社の株式の保有の有無、保有目的が純投資目的以外の目的である特定投資株式の明細、提出会社	CurrentYearInstant_Row23Member	－	無
jpcrp_cor:NameOfSecuritiesDetailsOfSpecifiedInvestmentEquitySecuritiesHeldForPurposesOtherThanPureInvestmentReportingCompany	銘柄、保有目的が純投資目的以外の目的である特定投資株式の明細、提出会社	CurrentYearInstant_Row24Member	－	尾家産業㈱
jpcrp_cor:PurposeOfShareholdingOverviewOfBusinessAllianceQuantitativeEffectsOfShareholdingAndReasonForIncreaseInNumberOfSharesDetailsOfSpecifiedInvestmentSharesHeldForPurposesOtherThanPureInvestmentReportingCompany	保有目的、業務提携等の概要、定量的な保有効果及び株式数が増加した理由、保有目的が純投資目的以外の目的である特定投資株式の明細、提出会社	CurrentYearInstant_Row24Member	－	食品の仕入・販売事業を営む同社は、食品事業セグメントにおける重要な取引先であり、友好的な事業関係の形成を目的として保有。
jpcrp_cor:WhetherIssuerOfAforementionedSharesHoldsReportingCompanysSharesDetailsOfSpecifiedInvestmentSharesHeldForPurposesOtherThanPureInvestmentReportingCompany	当該株式の発行者による提出会社の株式の保有の有無、保有目的が純投資目的以外の目的である特定投資株式の明細、提出会社	CurrentYearInstant_Row24Member	－	無
jpcrp_cor:NameOfSecuritiesDetailsOfSpecifiedInvestmentEquitySecuritiesHeldForPurposesOtherThanPureInvestmentReportingCompany	銘柄、保有目的が純投資目的以外の目的である特定投資株式の明細、提出会社	CurrentYearInstant_Row25Member	－	㈱マルイチ産商
jpcrp_cor:PurposeOfShareholdingOverviewOfBusinessAllianceQuantitativeEffectsOfShareholdingAndReasonForIncreaseInNumberOfSharesDetailsOfSpecifiedInvestmentSharesHeldForPurposesOtherThanPureInvestmentReportingCompany	保有目的、業務提携等の概要、定量的な保有効果及び株式数が増加した理由、保有目的が純投資目的以外の目的である特定投資株式の明細、提出会社	CurrentYearInstant_Row25Member	－	水産物・水産加工品の卸売事業等を営む同社は、水産事業セグメントにおける重要な取引先であり、友好的な事業関係の形成を目的として保有。取引関係の維持・安定化を目的として追加取得を行ったため。
jpcrp_cor:WhetherIssuerOfAforementionedSharesHoldsReportingCompanysSharesDetailsOfSpecifiedInvestmentSharesHeldForPurposesOtherThanPureInvestmentReportingCompany	当該株式の発行者による提出会社の株式の保有の有無、保有目的が純投資目的以外の目的である特定投資株式の明細、提出会社	CurrentYearInstant_Row25Member	－	無
jpcrp_cor:NameOfSecuritiesDetailsOfSpecifiedInvestmentEquitySecuritiesHeldForPurposesOtherThanPureInvestmentReportingCompany	銘柄、保有目的が純投資目的以外の目的である特定投資株式の明細、提出会社	CurrentYearInstant_Row26Member	－	㈱ブルーゾーンホールディングス（注1）
jpcrp_cor:PurposeOfShareholdingOverviewOfBusinessAllianceQuantitativeEffectsOfShareholdingAndReasonForIncreaseInNumberOfSharesDetailsOfSpecifiedInvestmentSharesHeldForPurposesOtherThanPureInvestmentReportingCompany	保有目的、業務提携等の概要、定量的な保有効果及び株式数が増加した理由、保有目的が純投資目的以外の目的である特定投資株式の明細、提出会社	CurrentYearInstant_Row26Member	－	食品の小売事業を営む同社は、食品事業セグメントにおける重要な取引先であり、友好的な事業関係の形成を目的として保有。株式数の増加は株式分割によるもの。
jpcrp_cor:WhetherIssuerOfAforementionedSharesHoldsReportingCompanysSharesDetailsOfSpecifiedInvestmentSharesHeldForPurposesOtherThanPureInvestmentReportingCompany	当該株式の発行者による提出会社の株式の保有の有無、保有目的が純投資目的以外の目的である特定投資株式の明細、提出会社	CurrentYearInstant_Row26Member	－	無
jpcrp_cor:NameOfSecuritiesDetailsOfSpecifiedInvestmentEquitySecuritiesHeldForPurposesOtherThanPureInvestmentReportingCompany	銘柄、保有目的が純投資目的以外の目的である特定投資株式の明細、提出会社	CurrentYearInstant_Row27Member	－	ヤマエグループホールディングス㈱
jpcrp_cor:PurposeOfShareholdingOverviewOfBusinessAllianceQuantitativeEffectsOfShareholdingAndReasonForIncreaseInNumberOfSharesDetailsOfSpecifiedInvestmentSharesHeldForPurposesOtherThanPureInvestmentReportingCompany	保有目的、業務提携等の概要、定量的な保有効果及び株式数が増加した理由、保有目的が純投資目的以外の目的である特定投資株式の明細、提出会社	CurrentYearInstant_Row27Member	－	食品の製造・販売事業等を営む同社は、食品事業セグメントにおける重要な取引先であり、友好的な事業関係の形成を目的として保有。取引関係の維持・安定化を目的として追加取得を行ったため。
jpcrp_cor:WhetherIssuerOfAforementionedSharesHoldsReportingCompanysSharesDetailsOfSpecifiedInvestmentSharesHeldForPurposesOtherThanPureInvestmentReportingCompany	当該株式の発行者による提出会社の株式の保有の有無、保有目的が純投資目的以外の目的である特定投資株式の明細、提出会社	CurrentYearInstant_Row27Member	－	無
jpcrp_cor:NameOfSecuritiesDetailsOfSpecifiedInvestmentEquitySecuritiesHeldForPurposesOtherThanPureInvestmentReportingCompany	銘柄、保有目的が純投資目的以外の目的である特定投資株式の明細、提出会社	CurrentYearInstant_Row28Member	－	㈱マミーマートホールディングス（注2）
jpcrp_cor:PurposeOfShareholdingOverviewOfBusinessAllianceQuantitativeEffectsOfShareholdingAndReasonForIncreaseInNumberOfSharesDetailsOfSpecifiedInvestmentSharesHeldForPurposesOtherThanPureInvestmentReportingCompany	保有目的、業務提携等の概要、定量的な保有効果及び株式数が増加した理由、保有目的が純投資目的以外の目的である特定投資株式の明細、提出会社	CurrentYearInstant_Row28Member	－	食品の小売事業を営む同社は、食品事業セグメントにおける重要な取引先であり、友好的な事業関係の形成を目的として保有。株式数の増加は株式分割によるもの。
jpcrp_cor:WhetherIssuerOfAforementionedSharesHoldsReportingCompanysSharesDetailsOfSpecifiedInvestmentSharesHeldForPurposesOtherThanPureInvestmentReportingCompany	当該株式の発行者による提出会社の株式の保有の有無、保有目的が純投資目的以外の目的である特定投資株式の明細、提出会社	CurrentYearInstant_Row28Member	－	無
jpcrp_cor:NameOfSecuritiesDetailsOfSpecifiedInvestmentEquitySecuritiesHeldForPurposesOtherThanPureInvestmentReportingCompany	銘柄、保有目的が純投資目的以外の目的である特定投資株式の明細、提出会社	CurrentYearInstant_Row29Member	－	㈱フジオフードシステム
jpcrp_cor:PurposeOfShareholdingOverviewOfBusinessAllianceQuantitativeEffectsOfShareholdingAndReasonForIncreaseInNumberOfSharesDetailsOfSpecifiedInvestmentSharesHeldForPurposesOtherThanPureInvestmentReportingCompany	保有目的、業務提携等の概要、定量的な保有効果及び株式数が増加した理由、保有目的が純投資目的以外の目的である特定投資株式の明細、提出会社	CurrentYearInstant_Row29Member	－	フードサービス事業を営む同社は、食品事業セグメントにおける重要な取引先であり、友好的な事業関係の形成を目的として保有。取引関係の維持・安定化を目的として追加取得を行ったため。
jpcrp_cor:WhetherIssuerOfAforementionedSharesHoldsReportingCompanysSharesDetailsOfSpecifiedInvestmentSharesHeldForPurposesOtherThanPureInvestmentReportingCompany	当該株式の発行者による提出会社の株式の保有の有無、保有目的が純投資目的以外の目的である特定投資株式の明細、提出会社	CurrentYearInstant_Row29Member	－	無
jpcrp_cor:NameOfSecuritiesDetailsOfSpecifiedInvestmentEquitySecuritiesHeldForPurposesOtherThanPureInvestmentReportingCompany	銘柄、保有目的が純投資目的以外の目的である特定投資株式の明細、提出会社	CurrentYearInstant_Row30Member	－	㈱木曽路
jpcrp_cor:PurposeOfShareholdingOverviewOfBusinessAllianceQuantitativeEffectsOfShareholdingAndReasonForIncreaseInNumberOfSharesDetailsOfSpecifiedInvestmentSharesHeldForPurposesOtherThanPureInvestmentReportingCompany	保有目的、業務提携等の概要、定量的な保有効果及び株式数が増加した理由、保有目的が純投資目的以外の目的である特定投資株式の明細、提出会社	CurrentYearInstant_Row30Member	－	フードサービス事業を営む同社は、食品事業セグメントにおける重要な取引先であり、友好的な事業関係の形成を目的として保有。取引関係の維持・安定化を目的として追加取得を行ったため。
jpcrp_cor:WhetherIssuerOfAforementionedSharesHoldsReportingCompanysSharesDetailsOfSpecifiedInvestmentSharesHeldForPurposesOtherThanPureInvestmentReportingCompany	当該株式の発行者による提出会社の株式の保有の有無、保有目的が純投資目的以外の目的である特定投資株式の明細、提出会社	CurrentYearInstant_Row30Member	－	無
jpcrp_cor:NameOfSecuritiesDetailsOfSpecifiedInvestmentEquitySecuritiesHeldForPurposesOtherThanPureInvestmentReportingCompany	銘柄、保有目的が純投資目的以外の目的である特定投資株式の明細、提出会社	CurrentYearInstant_Row31Member	－	㈱ショクブン
jpcrp_cor:PurposeOfShareholdingOverviewOfBusinessAllianceQuantitativeEffectsOfShareholdingAndReasonForIncreaseInNumberOfSharesDetailsOfSpecifiedInvestmentSharesHeldForPurposesOtherThanPureInvestmentReportingCompany	保有目的、業務提携等の概要、定量的な保有効果及び株式数が増加した理由、保有目的が純投資目的以外の目的である特定投資株式の明細、提出会社	CurrentYearInstant_Row31Member	－	食品の製造・販売事業等を営む同社は、食品事業セグメントにおける重要な取引先であり、友好的な事業関係の形成を目的として保有。取引関係の維持・安定化を目的として追加取得を行ったため。
jpcrp_cor:WhetherIssuerOfAforementionedSharesHoldsReportingCompanysSharesDetailsOfSpecifiedInvestmentSharesHeldForPurposesOtherThanPureInvestmentReportingCompany	当該株式の発行者による提出会社の株式の保有の有無、保有目的が純投資目的以外の目的である特定投資株式の明細、提出会社	CurrentYearInstant_Row31Member	－	無
jpcrp_cor:NameOfSecuritiesDetailsOfSpecifiedInvestmentEquitySecuritiesHeldForPurposesOtherThanPureInvestmentReportingCompany	銘柄、保有目的が純投資目的以外の目的である特定投資株式の明細、提出会社	CurrentYearInstant_Row32Member	－	ユナイテッド・スーパーマーケット・ホールディングス㈱
jpcrp_cor:PurposeOfShareholdingOverviewOfBusinessAllianceQuantitativeEffectsOfShareholdingAndReasonForIncreaseInNumberOfSharesDetailsOfSpecifiedInvestmentSharesHeldForPurposesOtherThanPureInvestmentReportingCompany	保有目的、業務提携等の概要、定量的な保有効果及び株式数が増加した理由、保有目的が純投資目的以外の目的である特定投資株式の明細、提出会社	CurrentYearInstant_Row32Member	－	食品の小売事業等を営む同社は、食品事業セグメントにおける重要な取引先であり、友好的な事業関係の形成を目的として保有。
jpcrp_cor:WhetherIssuerOfAforementionedSharesHoldsReportingCompanysSharesDetailsOfSpecifiedInvestmentSharesHeldForPurposesOtherThanPureInvestmentReportingCompany	当該株式の発行者による提出会社の株式の保有の有無、保有目的が純投資目的以外の目的である特定投資株式の明細、提出会社	CurrentYearInstant_Row32Member	－	無
jpcrp_cor:NameOfSecuritiesDetailsOfSpecifiedInvestmentEquitySecuritiesHeldForPurposesOtherThanPureInvestmentReportingCompany	銘柄、保有目的が純投資目的以外の目的である特定投資株式の明細、提出会社	CurrentYearInstant_Row33Member	－	㈱Olympicグループ
jpcrp_cor:PurposeOfShareholdingOverviewOfBusinessAllianceQuantitativeEffectsOfShareholdingAndReasonForIncreaseInNumberOfSharesDetailsOfSpecifiedInvestmentSharesHeldForPurposesOtherThanPureInvestmentReportingCompany	保有目的、業務提携等の概要、定量的な保有効果及び株式数が増加した理由、保有目的が純投資目的以外の目的である特定投資株式の明細、提出会社	CurrentYearInstant_Row33Member	－	食品の小売事業等を営む同社は、食品事業セグメントにおける重要な取引先であり、友好的な事業関係の形成を目的として保有。
jpcrp_cor:WhetherIssuerOfAforementionedSharesHoldsReportingCompanysSharesDetailsOfSpecifiedInvestmentSharesHeldForPurposesOtherThanPureInvestmentReportingCompany	当該株式の発行者による提出会社の株式の保有の有無、保有目的が純投資目的以外の目的である特定投資株式の明細、提出会社	CurrentYearInstant_Row33Member	－	無
jpcrp_cor:NameOfSecuritiesDetailsOfSpecifiedInvestmentEquitySecuritiesHeldForPurposesOtherThanPureInvestmentReportingCompany	銘柄、保有目的が純投資目的以外の目的である特定投資株式の明細、提出会社	CurrentYearInstant_Row34Member	－	三菱食品㈱
jpcrp_cor:WhetherIssuerOfAforementionedSharesHoldsReportingCompanysSharesDetailsOfSpecifiedInvestmentSharesHeldForPurposesOtherThanPureInvestmentReportingCompany	当該株式の発行者による提出会社の株式の保有の有無、保有目的が純投資目的以外の目的である特定投資株式の明細、提出会社	CurrentYearInstant_Row34Member	－	無
jpcrp_cor:FootnotesSpecifiedInvestmentSharesHeldForPurposesOtherThanPureInvestmentReportingCompanyTextBlock	脚注（保有目的が純投資目的以外の目的である特定投資株式）、提出会社 [テキストブロック]	CurrentYearInstant_Row1Member	－	（注）１．㈱ヤオコ―は、2025年10月1日付での持株会社体制移行に伴い上場廃止となり、新設された          ㈱ブルーゾーンホールディングスが東証プライムに上場しております。
jpcrp_cor:FootnotesSpecifiedInvestmentSharesHeldForPurposesOtherThanPureInvestmentReportingCompanyTextBlock	脚注（保有目的が純投資目的以外の目的である特定投資株式）、提出会社 [テキストブロック]	CurrentYearInstant_Row2Member	－	　　　２．㈱マミーマートは、2025年10月1日付で㈱マミーマートホールディングスに商号変更しております。 　　　※　貸借対照表計上額が資本金額の100分の１以下の銘柄も含まれていますが、所有銘柄が60銘柄以下で　　　　　あるため、全銘柄に
jpcrp030000-asr_E00012-000:BasicPolicyOnHumanResourcesStrategyEmployeesEtcTextBlock		FilingDateInstant	－	(1) 【人材戦略に関する基本方針等】　当社グループの人材戦略は、「第２　事業の状況　２　サステナビリティに関する考え方及び取組　(3)戦略　②人的資本について」に記載しております。　また、提出企業における従業員の給与その他の給付の額及び内
jpcrp_cor:InformationAboutEmployeesTextBlock	従業員の状況 [テキストブロック]	FilingDateInstant	－	 (2) 【従業員の状況】①　連結会社の状況   (2026年３月31日現在)セグメントの名称従業員数(名)水産事業984[1,067]生鮮事業517[605]食品事業784[471]物流サービス77[25]その他85[7]全社(共通)95
jpcrp_cor:ConsolidatedSubsidiariesMetricsOfConsolidatedSubsidiaries	指標を公表した会社、連結子会社の指標	CurrentYearInstant_Row1Member	－	極洋食品㈱
jpcrp_cor:ConsolidatedSubsidiariesMetricsOfConsolidatedSubsidiaries	指標を公表した会社、連結子会社の指標	CurrentYearInstant_Row2Member	－	㈱ジョッキ
jpcrp_cor:RegulationsInAccordanceWithWhichConsolidatedFinancialStatementsHaveBeenPreparedFinancialInformation	連結財務諸表が基づく規則、経理の状況	CurrentYearDuration	－	(1) 当社の連結財務諸表は、「連結財務諸表の用語、様式及び作成方法に関する規則」（昭和51年大蔵省令第28号）に基づいて作成しております。
jpcrp_cor:RegulationsInAccordanceWithWhichFinancialStatementsHaveBeenPreparedFinancialInformation	財務諸表が基づく規則、経理の状況	CurrentYearDuration	－	(2) 当社の財務諸表は、「財務諸表等の用語、様式及び作成方法に関する規則」（昭和38年大蔵省令第59号。以下、「財務諸表等規則」という。）に基づいて作成しております。
jpcrp_cor:DescriptionOfFactThatFinancialStatementsHaveBeenPreparedInAccordanceWithSpecialProvisionFinancialInformation	特例財務諸表を作成する場合の記載、経理の状況	CurrentYearDuration	－	また、当社は、特例財務諸表提出会社に該当し、財務諸表等規則第127条の規定により財務諸表を作成しております。
jpcrp_cor:NoteOnIndependentAuditFinancialInformation	監査証明について、経理の状況	CurrentYearDuration	－	当社は、金融商品取引法第193条の２第１項の規定に基づき、連結会計年度（2025年４月１日から2026年３月31日まで）の連結財務諸表及び事業年度（2025年４月１日から2026年３月31日まで）の財務諸表について、井上監査法人による監査を
jpcrp_cor:RemarkableEffortsToEnsureFairPresentationOfConsolidatedFinancialStatementsEtcFinancialInformation	連結財務諸表等の適正性を確保するための特段の取組、経理の状況	CurrentYearDuration	－	当社は、連結財務諸表等の適正性を確保するための特段の取組を行っております。具体的には、会計基準等の変更等に的確に対応できる体制を整備するため、公益財団法人財務会計基準機構へ加入し、会計基準への理解を深め、また、新たな会計基準に対応しておりま
jpcrp_cor:ConsolidatedBalanceSheetTextBlock	連結貸借対照表 [テキストブロック]	CurrentYearDuration	－	① 【連結貸借対照表】           (単位：百万円)          前連結会計年度(2025年３月31日)当連結会計年度(2026年３月31日)資産の部   流動資産    現金及び預金7,51411,047  受取手形及び売掛
jpcrp_cor:ConsolidatedStatementOfComprehensiveIncomeSingleStatementTextBlock	連結損益及び包括利益計算書 [テキストブロック]	CurrentYearDuration	－	② 【連結損益及び包括利益計算書】           (単位：百万円)          前連結会計年度(自 2024年４月１日　至 2025年３月31日)当連結会計年度(自 2025年４月１日　至 2026年３月31日)売上高※1 30
jpcrp_cor:ConsolidatedStatementOfChangesInEquityTextBlock	連結株主資本等変動計算書 [テキストブロック]	CurrentYearDuration	－	③ 【連結株主資本等変動計算書】  前連結会計年度(自 2024年４月１日　至 2025年３月31日) (単位：百万円) 株主資本資本金資本剰余金利益剰余金自己株式株主資本合計当期首残高7,5273,19342,176△54352,354当
jpcrp_cor:ConsolidatedStatementOfCashFlowsTextBlock	連結キャッシュ・フロー計算書 [テキストブロック]	CurrentYearDuration	－	④ 【連結キャッシュ・フロー計算書】           (単位：百万円)          前連結会計年度(自 2024年４月１日　至 2025年３月31日)当連結会計年度(自 2025年４月１日　至 2026年３月31日)営業活動による
jpcrp_cor:NotesSignificantAccountingPoliciesForPreparationOfConsolidatedFinancialStatementsTextBlock	連結財務諸表作成のための基本となる重要な事項 [テキストブロック]	CurrentYearDuration	－	(連結財務諸表作成のための基本となる重要な事項)１　連結の範囲に関する事項(1) 連結子会社の数　36社　　主要な連結子会社は、「第１　企業の概況　４　関係会社の状況」に記載しております。なお、当連結会計年度において、株式の新規取得により２
jpcrp_cor:NumberOfConsolidatedSubsidiariesAndNamesOfMajorConsolidatedSubsidiariesTextBlock	連結子会社の数及び主要な連結子会社の名称 [テキストブロック]	CurrentYearDuration	－	(1) 連結子会社の数　36社　　主要な連結子会社は、「第１　企業の概況　４　関係会社の状況」に記載しております。なお、当連結会計年度において、株式の新規取得により２社、新規設立により１社を連結の範囲に含めております。
jpcrp_cor:ChangesInScopeOfConsolidationTextBlock	連結の範囲の変更 [テキストブロック]	CurrentYearDuration	－	なお、当連結会計年度において、株式の新規取得により２社、新規設立により１社を連結の範囲に含めております。
jpcrp_cor:NamesOfMajorUnconsolidatedSubsidiariesAndReasonsForExclusionFromScopeOfConsolidationTextBlock	主要な非連結子会社の名称及び連結の範囲から除いた理由 [テキストブロック]	CurrentYearDuration	－	(2) 主要な非連結子会社の名称　Kocaman Balıkcılık Ulus. Nak.And Tic Ltd Sti連結の範囲から除いた理由非連結子会社は小規模であり、総資産、売上高、当期純損益（持分に見合う額）及び利益剰余金（持分に
jpcrp_cor:NumberOfUnconsolidatedSubsidiariesAndAssociatesAccountedForUsingEquityMethodAndNamesOfMajorEntitiesAccountedForUsingEquityMethodTextBlock	持分法を適用した非連結子会社又は関連会社の数及びこれらのうち主要な会社等の名称 [テキストブロック]	CurrentYearDuration	－	(1) 持分法を適用した関連会社数　1社　　会社等の名称佛山市秋津貿易有限公司
jpcrp_cor:NamesOfMajorUnconsolidatedSubsidiariesAndAssociatesAndReasonsForNotBeingAccountedForUsingEquityMethodTextBlock	持分法を適用しない非連結子会社又は関連会社がある場合には、これらのうち主要な会社等の名称及び持分法を適用しない理由 [テキストブロック]	CurrentYearDuration	－	(2) 持分法を適用しない非連結子会社及び関連会社のうち主要な会社等の名称Kocaman Balıkcılık Ulus. Nak.And Tic Ltd Sti    持分法を適用しない理由持分法を適用していない非連結子会社及び関連会社は
jpcrp_cor:OtherSpecificInformationIfDeemedNecessaryAboutApplicationOfEquityMethodTextBlock	持分法の適用の手続について特に記載する必要があると認められる事項がある場合には、その内容 [テキストブロック]	CurrentYearDuration	－	(3) 持分法の適用の手続について特に記載する必要があると認められる事項持分法を適用している会社のうち、決算日が連結決算日と異なる会社については、当該会社の直近の事業年度に係る財務諸表を使用しております。
jpcrp_cor:DisclosureAboutFiscalYearsEtcOfConsolidatedSubsidiariesTextBlock	連結子会社の事業年度等に関する事項 [テキストブロック]	CurrentYearDuration	－	３　連結子会社の事業年度等に関する事項　連結子会社のうち、Kyokuyo America Corporation、青島極洋貿易有限公司、Kyokuyo Europe B.V.、KYOKUYO GLOBAL SEAFOODS Co.,Ltd.
jpcrp_cor:DisclosureOfAccountingPoliciesTextBlock	会計方針に関する事項 [テキストブロック]	CurrentYearDuration	－	 ４　会計方針に関する事項(1) 重要な資産の評価基準及び評価方法　　①有価証券      その他有価証券        市場価格のない株式等以外のもの時価法によっております。（評価差額は全部純資産直入法により処理し、売却原価は移動平均法に
jpcrp_cor:SignificantAccountingEstimatesConsolidatedFinancialStatementsTextBlock	重要な会計上の見積り、連結財務諸表 [テキストブロック]	CurrentYearDuration	－	(重要な会計上の見積り）　　　（固定資産の減損）　(１) 当連結会計年度の連結財務諸表に計上した金額 　　　　　有形固定資産 28,950 百万円　　　　　無形固定資産  1,905   〃 　(２) 識別した項目に係る重要な会計上の見積り
jpcrp_cor:NotesNewAccountingStandardsNotYetAppliedConsolidatedFinancialStatementsTextBlock	未適用の会計基準等、連結財務諸表 [テキストブロック]	CurrentYearDuration	－	(未適用の会計基準)・「リースに関する会計基準」（企業会計基準第34号　2024年９月13日　企業会計基準委員会）・「リースに関する会計基準の適用指針」（企業会計基準適用指針第33号　2024年９月13日　企業会計基準委員会）　等(1) 概
jpcrp_cor:NotesChangesInPresentationConsolidatedFinancialStatementsTextBlock	表示方法の変更、連結財務諸表 [テキストブロック]	CurrentYearDuration	－	(表示方法の変更)（連結貸借対照表関係）　前連結会計年度において流動資産の「商品及び製品」に含めていたものの一部について当社グループ内における利用状況を踏まえ、より実態に即した区分とするために、当連結会計年度より「原材料及び貯蔵品」に含めて
jpcrp_cor:NotesAdditionalInformationConsolidatedFinancialStatementsTextBlock	追加情報、連結財務諸表 [テキストブロック]	CurrentYearDuration	－	（取締役及び執行役員に対する業績連動型株式報酬制度）当社は、取締役（社外取締役を除く）及び執行役員を対象に、中長期的視野をもって、業績の向上と企業価値の増大への貢献意欲を高めることを目的として、業績連動型株式報酬制度（以下、「本制度」という
jpcrp030000-asr_E00012-000:NotesRegardingAmountsOfNotesAndAccountsReceivableTradeContractAssetsAndContractLiabilitiesTextBlock		CurrentYearInstant	－	※１　「受取手形及び売掛金」のうち、顧客との契約から生じた債権の金額並びに流動負債の「その他」のうち、契約負債の金額は、連結財務諸表「注記事項（収益認識関係）３　顧客との契約に基づく履行義務の充足と当該契約から生じるキャッシュ・フローとの関
jpcrp_cor:NotesRegardingAccumulatedDepreciationOfPropertyPlantAndEquipmentTextBlock	有形固定資産の減価償却累計額の注記 [テキストブロック]	CurrentYearInstant	－	※２　有形固定資産減価償却累計額 前連結会計年度(2025年３月31日)当連結会計年度(2026年３月31日)有形固定資産減価償却累計額30,724百万円34,415百万円  
jpcrp_cor:NotesRegardingSharesAndBondsEtcOfUnconsolidatedSubsidiariesAndAssociatesTextBlock	非連結子会社及び関連会社の株式及び社債等 [テキストブロック]	CurrentYearInstant	－	※３　非連結子会社及び関連会社に対するものは、次のとおりであります。 前連結会計年度(2025年３月31日)当連結会計年度(2026年３月31日)投資有価証券（株式）0百万円0百万円その他（出資金）4960  
jpcrp_cor:NotesRegardingPledgedAssetsTextBlock	担保に供している資産の注記 [テキストブロック]	CurrentYearInstant	－	※４　担保資産及び担保付債務　　　担保に供している資産は、次のとおりであります。 前連結会計年度(2025年３月31日)当連結会計年度(2026年３月31日)受取手形及び売掛金―百万円587百万円建物及び構築物11機械装置及び運搬具1―　　
jpcrp_cor:NotesRegardingAmountsOfReductionEntryOfPropertyPlantAndEquipmentTextBlock	有形固定資産の圧縮記帳額の注記 [テキストブロック]	CurrentYearInstant	－	※５　圧縮記帳額国庫補助金等により有形及び無形固定資産の取得価額から控除している圧縮記帳額及びその内訳は、次のとおりであります。 前連結会計年度(2025年３月31日)当連結会計年度(2026年３月31日)圧縮記帳額2,142百万円2,35
jpcrp_cor:NotesRegardingGuaranteeObligationsTextBlock	保証債務の注記 [テキストブロック]	CurrentYearInstant	－	※６　保証債務及び手形遡求債務等手形遡求債務 前連結会計年度(2025年３月31日)当連結会計年度(2026年３月31日)輸出信用状付荷為替手形銀行間未決済残高10百万円243百万円  
jpcrp_cor:NotesRegardingAmountOfRevenueFromContractsWithCustomersTextBlock	顧客との契約から生じる収益の金額の注記 [テキストブロック]	CurrentYearDuration	－	※１　顧客との契約から生じる収益　　　売上高については、顧客との契約から生じる収益及びそれ以外の収益を区分して記載しておりません。顧客との契約から生じる収益の金額は、連結財務諸表「注記事項（収益認識関係）１　顧客との契約から生じる収益を分解
jpcrp_cor:NotesRegardingWriteDownsOfInventoriesTextBlock	棚卸資産の帳簿価額の切下げに関する注記 [テキストブロック]	CurrentYearDuration	－	※２　期末棚卸高は収益性の低下に伴う簿価切下げ後の金額であり、次の棚卸資産評価損が売上原価に含まれております。 前連結会計年度(自  2024年４月１日至  2025年３月31日)当連結会計年度(自  2025年４月１日至  2026年３月
jpcrp_cor:MajorComponentsOfSellingGeneralAndAdministrativeExpensesTextBlock	主要な販売費及び一般管理費 [テキストブロック]	CurrentYearDuration	－	※３　販売費のうち主要な費目及び金額は、次のとおりであります。 前連結会計年度(自  2024年４月１日至  2025年３月31日)当連結会計年度(自  2025年４月１日至  2026年３月31日)発送費及び配達費6,435百万円7,47
jpcrp_cor:ResearchAndDevelopmentExpensesIncludedInGeneralAndAdministrativeExpensesAndManufacturingCostForCurrentPeriodTextBlock	一般管理費及び当期製造費用に含まれる研究開発費 [テキストブロック]	CurrentYearDuration	－	 ※５　一般管理費及び当期製造費用に含まれる研究開発費の総額は、次のとおりであります。 前連結会計年度(自  2024年４月１日至  2025年３月31日)当連結会計年度(自  2025年４月１日至  2026年３月31日) 332百万円3
jpcrp030000-asr_E00012-000:NotesRegardingGainOnDisposalOfNonCurrentAssetsTextBlock		CurrentYearDuration	－	 ※６　固定資産処分益の主な内容は、次のとおりであります。  前連結会計年度(自　2024年４月１日至　2025年３月31日)当連結会計年度(自　2025年４月１日至　2026年３月31日)土地（売却）―百万円61百万円 機械装置及び運搬具
jpcrp030000-asr_E00012-000:NotesRegardingLossOnDisposalOfNonCurrentAssetsTextBlock		CurrentYearDuration	－	 ※７　固定資産処分損の主な内容は、次のとおりであります。  前連結会計年度(自　2024年４月１日至　2025年３月31日)当連結会計年度(自　2025年４月１日至　2026年３月31日) 建物及び構築物（除却）8百万円28百万円 器具及
jpcrp_cor:NotesRegardingImpairmentLossTextBlock	減損損失に関する注記 [テキストブロック]	CurrentYearDuration	－	※８　減損損失前連結会計年度（自　2024年４月１日　至　2025年３月31日）及び当連結会計年度（自　2025年４月１日　至　2026年３月31日）重要性が乏しいため、記載を省略しております。 
jpcrp_cor:NotesRegardingReclassificationAdjustmentsRelatingToOtherComprehensiveIncomeTextBlock	その他の包括利益に係る組替調整額 [テキストブロック]	CurrentYearDuration	－	 ※９　その他の包括利益に係る組替調整額  前連結会計年度(自　2024年４月１日至　2025年３月31日)当連結会計年度(自　2025年４月１日至　2026年３月31日)その他有価証券評価差額金  　当期発生額2,273百万円7,220百
jpcrp_cor:NotesRegardingIncomeTaxesAndTaxEffectsRelatingToOtherComprehensiveIncomeTextBlock	その他の包括利益に関する法人税等及び税効果額 [テキストブロック]	CurrentYearDuration	－	 ※１０　その他の包括利益に係る法人税等及び税効果額  前連結会計年度(自　2024年４月１日至　2025年３月31日)当連結会計年度(自　2025年４月１日至　2026年３月31日)その他有価証券評価差額金    法人税等及び税効果調整前
jpcrp_cor:NotesRegardingIssuedSharesAndTreasurySharesTextBlock	発行済株式及び自己株式に関する注記 [テキストブロック]	Prior1YearDuration	－	１　発行済株式に関する事項株式の種類当連結会計年度期首増加減少当連結会計年度末普通株式(株)12,078,283――12,078,283  ２　自己株式に関する事項株式の種類当連結会計年度期首増加減少当連結会計年度末普通株式(株)200,7
jpcrp_cor:NotesRegardingDividendTextBlock	配当に関する注記 [テキストブロック]	Prior1YearDuration	－	３　配当に関する事項(1) 配当金支払額決議株式の種類配当金の総額(百万円)１株当たり配当額(円)基準日効力発生日2024年６月25日定時株主総会普通株式1,1911002024年３月31日2024年６月26日 　　（注）1. 2024年６
jpcrp_cor:NotesRegardingIssuedSharesAndTreasurySharesTextBlock	発行済株式及び自己株式に関する注記 [テキストブロック]	CurrentYearDuration	－	１　発行済株式に関する事項株式の種類当連結会計年度期首増加減少当連結会計年度末普通株式(株)12,078,283――12,078,283  ２　自己株式に関する事項株式の種類当連結会計年度期首増加減少当連結会計年度末普通株式(株)200,8
jpcrp_cor:NotesRegardingDividendTextBlock	配当に関する注記 [テキストブロック]	CurrentYearDuration	－	３　配当に関する事項(1) 配当金支払額決議株式の種類配当金の総額(百万円)１株当たり配当額(円)基準日効力発生日2025年６月25日定時株主総会普通株式1,5541302025年３月31日2025年６月26日 　　（注）1. 2025年６
jpcrp_cor:ReconciliationOfEndingBalanceOfCashAndCashEquivalentsWithAccountBalancesPerBalanceSheetTextBlock	現金及び現金同等物の期末残高と貸借対照表に掲記されている科目の金額との関係 [テキストブロック]	CurrentYearDuration	－	※１　現金及び現金同等物の期末残高と連結貸借対照表に掲記されている科目の金額との関係は、次のとおりであります。　 前連結会計年度(自  2024年４月１日至  2025年３月31日)当連結会計年度(自  2025年４月１日至  2026年３
jpcrp_cor:MajorComponentsOfAssetsAndLiabilitiesOfConsolidatedSubsidiaryAcquiredByPurchaseOfSharesDuringReportingPeriodTextBlock	株式の取得により新たに連結子会社となった会社がある場合には、当該会社の資産及び負債の主な内訳 [テキストブロック]	CurrentYearDuration	－	※２　当連結会計年度に株式の取得により新たに連結子会社となった会社の資産及び負債の内訳　　株式の取得により新たにEngelsviken Canning Denmark A/S及び同社の子会社１社を連結し  たことに伴う連結開始時の資産及び負
jpcrp_cor:NotesLeasesConsolidatedFinancialStatementsTextBlock	リース取引関係、連結財務諸表 [テキストブロック]	CurrentYearDuration	－	(リース取引関係)１　ファイナンス・リース取引（借主側）　所有権移転外ファイナンス・リース取引(1) リース資産の内容・有形固定資産主として、生産設備及び営業用車両（機械装置及び運搬具）であります。・無形固定資産主として、ソフトウェアであり
jpcrp_cor:NotesFinancialInstrumentsConsolidatedFinancialStatementsTextBlock	金融商品関係、連結財務諸表 [テキストブロック]	CurrentYearDuration	－	 (金融商品関係)１　金融商品の状況に関する事項 　(1)　金融商品に対する取組方針当社グループは、主に食品事業、生鮮事業を行うための設備投資計画に照らして、必要な資金を銀行等金融機関からの借入等により調達しております。また、短期的な運転資
jpcrp_cor:NotesSecuritiesConsolidatedFinancialStatementsTextBlock	有価証券関係、連結財務諸表 [テキストブロック]	CurrentYearDuration	－	 (有価証券関係)１　その他有価証券　　前連結会計年度(2025年３月31日)区分連結貸借対照表計上額(百万円)取得原価(百万円)差額(百万円)連結貸借対照表計上額が取得原価を超えるもの   株式13,6264,3819,244小　計13,
jpcrp_cor:NotesDerivativesConsolidatedFinancialStatementsTextBlock	デリバティブ取引関係、連結財務諸表 [テキストブロック]	CurrentYearDuration	－	(デリバティブ取引関係)前連結会計年度(自　2024年４月１日　至　2025年３月31日)及び当連結会計年度(自　2025年４月１日　至　2026年３月31日)「金融商品関係」注記を参照ください。　
jpcrp_cor:NotesRetirementBenefitsConsolidatedFinancialStatementsTextBlock	退職給付関係、連結財務諸表 [テキストブロック]	CurrentYearDuration	－	 (退職給付関係)１　採用している退職給付制度の概要当社及び連結子会社は、退職一時金制度、確定給付企業年金基金制度及び確定拠出年金制度を設けており、退職一時金制度の一部については退職給付債務等の計算につき、簡便法を採用しております。当社は2
jpcrp_cor:NotesShareOptionsEtcConsolidatedFinancialStatementsTextBlock	ストック・オプション等関係、連結財務諸表 [テキストブロック]	CurrentYearDuration	－	(ストック・オプション等関係)　　　 該当事項はありません。　　 
jpcrp_cor:NotesTaxEffectAccountingConsolidatedFinancialStatementsTextBlock	税効果会計関係、連結財務諸表 [テキストブロック]	CurrentYearDuration	－	 (税効果会計関係)１　繰延税金資産及び繰延税金負債の発生の主な原因別内訳　 前連結会計年度(2025年３月31日) 当連結会計年度(2026年３月31日)繰延税金資産   　固定資産未実現利益520百万円 515百万円　貸倒引当金505 
jpcrp_cor:NotesAssetRetirementObligationsConsolidatedFinancialStatementsTextBlock	資産除去債務関係、連結財務諸表 [テキストブロック]	CurrentYearDuration	－	(資産除去債務関係)前連結会計年度(自　2024年４月１日　至　2025年３月31日)及び当連結会計年度(自　2025年４月１日　至　2026年３月31日)重要性が乏しいため、記載を省略しております。　
jpcrp_cor:NotesRealEstateForLeaseEtcConsolidatedFinancialStatementsTextBlock	賃貸等不動産関係、連結財務諸表 [テキストブロック]	CurrentYearDuration	－	(賃貸等不動産関係)前連結会計年度(自　2024年４月１日　至　2025年３月31日)及び当連結会計年度(自　2025年４月１日　至　2026年３月31日）重要性が乏しいため、記載を省略しております。   
jpcrp_cor:NotesRevenueRecognitionConsolidatedFinancialStatementsTextBlock	収益認識関係、連結財務諸表 [テキストブロック]	CurrentYearDuration	－	(収益認識関係)１　顧客との契約から生じる収益を分解した情報　前連結会計年度（自 2024年４月１日　至 2025年３月31日）　     　　　　　（単位：百万円） 水産事業生鮮事業食品事業物流サービスその他合計 地域別        日
jpcrp_cor:NotesSegmentInformationEtcConsolidatedFinancialStatementsTextBlock	セグメント情報等、連結財務諸表 [テキストブロック]	CurrentYearDuration	－	(セグメント情報等)  【セグメント情報】１ 報告セグメントの概要当社の報告セグメントは、当社の構成単位のうち分離された財務諸表が入手可能であり、取締役会が経営資源の配分の決定及び業績を評価するために、定期的に検討を行う対象となっているもの
jpcrp_cor:DescriptionOfReportableSegmentsTextBlock	報告セグメントの概要 [テキストブロック]	CurrentYearDuration	－	１ 報告セグメントの概要当社の報告セグメントは、当社の構成単位のうち分離された財務諸表が入手可能であり、取締役会が経営資源の配分の決定及び業績を評価するために、定期的に検討を行う対象となっているものであります。当社は、製品・サービス別に「水
jpcrp_cor:ExplanationOfMeasurementsOfSalesProfitLossAssetLiabilityAndOtherItemsForEachReportableSegmentTextBlock	報告セグメントごとの売上高、利益又は損失、資産、負債その他の項目の金額の算定方法 [テキストブロック]	CurrentYearDuration	－	２ 報告セグメントごとの売上高、利益又は損失、資産、その他の項目の金額の算定方法報告されている事業セグメントの会計処理の方法は、「連結財務諸表作成のための基本となる重要な事項」における記載と概ね同一であります。なお、報告セグメント間の取引は
jpcrp_cor:FootnotesRegardingSegmentInformationTableTextBlock	セグメント表の脚注 [テキストブロック]	Prior1YearDuration	－	(注)１．調整額は以下の通りであります。ア．セグメント利益の調整額1,641百万円には、各報告セグメントに配分していない全社費用1,408百万円が含    まれております。全社費用は主に親会社本社の総務部門等管理部門に係る費用であります。　
jpcrp_cor:FootnotesRegardingSegmentInformationTableTextBlock	セグメント表の脚注 [テキストブロック]	CurrentYearDuration	－	(注)１．調整額は以下の通りであります。ア．セグメント利益の調整額2,035百万円には、各報告セグメントに配分していない全社費用1,936百万円が含    まれております。全社費用は主に親会社本社の総務部門等管理部門に係る費用であります。　
jpcrp_cor:InformationForEachProductOrServiceTextBlock	製品及びサービスごとの情報 [テキストブロック]	Prior1YearDuration	－	１　製品及びサービスごとの情報セグメント情報に同様の情報を開示しているため、記載を省略しております。 
jpcrp_cor:RevenuesFromExternalCustomersInformationForEachRegionTextBlock	売上高、地域ごとの情報 [テキストブロック]	Prior1YearDuration	－	　 (１)　売上高（単位：百万円）日本その他合計270,12632,555302,681 (注)売上高は顧客の所在地を基礎とし、国又は地域に分類しております。 
jpcrp_cor:PropertyPlantAndEquipmentInformationForEachRegionTextBlock	有形固定資産、地域ごとの情報 [テキストブロック]	Prior1YearDuration	－	　 (２)　有形固定資産　　　　　　　　　　　　　　　　　　　　　　　　　　　　　（単位：百万円） 日本米国タイその他合計 17,1784,1133,5143,78128,588  
jpcrp_cor:InformationForEachOfMainCustomersTextBlock	主要な顧客ごとの情報 [テキストブロック]	Prior1YearDuration	－	３　主要な顧客ごとの情報　特定の外部顧客への売上高が連結損益及び包括利益計算書の売上高の10％以上とならないため、記載を省略しております。 
jpcrp_cor:InformationForEachProductOrServiceTextBlock	製品及びサービスごとの情報 [テキストブロック]	CurrentYearDuration	－	１　製品及びサービスごとの情報セグメント情報に同様の情報を開示しているため、記載を省略しております。 
jpcrp_cor:RevenuesFromExternalCustomersInformationForEachRegionTextBlock	売上高、地域ごとの情報 [テキストブロック]	CurrentYearDuration	－	　 (１)　売上高（単位：百万円）日本その他合計279,82354,789334,612 (注)売上高は顧客の所在地を基礎とし、国又は地域に分類しております。 
jpcrp_cor:PropertyPlantAndEquipmentInformationForEachRegionTextBlock	有形固定資産、地域ごとの情報 [テキストブロック]	CurrentYearDuration	－	　 (２)　有形固定資産　　　　　　　　　　　　　　　　　　　　　　　　　　　　　（単位：百万円） 日本米国タイその他合計 16,6844,4673,4414,35628,950  
jpcrp_cor:InformationForEachOfMainCustomersTextBlock	主要な顧客ごとの情報 [テキストブロック]	CurrentYearDuration	－	３　主要な顧客ごとの情報　特定の外部顧客への売上高が連結損益及び包括利益計算書の売上高の10％以上とならないため、記載を省略しております。
jpcrp_cor:DescriptionOfFactorsWhichLedToRecognitionOfGainOnBargainPurchaseTextBlock	報告セグメントごとの負ののれん発生益を認識する要因となった事象の概要 [テキストブロック]	CurrentYearDuration	－	【報告セグメントごとの負ののれん発生益に関する情報】前連結会計年度(自　2024年４月１日　至　2025年３月31日)及び当連結会計年度(自　2025年４月１日　至　2026年３月31日)　該当事項はありません。 
jpcrp_cor:NotesRelatedPartiesConsolidatedFinancialStatementsTextBlock	関連当事者情報、連結財務諸表 [テキストブロック]	CurrentYearDuration	－	【関連当事者情報】１　関連当事者との取引(1)　連結財務諸表提出会社と関連当事者との取引該当事項はありません。 (2)　連結財務諸表提出会社の連結子会社と関連当事者との取引　　　該当事項はありません。　２　親会社又は重要な関連会社に関する注
jpcrp_cor:NotesPerShareInformationConsolidatedFinancialStatementsTextBlock	１株当たり情報、連結財務諸表 [テキストブロック]	CurrentYearDuration	－	(１株当たり情報)項目前連結会計年度(自　2024年４月１日至　2025年３月31日)当連結会計年度(自　2025年４月１日至　2026年３月31日)１株当たり純資産額5,600.14円6,511.31円１株当たり当期純利益567.48円5
jpcrp_cor:NotesSignificantEventsAfterReportingPeriodConsolidatedFinancialStatementsTextBlock	重要な後発事象、連結財務諸表 [テキストブロック]	CurrentYearDuration	－	(重要な後発事象)（米国カニカマ事業の合弁解消及び相手先による当社株式の取得）当社は、2026年５月15日開催の取締役会において、Great Ocean Group Holding LLC(本社：米国ワシントン州　以下、GOGH社)との米国
jpcrp_cor:AnnexedConsolidatedDetailedScheduleOfCorporateBondsTextBlock	社債明細表、連結財務諸表 [テキストブロック]	CurrentYearDuration	－	【社債明細表】　　　　　 該当事項はありません。 
jpcrp_cor:AnnexedConsolidatedDetailedScheduleOfBorrowingsTextBlock	借入金等明細表、連結財務諸表 [テキストブロック]	CurrentYearDuration	－	【借入金等明細表】 区分当期首残高(百万円)当期末残高(百万円)平均利率(％)返済期限短期借入金19,76029,6202.034―１年以内に返済予定の長期借入金9,01011,5521.132―１年以内に返済予定のリース債務2031903
jpcrp_cor:AnnexedConsolidatedDetailedScheduleOfAssetRetirementObligationsTextBlock	資産除去債務明細表、連結財務諸表 [テキストブロック]	CurrentYearDuration	－	【資産除去債務明細表】当連結会計年度期首及び当連結会計年度末における資産除去債務の金額が当連結会計年度期首及び当連結会計年度末における負債及び純資産の合計額の100分の１以下であるため、記載を省略しております。 
jpcrp_cor:OtherInformationConsolidatedFinancialStatementsEtcTextBlock	その他、連結財務諸表等 [テキストブロック]	CurrentYearDuration	－	(2) 【その他】当連結会計年度における半期情報等 中間連結会計期間当連結会計年度売上高（百万円)155,996334,612税金等調整前中間(当期)純利益（百万円)4,19710,040親会社株主に帰属する中間(当期)純利益（百万円)2,
jpcrp_cor:BalanceSheetTextBlock	貸借対照表 [テキストブロック]	CurrentYearDuration	－	① 【貸借対照表】           (単位：百万円)          前事業年度(2025年３月31日)当事業年度(2026年３月31日)資産の部   流動資産    現金及び預金3,5586,296  売掛金※3 33,938※3 
jpcrp_cor:StatementOfIncomeTextBlock	損益計算書 [テキストブロック]	CurrentYearDuration	－	② 【損益計算書】           (単位：百万円)          前事業年度(自 2024年４月１日　至 2025年３月31日)当事業年度(自 2025年４月１日　至 2026年３月31日)売上高※2 272,792※2 296,
jpcrp_cor:StatementOfChangesInEquityTextBlock	株主資本等変動計算書 [テキストブロック]	CurrentYearDuration	－	③ 【株主資本等変動計算書】  前事業年度(自 2024年４月１日　至 2025年３月31日) (単位：百万円) 株主資本資本金資本剰余金利益剰余金資本準備金その他資本剰余金資本剰余金合計利益準備金その他利益剰余金別途積立金繰越利益剰余金当
jpcrp_cor:NotesSignificantAccountingPoliciesFinancialStatementsTextBlock	重要な会計方針、財務諸表 [テキストブロック]	CurrentYearDuration	－	(重要な会計方針)１　資産の評価基準及び評価方法　(1) 有価証券の評価基準及び評価方法　 ① 子会社株式及び関連会社株式    移動平均法による原価法によっております。 ② その他有価証券  市場価格のない株式等以外のもの時価法によってお
jpcrp_cor:SignificantAccountingEstimatesFinancialStatementsTextBlock	重要な会計上の見積り、財務諸表 [テキストブロック]	CurrentYearDuration	－	 (重要な会計上の見積り)　  (関係会社株式の評価)　　(１) 当事業年度の財務諸表に計上した金額　　　　　 関係会社株式　　　　　　　　　　　　　　　　　 5,754百万円 　　　　　 関係会社株式評価損　　　　　　　　　　　　　   
jpcrp_cor:NotesChangesInPresentationFinancialStatementsTextBlock	表示方法の変更、財務諸表 [テキストブロック]	CurrentYearDuration	－	(表示方法の変更)　　　(損益計算書関係)　　　　 前事業年度において区分掲記しておりました「受取保険金」(当事業年度76百万円)について　　　　は、金額が僅少となったため、当事業年度は営業外収益の「雑収入」に含めて表示しておりま　　　　す
jpcrp_cor:NotesAdditionalInformationFinancialStatementsTextBlock	追加情報、財務諸表 [テキストブロック]	CurrentYearDuration	－	(追加情報)　　(取締役及び執行役員に対する業績連動型株式報酬制度)連結財務諸表の「注記事項(追加情報)」に同一の内容を記載しているため、注記を省略しております。 
jpcrp_cor:NotesRegardingAmountsOfReductionEntryOfPropertyPlantAndEquipmentTextBlock	有形固定資産の圧縮記帳額の注記 [テキストブロック]	CurrentYearInstant_NonConsolidatedMember	－	※１　圧縮記帳額　国庫補助金等により有形固定資産の取得価額から控除している圧縮記帳額及びその内訳は、次のとおりであります。 前事業年度(2025年３月31日)当事業年度(2026年３月31日)圧縮記帳額1,375百万円1,518百万円（うち
jpcrp_cor:NotesRegardingGuaranteeObligationsTextBlock	保証債務の注記 [テキストブロック]	CurrentYearInstant_NonConsolidatedMember	－	※２　偶発債務及び手形遡求債務等(1)　偶発債務　　　下記の会社の金融機関からの借入金等に対して、次のとおり債務保証を行っております。 前事業年度(2025年３月31日)当事業年度(2026年３月31日)Kyokuyo Europe B.V
jpcrp_cor:NotesRegardingAssetsAndLiabilitiesIncurredFromTransactionsWithAffiliatedEntitiesTextBlock	関係会社に関する資産・負債の注記 [テキストブロック]	CurrentYearInstant_NonConsolidatedMember	－	※３　関係会社に対する金銭債権債務 前事業年度(2025年３月31日)当事業年度(2026年３月31日)　短期金銭債権19,245百万円19,840百万円　短期金銭債務11,70113,765　長期金銭債務1313 　 
jpcrp_cor:MajorComponentsOfSellingGeneralAndAdministrativeExpensesTextBlock	主要な販売費及び一般管理費 [テキストブロック]	CurrentYearDuration_NonConsolidatedMember	－	※１　販売費及び一般管理費のうち主要な費目及び金額並びにおおよその割合は、次のとおりであります。  前事業年度(自  2024年４月１日至  2025年３月31日)当事業年度(自  2025年４月１日至  2026年３月31日)発送及び配達
jpcrp_cor:NotesRegardingTotalAmountOfOperatingTransactionsFromOrToAffiliatedEntitiesAndTotalAmountOfNonOperatingTransactionsFromOrToAffiliatedEntitiesTextBlock	関係会社との営業取引による取引高の総額及び営業取引以外の取引による取引高の総額の注記 [テキストブロック]	CurrentYearDuration_NonConsolidatedMember	－	 ※２　関係会社との取引高 前事業年度(自　2024年４月１日至　2025年３月31日)当事業年度(自　2025年４月１日至　2026年３月31日)営業取引による取引高  　売上高20,881百万円26,256百万円　仕入高等72,6098
jpcrp_cor:NotesSecuritiesFinancialStatementsTextBlock	有価証券関係、財務諸表 [テキストブロック]	CurrentYearDuration	－	 (有価証券関係)前事業年度(2025年３月31日)子会社株式及び関連会社株式は、市場価格のない株式等のため、子会社株式及び関連会社株式の時価を記載しておりません。なお、市場価格のない株式等の子会社株式及び関連会社株式の貸借対照表計上額は次
jpcrp_cor:NotesTaxEffectAccountingFinancialStatementsTextBlock	税効果会計関係、財務諸表 [テキストブロック]	CurrentYearDuration	－	 (税効果会計関係)１　繰延税金資産及び繰延税金負債の発生の主な原因別内訳　 前事業年度(2025年３月31日) 当事業年度(2026年３月31日)繰延税金資産   　退職給付引当金449百万円 474百万円　賞与引当金221 243　貸倒
jpcrp_cor:NotesRevenueRecognitionFinancialStatementsTextBlock	収益認識関係、財務諸表 [テキストブロック]	CurrentYearDuration	－	 (収益認識関係) 顧客との契約から生じる収益を理解するための基礎となる情報は、連結財務諸表「注記事項（収益認識関係）２　顧客との契約から生じる収益を理解するための基礎となる情報」に同一の内容を記載しているので、注記を省略しております。 
jpcrp_cor:NotesSignificantEventsAfterReportingPeriodFinancialStatementsTextBlock	重要な後発事象、財務諸表 [テキストブロック]	CurrentYearDuration	－	(重要な後発事象)（米国カニカマ事業の合弁解消及び相手先による当社株式の取得）連結財務諸表の「注記事項（重要な後発事象）」に同一の内容を記載しているため、注記を省略しております。
jpcrp_cor:AnnexedDetailedScheduleOfPropertyPlantAndEquipmentEtcTextBlock	有形固定資産等明細表 [テキストブロック]	CurrentYearDuration	－	【有形固定資産等明細表】 （単位：百万円）区分資産の種類当期首残高当期増加額当期減少額当期償却額当期末残高減価償却累計額有形固定資産建物 2,835149262052,7523,217構築物24271027211332機械装置1,87515
jpcrp_cor:AnnexedDetailedScheduleOfProvisionsTextBlock	引当金明細表 [テキストブロック]	CurrentYearDuration	－	【引当金明細表】(単位：百万円)科目当期首残高当期増加額当期減少額当期末残高　貸倒引当金1,95314482,089　賞与引当金725773725773関係会社事業損失引当金468―165303株式給付引当金21―3役員株式給付引当金214
jpcrp_cor:ComponentsOfMajorAssetsAndLiabilitiesTextBlock	主な資産及び負債の内容 [テキストブロック]	CurrentYearDuration	－	(2) 【主な資産及び負債の内容】連結財務諸表を作成しているため、記載を省略しております。　
jpcrp_cor:OtherInformationFinancialStatementsEtcTextBlock	その他、財務諸表等 [テキストブロック]	CurrentYearDuration	－	(3) 【その他】該当事項はありません。　
jpcrp_cor:OverviewOfOperationalProceduresForSharesTextBlock	提出会社の株式事務の概要 [テキストブロック]	FilingDateInstant	－	第６ 【提出会社の株式事務の概要】　事業年度４月１日から３月31日まで定時株主総会６月中基準日３月31日剰余金の配当の基準日３月31日１単元の株式数100株単元未満株式の買取り 　　取扱場所（特別口座）東京都千代田区丸の内一丁目４番５号三菱
jpcrp_cor:InformationAboutParentCompanyEtcOfReportingCompanyTextBlock	提出会社の親会社等の情報 [テキストブロック]	FilingDateInstant	－	１ 【提出会社の親会社等の情報】当社に親会社等はありません。　
jpcrp_cor:OtherReferenceInformationTextBlock	その他の参考情報 [テキストブロック]	FilingDateInstant	－	２ 【その他の参考情報】当事業年度の開始日から有価証券報告書提出日までの間に、次の書類を提出しています。 (1)有価証券報告書及びその添付書類並びに確認書事業年度　第102期(自2024年４月１日　至　2025年３月31日)　2025年６月
jpcrp_cor:InformationAboutCompanyWhichProvidesGuaranteeToReportingCompanyTextBlock	提出会社の保証会社等の情報 [テキストブロック]	FilingDateInstant	－	第二部 【提出会社の保証会社等の情報】該当事項はありません。　
