jpcrp_cor:IndependentAuditorsReportConsolidatedTextBlock	独立監査人の報告書、連結 [テキストブロック]	FilingDateInstant	－	独立監査人の監査報告書及び内部統制監査報告書   2026年3月24日  花王株式会社取締役会　御中   有限責任監査法人トーマツ東京事務所  指定有限責任社員業務執行社員 公認会計士山   野   辺   純   一   指定有限責任社員
jpcrp_cor:AuditFirm1Consolidated	監査法人１、連結	FilingDateInstant	－	有限責任監査法人トーマツ
jpcrp_cor:CPA1AuditFirm1Consolidated	公認会計士１、監査法人１、連結	FilingDateInstant	－	山   野   辺   純   一
jpcrp_cor:CPA2AuditFirm1Consolidated	公認会計士２、監査法人１、連結	FilingDateInstant	－	奥   津   佳   樹
jpcrp_cor:CPA3AuditFirm1Consolidated	公認会計士３、監査法人１、連結	FilingDateInstant	－	中   島   雄   一   朗
jpcrp_cor:KeyAuditMattersConsolidatedTextBlock	監査上の主要な検討事項、連結 [テキストブロック]	FilingDateInstant	－	監査上の主要な検討事項監査上の主要な検討事項とは、当連結会計年度の連結財務諸表の監査において、監査人が職業的専門家として特に重要であると判断した事項である。監査上の主要な検討事項は、連結財務諸表全体に対する監査の実施過程及び監査意見の形成に
jpcrp_cor:OverviewKAMConsolidatedTextBlock	全体概要、監査上の主要な検討事項、連結 [テキストブロック]	FilingDateInstant	－	監査上の主要な検討事項とは、当連結会計年度の連結財務諸表の監査において、監査人が職業的専門家として特に重要であると判断した事項である。監査上の主要な検討事項は、連結財務諸表全体に対する監査の実施過程及び監査意見の形成において対応した事項であ
jpcrp_cor:ShortDescriptionKAMConsolidated	見出し、監査上の主要な検討事項、連結	FilingDateInstant_Row1Member	－	のれんの評価（株式会社カネボウ化粧品の企業結合に係るのれん）
jpcrp_cor:DescriptionIncludingReasonKAMConsolidatedTextBlock	内容及び理由、監査上の主要な検討事項、連結 [テキストブロック]	FilingDateInstant_Row1Member	－	連結財政状態計算書に計上されているのれん（残高231,071百万円）には、【連結財務諸表に関する注記事項】13．のれん及び無形資産に記載されているとおり株式会社カネボウ化粧品の企業結合に係るのれん119,400百万円が含まれており、総資産の
jpcrp_cor:ReferenceKAMConsolidated	開示への参照、監査上の主要な検討事項、連結	FilingDateInstant_Row1Member	－	【連結財務諸表に関する注記事項】13．のれん及び無形資産
jpcrp_cor:AuditorsResponseKAMConsolidatedTextBlock	監査上の対応、監査上の主要な検討事項、連結 [テキストブロック]	FilingDateInstant_Row1Member	－	当監査法人は、株式会社カネボウ化粧品の企業結合に係るのれんの評価に関連する使用価値の見積りの合理性を評価するため、主に以下の監査手続を実施した。（１）内部統制の評価のれんを含む資金生成単位グループの減損損失の認識の要否の判定に関連する内部統
jpcrp_cor:OtherInformationConsolidatedTextBlock	その他の記載内容、連結 [テキストブロック]	FilingDateInstant	－	 その他の記載内容その他の記載内容は、有価証券報告書に含まれる情報のうち、連結財務諸表及び財務諸表並びにこれらの監査報告書以外の情報である。経営者の責任は、その他の記載内容を作成し開示することにある。また、監査役及び監査役会の責任は、その他
jpcrp_cor:FeeRelatedInformationConsolidatedTextBlock	報酬関連情報、連結 [テキストブロック]	FilingDateInstant	－	＜報酬関連情報＞当監査法人及び当監査法人と同一のネットワークに属する者に対する、会社及び子会社の監査証明業務に基づく報酬及び非監査業務に基づく報酬の額は、「提出会社の状況」に含まれるコーポレート・ガバナンスの状況等(3)【監査の状況】に記載
jpcrp_cor:IndependentAuditorsReportNonConsolidatedTextBlock	独立監査人の報告書、個別 [テキストブロック]	FilingDateInstant	－	 独立監査人の監査報告書   2026年3月24日  花王株式会社取締役会　御中   有限責任監査法人トーマツ東京事務所  指定有限責任社員業務執行社員 公認会計士山   野   辺   純   一   指定有限責任社員業務執行社員 公認会
jpcrp_cor:AuditFirm1NonConsolidated	監査法人１、個別	FilingDateInstant	－	有限責任監査法人トーマツ
jpcrp_cor:CPA1AuditFirm1NonConsolidated	公認会計士１、監査法人１、個別	FilingDateInstant	－	山   野   辺   純   一
jpcrp_cor:CPA2AuditFirm1NonConsolidated	公認会計士２、監査法人１、個別	FilingDateInstant	－	奥　　津　　佳　　樹
jpcrp_cor:CPA3AuditFirm1NonConsolidated	公認会計士３、監査法人１、個別	FilingDateInstant	－	中   島   雄   一   朗
jpcrp_cor:KeyAuditMattersNonConsolidatedTextBlock	監査上の主要な検討事項、個別 [テキストブロック]	FilingDateInstant	－	監査上の主要な検討事項監査上の主要な検討事項とは、当事業年度の財務諸表の監査において、監査人が職業的専門家として特に重要であると判断した事項である。監査上の主要な検討事項は、財務諸表全体に対する監査の実施過程及び監査意見の形成において対応し
jpcrp_cor:OverviewKAMNonConsolidatedTextBlock	全体概要、監査上の主要な検討事項、個別 [テキストブロック]	FilingDateInstant	－	監査上の主要な検討事項とは、当事業年度の財務諸表の監査において、監査人が職業的専門家として特に重要であると判断した事項である。監査上の主要な検討事項は、財務諸表全体に対する監査の実施過程及び監査意見の形成において対応した事項であり、当監査法
jpcrp_cor:ShortDescriptionKAMNonConsolidated	見出し、監査上の主要な検討事項、個別	FilingDateInstant_Row1Member	－	関係会社株式の評価（株式会社カネボウ化粧品）
jpcrp_cor:DescriptionIncludingReasonKAMNonConsolidatedTextBlock	内容及び理由、監査上の主要な検討事項、個別 [テキストブロック]	FilingDateInstant_Row1Member	－	貸借対照表に計上されている関係会社株式（残高479,210百万円）には、【注記事項】（有価証券関係）に記載されているとおり株式会社カネボウ化粧品に係る子会社株式201,845百万円が含まれており、総資産の15.7％を占めている。会社は、株式
jpcrp_cor:ReferenceKAMNonConsolidated	開示への参照、監査上の主要な検討事項、個別	FilingDateInstant_Row1Member	－	【注記事項】（有価証券関係）
jpcrp_cor:AuditorsResponseKAMNonConsolidatedTextBlock	監査上の対応、監査上の主要な検討事項、個別 [テキストブロック]	FilingDateInstant_Row1Member	－	株式会社カネボウ化粧品に係る子会社株式に含まれる超過収益力は、連結財務諸表上の「のれん」等として計上される。当監査法人は、主に、連結財務諸表に係る監査報告書における監査上の主要な検討事項「のれんの評価（株式会社カネボウ化粧品の企業結合に係る
jpcrp_cor:OtherInformationNonConsolidatedTextBlock	その他の記載内容、個別 [テキストブロック]	FilingDateInstant	－	その他の記載内容その他の記載内容は、有価証券報告書に含まれる情報のうち、連結財務諸表及び財務諸表並びにこれらの監査報告書以外の情報である。経営者の責任は、その他の記載内容を作成し開示することにある。また、監査役及び監査役会の責任は、その他の
jpcrp_cor:FeeRelatedInformationNonConsolidatedTextBlock	報酬関連情報、個別 [テキストブロック]	FilingDateInstant	－	＜報酬関連情報＞報酬関連情報は、連結財務諸表の監査報告書に記載されている。 
jpdei_cor:NumberOfSubmissionDEI	提出回数、DEI	FilingDateInstant	pure	1
jpcrp_cor:RevenueIFRSSummaryOfBusinessResults	売上収益（IFRS）、経営指標等	Prior4YearDuration	JPY	1418768000000
jpcrp_cor:RevenueIFRSSummaryOfBusinessResults	売上収益（IFRS）、経営指標等	Prior3YearDuration	JPY	1551059000000
jpcrp_cor:RevenueIFRSSummaryOfBusinessResults	売上収益（IFRS）、経営指標等	Prior2YearDuration	JPY	1532579000000
jpcrp_cor:RevenueIFRSSummaryOfBusinessResults	売上収益（IFRS）、経営指標等	Prior1YearDuration	JPY	1628448000000
jpcrp_cor:RevenueIFRSSummaryOfBusinessResults	売上収益（IFRS）、経営指標等	CurrentYearDuration	JPY	1688633000000
jpcrp_cor:ProfitLossBeforeTaxIFRSSummaryOfBusinessResults	税引前利益又は税引前損失（△）（IFRS）、経営指標等	Prior4YearDuration	JPY	150002000000
jpcrp_cor:ProfitLossBeforeTaxIFRSSummaryOfBusinessResults	税引前利益又は税引前損失（△）（IFRS）、経営指標等	Prior3YearDuration	JPY	115848000000
jpcrp_cor:ProfitLossBeforeTaxIFRSSummaryOfBusinessResults	税引前利益又は税引前損失（△）（IFRS）、経営指標等	Prior2YearDuration	JPY	63842000000
jpcrp_cor:ProfitLossBeforeTaxIFRSSummaryOfBusinessResults	税引前利益又は税引前損失（△）（IFRS）、経営指標等	Prior1YearDuration	JPY	151024000000
jpcrp_cor:ProfitLossBeforeTaxIFRSSummaryOfBusinessResults	税引前利益又は税引前損失（△）（IFRS）、経営指標等	CurrentYearDuration	JPY	169846000000
jpcrp_cor:ProfitLossAttributableToOwnersOfParentIFRSSummaryOfBusinessResults	当期利益又は当期損失（△）：親会社の所有者に帰属（IFRS）、経営指標等	Prior4YearDuration	JPY	109636000000
jpcrp_cor:ProfitLossAttributableToOwnersOfParentIFRSSummaryOfBusinessResults	当期利益又は当期損失（△）：親会社の所有者に帰属（IFRS）、経営指標等	Prior3YearDuration	JPY	86038000000
jpcrp_cor:ProfitLossAttributableToOwnersOfParentIFRSSummaryOfBusinessResults	当期利益又は当期損失（△）：親会社の所有者に帰属（IFRS）、経営指標等	Prior2YearDuration	JPY	43870000000
jpcrp_cor:ProfitLossAttributableToOwnersOfParentIFRSSummaryOfBusinessResults	当期利益又は当期損失（△）：親会社の所有者に帰属（IFRS）、経営指標等	Prior1YearDuration	JPY	107767000000
jpcrp_cor:ProfitLossAttributableToOwnersOfParentIFRSSummaryOfBusinessResults	当期利益又は当期損失（△）：親会社の所有者に帰属（IFRS）、経営指標等	CurrentYearDuration	JPY	120081000000
jpcrp_cor:ComprehensiveIncomeAttributableToOwnersOfParentIFRSSummaryOfBusinessResults	当期包括利益：親会社の所有者に帰属（IFRS）、経営指標等	Prior4YearDuration	JPY	161686000000
jpcrp_cor:ComprehensiveIncomeAttributableToOwnersOfParentIFRSSummaryOfBusinessResults	当期包括利益：親会社の所有者に帰属（IFRS）、経営指標等	Prior3YearDuration	JPY	125437000000
jpcrp_cor:ComprehensiveIncomeAttributableToOwnersOfParentIFRSSummaryOfBusinessResults	当期包括利益：親会社の所有者に帰属（IFRS）、経営指標等	Prior2YearDuration	JPY	80809000000
jpcrp_cor:ComprehensiveIncomeAttributableToOwnersOfParentIFRSSummaryOfBusinessResults	当期包括利益：親会社の所有者に帰属（IFRS）、経営指標等	Prior1YearDuration	JPY	155475000000
jpcrp_cor:ComprehensiveIncomeAttributableToOwnersOfParentIFRSSummaryOfBusinessResults	当期包括利益：親会社の所有者に帰属（IFRS）、経営指標等	CurrentYearDuration	JPY	147930000000
jpcrp_cor:EquityAttributableToOwnersOfParentIFRSSummaryOfBusinessResults	親会社の所有者に帰属する持分（IFRS）、経営指標等	Prior4YearInstant	JPY	965137000000
jpcrp_cor:EquityAttributableToOwnersOfParentIFRSSummaryOfBusinessResults	親会社の所有者に帰属する持分（IFRS）、経営指標等	Prior3YearInstant	JPY	972061000000
jpcrp_cor:EquityAttributableToOwnersOfParentIFRSSummaryOfBusinessResults	親会社の所有者に帰属する持分（IFRS）、経営指標等	Prior2YearInstant	JPY	983658000000
jpcrp_cor:EquityAttributableToOwnersOfParentIFRSSummaryOfBusinessResults	親会社の所有者に帰属する持分（IFRS）、経営指標等	Prior1YearInstant	JPY	1066776000000
jpcrp_cor:EquityAttributableToOwnersOfParentIFRSSummaryOfBusinessResults	親会社の所有者に帰属する持分（IFRS）、経営指標等	CurrentYearInstant	JPY	1064077000000
jpcrp_cor:TotalAssetsIFRSSummaryOfBusinessResults	総資産額（IFRS）、経営指標等	Prior4YearInstant	JPY	1704007000000
jpcrp_cor:TotalAssetsIFRSSummaryOfBusinessResults	総資産額（IFRS）、経営指標等	Prior3YearInstant	JPY	1726350000000
jpcrp_cor:TotalAssetsIFRSSummaryOfBusinessResults	総資産額（IFRS）、経営指標等	Prior2YearInstant	JPY	1769514000000
jpcrp_cor:TotalAssetsIFRSSummaryOfBusinessResults	総資産額（IFRS）、経営指標等	Prior1YearInstant	JPY	1867237000000
jpcrp_cor:TotalAssetsIFRSSummaryOfBusinessResults	総資産額（IFRS）、経営指標等	CurrentYearInstant	JPY	1875054000000
jpcrp_cor:EquityToAssetRatioIFRSSummaryOfBusinessResults	１株当たり親会社所有者帰属持分（IFRS）、経営指標等	Prior4YearInstant	JPYPerShares	2036.66
jpcrp_cor:EquityToAssetRatioIFRSSummaryOfBusinessResults	１株当たり親会社所有者帰属持分（IFRS）、経営指標等	Prior3YearInstant	JPYPerShares	2091.20
jpcrp_cor:EquityToAssetRatioIFRSSummaryOfBusinessResults	１株当たり親会社所有者帰属持分（IFRS）、経営指標等	Prior2YearInstant	JPYPerShares	2116.01
jpcrp_cor:EquityToAssetRatioIFRSSummaryOfBusinessResults	１株当たり親会社所有者帰属持分（IFRS）、経営指標等	Prior1YearInstant	JPYPerShares	2296.69
jpcrp_cor:EquityToAssetRatioIFRSSummaryOfBusinessResults	１株当たり親会社所有者帰属持分（IFRS）、経営指標等	CurrentYearInstant	JPYPerShares	2352.49
jpcrp_cor:BasicEarningsLossPerShareIFRSSummaryOfBusinessResults	基本的１株当たり利益又は損失（△）（IFRS）、経営指標等	Prior4YearDuration	JPYPerShares	230.59
jpcrp_cor:BasicEarningsLossPerShareIFRSSummaryOfBusinessResults	基本的１株当たり利益又は損失（△）（IFRS）、経営指標等	Prior3YearDuration	JPYPerShares	183.28
jpcrp_cor:BasicEarningsLossPerShareIFRSSummaryOfBusinessResults	基本的１株当たり利益又は損失（△）（IFRS）、経営指標等	Prior2YearDuration	JPYPerShares	94.37
jpcrp_cor:BasicEarningsLossPerShareIFRSSummaryOfBusinessResults	基本的１株当たり利益又は損失（△）（IFRS）、経営指標等	Prior1YearDuration	JPYPerShares	231.94
jpcrp_cor:BasicEarningsLossPerShareIFRSSummaryOfBusinessResults	基本的１株当たり利益又は損失（△）（IFRS）、経営指標等	CurrentYearDuration	JPYPerShares	260.30
jpcrp_cor:DilutedEarningsLossPerShareIFRSSummaryOfBusinessResults	希薄化後１株当たり利益又は損失（△）（IFRS）、経営指標等	Prior4YearDuration	JPYPerShares	230.57
jpcrp_cor:DilutedEarningsLossPerShareIFRSSummaryOfBusinessResults	希薄化後１株当たり利益又は損失（△）（IFRS）、経営指標等	Prior3YearDuration	JPYPerShares	183.27
jpcrp_cor:DilutedEarningsLossPerShareIFRSSummaryOfBusinessResults	希薄化後１株当たり利益又は損失（△）（IFRS）、経営指標等	Prior2YearDuration	JPYPerShares	94.37
jpcrp_cor:DilutedEarningsLossPerShareIFRSSummaryOfBusinessResults	希薄化後１株当たり利益又は損失（△）（IFRS）、経営指標等	Prior1YearDuration	JPYPerShares	－
jpcrp_cor:DilutedEarningsLossPerShareIFRSSummaryOfBusinessResults	希薄化後１株当たり利益又は損失（△）（IFRS）、経営指標等	CurrentYearDuration	JPYPerShares	－
jpcrp_cor:RatioOfOwnersEquityToGrossAssetsIFRSSummaryOfBusinessResults	親会社所有者帰属持分比率（IFRS）、経営指標等	Prior4YearInstant	pure	0.566
jpcrp_cor:RatioOfOwnersEquityToGrossAssetsIFRSSummaryOfBusinessResults	親会社所有者帰属持分比率（IFRS）、経営指標等	Prior3YearInstant	pure	0.563
jpcrp_cor:RatioOfOwnersEquityToGrossAssetsIFRSSummaryOfBusinessResults	親会社所有者帰属持分比率（IFRS）、経営指標等	Prior2YearInstant	pure	0.556
jpcrp_cor:RatioOfOwnersEquityToGrossAssetsIFRSSummaryOfBusinessResults	親会社所有者帰属持分比率（IFRS）、経営指標等	Prior1YearInstant	pure	0.571
jpcrp_cor:RatioOfOwnersEquityToGrossAssetsIFRSSummaryOfBusinessResults	親会社所有者帰属持分比率（IFRS）、経営指標等	CurrentYearInstant	pure	0.567
jpcrp_cor:RateOfReturnOnEquityIFRSSummaryOfBusinessResults	親会社所有者帰属持分利益率（IFRS）、経営指標等	Prior4YearDuration	pure	0.116
jpcrp_cor:RateOfReturnOnEquityIFRSSummaryOfBusinessResults	親会社所有者帰属持分利益率（IFRS）、経営指標等	Prior3YearDuration	pure	0.089
jpcrp_cor:RateOfReturnOnEquityIFRSSummaryOfBusinessResults	親会社所有者帰属持分利益率（IFRS）、経営指標等	Prior2YearDuration	pure	0.045
jpcrp_cor:RateOfReturnOnEquityIFRSSummaryOfBusinessResults	親会社所有者帰属持分利益率（IFRS）、経営指標等	Prior1YearDuration	pure	0.105
jpcrp_cor:RateOfReturnOnEquityIFRSSummaryOfBusinessResults	親会社所有者帰属持分利益率（IFRS）、経営指標等	CurrentYearDuration	pure	0.113
jpcrp_cor:PriceEarningsRatioIFRSSummaryOfBusinessResults	株価収益率（IFRS）、経営指標等	Prior4YearDuration	pure	26.1
jpcrp_cor:PriceEarningsRatioIFRSSummaryOfBusinessResults	株価収益率（IFRS）、経営指標等	Prior3YearDuration	pure	28.7
jpcrp_cor:PriceEarningsRatioIFRSSummaryOfBusinessResults	株価収益率（IFRS）、経営指標等	Prior2YearDuration	pure	61.5
jpcrp_cor:PriceEarningsRatioIFRSSummaryOfBusinessResults	株価収益率（IFRS）、経営指標等	Prior1YearDuration	pure	27.5
jpcrp_cor:PriceEarningsRatioIFRSSummaryOfBusinessResults	株価収益率（IFRS）、経営指標等	CurrentYearDuration	pure	24.1
jpcrp_cor:CashFlowsFromUsedInOperatingActivitiesIFRSSummaryOfBusinessResults	営業活動によるキャッシュ・フロー（IFRS）、経営指標等	Prior4YearDuration	JPY	175524000000
jpcrp_cor:CashFlowsFromUsedInOperatingActivitiesIFRSSummaryOfBusinessResults	営業活動によるキャッシュ・フロー（IFRS）、経営指標等	Prior3YearDuration	JPY	130905000000
jpcrp_cor:CashFlowsFromUsedInOperatingActivitiesIFRSSummaryOfBusinessResults	営業活動によるキャッシュ・フロー（IFRS）、経営指標等	Prior2YearDuration	JPY	202481000000
jpcrp_cor:CashFlowsFromUsedInOperatingActivitiesIFRSSummaryOfBusinessResults	営業活動によるキャッシュ・フロー（IFRS）、経営指標等	Prior1YearDuration	JPY	201585000000
jpcrp_cor:CashFlowsFromUsedInOperatingActivitiesIFRSSummaryOfBusinessResults	営業活動によるキャッシュ・フロー（IFRS）、経営指標等	CurrentYearDuration	JPY	199680000000
jpcrp_cor:CashFlowsFromUsedInInvestingActivitiesIFRSSummaryOfBusinessResults	投資活動によるキャッシュ・フロー（IFRS）、経営指標等	Prior4YearDuration	JPY	-67232000000
jpcrp_cor:CashFlowsFromUsedInInvestingActivitiesIFRSSummaryOfBusinessResults	投資活動によるキャッシュ・フロー（IFRS）、経営指標等	Prior3YearDuration	JPY	-74911000000
jpcrp_cor:CashFlowsFromUsedInInvestingActivitiesIFRSSummaryOfBusinessResults	投資活動によるキャッシュ・フロー（IFRS）、経営指標等	Prior2YearDuration	JPY	-109302000000
jpcrp_cor:CashFlowsFromUsedInInvestingActivitiesIFRSSummaryOfBusinessResults	投資活動によるキャッシュ・フロー（IFRS）、経営指標等	Prior1YearDuration	JPY	-45902000000
jpcrp_cor:CashFlowsFromUsedInInvestingActivitiesIFRSSummaryOfBusinessResults	投資活動によるキャッシュ・フロー（IFRS）、経営指標等	CurrentYearDuration	JPY	-69767000000
jpcrp_cor:CashFlowsFromUsedInFinancingActivitiesIFRSSummaryOfBusinessResults	財務活動によるキャッシュ・フロー（IFRS）、経営指標等	Prior4YearDuration	JPY	-141573000000
jpcrp_cor:CashFlowsFromUsedInFinancingActivitiesIFRSSummaryOfBusinessResults	財務活動によるキャッシュ・フロー（IFRS）、経営指標等	Prior3YearDuration	JPY	-139311000000
jpcrp_cor:CashFlowsFromUsedInFinancingActivitiesIFRSSummaryOfBusinessResults	財務活動によるキャッシュ・フロー（IFRS）、経営指標等	Prior2YearDuration	JPY	-79983000000
jpcrp_cor:CashFlowsFromUsedInFinancingActivitiesIFRSSummaryOfBusinessResults	財務活動によるキャッシュ・フロー（IFRS）、経営指標等	Prior1YearDuration	JPY	-104578000000
jpcrp_cor:CashFlowsFromUsedInFinancingActivitiesIFRSSummaryOfBusinessResults	財務活動によるキャッシュ・フロー（IFRS）、経営指標等	CurrentYearDuration	JPY	-175134000000
jpcrp_cor:CashAndCashEquivalentsIFRSSummaryOfBusinessResults	現金及び現金同等物（IFRS）、経営指標等	Prior4YearInstant	JPY	336069000000
jpcrp_cor:CashAndCashEquivalentsIFRSSummaryOfBusinessResults	現金及び現金同等物（IFRS）、経営指標等	Prior3YearInstant	JPY	268248000000
jpcrp_cor:CashAndCashEquivalentsIFRSSummaryOfBusinessResults	現金及び現金同等物（IFRS）、経営指標等	Prior2YearInstant	JPY	291663000000
jpcrp_cor:CashAndCashEquivalentsIFRSSummaryOfBusinessResults	現金及び現金同等物（IFRS）、経営指標等	Prior1YearInstant	JPY	357713000000
jpcrp_cor:CashAndCashEquivalentsIFRSSummaryOfBusinessResults	現金及び現金同等物（IFRS）、経営指標等	CurrentYearInstant	JPY	323282000000
jpcrp_cor:NumberOfEmployees	従業員数	Prior4YearInstant	pure	33507
jpcrp_cor:NumberOfEmployees	従業員数	Prior3YearInstant	pure	35411
jpcrp_cor:NumberOfEmployees	従業員数	Prior2YearInstant	pure	34257
jpcrp_cor:NumberOfEmployees	従業員数	Prior1YearInstant	pure	32566
jpcrp_cor:NumberOfEmployees	従業員数	CurrentYearInstant	pure	31514
jpcrp_cor:AverageNumberOfTemporaryWorkers	平均臨時雇用人員	Prior4YearInstant	pure	11215
jpcrp_cor:AverageNumberOfTemporaryWorkers	平均臨時雇用人員	Prior3YearInstant	pure	8183
jpcrp_cor:AverageNumberOfTemporaryWorkers	平均臨時雇用人員	Prior2YearInstant	pure	8193
jpcrp_cor:AverageNumberOfTemporaryWorkers	平均臨時雇用人員	Prior1YearInstant	pure	8502
jpcrp_cor:AverageNumberOfTemporaryWorkers	平均臨時雇用人員	CurrentYearInstant	pure	8655
jpcrp_cor:NetSalesSummaryOfBusinessResults	売上高、経営指標等	Prior4YearDuration_NonConsolidatedMember	JPY	872913000000
jpcrp_cor:NetSalesSummaryOfBusinessResults	売上高、経営指標等	Prior3YearDuration_NonConsolidatedMember	JPY	871749000000
jpcrp_cor:NetSalesSummaryOfBusinessResults	売上高、経営指標等	Prior2YearDuration_NonConsolidatedMember	JPY	868067000000
jpcrp_cor:NetSalesSummaryOfBusinessResults	売上高、経営指標等	Prior1YearDuration_NonConsolidatedMember	JPY	898054000000
jpcrp_cor:NetSalesSummaryOfBusinessResults	売上高、経営指標等	CurrentYearDuration_NonConsolidatedMember	JPY	934775000000
jpcrp_cor:OrdinaryIncomeLossSummaryOfBusinessResults	経常利益又は経常損失（△）、経営指標等	Prior4YearDuration_NonConsolidatedMember	JPY	135580000000
jpcrp_cor:OrdinaryIncomeLossSummaryOfBusinessResults	経常利益又は経常損失（△）、経営指標等	Prior3YearDuration_NonConsolidatedMember	JPY	99240000000
jpcrp_cor:OrdinaryIncomeLossSummaryOfBusinessResults	経常利益又は経常損失（△）、経営指標等	Prior2YearDuration_NonConsolidatedMember	JPY	47563000000
jpcrp_cor:OrdinaryIncomeLossSummaryOfBusinessResults	経常利益又は経常損失（△）、経営指標等	Prior1YearDuration_NonConsolidatedMember	JPY	104389000000
jpcrp_cor:OrdinaryIncomeLossSummaryOfBusinessResults	経常利益又は経常損失（△）、経営指標等	CurrentYearDuration_NonConsolidatedMember	JPY	132019000000
jpcrp_cor:NetIncomeLossSummaryOfBusinessResults	当期純利益又は当期純損失（△）、経営指標等	Prior4YearDuration_NonConsolidatedMember	JPY	101644000000
jpcrp_cor:NetIncomeLossSummaryOfBusinessResults	当期純利益又は当期純損失（△）、経営指標等	Prior3YearDuration_NonConsolidatedMember	JPY	79136000000
jpcrp_cor:NetIncomeLossSummaryOfBusinessResults	当期純利益又は当期純損失（△）、経営指標等	Prior2YearDuration_NonConsolidatedMember	JPY	28004000000
jpcrp_cor:NetIncomeLossSummaryOfBusinessResults	当期純利益又は当期純損失（△）、経営指標等	Prior1YearDuration_NonConsolidatedMember	JPY	91745000000
jpcrp_cor:NetIncomeLossSummaryOfBusinessResults	当期純利益又は当期純損失（△）、経営指標等	CurrentYearDuration_NonConsolidatedMember	JPY	102999000000
jpcrp_cor:CapitalStockSummaryOfBusinessResults	資本金、経営指標等	Prior4YearInstant_NonConsolidatedMember	JPY	85424000000
jpcrp_cor:CapitalStockSummaryOfBusinessResults	資本金、経営指標等	Prior3YearInstant_NonConsolidatedMember	JPY	85424000000
jpcrp_cor:CapitalStockSummaryOfBusinessResults	資本金、経営指標等	Prior2YearInstant_NonConsolidatedMember	JPY	85424000000
jpcrp_cor:CapitalStockSummaryOfBusinessResults	資本金、経営指標等	Prior1YearInstant_NonConsolidatedMember	JPY	85424000000
jpcrp_cor:CapitalStockSummaryOfBusinessResults	資本金、経営指標等	CurrentYearInstant_NonConsolidatedMember	JPY	85424000000
jpcrp_cor:TotalNumberOfIssuedSharesSummaryOfBusinessResults	発行済株式総数（普通株式）、経営指標等	Prior4YearInstant_NonConsolidatedMember	shares	475000000
jpcrp_cor:TotalNumberOfIssuedSharesSummaryOfBusinessResults	発行済株式総数（普通株式）、経営指標等	Prior3YearInstant_NonConsolidatedMember	shares	465900000
jpcrp_cor:TotalNumberOfIssuedSharesSummaryOfBusinessResults	発行済株式総数（普通株式）、経営指標等	Prior2YearInstant_NonConsolidatedMember	shares	465900000
jpcrp_cor:TotalNumberOfIssuedSharesSummaryOfBusinessResults	発行済株式総数（普通株式）、経営指標等	Prior1YearInstant_NonConsolidatedMember	shares	465900000
jpcrp_cor:TotalNumberOfIssuedSharesSummaryOfBusinessResults	発行済株式総数（普通株式）、経営指標等	CurrentYearInstant_NonConsolidatedMember	shares	453600000
jpcrp_cor:NetAssetsSummaryOfBusinessResults	純資産額、経営指標等	Prior4YearInstant_NonConsolidatedMember	JPY	787597000000
jpcrp_cor:NetAssetsSummaryOfBusinessResults	純資産額、経営指標等	Prior3YearInstant_NonConsolidatedMember	JPY	747868000000
jpcrp_cor:NetAssetsSummaryOfBusinessResults	純資産額、経営指標等	Prior2YearInstant_NonConsolidatedMember	JPY	706951000000
jpcrp_cor:NetAssetsSummaryOfBusinessResults	純資産額、経営指標等	Prior1YearInstant_NonConsolidatedMember	JPY	726267000000
jpcrp_cor:NetAssetsSummaryOfBusinessResults	純資産額、経営指標等	CurrentYearInstant_NonConsolidatedMember	JPY	678871000000
jpcrp_cor:TotalAssetsSummaryOfBusinessResults	総資産額、経営指標等	Prior4YearInstant_NonConsolidatedMember	JPY	1263691000000
jpcrp_cor:TotalAssetsSummaryOfBusinessResults	総資産額、経営指標等	Prior3YearInstant_NonConsolidatedMember	JPY	1210102000000
jpcrp_cor:TotalAssetsSummaryOfBusinessResults	総資産額、経営指標等	Prior2YearInstant_NonConsolidatedMember	JPY	1239775000000
jpcrp_cor:TotalAssetsSummaryOfBusinessResults	総資産額、経営指標等	Prior1YearInstant_NonConsolidatedMember	JPY	1291272000000
jpcrp_cor:TotalAssetsSummaryOfBusinessResults	総資産額、経営指標等	CurrentYearInstant_NonConsolidatedMember	JPY	1286019000000
jpcrp_cor:NetAssetsPerShareSummaryOfBusinessResults	１株当たり純資産額、経営指標等	Prior4YearInstant_NonConsolidatedMember	JPYPerShares	1659.61
jpcrp_cor:NetAssetsPerShareSummaryOfBusinessResults	１株当たり純資産額、経営指標等	Prior3YearInstant_NonConsolidatedMember	JPYPerShares	1606.78
jpcrp_cor:NetAssetsPerShareSummaryOfBusinessResults	１株当たり純資産額、経営指標等	Prior2YearInstant_NonConsolidatedMember	JPYPerShares	1518.89
jpcrp_cor:NetAssetsPerShareSummaryOfBusinessResults	１株当たり純資産額、経営指標等	Prior1YearInstant_NonConsolidatedMember	JPYPerShares	1561.67
jpcrp_cor:NetAssetsPerShareSummaryOfBusinessResults	１株当たり純資産額、経営指標等	CurrentYearInstant_NonConsolidatedMember	JPYPerShares	1498.98
jpcrp_cor:DividendPaidPerShareSummaryOfBusinessResults	１株当たり配当額、経営指標等	Prior4YearDuration_NonConsolidatedMember	JPYPerShares	144.00
jpcrp_cor:DividendPaidPerShareSummaryOfBusinessResults	１株当たり配当額、経営指標等	Prior3YearDuration_NonConsolidatedMember	JPYPerShares	148.00
jpcrp_cor:DividendPaidPerShareSummaryOfBusinessResults	１株当たり配当額、経営指標等	Prior2YearDuration_NonConsolidatedMember	JPYPerShares	150.00
jpcrp_cor:DividendPaidPerShareSummaryOfBusinessResults	１株当たり配当額、経営指標等	Prior1YearDuration_NonConsolidatedMember	JPYPerShares	152.00
jpcrp_cor:DividendPaidPerShareSummaryOfBusinessResults	１株当たり配当額、経営指標等	CurrentYearDuration_NonConsolidatedMember	JPYPerShares	154.00
jpcrp_cor:InterimDividendPaidPerShareSummaryOfBusinessResults	１株当たり中間配当額、経営指標等	Prior4YearDuration_NonConsolidatedMember	JPYPerShares	72.00
jpcrp_cor:InterimDividendPaidPerShareSummaryOfBusinessResults	１株当たり中間配当額、経営指標等	Prior3YearDuration_NonConsolidatedMember	JPYPerShares	74.00
jpcrp_cor:InterimDividendPaidPerShareSummaryOfBusinessResults	１株当たり中間配当額、経営指標等	Prior2YearDuration_NonConsolidatedMember	JPYPerShares	75.00
jpcrp_cor:InterimDividendPaidPerShareSummaryOfBusinessResults	１株当たり中間配当額、経営指標等	Prior1YearDuration_NonConsolidatedMember	JPYPerShares	76.00
jpcrp_cor:InterimDividendPaidPerShareSummaryOfBusinessResults	１株当たり中間配当額、経営指標等	CurrentYearDuration_NonConsolidatedMember	JPYPerShares	77.00
jpcrp_cor:BasicEarningsLossPerShareSummaryOfBusinessResults	１株当たり当期純利益又は当期純損失（△）、経営指標等	Prior4YearDuration_NonConsolidatedMember	JPYPerShares	213.52
jpcrp_cor:BasicEarningsLossPerShareSummaryOfBusinessResults	１株当たり当期純利益又は当期純損失（△）、経営指標等	Prior3YearDuration_NonConsolidatedMember	JPYPerShares	168.37
jpcrp_cor:BasicEarningsLossPerShareSummaryOfBusinessResults	１株当たり当期純利益又は当期純損失（△）、経営指標等	Prior2YearDuration_NonConsolidatedMember	JPYPerShares	60.17
jpcrp_cor:BasicEarningsLossPerShareSummaryOfBusinessResults	１株当たり当期純利益又は当期純損失（△）、経営指標等	Prior1YearDuration_NonConsolidatedMember	JPYPerShares	197.22
jpcrp_cor:BasicEarningsLossPerShareSummaryOfBusinessResults	１株当たり当期純利益又は当期純損失（△）、経営指標等	CurrentYearDuration_NonConsolidatedMember	JPYPerShares	222.99
jpcrp_cor:DilutedEarningsPerShareSummaryOfBusinessResults	潜在株式調整後１株当たり当期純利益、経営指標等	Prior4YearDuration_NonConsolidatedMember	JPYPerShares	213.50
jpcrp_cor:DilutedEarningsPerShareSummaryOfBusinessResults	潜在株式調整後１株当たり当期純利益、経営指標等	Prior3YearDuration_NonConsolidatedMember	JPYPerShares	168.36
jpcrp_cor:DilutedEarningsPerShareSummaryOfBusinessResults	潜在株式調整後１株当たり当期純利益、経営指標等	Prior2YearDuration_NonConsolidatedMember	JPYPerShares	60.17
jpcrp_cor:DilutedEarningsPerShareSummaryOfBusinessResults	潜在株式調整後１株当たり当期純利益、経営指標等	Prior1YearDuration_NonConsolidatedMember	JPYPerShares	－
jpcrp_cor:DilutedEarningsPerShareSummaryOfBusinessResults	潜在株式調整後１株当たり当期純利益、経営指標等	CurrentYearDuration_NonConsolidatedMember	JPYPerShares	－
jpcrp_cor:EquityToAssetRatioSummaryOfBusinessResults	自己資本比率、経営指標等	Prior4YearInstant_NonConsolidatedMember	pure	0.623
jpcrp_cor:EquityToAssetRatioSummaryOfBusinessResults	自己資本比率、経営指標等	Prior3YearInstant_NonConsolidatedMember	pure	0.618
jpcrp_cor:EquityToAssetRatioSummaryOfBusinessResults	自己資本比率、経営指標等	Prior2YearInstant_NonConsolidatedMember	pure	0.570
jpcrp_cor:EquityToAssetRatioSummaryOfBusinessResults	自己資本比率、経営指標等	Prior1YearInstant_NonConsolidatedMember	pure	0.562
jpcrp_cor:EquityToAssetRatioSummaryOfBusinessResults	自己資本比率、経営指標等	CurrentYearInstant_NonConsolidatedMember	pure	0.528
jpcrp_cor:RateOfReturnOnEquitySummaryOfBusinessResults	自己資本利益率、経営指標等	Prior4YearDuration_NonConsolidatedMember	pure	0.128
jpcrp_cor:RateOfReturnOnEquitySummaryOfBusinessResults	自己資本利益率、経営指標等	Prior3YearDuration_NonConsolidatedMember	pure	0.103
jpcrp_cor:RateOfReturnOnEquitySummaryOfBusinessResults	自己資本利益率、経営指標等	Prior2YearDuration_NonConsolidatedMember	pure	0.038
jpcrp_cor:RateOfReturnOnEquitySummaryOfBusinessResults	自己資本利益率、経営指標等	Prior1YearDuration_NonConsolidatedMember	pure	0.128
jpcrp_cor:RateOfReturnOnEquitySummaryOfBusinessResults	自己資本利益率、経営指標等	CurrentYearDuration_NonConsolidatedMember	pure	0.147
jpcrp_cor:PriceEarningsRatioSummaryOfBusinessResults	株価収益率、経営指標等	Prior4YearDuration_NonConsolidatedMember	pure	28.2
jpcrp_cor:PriceEarningsRatioSummaryOfBusinessResults	株価収益率、経営指標等	Prior3YearDuration_NonConsolidatedMember	pure	31.2
jpcrp_cor:PriceEarningsRatioSummaryOfBusinessResults	株価収益率、経営指標等	Prior2YearDuration_NonConsolidatedMember	pure	96.4
jpcrp_cor:PriceEarningsRatioSummaryOfBusinessResults	株価収益率、経営指標等	Prior1YearDuration_NonConsolidatedMember	pure	32.4
jpcrp_cor:PriceEarningsRatioSummaryOfBusinessResults	株価収益率、経営指標等	CurrentYearDuration_NonConsolidatedMember	pure	28.1
jpcrp_cor:PayoutRatioSummaryOfBusinessResults	配当性向、経営指標等	Prior4YearDuration_NonConsolidatedMember	pure	0.674
jpcrp_cor:PayoutRatioSummaryOfBusinessResults	配当性向、経営指標等	Prior3YearDuration_NonConsolidatedMember	pure	0.879
jpcrp_cor:PayoutRatioSummaryOfBusinessResults	配当性向、経営指標等	Prior2YearDuration_NonConsolidatedMember	pure	2.493
jpcrp_cor:PayoutRatioSummaryOfBusinessResults	配当性向、経営指標等	Prior1YearDuration_NonConsolidatedMember	pure	0.771
jpcrp_cor:PayoutRatioSummaryOfBusinessResults	配当性向、経営指標等	CurrentYearDuration_NonConsolidatedMember	pure	0.691
jpcrp_cor:NumberOfEmployees	従業員数	Prior4YearInstant_NonConsolidatedMember	pure	8508
jpcrp_cor:NumberOfEmployees	従業員数	Prior3YearInstant_NonConsolidatedMember	pure	8403
jpcrp_cor:NumberOfEmployees	従業員数	Prior2YearInstant_NonConsolidatedMember	pure	8199
jpcrp_cor:NumberOfEmployees	従業員数	Prior1YearInstant_NonConsolidatedMember	pure	7861
jpcrp_cor:NumberOfEmployees	従業員数	CurrentYearInstant_NonConsolidatedMember	pure	7761
jpcrp_cor:TotalShareholderReturn	株主総利回り	Prior4YearInstant_NonConsolidatedMember	pure	0.773
jpcrp_cor:TotalShareholderReturn	株主総利回り	Prior3YearInstant_NonConsolidatedMember	pure	0.696
jpcrp_cor:TotalShareholderReturn	株主総利回り	Prior2YearInstant_NonConsolidatedMember	pure	0.783
jpcrp_cor:TotalShareholderReturn	株主総利回り	Prior1YearInstant_NonConsolidatedMember	pure	0.876
jpcrp_cor:TotalShareholderReturn	株主総利回り	CurrentYearInstant_NonConsolidatedMember	pure	0.879
jpcrp_cor:TotalReturnOnSharePriceIndex	株価指数における総利回り	Prior4YearInstant_NonConsolidatedMember	pure	1.127
jpcrp_cor:TotalReturnOnSharePriceIndex	株価指数における総利回り	Prior3YearInstant_NonConsolidatedMember	pure	1.100
jpcrp_cor:TotalReturnOnSharePriceIndex	株価指数における総利回り	Prior2YearInstant_NonConsolidatedMember	pure	1.411
jpcrp_cor:TotalReturnOnSharePriceIndex	株価指数における総利回り	Prior1YearInstant_NonConsolidatedMember	pure	1.699
jpcrp_cor:TotalReturnOnSharePriceIndex	株価指数における総利回り	CurrentYearInstant_NonConsolidatedMember	pure	2.132
jpcrp_cor:NumberOfEmployees	従業員数	CurrentYearInstant_jpcrp030000-asr_E00883-000HygieneLivingCareBusinessReportableSegmentMember	pure	8499
jpcrp_cor:AverageNumberOfTemporaryWorkers	平均臨時雇用人員	CurrentYearInstant_jpcrp030000-asr_E00883-000HygieneLivingCareBusinessReportableSegmentMember	pure	4061
jpcrp_cor:NumberOfEmployees	従業員数	CurrentYearInstant_jpcrp030000-asr_E00883-000HealthBeautyCareBusinessReportableSegmentMember	pure	7521
jpcrp_cor:AverageNumberOfTemporaryWorkers	平均臨時雇用人員	CurrentYearInstant_jpcrp030000-asr_E00883-000HealthBeautyCareBusinessReportableSegmentMember	pure	2591
jpcrp_cor:NumberOfEmployees	従業員数	CurrentYearInstant_jpcrp030000-asr_E00883-000CosmeticsBusinessReportableSegmentMember	pure	9331
jpcrp_cor:AverageNumberOfTemporaryWorkers	平均臨時雇用人員	CurrentYearInstant_jpcrp030000-asr_E00883-000CosmeticsBusinessReportableSegmentMember	pure	1270
jpcrp_cor:NumberOfEmployees	従業員数	CurrentYearInstant_jpcrp030000-asr_E00883-000BusinessConnectedBusinessReportableSegmentMember	pure	841
jpcrp_cor:AverageNumberOfTemporaryWorkers	平均臨時雇用人員	CurrentYearInstant_jpcrp030000-asr_E00883-000BusinessConnectedBusinessReportableSegmentMember	pure	194
jpcrp_cor:NumberOfEmployees	従業員数	CurrentYearInstant_jpcrp030000-asr_E00883-000GlobalConsumerCareBusinessReportableSegmentMember	pure	26192
jpcrp_cor:AverageNumberOfTemporaryWorkers	平均臨時雇用人員	CurrentYearInstant_jpcrp030000-asr_E00883-000GlobalConsumerCareBusinessReportableSegmentMember	pure	8116
jpcrp_cor:NumberOfEmployees	従業員数	CurrentYearInstant_jpcrp030000-asr_E00883-000ChemicalBusinessReportableSegmentMember	pure	4068
jpcrp_cor:AverageNumberOfTemporaryWorkers	平均臨時雇用人員	CurrentYearInstant_jpcrp030000-asr_E00883-000ChemicalBusinessReportableSegmentMember	pure	252
jpcrp_cor:NumberOfEmployees	従業員数	CurrentYearInstant_CorporateSharedMember	pure	1254
jpcrp_cor:AverageNumberOfTemporaryWorkers	平均臨時雇用人員	CurrentYearInstant_CorporateSharedMember	pure	287
jpcrp_cor:NumberOfEmployees	従業員数	CurrentYearInstant	pure	31514
jpcrp_cor:AverageNumberOfTemporaryWorkers	平均臨時雇用人員	CurrentYearInstant	pure	8655
jpcrp_cor:NumberOfEmployees	従業員数	CurrentYearInstant_NonConsolidatedMember	pure	7761
jpcrp_cor:AverageAgeYearsInformationAboutReportingCompanyInformationAboutEmployees	平均年齢（年）、提出会社の状況、従業員の状況	CurrentYearInstant_NonConsolidatedMember	pure	40.6
jpcrp_cor:AverageLengthOfServiceYearsInformationAboutReportingCompanyInformationAboutEmployees	平均勤続年数（年）、提出会社の状況、従業員の状況	CurrentYearInstant_NonConsolidatedMember	pure	16.7
jpcrp_cor:AverageAnnualSalaryInformationAboutReportingCompanyInformationAboutEmployees	平均年間給与、提出会社の状況、従業員の状況	CurrentYearInstant_NonConsolidatedMember	JPY	8654000
jpcrp_cor:NumberOfEmployees	従業員数	CurrentYearInstant_NonConsolidatedMember_jpcrp030000-asr_E00883-000HygieneLivingCareBusinessReportableSegmentMember	pure	2186
jpcrp_cor:NumberOfEmployees	従業員数	CurrentYearInstant_NonConsolidatedMember_jpcrp030000-asr_E00883-000HealthBeautyCareBusinessReportableSegmentMember	pure	1793
jpcrp_cor:NumberOfEmployees	従業員数	CurrentYearInstant_NonConsolidatedMember_jpcrp030000-asr_E00883-000CosmeticsBusinessReportableSegmentMember	pure	1256
jpcrp_cor:NumberOfEmployees	従業員数	CurrentYearInstant_NonConsolidatedMember_jpcrp030000-asr_E00883-000BusinessConnectedBusinessReportableSegmentMember	pure	163
jpcrp_cor:NumberOfEmployees	従業員数	CurrentYearInstant_NonConsolidatedMember_jpcrp030000-asr_E00883-000GlobalConsumerCareBusinessReportableSegmentMember	pure	5398
jpcrp_cor:NumberOfEmployees	従業員数	CurrentYearInstant_NonConsolidatedMember_jpcrp030000-asr_E00883-000ChemicalBusinessReportableSegmentMember	pure	1177
jpcrp_cor:NumberOfEmployees	従業員数	CurrentYearInstant_NonConsolidatedMember_CorporateSharedMember	pure	1186
jpcrp_cor:NumberOfEmployees	従業員数	CurrentYearInstant_NonConsolidatedMember	pure	7761
jpcrp_cor:RatioOfFemaleEmployeesInManagerialPositionsMetricsOfReportingCompany	管理職に占める女性労働者の割合、提出会社の指標	CurrentYearInstant_NonConsolidatedMember	pure	0.287
jpcrp_cor:AllEmployeesCalculatedBasedOnProvisionsOfActOnPromotionOfWomensActiveEngagementInProfessionalLifeRatioOfMaleEmployeesTakingChildcareLeaveMetricsOfReportingCompany	全労働者、女性の職業生活における活躍の推進に関する法律の規定に基づき算出、男性労働者の育児休業取得率、提出会社の指標	CurrentYearInstant_NonConsolidatedMember	pure	0.901
jpcrp_cor:AllEmployeesDifferencesInWagesBetweenMaleAndFemaleEmployeesMetricsOfReportingCompany	全労働者、労働者の男女の賃金の差異、提出会社の指標	CurrentYearInstant_NonConsolidatedMember	pure	0.908
jpcrp_cor:RegularEmployeesDifferencesInWagesBetweenMaleAndFemaleEmployeesMetricsOfReportingCompany	正規雇用労働者、労働者の男女の賃金の差異、提出会社の指標	CurrentYearInstant_NonConsolidatedMember	pure	0.887
jpcrp_cor:NonRegularEmployeesDifferencesInWagesBetweenMaleAndFemaleEmployeesMetricsOfReportingCompany	非正規雇用労働者、労働者の男女の賃金の差異、提出会社の指標	CurrentYearInstant_NonConsolidatedMember	pure	0.904
jpcrp_cor:RatioOfFemaleEmployeesInManagerialPositionsMetricsOfConsolidatedSubsidiaries	管理職に占める女性労働者の割合、連結子会社の指標	CurrentYearInstant_Row1Member	pure	0.206
jpcrp_cor:AllEmployeesRatioOfMaleEmployeesTakingChildcareLeaveMetricsOfConsolidatedSubsidiaries	全労働者、男性労働者の育児休業取得率、連結子会社の指標	CurrentYearInstant_Row1Member	pure	1.102
jpcrp_cor:AllEmployeesDifferencesInWagesBetweenMaleAndFemaleEmployeesMetricsOfConsolidatedSubsidiaries	全労働者、労働者の男女の賃金の差異、連結子会社の指標	CurrentYearInstant_Row1Member	pure	0.683
jpcrp_cor:RegularEmployeesDifferencesInWagesBetweenMaleAndFemaleEmployeesMetricsOfConsolidatedSubsidiaries	正規雇用労働者、労働者の男女の賃金の差異、連結子会社の指標	CurrentYearInstant_Row1Member	pure	0.635
jpcrp_cor:NonRegularEmployeesDifferencesInWagesBetweenMaleAndFemaleEmployeesMetricsOfConsolidatedSubsidiaries	非正規雇用労働者、労働者の男女の賃金の差異、連結子会社の指標	CurrentYearInstant_Row1Member	pure	0.856
jpcrp_cor:RatioOfFemaleEmployeesInManagerialPositionsMetricsOfConsolidatedSubsidiaries	管理職に占める女性労働者の割合、連結子会社の指標	CurrentYearInstant_Row2Member	pure	0.161
jpcrp_cor:AllEmployeesRatioOfMaleEmployeesTakingChildcareLeaveMetricsOfConsolidatedSubsidiaries	全労働者、男性労働者の育児休業取得率、連結子会社の指標	CurrentYearInstant_Row2Member	pure	1.125
jpcrp_cor:AllEmployeesDifferencesInWagesBetweenMaleAndFemaleEmployeesMetricsOfConsolidatedSubsidiaries	全労働者、労働者の男女の賃金の差異、連結子会社の指標	CurrentYearInstant_Row2Member	pure	0.747
jpcrp_cor:RegularEmployeesDifferencesInWagesBetweenMaleAndFemaleEmployeesMetricsOfConsolidatedSubsidiaries	正規雇用労働者、労働者の男女の賃金の差異、連結子会社の指標	CurrentYearInstant_Row2Member	pure	0.727
jpcrp_cor:NonRegularEmployeesDifferencesInWagesBetweenMaleAndFemaleEmployeesMetricsOfConsolidatedSubsidiaries	非正規雇用労働者、労働者の男女の賃金の差異、連結子会社の指標	CurrentYearInstant_Row2Member	pure	0.670
jpcrp_cor:RatioOfFemaleEmployeesInManagerialPositionsMetricsOfConsolidatedSubsidiaries	管理職に占める女性労働者の割合、連結子会社の指標	CurrentYearInstant_Row3Member	pure	0.026
jpcrp_cor:AllEmployeesRatioOfMaleEmployeesTakingChildcareLeaveMetricsOfConsolidatedSubsidiaries	全労働者、男性労働者の育児休業取得率、連結子会社の指標	CurrentYearInstant_Row3Member	pure	－
jpcrp_cor:AllEmployeesDifferencesInWagesBetweenMaleAndFemaleEmployeesMetricsOfConsolidatedSubsidiaries	全労働者、労働者の男女の賃金の差異、連結子会社の指標	CurrentYearInstant_Row3Member	pure	0.538
jpcrp_cor:RegularEmployeesDifferencesInWagesBetweenMaleAndFemaleEmployeesMetricsOfConsolidatedSubsidiaries	正規雇用労働者、労働者の男女の賃金の差異、連結子会社の指標	CurrentYearInstant_Row3Member	pure	0.833
jpcrp_cor:NonRegularEmployeesDifferencesInWagesBetweenMaleAndFemaleEmployeesMetricsOfConsolidatedSubsidiaries	非正規雇用労働者、労働者の男女の賃金の差異、連結子会社の指標	CurrentYearInstant_Row3Member	pure	0.704
jpcrp_cor:RatioOfFemaleEmployeesInManagerialPositionsMetricsOfConsolidatedSubsidiaries	管理職に占める女性労働者の割合、連結子会社の指標	CurrentYearInstant_Row4Member	pure	－
jpcrp_cor:AllEmployeesRatioOfMaleEmployeesTakingChildcareLeaveMetricsOfConsolidatedSubsidiaries	全労働者、男性労働者の育児休業取得率、連結子会社の指標	CurrentYearInstant_Row4Member	pure	0.833
jpcrp_cor:AllEmployeesDifferencesInWagesBetweenMaleAndFemaleEmployeesMetricsOfConsolidatedSubsidiaries	全労働者、労働者の男女の賃金の差異、連結子会社の指標	CurrentYearInstant_Row4Member	pure	0.776
jpcrp_cor:RegularEmployeesDifferencesInWagesBetweenMaleAndFemaleEmployeesMetricsOfConsolidatedSubsidiaries	正規雇用労働者、労働者の男女の賃金の差異、連結子会社の指標	CurrentYearInstant_Row4Member	pure	0.791
jpcrp_cor:NonRegularEmployeesDifferencesInWagesBetweenMaleAndFemaleEmployeesMetricsOfConsolidatedSubsidiaries	非正規雇用労働者、労働者の男女の賃金の差異、連結子会社の指標	CurrentYearInstant_Row4Member	pure	0.779
jpcrp_cor:RatioOfFemaleEmployeesInManagerialPositionsMetricsOfConsolidatedSubsidiaries	管理職に占める女性労働者の割合、連結子会社の指標	CurrentYearInstant_Row5Member	pure	0.738
jpcrp_cor:AllEmployeesDifferencesInWagesBetweenMaleAndFemaleEmployeesMetricsOfConsolidatedSubsidiaries	全労働者、労働者の男女の賃金の差異、連結子会社の指標	CurrentYearInstant_Row5Member	pure	0.516
jpcrp_cor:RegularEmployeesDifferencesInWagesBetweenMaleAndFemaleEmployeesMetricsOfConsolidatedSubsidiaries	正規雇用労働者、労働者の男女の賃金の差異、連結子会社の指標	CurrentYearInstant_Row5Member	pure	0.524
jpcrp_cor:RatioOfFemaleEmployeesInManagerialPositionsMetricsOfConsolidatedSubsidiaries	管理職に占める女性労働者の割合、連結子会社の指標	CurrentYearInstant_Row6Member	pure	0.633
jpcrp_cor:AllEmployeesRatioOfMaleEmployeesTakingChildcareLeaveMetricsOfConsolidatedSubsidiaries	全労働者、男性労働者の育児休業取得率、連結子会社の指標	CurrentYearInstant_Row6Member	pure	1.000
jpcrp_cor:AllEmployeesDifferencesInWagesBetweenMaleAndFemaleEmployeesMetricsOfConsolidatedSubsidiaries	全労働者、労働者の男女の賃金の差異、連結子会社の指標	CurrentYearInstant_Row6Member	pure	0.621
jpcrp_cor:RegularEmployeesDifferencesInWagesBetweenMaleAndFemaleEmployeesMetricsOfConsolidatedSubsidiaries	正規雇用労働者、労働者の男女の賃金の差異、連結子会社の指標	CurrentYearInstant_Row6Member	pure	0.619
jpcrp_cor:NonRegularEmployeesDifferencesInWagesBetweenMaleAndFemaleEmployeesMetricsOfConsolidatedSubsidiaries	非正規雇用労働者、労働者の男女の賃金の差異、連結子会社の指標	CurrentYearInstant_Row6Member	pure	0.478
jpcrp_cor:RatioOfFemaleEmployeesInManagerialPositionsMetricsOfConsolidatedSubsidiaries	管理職に占める女性労働者の割合、連結子会社の指標	CurrentYearInstant_Row7Member	pure	0.139
jpcrp_cor:AllEmployeesRatioOfMaleEmployeesTakingChildcareLeaveMetricsOfConsolidatedSubsidiaries	全労働者、男性労働者の育児休業取得率、連結子会社の指標	CurrentYearInstant_Row7Member	pure	0.600
jpcrp_cor:AllEmployeesDifferencesInWagesBetweenMaleAndFemaleEmployeesMetricsOfConsolidatedSubsidiaries	全労働者、労働者の男女の賃金の差異、連結子会社の指標	CurrentYearInstant_Row7Member	pure	0.745
jpcrp_cor:RegularEmployeesDifferencesInWagesBetweenMaleAndFemaleEmployeesMetricsOfConsolidatedSubsidiaries	正規雇用労働者、労働者の男女の賃金の差異、連結子会社の指標	CurrentYearInstant_Row7Member	pure	0.775
jpcrp_cor:NonRegularEmployeesDifferencesInWagesBetweenMaleAndFemaleEmployeesMetricsOfConsolidatedSubsidiaries	非正規雇用労働者、労働者の男女の賃金の差異、連結子会社の指標	CurrentYearInstant_Row7Member	pure	0.582
jpcrp_cor:RatioOfFemaleEmployeesInManagerialPositionsMetricsOfConsolidatedSubsidiaries	管理職に占める女性労働者の割合、連結子会社の指標	CurrentYearInstant_Row8Member	pure	0.231
jpcrp_cor:AllEmployeesRatioOfMaleEmployeesTakingChildcareLeaveMetricsOfConsolidatedSubsidiaries	全労働者、男性労働者の育児休業取得率、連結子会社の指標	CurrentYearInstant_Row8Member	pure	1.000
jpcrp_cor:AllEmployeesDifferencesInWagesBetweenMaleAndFemaleEmployeesMetricsOfConsolidatedSubsidiaries	全労働者、労働者の男女の賃金の差異、連結子会社の指標	CurrentYearInstant_Row8Member	pure	0.795
jpcrp_cor:RegularEmployeesDifferencesInWagesBetweenMaleAndFemaleEmployeesMetricsOfConsolidatedSubsidiaries	正規雇用労働者、労働者の男女の賃金の差異、連結子会社の指標	CurrentYearInstant_Row8Member	pure	0.851
jpcrp_cor:NonRegularEmployeesDifferencesInWagesBetweenMaleAndFemaleEmployeesMetricsOfConsolidatedSubsidiaries	非正規雇用労働者、労働者の男女の賃金の差異、連結子会社の指標	CurrentYearInstant_Row8Member	pure	0.881
jpcrp_cor:GrossScope1GreenhouseGasEmissionsScope1And2GreenhouseGasEmissions	スコープ1の温室効果ガス総排出量、スコープ1及び2の温室効果ガス総排出量	Prior8YearDuration_ConsolidatedAccountingGroupMember	tCO2e	660000
jpcrp_cor:GrossScope1GreenhouseGasEmissionsScope1And2GreenhouseGasEmissions	スコープ1の温室効果ガス総排出量、スコープ1及び2の温室効果ガス総排出量	Prior4YearDuration_ConsolidatedAccountingGroupMember	tCO2e	611000
jpcrp_cor:GrossScope1GreenhouseGasEmissionsScope1And2GreenhouseGasEmissions	スコープ1の温室効果ガス総排出量、スコープ1及び2の温室効果ガス総排出量	Prior3YearDuration_ConsolidatedAccountingGroupMember	tCO2e	602000
jpcrp_cor:GrossScope1GreenhouseGasEmissionsScope1And2GreenhouseGasEmissions	スコープ1の温室効果ガス総排出量、スコープ1及び2の温室効果ガス総排出量	Prior2YearDuration_ConsolidatedAccountingGroupMember	tCO2e	546000
jpcrp_cor:GrossScope1GreenhouseGasEmissionsScope1And2GreenhouseGasEmissions	スコープ1の温室効果ガス総排出量、スコープ1及び2の温室効果ガス総排出量	Prior1YearDuration_ConsolidatedAccountingGroupMember	tCO2e	509000
jpcrp_cor:GrossScope1GreenhouseGasEmissionsScope1And2GreenhouseGasEmissions	スコープ1の温室効果ガス総排出量、スコープ1及び2の温室効果ガス総排出量	CurrentYearDuration_ConsolidatedAccountingGroupMember	tCO2e	486000
jpcrp_cor:GrossScope2GreenhouseGasEmissionsScope1And2GreenhouseGasEmissions	スコープ2の温室効果ガス総排出量、スコープ1及び2の温室効果ガス総排出量	Prior8YearDuration_ConsolidatedAccountingGroupMember	tCO2e	408000
jpcrp_cor:GrossScope2GreenhouseGasEmissionsScope1And2GreenhouseGasEmissions	スコープ2の温室効果ガス総排出量、スコープ1及び2の温室効果ガス総排出量	Prior4YearDuration_ConsolidatedAccountingGroupMember	tCO2e	244000
jpcrp_cor:GrossScope2GreenhouseGasEmissionsScope1And2GreenhouseGasEmissions	スコープ2の温室効果ガス総排出量、スコープ1及び2の温室効果ガス総排出量	Prior3YearDuration_ConsolidatedAccountingGroupMember	tCO2e	187000
jpcrp_cor:GrossScope2GreenhouseGasEmissionsScope1And2GreenhouseGasEmissions	スコープ2の温室効果ガス総排出量、スコープ1及び2の温室効果ガス総排出量	Prior2YearDuration_ConsolidatedAccountingGroupMember	tCO2e	154000
jpcrp_cor:GrossScope2GreenhouseGasEmissionsScope1And2GreenhouseGasEmissions	スコープ2の温室効果ガス総排出量、スコープ1及び2の温室効果ガス総排出量	Prior1YearDuration_ConsolidatedAccountingGroupMember	tCO2e	116000
jpcrp_cor:GrossScope2GreenhouseGasEmissionsScope1And2GreenhouseGasEmissions	スコープ2の温室効果ガス総排出量、スコープ1及び2の温室効果ガス総排出量	CurrentYearDuration_ConsolidatedAccountingGroupMember	tCO2e	75000
jpcrp_cor:PerformanceDescriptionOfMetricsRelatedToPolicyOnDevelopmentOfHumanResourcesAndInternalEnvironmentAndTargetsAndPerformanceUsingSuchMetrics	実績数値、人材の育成及び社内環境整備に関する方針に関する指標の内容並びに当該指標を用いた目標及び実績	CurrentYearInstant_Row1Member	pure	2.03
jpcrp_cor:TargetsDescriptionOfMetricsRelatedToPolicyOnDevelopmentOfHumanResourcesAndInternalEnvironmentAndTargetsAndPerformanceUsingSuchMetrics	目標数値、人材の育成及び社内環境整備に関する方針に関する指標の内容並びに当該指標を用いた目標及び実績	CurrentYearInstant_Row1Member	pure	2.5
jpcrp_cor:PerformanceDescriptionOfMetricsRelatedToPolicyOnDevelopmentOfHumanResourcesAndInternalEnvironmentAndTargetsAndPerformanceUsingSuchMetrics	実績数値、人材の育成及び社内環境整備に関する方針に関する指標の内容並びに当該指標を用いた目標及び実績	CurrentYearInstant_Row2Member	pure	15
jpcrp_cor:TargetsDescriptionOfMetricsRelatedToPolicyOnDevelopmentOfHumanResourcesAndInternalEnvironmentAndTargetsAndPerformanceUsingSuchMetrics	目標数値、人材の育成及び社内環境整備に関する方針に関する指標の内容並びに当該指標を用いた目標及び実績	CurrentYearInstant_Row2Member	pure	20
jpcrp_cor:PerformanceDescriptionOfMetricsRelatedToPolicyOnDevelopmentOfHumanResourcesAndInternalEnvironmentAndTargetsAndPerformanceUsingSuchMetrics	実績数値、人材の育成及び社内環境整備に関する方針に関する指標の内容並びに当該指標を用いた目標及び実績	CurrentYearInstant_Row3Member	pure	14
jpcrp_cor:TargetsDescriptionOfMetricsRelatedToPolicyOnDevelopmentOfHumanResourcesAndInternalEnvironmentAndTargetsAndPerformanceUsingSuchMetrics	目標数値、人材の育成及び社内環境整備に関する方針に関する指標の内容並びに当該指標を用いた目標及び実績	CurrentYearInstant_Row3Member	pure	20
jpcrp_cor:PerformanceDescriptionOfMetricsRelatedToPolicyOnDevelopmentOfHumanResourcesAndInternalEnvironmentAndTargetsAndPerformanceUsingSuchMetrics	実績数値、人材の育成及び社内環境整備に関する方針に関する指標の内容並びに当該指標を用いた目標及び実績	CurrentYearInstant_Row4Member	pure	51
jpcrp_cor:TargetsDescriptionOfMetricsRelatedToPolicyOnDevelopmentOfHumanResourcesAndInternalEnvironmentAndTargetsAndPerformanceUsingSuchMetrics	目標数値、人材の育成及び社内環境整備に関する方針に関する指標の内容並びに当該指標を用いた目標及び実績	CurrentYearInstant_Row4Member	pure	50
jpcrp_cor:PerformanceDescriptionOfMetricsRelatedToPolicyOnDevelopmentOfHumanResourcesAndInternalEnvironmentAndTargetsAndPerformanceUsingSuchMetrics	実績数値、人材の育成及び社内環境整備に関する方針に関する指標の内容並びに当該指標を用いた目標及び実績	CurrentYearInstant_Row5Member	pure	63
jpcrp_cor:TargetsDescriptionOfMetricsRelatedToPolicyOnDevelopmentOfHumanResourcesAndInternalEnvironmentAndTargetsAndPerformanceUsingSuchMetrics	目標数値、人材の育成及び社内環境整備に関する方針に関する指標の内容並びに当該指標を用いた目標及び実績	CurrentYearInstant_Row5Member	pure	70
jpcrp_cor:PerformanceDescriptionOfMetricsRelatedToPolicyOnDevelopmentOfHumanResourcesAndInternalEnvironmentAndTargetsAndPerformanceUsingSuchMetrics	実績数値、人材の育成及び社内環境整備に関する方針に関する指標の内容並びに当該指標を用いた目標及び実績	CurrentYearInstant_Row6Member	pure	66
jpcrp_cor:TargetsDescriptionOfMetricsRelatedToPolicyOnDevelopmentOfHumanResourcesAndInternalEnvironmentAndTargetsAndPerformanceUsingSuchMetrics	目標数値、人材の育成及び社内環境整備に関する方針に関する指標の内容並びに当該指標を用いた目標及び実績	CurrentYearInstant_Row6Member	pure	70
jpcrp_cor:PerformanceDescriptionOfMetricsRelatedToPolicyOnDevelopmentOfHumanResourcesAndInternalEnvironmentAndTargetsAndPerformanceUsingSuchMetrics	実績数値、人材の育成及び社内環境整備に関する方針に関する指標の内容並びに当該指標を用いた目標及び実績	CurrentYearInstant_Row7Member	pure	65
jpcrp_cor:TargetsDescriptionOfMetricsRelatedToPolicyOnDevelopmentOfHumanResourcesAndInternalEnvironmentAndTargetsAndPerformanceUsingSuchMetrics	目標数値、人材の育成及び社内環境整備に関する方針に関する指標の内容並びに当該指標を用いた目標及び実績	CurrentYearInstant_Row7Member	pure	65
jpcrp_cor:PerformanceDescriptionOfMetricsRelatedToPolicyOnDevelopmentOfHumanResourcesAndInternalEnvironmentAndTargetsAndPerformanceUsingSuchMetrics	実績数値、人材の育成及び社内環境整備に関する方針に関する指標の内容並びに当該指標を用いた目標及び実績	CurrentYearInstant_Row8Member	pure	79.4
jpcrp_cor:TargetsDescriptionOfMetricsRelatedToPolicyOnDevelopmentOfHumanResourcesAndInternalEnvironmentAndTargetsAndPerformanceUsingSuchMetrics	目標数値、人材の育成及び社内環境整備に関する方針に関する指標の内容並びに当該指標を用いた目標及び実績	CurrentYearInstant_Row8Member	pure	90
jpcrp_cor:PerformanceDescriptionOfMetricsRelatedToPolicyOnDevelopmentOfHumanResourcesAndInternalEnvironmentAndTargetsAndPerformanceUsingSuchMetrics	実績数値、人材の育成及び社内環境整備に関する方針に関する指標の内容並びに当該指標を用いた目標及び実績	CurrentYearInstant_Row9Member	pure	62
jpcrp_cor:TargetsDescriptionOfMetricsRelatedToPolicyOnDevelopmentOfHumanResourcesAndInternalEnvironmentAndTargetsAndPerformanceUsingSuchMetrics	目標数値、人材の育成及び社内環境整備に関する方針に関する指標の内容並びに当該指標を用いた目標及び実績	CurrentYearInstant_Row9Member	pure	65
jpcrp_cor:PerformanceDescriptionOfMetricsRelatedToPolicyOnDevelopmentOfHumanResourcesAndInternalEnvironmentAndTargetsAndPerformanceUsingSuchMetrics	実績数値、人材の育成及び社内環境整備に関する方針に関する指標の内容並びに当該指標を用いた目標及び実績	CurrentYearInstant_Row10Member	pure	77
jpcrp_cor:TargetsDescriptionOfMetricsRelatedToPolicyOnDevelopmentOfHumanResourcesAndInternalEnvironmentAndTargetsAndPerformanceUsingSuchMetrics	目標数値、人材の育成及び社内環境整備に関する方針に関する指標の内容並びに当該指標を用いた目標及び実績	CurrentYearInstant_Row10Member	pure	80
jpcrp_cor:PerformanceDescriptionOfMetricsRelatedToPolicyOnDevelopmentOfHumanResourcesAndInternalEnvironmentAndTargetsAndPerformanceUsingSuchMetrics	実績数値、人材の育成及び社内環境整備に関する方針に関する指標の内容並びに当該指標を用いた目標及び実績	CurrentYearInstant_Row11Member	pure	68
jpcrp_cor:TargetsDescriptionOfMetricsRelatedToPolicyOnDevelopmentOfHumanResourcesAndInternalEnvironmentAndTargetsAndPerformanceUsingSuchMetrics	目標数値、人材の育成及び社内環境整備に関する方針に関する指標の内容並びに当該指標を用いた目標及び実績	CurrentYearInstant_Row11Member	pure	75
jpcrp_cor:PerformanceDescriptionOfMetricsRelatedToPolicyOnDevelopmentOfHumanResourcesAndInternalEnvironmentAndTargetsAndPerformanceUsingSuchMetrics	実績数値、人材の育成及び社内環境整備に関する方針に関する指標の内容並びに当該指標を用いた目標及び実績	CurrentYearInstant_Row12Member	pure	64
jpcrp_cor:TargetsDescriptionOfMetricsRelatedToPolicyOnDevelopmentOfHumanResourcesAndInternalEnvironmentAndTargetsAndPerformanceUsingSuchMetrics	目標数値、人材の育成及び社内環境整備に関する方針に関する指標の内容並びに当該指標を用いた目標及び実績	CurrentYearInstant_Row12Member	pure	70
jpcrp_cor:PerformanceDescriptionOfMetricsRelatedToPolicyOnDevelopmentOfHumanResourcesAndInternalEnvironmentAndTargetsAndPerformanceUsingSuchMetrics	実績数値、人材の育成及び社内環境整備に関する方針に関する指標の内容並びに当該指標を用いた目標及び実績	CurrentYearInstant_Row13Member	pure	64
jpcrp_cor:TargetsDescriptionOfMetricsRelatedToPolicyOnDevelopmentOfHumanResourcesAndInternalEnvironmentAndTargetsAndPerformanceUsingSuchMetrics	目標数値、人材の育成及び社内環境整備に関する方針に関する指標の内容並びに当該指標を用いた目標及び実績	CurrentYearInstant_Row13Member	pure	70
jpcrp_cor:PerformanceDescriptionOfMetricsRelatedToPolicyOnDevelopmentOfHumanResourcesAndInternalEnvironmentAndTargetsAndPerformanceUsingSuchMetrics	実績数値、人材の育成及び社内環境整備に関する方針に関する指標の内容並びに当該指標を用いた目標及び実績	CurrentYearInstant_Row14Member	pure	60
jpcrp_cor:TargetsDescriptionOfMetricsRelatedToPolicyOnDevelopmentOfHumanResourcesAndInternalEnvironmentAndTargetsAndPerformanceUsingSuchMetrics	目標数値、人材の育成及び社内環境整備に関する方針に関する指標の内容並びに当該指標を用いた目標及び実績	CurrentYearInstant_Row14Member	pure	70
jpcrp_cor:PerformanceDescriptionOfMetricsRelatedToPolicyOnDevelopmentOfHumanResourcesAndInternalEnvironmentAndTargetsAndPerformanceUsingSuchMetrics	実績数値、人材の育成及び社内環境整備に関する方針に関する指標の内容並びに当該指標を用いた目標及び実績	CurrentYearInstant_Row15Member	pure	65
jpcrp_cor:TargetsDescriptionOfMetricsRelatedToPolicyOnDevelopmentOfHumanResourcesAndInternalEnvironmentAndTargetsAndPerformanceUsingSuchMetrics	目標数値、人材の育成及び社内環境整備に関する方針に関する指標の内容並びに当該指標を用いた目標及び実績	CurrentYearInstant_Row15Member	pure	70
jpcrp_cor:PerformanceDescriptionOfMetricsRelatedToPolicyOnDevelopmentOfHumanResourcesAndInternalEnvironmentAndTargetsAndPerformanceUsingSuchMetrics	実績数値、人材の育成及び社内環境整備に関する方針に関する指標の内容並びに当該指標を用いた目標及び実績	CurrentYearInstant_Row16Member	pure	131
jpcrp_cor:TargetsDescriptionOfMetricsRelatedToPolicyOnDevelopmentOfHumanResourcesAndInternalEnvironmentAndTargetsAndPerformanceUsingSuchMetrics	目標数値、人材の育成及び社内環境整備に関する方針に関する指標の内容並びに当該指標を用いた目標及び実績	CurrentYearInstant_Row16Member	pure	150
jpcrp_cor:ResearchAndDevelopmentExpensesResearchAndDevelopmentActivities	研究開発費、研究開発活動	CurrentYearDuration	JPY	61100000000
jpcrp_cor:ResearchAndDevelopmentExpensesResearchAndDevelopmentActivities	研究開発費、研究開発活動	CurrentYearDuration_jpcrp030000-asr_E00883-000HygieneLivingCareBusinessReportableSegmentMember	JPY	14600000000
jpcrp_cor:ResearchAndDevelopmentExpensesResearchAndDevelopmentActivities	研究開発費、研究開発活動	CurrentYearDuration_jpcrp030000-asr_E00883-000HealthBeautyCareBusinessReportableSegmentMember	JPY	21300000000
jpcrp_cor:ResearchAndDevelopmentExpensesResearchAndDevelopmentActivities	研究開発費、研究開発活動	CurrentYearDuration_jpcrp030000-asr_E00883-000CosmeticsBusinessReportableSegmentMember	JPY	11400000000
jpcrp_cor:ResearchAndDevelopmentExpensesResearchAndDevelopmentActivities	研究開発費、研究開発活動	CurrentYearDuration_jpcrp030000-asr_E00883-000BusinessConnectedBusinessReportableSegmentMember	JPY	1300000000
jpcrp_cor:ResearchAndDevelopmentExpensesResearchAndDevelopmentActivities	研究開発費、研究開発活動	CurrentYearDuration_jpcrp030000-asr_E00883-000ChemicalBusinessReportableSegmentMember	JPY	12700000000
jpcrp_cor:CapitalExpendituresOverviewOfCapitalExpendituresEtc	設備投資額、設備投資等の概要	CurrentYearDuration	JPY	101038000000
jpcrp_cor:CapitalExpendituresOverviewOfCapitalExpendituresEtc	設備投資額、設備投資等の概要	CurrentYearDuration_jpcrp030000-asr_E00883-000HygieneLivingCareBusinessReportableSegmentMember	JPY	32258000000
jpcrp_cor:CapitalExpendituresOverviewOfCapitalExpendituresEtc	設備投資額、設備投資等の概要	CurrentYearDuration_jpcrp030000-asr_E00883-000HealthBeautyCareBusinessReportableSegmentMember	JPY	17146000000
jpcrp_cor:CapitalExpendituresOverviewOfCapitalExpendituresEtc	設備投資額、設備投資等の概要	CurrentYearDuration_jpcrp030000-asr_E00883-000CosmeticsBusinessReportableSegmentMember	JPY	13404000000
jpcrp_cor:CapitalExpendituresOverviewOfCapitalExpendituresEtc	設備投資額、設備投資等の概要	CurrentYearDuration_jpcrp030000-asr_E00883-000BusinessConnectedBusinessReportableSegmentMember	JPY	1321000000
jpcrp_cor:CapitalExpendituresOverviewOfCapitalExpendituresEtc	設備投資額、設備投資等の概要	CurrentYearDuration_jpcrp030000-asr_E00883-000GlobalConsumerCareBusinessReportableSegmentMember	JPY	64129000000
jpcrp_cor:CapitalExpendituresOverviewOfCapitalExpendituresEtc	設備投資額、設備投資等の概要	CurrentYearDuration_jpcrp030000-asr_E00883-000ChemicalBusinessReportableSegmentMember	JPY	30492000000
jpcrp_cor:CapitalExpendituresOverviewOfCapitalExpendituresEtc	設備投資額、設備投資等の概要	CurrentYearDuration_OtherReportableSegmentsMember	JPY	6417000000
jpcrp_cor:CapitalExpendituresOverviewOfCapitalExpendituresEtc	設備投資額、設備投資等の概要	CurrentYearDuration	JPY	101038000000
jpcrp_cor:NumberOfIssuedSharesAsOfFiscalYearEndIssuedSharesTotalNumberOfSharesEtc	事業年度末現在発行数（株）、発行済株式、株式の総数等	FilingDateInstant_OrdinaryShareMember	shares	453600000
jpcrp_cor:NumberOfIssuedSharesAsOfFilingDateIssuedSharesTotalNumberOfSharesEtc	提出日現在発行数（株）、発行済株式、株式の総数等	FilingDateInstant_OrdinaryShareMember	shares	453600000
jpcrp_cor:NumberOfIssuedSharesAsOfFiscalYearEndIssuedSharesTotalNumberOfSharesEtc	事業年度末現在発行数（株）、発行済株式、株式の総数等	FilingDateInstant	shares	453600000
jpcrp_cor:NumberOfIssuedSharesAsOfFilingDateIssuedSharesTotalNumberOfSharesEtc	提出日現在発行数（株）、発行済株式、株式の総数等	FilingDateInstant	shares	453600000
jpcrp_cor:NumberOfSharesConstitutingOneUnit	１単元の株式数	CurrentYearInstant_OrdinaryShareMember	shares	100
jpcrp_cor:NumberOfShareholdersNationalAndLocalGovernments	株主数－政府及び地方公共団体	CurrentYearInstant_OrdinaryShareMember	pure	1
jpcrp_cor:NumberOfShareholdersFinancialInstitutions	株主数－金融機関	CurrentYearInstant_OrdinaryShareMember	pure	167
jpcrp_cor:NumberOfShareholdersFinancialServiceProviders	株主数－金融商品取引業者	CurrentYearInstant_OrdinaryShareMember	pure	48
jpcrp_cor:NumberOfShareholdersOtherCorporations	株主数－その他の法人	CurrentYearInstant_OrdinaryShareMember	pure	1115
jpcrp_cor:NumberOfShareholdersForeignInvestorsOtherThanIndividuals	株主数－外国法人等－個人以外	CurrentYearInstant_OrdinaryShareMember	pure	941
jpcrp_cor:NumberOfShareholdersForeignIndividualInvestors	株主数－外国法人等－個人	CurrentYearInstant_OrdinaryShareMember	pure	592
jpcrp_cor:NumberOfShareholdersIndividualsAndOthers	株主数－個人その他	CurrentYearInstant_OrdinaryShareMember	pure	128706
jpcrp_cor:NumberOfShareholdersTotal	株主数－計	CurrentYearInstant_OrdinaryShareMember	pure	131570
jpcrp_cor:NumberOfSharesHeldNumberOfUnitsNationalAndLocalGovernments	所有株式数（単元）－政府及び地方公共団体	CurrentYearInstant_OrdinaryShareMember	pure	9
jpcrp_cor:NumberOfSharesHeldNumberOfUnitsFinancialInstitutions	所有株式数（単元）－金融機関	CurrentYearInstant_OrdinaryShareMember	pure	1535780
jpcrp_cor:NumberOfSharesHeldNumberOfUnitsFinancialServiceProviders	所有株式数（単元）－金融商品取引業者	CurrentYearInstant_OrdinaryShareMember	pure	252718
jpcrp_cor:NumberOfSharesHeldNumberOfUnitsOtherCorporations	所有株式数（単元）－その他の法人	CurrentYearInstant_OrdinaryShareMember	pure	212862
jpcrp_cor:NumberOfSharesHeldNumberOfUnitsForeignInvestorsOtherThanIndividuals	所有株式数（単元）－外国法人等－個人以外	CurrentYearInstant_OrdinaryShareMember	pure	1881198
jpcrp_cor:NumberOfSharesHeldNumberOfUnitsForeignIndividualInvestors	所有株式数（単元）－外国法人等－個人	CurrentYearInstant_OrdinaryShareMember	pure	1587
jpcrp_cor:NumberOfSharesHeldNumberOfUnitsIndividualsAndOthers	所有株式数（単元）－個人その他	CurrentYearInstant_OrdinaryShareMember	pure	641270
jpcrp_cor:NumberOfSharesHeldNumberOfUnitsTotal	所有株式数（単元）－計	CurrentYearInstant_OrdinaryShareMember	pure	4525424
jpcrp_cor:NumberOfSharesHeldSharesLessThanOneUnit	所有株式数－単元未満株式の状況（株）	CurrentYearInstant_OrdinaryShareMember	shares	1057600
jpcrp_cor:PercentageOfShareholdingsNationalAndLocalGovernments	所有株式数の割合（％）－政府及び地方公共団体	CurrentYearInstant_OrdinaryShareMember	pure	0.0000
jpcrp_cor:PercentageOfShareholdingsFinancialInstitutions	所有株式数の割合（％）－金融機関	CurrentYearInstant_OrdinaryShareMember	pure	0.3394
jpcrp_cor:PercentageOfShareholdingsFinancialServiceProviders	所有株式数の割合（％）－金融商品取引業者	CurrentYearInstant_OrdinaryShareMember	pure	0.0558
jpcrp_cor:PercentageOfShareholdingsOtherCorporations	所有株式数の割合（％）－その他の法人	CurrentYearInstant_OrdinaryShareMember	pure	0.0470
jpcrp_cor:PercentageOfShareholdingsForeignersOtherThanIndividuals	所有株式数の割合（％）－外国法人等－個人以外	CurrentYearInstant_OrdinaryShareMember	pure	0.4157
jpcrp_cor:PercentageOfShareholdingsForeignIndividuals	所有株式数の割合（％）－外国法人等－個人	CurrentYearInstant_OrdinaryShareMember	pure	0.0004
jpcrp_cor:PercentageOfShareholdingsIndividualsAndOthers	所有株式数の割合（％）－個人その他	CurrentYearInstant_OrdinaryShareMember	pure	0.1417
jpcrp_cor:NumberOfSharesHeld	所有株式数	CurrentYearInstant_No1MajorShareholdersMember	shares	83702000
jpcrp_cor:ShareholdingRatio	発行済株式（自己株式を除く。）の総数に対する所有株式数の割合	CurrentYearInstant_No1MajorShareholdersMember	pure	0.1845
jpcrp_cor:NumberOfSharesHeld	所有株式数	CurrentYearInstant_No2MajorShareholdersMember	shares	31943000
jpcrp_cor:ShareholdingRatio	発行済株式（自己株式を除く。）の総数に対する所有株式数の割合	CurrentYearInstant_No2MajorShareholdersMember	pure	0.0704
jpcrp_cor:NumberOfSharesHeld	所有株式数	CurrentYearInstant_No3MajorShareholdersMember	shares	7483000
jpcrp_cor:ShareholdingRatio	発行済株式（自己株式を除く。）の総数に対する所有株式数の割合	CurrentYearInstant_No3MajorShareholdersMember	pure	0.0165
jpcrp_cor:NumberOfSharesHeld	所有株式数	CurrentYearInstant_No4MajorShareholdersMember	shares	7385000
jpcrp_cor:ShareholdingRatio	発行済株式（自己株式を除く。）の総数に対する所有株式数の割合	CurrentYearInstant_No4MajorShareholdersMember	pure	0.0163
jpcrp_cor:NumberOfSharesHeld	所有株式数	CurrentYearInstant_No5MajorShareholdersMember	shares	6997000
jpcrp_cor:ShareholdingRatio	発行済株式（自己株式を除く。）の総数に対する所有株式数の割合	CurrentYearInstant_No5MajorShareholdersMember	pure	0.0154
jpcrp_cor:NumberOfSharesHeld	所有株式数	CurrentYearInstant_No6MajorShareholdersMember	shares	6879000
jpcrp_cor:ShareholdingRatio	発行済株式（自己株式を除く。）の総数に対する所有株式数の割合	CurrentYearInstant_No6MajorShareholdersMember	pure	0.0152
jpcrp_cor:NumberOfSharesHeld	所有株式数	CurrentYearInstant_No7MajorShareholdersMember	shares	6748000
jpcrp_cor:ShareholdingRatio	発行済株式（自己株式を除く。）の総数に対する所有株式数の割合	CurrentYearInstant_No7MajorShareholdersMember	pure	0.0149
jpcrp_cor:NumberOfSharesHeld	所有株式数	CurrentYearInstant_No8MajorShareholdersMember	shares	6691000
jpcrp_cor:ShareholdingRatio	発行済株式（自己株式を除く。）の総数に対する所有株式数の割合	CurrentYearInstant_No8MajorShareholdersMember	pure	0.0148
jpcrp_cor:NumberOfSharesHeld	所有株式数	CurrentYearInstant_No9MajorShareholdersMember	shares	6010000
jpcrp_cor:ShareholdingRatio	発行済株式（自己株式を除く。）の総数に対する所有株式数の割合	CurrentYearInstant_No9MajorShareholdersMember	pure	0.0132
jpcrp_cor:NumberOfSharesHeld	所有株式数	CurrentYearInstant_No10MajorShareholdersMember	shares	5791000
jpcrp_cor:ShareholdingRatio	発行済株式（自己株式を除く。）の総数に対する所有株式数の割合	CurrentYearInstant_No10MajorShareholdersMember	pure	0.0128
jpcrp_cor:NumberOfSharesHeld	所有株式数	CurrentYearInstant	shares	169629000
jpcrp_cor:ShareholdingRatio	発行済株式（自己株式を除く。）の総数に対する所有株式数の割合	CurrentYearInstant	pure	0.3740
jpcrp_cor:NumberOfSharesIssuedSharesVotingRights	株式数（株）、発行済株式、議決権の状況	CurrentYearInstant_SharesWithNoVotingRightsMember	shares	－
jpcrp_cor:NumberOfSharesIssuedSharesVotingRights	株式数（株）、発行済株式、議決権の状況	CurrentYearInstant_SharesWithRestrictedVotingRightsTreasurySharesEtcMember	shares	－
jpcrp_cor:NumberOfSharesIssuedSharesVotingRights	株式数（株）、発行済株式、議決権の状況	CurrentYearInstant_SharesWithRestrictedVotingRightsOtherMember	shares	－
jpcrp_cor:NumberOfVotingRightsIssuedSharesVotingRights	議決権の数（個）、発行済株式、議決権の状況	CurrentYearInstant_SharesWithRestrictedVotingRightsOtherMember	pure	－
jpcrp_cor:NumberOfSharesIssuedSharesVotingRights	株式数（株）、発行済株式、議決権の状況	CurrentYearInstant_OrdinarySharesTreasurySharesSharesWithFullVotingRightsTreasurySharesEtcMember	shares	8600
jpcrp_cor:NumberOfSharesIssuedSharesVotingRights	株式数（株）、発行済株式、議決権の状況	CurrentYearInstant_OrdinarySharesSharesWithFullVotingRightsOtherMember	shares	452533800
jpcrp_cor:NumberOfVotingRightsIssuedSharesVotingRights	議決権の数（個）、発行済株式、議決権の状況	CurrentYearInstant_OrdinarySharesSharesWithFullVotingRightsOtherMember	pure	4525338
jpcrp_cor:NumberOfSharesIssuedSharesVotingRights	株式数（株）、発行済株式、議決権の状況	CurrentYearInstant_OrdinarySharesSharesLessThanOneUnitMember	shares	1057600
jpcrp_cor:NumberOfSharesIssuedSharesVotingRights	株式数（株）、発行済株式、議決権の状況	CurrentYearInstant	shares	453600000
jpcrp_cor:NumberOfVotingRightsIssuedSharesVotingRights	議決権の数（個）、発行済株式、議決権の状況	CurrentYearInstant	pure	4525338
jpcrp_cor:NumberOfSharesHeldInOwnNameTreasurySharesEtc	自己名義所有株式数（株）、自己株式等	CurrentYearInstant_Row1Member	shares	8600
jpcrp_cor:NumberOfSharesHeldInOthersNamesTreasurySharesEtc	他人名義所有株式数（株）、自己株式等	CurrentYearInstant_Row1Member	shares	－
jpcrp_cor:TotalNumberOfSharesHeldTreasurySharesEtc	所有株式数の合計（株）、自己株式等	CurrentYearInstant_Row1Member	shares	8600
jpcrp_cor:ShareholdingRatioTreasurySharesEtc	発行済株式総数に対する所有株式数の割合（％）、自己株式等	CurrentYearInstant_Row1Member	pure	0.0000
jpcrp_cor:NumberOfSharesHeldInOwnNameTreasurySharesEtc	自己名義所有株式数（株）、自己株式等	CurrentYearInstant	shares	8600
jpcrp_cor:NumberOfSharesHeldInOthersNamesTreasurySharesEtc	他人名義所有株式数（株）、自己株式等	CurrentYearInstant	shares	－
jpcrp_cor:TotalNumberOfSharesHeldTreasurySharesEtc	所有株式数の合計（株）、自己株式等	CurrentYearInstant	shares	8600
jpcrp_cor:ShareholdingRatioTreasurySharesEtc	発行済株式総数に対する所有株式数の割合（％）、自己株式等	CurrentYearInstant	pure	0.0000
jpcrp_cor:TotalAmountOfDividendsDividendsOfSurplus	配当金の総額、剰余金の配当	FilingDateInstant_Row1Member	JPY	35867000000
jpcrp_cor:DividendPerShareDividendsOfSurplus	１株当たり配当額、剰余金の配当	FilingDateInstant_Row1Member	JPYPerShares	77
jpcrp_cor:TotalAmountOfDividendsDividendsOfSurplus	配当金の総額、剰余金の配当	FilingDateInstant_Row2Member	JPY	34927000000
jpcrp_cor:DividendPerShareDividendsOfSurplus	１株当たり配当額、剰余金の配当	FilingDateInstant_Row2Member	JPYPerShares	77
jpcrp_cor:NumberOfMaleDirectorsAndOtherOfficers	役員のうち男性の人数	FilingDateInstant	pure	9
jpcrp_cor:NumberOfFemaleDirectorsAndOtherOfficers	役員のうち女性の人数	FilingDateInstant	pure	5
jpcrp_cor:RatioOfFemaleDirectorsAndOtherOfficers	役員のうち女性の比率	FilingDateInstant	pure	0.357
jpcrp_cor:NumberOfSharesHeldOrdinarySharesInformationAboutDirectorsAndCorporateAuditors	所有株式数（普通株式）、役員の状況（取締役（及び監査役））	FilingDateInstant_jpcrp030000-asr_E00883-000HasebeYoshihiroMember	shares	20500
jpcrp_cor:NumberOfSharesHeldOrdinarySharesInformationAboutDirectorsAndCorporateAuditors	所有株式数（普通株式）、役員の状況（取締役（及び監査役））	FilingDateInstant_jpcrp030000-asr_E00883-000NegoroMasakazuMember	shares	14500
jpcrp_cor:NumberOfSharesHeldOrdinarySharesInformationAboutDirectorsAndCorporateAuditors	所有株式数（普通株式）、役員の状況（取締役（及び監査役））	FilingDateInstant_jpcrp030000-asr_E00883-000NishiguchiToruMember	shares	18600
jpcrp_cor:NumberOfSharesHeldOrdinarySharesInformationAboutDirectorsAndCorporateAuditors	所有株式数（普通株式）、役員の状況（取締役（及び監査役））	FilingDateInstant_jpcrp030000-asr_E00883-000LisaMacCallumMember	shares	－
jpcrp_cor:NumberOfSharesHeldOrdinarySharesInformationAboutDirectorsAndCorporateAuditors	所有株式数（普通株式）、役員の状況（取締役（及び監査役））	FilingDateInstant_jpcrp030000-asr_E00883-000ShinobeOsamuMember	shares	3700
jpcrp_cor:NumberOfSharesHeldOrdinarySharesInformationAboutDirectorsAndCorporateAuditors	所有株式数（普通株式）、役員の状況（取締役（及び監査役））	FilingDateInstant_jpcrp030000-asr_E00883-000SakuraiErikoMember	shares	700
jpcrp_cor:NumberOfSharesHeldOrdinarySharesInformationAboutDirectorsAndCorporateAuditors	所有株式数（普通株式）、役員の状況（取締役（及び監査役））	FilingDateInstant_jpcrp030000-asr_E00883-000NishiiTakaakiMember	shares	4000
jpcrp_cor:NumberOfSharesHeldOrdinarySharesInformationAboutDirectorsAndCorporateAuditors	所有株式数（普通株式）、役員の状況（取締役（及び監査役））	FilingDateInstant_jpcrp030000-asr_E00883-000TakashimaMakotoMember	shares	－
jpcrp_cor:NumberOfSharesHeldOrdinarySharesInformationAboutDirectorsAndCorporateAuditors	所有株式数（普通株式）、役員の状況（取締役（及び監査役））	FilingDateInstant_jpcrp030000-asr_E00883-000SarahLCasanovaMember	shares	－
jpcrp_cor:NumberOfSharesHeldOrdinarySharesInformationAboutDirectorsAndCorporateAuditors	所有株式数（普通株式）、役員の状況（取締役（及び監査役））	FilingDateInstant_jpcrp030000-asr_E00883-000WadaYasushiMember	shares	14700
jpcrp_cor:NumberOfSharesHeldOrdinarySharesInformationAboutDirectorsAndCorporateAuditors	所有株式数（普通株式）、役員の状況（取締役（及び監査役））	FilingDateInstant_jpcrp030000-asr_E00883-000MurataMamiMember	shares	2000
jpcrp_cor:NumberOfSharesHeldOrdinarySharesInformationAboutDirectorsAndCorporateAuditors	所有株式数（普通株式）、役員の状況（取締役（及び監査役））	FilingDateInstant_jpcrp030000-asr_E00883-000OkaNobuhiroMember	shares	6000
jpcrp_cor:NumberOfSharesHeldOrdinarySharesInformationAboutDirectorsAndCorporateAuditors	所有株式数（普通株式）、役員の状況（取締役（及び監査役））	FilingDateInstant_jpcrp030000-asr_E00883-000AraiSaekoMember	shares	400
jpcrp_cor:NumberOfSharesHeldOrdinarySharesInformationAboutDirectorsAndCorporateAuditors	所有株式数（普通株式）、役員の状況（取締役（及び監査役））	FilingDateInstant_jpcrp030000-asr_E00883-000NaitoJunyaMember	shares	－
jpcrp_cor:NumberOfSharesHeldOrdinarySharesInformationAboutDirectorsAndCorporateAuditors	所有株式数（普通株式）、役員の状況（取締役（及び監査役））	FilingDateInstant	shares	85100
jpcrp_cor:NumberOfMaleDirectorsAndOtherOfficersProposal	役員のうち男性の人数（議案）	FilingDateInstant	pure	9
jpcrp_cor:NumberOfFemaleDirectorsAndOtherOfficersProposal	役員のうち女性の人数（議案）	FilingDateInstant	pure	5
jpcrp_cor:RatioOfFemaleDirectorsAndOtherOfficersProposal	役員のうち女性の比率（議案）	FilingDateInstant	pure	0.357
jpcrp_cor:NumberOfSharesHeldOrdinarySharesInformationAboutDirectorsAndCorporateAuditorsProposal	所有株式数（普通株式）、役員の状況（取締役（及び監査役））（議案）	FilingDateInstant_jpcrp030000-asr_E00883-000HasebeYoshihiroMember	shares	20500
jpcrp_cor:NumberOfSharesHeldOrdinarySharesInformationAboutDirectorsAndCorporateAuditorsProposal	所有株式数（普通株式）、役員の状況（取締役（及び監査役））（議案）	FilingDateInstant_jpcrp030000-asr_E00883-000NegoroMasakazuMember	shares	14500
jpcrp_cor:NumberOfSharesHeldOrdinarySharesInformationAboutDirectorsAndCorporateAuditorsProposal	所有株式数（普通株式）、役員の状況（取締役（及び監査役））（議案）	FilingDateInstant_jpcrp030000-asr_E00883-000NishiguchiToruMember	shares	18600
jpcrp_cor:NumberOfSharesHeldOrdinarySharesInformationAboutDirectorsAndCorporateAuditorsProposal	所有株式数（普通株式）、役員の状況（取締役（及び監査役））（議案）	FilingDateInstant_jpcrp030000-asr_E00883-000LisaMacCallumMember	shares	－
jpcrp_cor:NumberOfSharesHeldOrdinarySharesInformationAboutDirectorsAndCorporateAuditorsProposal	所有株式数（普通株式）、役員の状況（取締役（及び監査役））（議案）	FilingDateInstant_jpcrp030000-asr_E00883-000SakuraiErikoMember	shares	700
jpcrp_cor:NumberOfSharesHeldOrdinarySharesInformationAboutDirectorsAndCorporateAuditorsProposal	所有株式数（普通株式）、役員の状況（取締役（及び監査役））（議案）	FilingDateInstant_jpcrp030000-asr_E00883-000NishiiTakaakiMember	shares	4000
jpcrp_cor:NumberOfSharesHeldOrdinarySharesInformationAboutDirectorsAndCorporateAuditorsProposal	所有株式数（普通株式）、役員の状況（取締役（及び監査役））（議案）	FilingDateInstant_jpcrp030000-asr_E00883-000TakashimaMakotoMember	shares	－
jpcrp_cor:NumberOfSharesHeldOrdinarySharesInformationAboutDirectorsAndCorporateAuditorsProposal	所有株式数（普通株式）、役員の状況（取締役（及び監査役））（議案）	FilingDateInstant_jpcrp030000-asr_E00883-000SarahLCasanovaMember	shares	－
jpcrp_cor:NumberOfSharesHeldOrdinarySharesInformationAboutDirectorsAndCorporateAuditorsProposal	所有株式数（普通株式）、役員の状況（取締役（及び監査役））（議案）	FilingDateInstant_jpcrp030000-asr_E00883-000OkuyamaShinjiMember	shares	－
jpcrp_cor:NumberOfSharesHeldOrdinarySharesInformationAboutDirectorsAndCorporateAuditorsProposal	所有株式数（普通株式）、役員の状況（取締役（及び監査役））（議案）	FilingDateInstant_jpcrp030000-asr_E00883-000WadaYasushiMember	shares	14700
jpcrp_cor:NumberOfSharesHeldOrdinarySharesInformationAboutDirectorsAndCorporateAuditorsProposal	所有株式数（普通株式）、役員の状況（取締役（及び監査役））（議案）	FilingDateInstant_jpcrp030000-asr_E00883-000MurataMamiMember	shares	2000
jpcrp_cor:NumberOfSharesHeldOrdinarySharesInformationAboutDirectorsAndCorporateAuditorsProposal	所有株式数（普通株式）、役員の状況（取締役（及び監査役））（議案）	FilingDateInstant_jpcrp030000-asr_E00883-000AraiSaekoMember	shares	400
jpcrp_cor:NumberOfSharesHeldOrdinarySharesInformationAboutDirectorsAndCorporateAuditorsProposal	所有株式数（普通株式）、役員の状況（取締役（及び監査役））（議案）	FilingDateInstant_jpcrp030000-asr_E00883-000NaitoJunyaMember	shares	－
jpcrp_cor:NumberOfSharesHeldOrdinarySharesInformationAboutDirectorsAndCorporateAuditorsProposal	所有株式数（普通株式）、役員の状況（取締役（及び監査役））（議案）	FilingDateInstant_jpcrp030000-asr_E00883-000TamakiShujiMember	shares	－
jpcrp_cor:NumberOfSharesHeldOrdinarySharesInformationAboutDirectorsAndCorporateAuditorsProposal	所有株式数（普通株式）、役員の状況（取締役（及び監査役））（議案）	FilingDateInstant	shares	75400
jpcrp_cor:AuditFeesReportingCompany	監査証明業務に基づく報酬－提出会社、監査公認会計士等	Prior1YearDuration	JPY	156000000
jpcrp_cor:NonAuditFeesReportingCompany	非監査業務に基づく報酬－提出会社、監査公認会計士等	Prior1YearDuration	JPY	3000000
jpcrp_cor:AuditFeesReportingCompany	監査証明業務に基づく報酬－提出会社、監査公認会計士等	CurrentYearDuration	JPY	165000000
jpcrp_cor:NonAuditFeesReportingCompany	非監査業務に基づく報酬－提出会社、監査公認会計士等	CurrentYearDuration	JPY	2000000
jpcrp_cor:AuditFeesConsolidatedSubsidiaries	監査証明業務に基づく報酬－連結子会社、監査公認会計士等	Prior1YearDuration	JPY	62000000
jpcrp_cor:NonAuditFeesConsolidatedSubsidiaries	非監査業務に基づく報酬－連結子会社、監査公認会計士等	Prior1YearDuration	JPY	－
jpcrp_cor:AuditFeesConsolidatedSubsidiaries	監査証明業務に基づく報酬－連結子会社、監査公認会計士等	CurrentYearDuration	JPY	62000000
jpcrp_cor:NonAuditFeesConsolidatedSubsidiaries	非監査業務に基づく報酬－連結子会社、監査公認会計士等	CurrentYearDuration	JPY	－
jpcrp_cor:AuditFeesTotal	監査証明業務に基づく報酬－計、監査公認会計士等	Prior1YearDuration	JPY	218000000
jpcrp_cor:NonAuditFeesTotal	非監査業務に基づく報酬－計、監査公認会計士等	Prior1YearDuration	JPY	3000000
jpcrp_cor:AuditFeesTotal	監査証明業務に基づく報酬－計、監査公認会計士等	CurrentYearDuration	JPY	227000000
jpcrp_cor:NonAuditFeesTotal	非監査業務に基づく報酬－計、監査公認会計士等	CurrentYearDuration	JPY	2000000
jpcrp_cor:AuditFeesReportingCompanyNetworkFirms	監査証明業務に基づく報酬－提出会社、ネットワークファーム	Prior1YearDuration	JPY	－
jpcrp_cor:NonAuditFeesReportingCompanyNetworkFirms	非監査業務に基づく報酬－提出会社、ネットワークファーム	Prior1YearDuration	JPY	49000000
jpcrp_cor:AuditFeesReportingCompanyNetworkFirms	監査証明業務に基づく報酬－提出会社、ネットワークファーム	CurrentYearDuration	JPY	－
jpcrp_cor:NonAuditFeesReportingCompanyNetworkFirms	非監査業務に基づく報酬－提出会社、ネットワークファーム	CurrentYearDuration	JPY	40000000
jpcrp_cor:AuditFeesConsolidatedSubsidiariesNetworkFirms	監査証明業務に基づく報酬－連結子会社、ネットワークファーム	Prior1YearDuration	JPY	678000000
jpcrp_cor:NonAuditFeesConsolidatedSubsidiariesNetworkFirms	非監査業務に基づく報酬－連結子会社、ネットワークファーム	Prior1YearDuration	JPY	139000000
jpcrp_cor:AuditFeesConsolidatedSubsidiariesNetworkFirms	監査証明業務に基づく報酬－連結子会社、ネットワークファーム	CurrentYearDuration	JPY	663000000
jpcrp_cor:NonAuditFeesConsolidatedSubsidiariesNetworkFirms	非監査業務に基づく報酬－連結子会社、ネットワークファーム	CurrentYearDuration	JPY	212000000
jpcrp_cor:AuditFeesTotalNetworkFirms	監査証明業務に基づく報酬－計、ネットワークファーム	Prior1YearDuration	JPY	678000000
jpcrp_cor:NonAuditFeesTotalNetworkFirms	非監査業務に基づく報酬－計、ネットワークファーム	Prior1YearDuration	JPY	188000000
jpcrp_cor:AuditFeesTotalNetworkFirms	監査証明業務に基づく報酬－計、ネットワークファーム	CurrentYearDuration	JPY	663000000
jpcrp_cor:NonAuditFeesTotalNetworkFirms	非監査業務に基づく報酬－計、ネットワークファーム	CurrentYearDuration	JPY	252000000
jpcrp_cor:NumberOfDirectorsAndOtherOfficersRemunerationEtcByCategoryOfDirectorsAndOtherOfficers	対象となる役員の員数、役員区分ごとの報酬等	CurrentYearDuration_jpcrp030000-asr_E00883-000DirectorsMember	pure	10
jpcrp_cor:NumberOfDirectorsAndOtherOfficersRemunerationEtcByCategoryOfDirectorsAndOtherOfficers	対象となる役員の員数、役員区分ごとの報酬等	CurrentYearDuration_OutsideDirectorsMember	pure	5
jpcrp_cor:TotalAmountOfRemunerationEtcRemunerationEtcByCategoryOfDirectorsAndOtherOfficers	報酬等の総額、役員区分ごとの報酬等	CurrentYearDuration_jpcrp030000-asr_E00883-000DirectorsMember	JPY	767000000
jpcrp_cor:TotalAmountOfRemunerationEtcRemunerationEtcByCategoryOfDirectorsAndOtherOfficers	報酬等の総額、役員区分ごとの報酬等	CurrentYearDuration_OutsideDirectorsMember	JPY	92000000
jpcrp_cor:BaseRemunerationRemunerationEtcByCategoryOfDirectorsAndOtherOfficers	基本報酬、役員区分ごとの報酬等	CurrentYearDuration_jpcrp030000-asr_E00883-000DirectorsMember	JPY	414000000
jpcrp_cor:BaseRemunerationRemunerationEtcByCategoryOfDirectorsAndOtherOfficers	基本報酬、役員区分ごとの報酬等	CurrentYearDuration_OutsideDirectorsMember	JPY	92000000
jpcrp030000-asr_E00883-000:ShortTermIncentiveCompensationPerformanceBasedBonusRemunerationEtcByCategoryOfDirectorsAndOtherOfficers		CurrentYearDuration_jpcrp030000-asr_E00883-000DirectorsMember	JPY	167000000
jpcrp030000-asr_E00883-000:ShortTermIncentiveCompensationPerformanceBasedBonusRemunerationEtcByCategoryOfDirectorsAndOtherOfficers		CurrentYearDuration_OutsideDirectorsMember	JPY	－
jpcrp030000-asr_E00883-000:LongTermIncentiveCompensationPerformanceBasedShareIncentivePlanVariablePortionRemunerationEtcByCategoryOfDirectorsAndOtherOfficers		CurrentYearDuration_jpcrp030000-asr_E00883-000DirectorsMember	JPY	133000000
jpcrp030000-asr_E00883-000:LongTermIncentiveCompensationPerformanceBasedShareIncentivePlanVariablePortionRemunerationEtcByCategoryOfDirectorsAndOtherOfficers		CurrentYearDuration_OutsideDirectorsMember	JPY	－
jpcrp030000-asr_E00883-000:LongTermIncentiveCompensationPerformanceBasedShareIncentivePlanFixedPortionRemunerationEtcByCategoryOfDirectorsAndOtherOfficers		CurrentYearDuration_jpcrp030000-asr_E00883-000DirectorsMember	JPY	53000000
jpcrp030000-asr_E00883-000:LongTermIncentiveCompensationPerformanceBasedShareIncentivePlanFixedPortionRemunerationEtcByCategoryOfDirectorsAndOtherOfficers		CurrentYearDuration_OutsideDirectorsMember	JPY	－
jpcrp_cor:NumberOfDirectorsAndOtherOfficersRemunerationEtcByCategoryOfDirectorsAndOtherOfficers	対象となる役員の員数、役員区分ごとの報酬等	CurrentYearDuration_jpcrp030000-asr_E00883-000CorporateAuditorsMember	pure	7
jpcrp_cor:NumberOfDirectorsAndOtherOfficersRemunerationEtcByCategoryOfDirectorsAndOtherOfficers	対象となる役員の員数、役員区分ごとの報酬等	CurrentYearDuration_OutsideCorporateAuditorsMember	pure	4
jpcrp_cor:TotalAmountOfRemunerationEtcRemunerationEtcByCategoryOfDirectorsAndOtherOfficers	報酬等の総額、役員区分ごとの報酬等	CurrentYearDuration_jpcrp030000-asr_E00883-000CorporateAuditorsMember	JPY	138000000
jpcrp_cor:TotalAmountOfRemunerationEtcRemunerationEtcByCategoryOfDirectorsAndOtherOfficers	報酬等の総額、役員区分ごとの報酬等	CurrentYearDuration_OutsideCorporateAuditorsMember	JPY	53000000
jpcrp_cor:BaseRemunerationRemunerationEtcByCategoryOfDirectorsAndOtherOfficers	基本報酬、役員区分ごとの報酬等	CurrentYearDuration_jpcrp030000-asr_E00883-000CorporateAuditorsMember	JPY	138000000
jpcrp_cor:BaseRemunerationRemunerationEtcByCategoryOfDirectorsAndOtherOfficers	基本報酬、役員区分ごとの報酬等	CurrentYearDuration_OutsideCorporateAuditorsMember	JPY	53000000
jpcrp030000-asr_E00883-000:ShortTermIncentiveCompensationPerformanceBasedBonusRemunerationEtcByCategoryOfDirectorsAndOtherOfficers		CurrentYearDuration_jpcrp030000-asr_E00883-000CorporateAuditorsMember	JPY	－
jpcrp030000-asr_E00883-000:ShortTermIncentiveCompensationPerformanceBasedBonusRemunerationEtcByCategoryOfDirectorsAndOtherOfficers		CurrentYearDuration_OutsideCorporateAuditorsMember	JPY	－
jpcrp030000-asr_E00883-000:LongTermIncentiveCompensationPerformanceBasedShareIncentivePlanVariablePortionRemunerationEtcByCategoryOfDirectorsAndOtherOfficers		CurrentYearDuration_jpcrp030000-asr_E00883-000CorporateAuditorsMember	JPY	－
jpcrp030000-asr_E00883-000:LongTermIncentiveCompensationPerformanceBasedShareIncentivePlanVariablePortionRemunerationEtcByCategoryOfDirectorsAndOtherOfficers		CurrentYearDuration_OutsideCorporateAuditorsMember	JPY	－
jpcrp030000-asr_E00883-000:LongTermIncentiveCompensationPerformanceBasedShareIncentivePlanFixedPortionRemunerationEtcByCategoryOfDirectorsAndOtherOfficers		CurrentYearDuration_jpcrp030000-asr_E00883-000CorporateAuditorsMember	JPY	－
jpcrp030000-asr_E00883-000:LongTermIncentiveCompensationPerformanceBasedShareIncentivePlanFixedPortionRemunerationEtcByCategoryOfDirectorsAndOtherOfficers		CurrentYearDuration_OutsideCorporateAuditorsMember	JPY	－
jpcrp_cor:NumberOfDirectorsAndOtherOfficersRemunerationEtcByCategoryOfDirectorsAndOtherOfficers	対象となる役員の員数、役員区分ごとの報酬等	CurrentYearDuration_OutsideDirectorsAndOtherOfficersMember	pure	9
jpcrp_cor:TotalAmountOfRemunerationEtcRemunerationEtcByCategoryOfDirectorsAndOtherOfficers	報酬等の総額、役員区分ごとの報酬等	CurrentYearDuration_OutsideDirectorsAndOtherOfficersMember	JPY	145000000
jpcrp_cor:BaseRemunerationRemunerationEtcByCategoryOfDirectorsAndOtherOfficers	基本報酬、役員区分ごとの報酬等	CurrentYearDuration_OutsideDirectorsAndOtherOfficersMember	JPY	145000000
jpcrp030000-asr_E00883-000:ShortTermIncentiveCompensationPerformanceBasedBonusRemunerationEtcByCategoryOfDirectorsAndOtherOfficers		CurrentYearDuration_OutsideDirectorsAndOtherOfficersMember	JPY	－
jpcrp030000-asr_E00883-000:LongTermIncentiveCompensationPerformanceBasedShareIncentivePlanVariablePortionRemunerationEtcByCategoryOfDirectorsAndOtherOfficers		CurrentYearDuration_OutsideDirectorsAndOtherOfficersMember	JPY	－
jpcrp030000-asr_E00883-000:LongTermIncentiveCompensationPerformanceBasedShareIncentivePlanFixedPortionRemunerationEtcByCategoryOfDirectorsAndOtherOfficers		CurrentYearDuration_OutsideDirectorsAndOtherOfficersMember	JPY	－
jpcrp_cor:TotalAmountOfRemunerationEtcPaidByGroupRemunerationEtcPaidByGroupToEachDirectorOrOtherOfficer	連結報酬等の総額、役員ごとの連結報酬等	CurrentYearDuration_jpcrp030000-asr_E00883-000HasebeYoshihiroMember	JPY	281000000
jpcrp_cor:TotalAmountOfRemunerationEtcPaidByGroupRemunerationEtcPaidByGroupToEachDirectorOrOtherOfficer	連結報酬等の総額、役員ごとの連結報酬等	CurrentYearDuration_jpcrp030000-asr_E00883-000NegoroMasakazuMember	JPY	119000000
jpcrp_cor:TotalAmountOfRemunerationEtcPaidByGroupRemunerationEtcPaidByGroupToEachDirectorOrOtherOfficer	連結報酬等の総額、役員ごとの連結報酬等	CurrentYearDuration_jpcrp030000-asr_E00883-000NishiguchiToruMember	JPY	119000000
jpcrp_cor:TotalAmountOfRemunerationEtcPaidByGroupRemunerationEtcPaidByGroupToEachDirectorOrOtherOfficer	連結報酬等の総額、役員ごとの連結報酬等	CurrentYearDuration_jpcrp030000-asr_E00883-000DavidJMuenzMember	JPY	130000000
jpcrp_cor:NumberOfIssuesSharesNotListedInvestmentSharesHeldForPurposesOtherThanPureInvestmentReportingCompany	銘柄数、非上場株式、保有目的が純投資目的以外の目的である投資株式、提出会社	CurrentYearInstant	pure	27
jpcrp_cor:CarryingAmountSharesNotListedInvestmentSharesHeldForPurposesOtherThanPureInvestmentReportingCompany	貸借対照表計上額、非上場株式、保有目的が純投資目的以外の目的である投資株式、提出会社	CurrentYearInstant	JPY	4065000000
jpcrp_cor:NumberOfIssuesSharesOtherThanThoseNotListedInvestmentSharesHeldForPurposesOtherThanPureInvestmentReportingCompany	銘柄数、非上場株式以外の株式、保有目的が純投資目的以外の目的である投資株式、提出会社	CurrentYearInstant	pure	13
jpcrp_cor:CarryingAmountSharesOtherThanThoseNotListedInvestmentSharesHeldForPurposesOtherThanPureInvestmentReportingCompany	貸借対照表計上額、非上場株式以外の株式、保有目的が純投資目的以外の目的である投資株式、提出会社	CurrentYearInstant	JPY	4048000000
jpcrp_cor:NumberOfIssuesWhoseNumberOfSharesIncreasedSharesNotListedInvestmentSharesHeldForPurposesOtherThanPureInvestmentReportingCompany	株式数が増加した銘柄数、非上場株式、保有目的が純投資目的以外の目的である投資株式、提出会社	CurrentYearDuration	pure	－
jpcrp_cor:TotalAcquisitionCostForIncreasedSharesSharesNotListedInvestmentSharesHeldForPurposesOtherThanPureInvestmentReportingCompany	株式数の増加に係る取得価額の合計額、非上場株式、保有目的が純投資目的以外の目的である投資株式、提出会社	CurrentYearDuration	JPY	－
jpcrp_cor:NumberOfIssuesWhoseNumberOfSharesIncreasedSharesOtherThanThoseNotListedInvestmentSharesHeldForPurposesOtherThanPureInvestmentReportingCompany	株式数が増加した銘柄数、非上場株式以外の株式、保有目的が純投資目的以外の目的である投資株式、提出会社	CurrentYearDuration	pure	2
jpcrp_cor:TotalAcquisitionCostForIncreasedSharesSharesOtherThanThoseNotListedInvestmentSharesHeldForPurposesOtherThanPureInvestmentReportingCompany	株式数の増加に係る取得価額の合計額、非上場株式以外の株式、保有目的が純投資目的以外の目的である投資株式、提出会社	CurrentYearDuration	JPY	3000000
jpcrp_cor:NumberOfIssuesWhoseNumberOfSharesDecreasedSharesNotListedInvestmentSharesHeldForPurposesOtherThanPureInvestmentReportingCompany	株式数が減少した銘柄数、非上場株式、保有目的が純投資目的以外の目的である投資株式、提出会社	CurrentYearDuration	pure	1
jpcrp_cor:TotalSaleAmountForDecreasedSharesSharesNotListedInvestmentSharesHeldForPurposesOtherThanPureInvestmentReportingCompany	株式数の減少に係る売却価額の合計額、非上場株式、保有目的が純投資目的以外の目的である投資株式、提出会社	CurrentYearDuration	JPY	－
jpcrp_cor:NumberOfIssuesWhoseNumberOfSharesDecreasedSharesOtherThanThoseNotListedInvestmentSharesHeldForPurposesOtherThanPureInvestmentReportingCompany	株式数が減少した銘柄数、非上場株式以外の株式、保有目的が純投資目的以外の目的である投資株式、提出会社	CurrentYearDuration	pure	3
jpcrp_cor:TotalSaleAmountForDecreasedSharesSharesOtherThanThoseNotListedInvestmentSharesHeldForPurposesOtherThanPureInvestmentReportingCompany	株式数の減少に係る売却価額の合計額、非上場株式以外の株式、保有目的が純投資目的以外の目的である投資株式、提出会社	CurrentYearDuration	JPY	438000000
jpcrp_cor:NumberOfSharesHeldDetailsOfSpecifiedInvestmentEquitySecuritiesHeldForPurposesOtherThanPureInvestmentReportingCompany	株式数、保有目的が純投資目的以外の目的である特定投資株式の明細、提出会社	CurrentYearInstant_Row1Member	shares	849326
jpcrp_cor:NumberOfSharesHeldDetailsOfSpecifiedInvestmentEquitySecuritiesHeldForPurposesOtherThanPureInvestmentReportingCompany	株式数、保有目的が純投資目的以外の目的である特定投資株式の明細、提出会社	Prior1YearInstant_Row1Member	shares	282541
jpcrp_cor:BookValueDetailsOfSpecifiedInvestmentEquitySecuritiesHeldForPurposesOtherThanPureInvestmentReportingCompany	貸借対照表計上額、保有目的が純投資目的以外の目的である特定投資株式の明細、提出会社	CurrentYearInstant_Row1Member	JPY	2104000000
jpcrp_cor:BookValueDetailsOfSpecifiedInvestmentEquitySecuritiesHeldForPurposesOtherThanPureInvestmentReportingCompany	貸借対照表計上額、保有目的が純投資目的以外の目的である特定投資株式の明細、提出会社	Prior1YearInstant_Row1Member	JPY	1044000000
jpcrp_cor:NumberOfSharesHeldDetailsOfSpecifiedInvestmentEquitySecuritiesHeldForPurposesOtherThanPureInvestmentReportingCompany	株式数、保有目的が純投資目的以外の目的である特定投資株式の明細、提出会社	CurrentYearInstant_Row2Member	shares	212410
jpcrp_cor:NumberOfSharesHeldDetailsOfSpecifiedInvestmentEquitySecuritiesHeldForPurposesOtherThanPureInvestmentReportingCompany	株式数、保有目的が純投資目的以外の目的である特定投資株式の明細、提出会社	Prior1YearInstant_Row2Member	shares	265460
jpcrp_cor:BookValueDetailsOfSpecifiedInvestmentEquitySecuritiesHeldForPurposesOtherThanPureInvestmentReportingCompany	貸借対照表計上額、保有目的が純投資目的以外の目的である特定投資株式の明細、提出会社	CurrentYearInstant_Row2Member	JPY	1236000000
jpcrp_cor:BookValueDetailsOfSpecifiedInvestmentEquitySecuritiesHeldForPurposesOtherThanPureInvestmentReportingCompany	貸借対照表計上額、保有目的が純投資目的以外の目的である特定投資株式の明細、提出会社	Prior1YearInstant_Row2Member	JPY	1521000000
jpcrp_cor:NumberOfSharesHeldDetailsOfSpecifiedInvestmentEquitySecuritiesHeldForPurposesOtherThanPureInvestmentReportingCompany	株式数、保有目的が純投資目的以外の目的である特定投資株式の明細、提出会社	CurrentYearInstant_Row3Member	shares	130000
jpcrp_cor:NumberOfSharesHeldDetailsOfSpecifiedInvestmentEquitySecuritiesHeldForPurposesOtherThanPureInvestmentReportingCompany	株式数、保有目的が純投資目的以外の目的である特定投資株式の明細、提出会社	Prior1YearInstant_Row3Member	shares	130000
jpcrp_cor:BookValueDetailsOfSpecifiedInvestmentEquitySecuritiesHeldForPurposesOtherThanPureInvestmentReportingCompany	貸借対照表計上額、保有目的が純投資目的以外の目的である特定投資株式の明細、提出会社	CurrentYearInstant_Row3Member	JPY	233000000
jpcrp_cor:BookValueDetailsOfSpecifiedInvestmentEquitySecuritiesHeldForPurposesOtherThanPureInvestmentReportingCompany	貸借対照表計上額、保有目的が純投資目的以外の目的である特定投資株式の明細、提出会社	Prior1YearInstant_Row3Member	JPY	195000000
jpcrp_cor:NumberOfSharesHeldDetailsOfSpecifiedInvestmentEquitySecuritiesHeldForPurposesOtherThanPureInvestmentReportingCompany	株式数、保有目的が純投資目的以外の目的である特定投資株式の明細、提出会社	CurrentYearInstant_Row4Member	shares	35112
jpcrp_cor:NumberOfSharesHeldDetailsOfSpecifiedInvestmentEquitySecuritiesHeldForPurposesOtherThanPureInvestmentReportingCompany	株式数、保有目的が純投資目的以外の目的である特定投資株式の明細、提出会社	Prior1YearInstant_Row4Member	shares	35112
jpcrp_cor:BookValueDetailsOfSpecifiedInvestmentEquitySecuritiesHeldForPurposesOtherThanPureInvestmentReportingCompany	貸借対照表計上額、保有目的が純投資目的以外の目的である特定投資株式の明細、提出会社	CurrentYearInstant_Row4Member	JPY	156000000
jpcrp_cor:BookValueDetailsOfSpecifiedInvestmentEquitySecuritiesHeldForPurposesOtherThanPureInvestmentReportingCompany	貸借対照表計上額、保有目的が純投資目的以外の目的である特定投資株式の明細、提出会社	Prior1YearInstant_Row4Member	JPY	151000000
jpcrp_cor:NumberOfSharesHeldDetailsOfSpecifiedInvestmentEquitySecuritiesHeldForPurposesOtherThanPureInvestmentReportingCompany	株式数、保有目的が純投資目的以外の目的である特定投資株式の明細、提出会社	CurrentYearInstant_Row5Member	shares	52807
jpcrp_cor:NumberOfSharesHeldDetailsOfSpecifiedInvestmentEquitySecuritiesHeldForPurposesOtherThanPureInvestmentReportingCompany	株式数、保有目的が純投資目的以外の目的である特定投資株式の明細、提出会社	Prior1YearInstant_Row5Member	shares	52807
jpcrp_cor:BookValueDetailsOfSpecifiedInvestmentEquitySecuritiesHeldForPurposesOtherThanPureInvestmentReportingCompany	貸借対照表計上額、保有目的が純投資目的以外の目的である特定投資株式の明細、提出会社	CurrentYearInstant_Row5Member	JPY	129000000
jpcrp_cor:BookValueDetailsOfSpecifiedInvestmentEquitySecuritiesHeldForPurposesOtherThanPureInvestmentReportingCompany	貸借対照表計上額、保有目的が純投資目的以外の目的である特定投資株式の明細、提出会社	Prior1YearInstant_Row5Member	JPY	142000000
jpcrp_cor:NumberOfSharesHeldDetailsOfSpecifiedInvestmentEquitySecuritiesHeldForPurposesOtherThanPureInvestmentReportingCompany	株式数、保有目的が純投資目的以外の目的である特定投資株式の明細、提出会社	CurrentYearInstant_Row6Member	shares	28458
jpcrp_cor:NumberOfSharesHeldDetailsOfSpecifiedInvestmentEquitySecuritiesHeldForPurposesOtherThanPureInvestmentReportingCompany	株式数、保有目的が純投資目的以外の目的である特定投資株式の明細、提出会社	Prior1YearInstant_Row6Member	shares	73458
jpcrp_cor:BookValueDetailsOfSpecifiedInvestmentEquitySecuritiesHeldForPurposesOtherThanPureInvestmentReportingCompany	貸借対照表計上額、保有目的が純投資目的以外の目的である特定投資株式の明細、提出会社	CurrentYearInstant_Row6Member	JPY	55000000
jpcrp_cor:BookValueDetailsOfSpecifiedInvestmentEquitySecuritiesHeldForPurposesOtherThanPureInvestmentReportingCompany	貸借対照表計上額、保有目的が純投資目的以外の目的である特定投資株式の明細、提出会社	Prior1YearInstant_Row6Member	JPY	74000000
jpcrp_cor:NumberOfSharesHeldDetailsOfSpecifiedInvestmentEquitySecuritiesHeldForPurposesOtherThanPureInvestmentReportingCompany	株式数、保有目的が純投資目的以外の目的である特定投資株式の明細、提出会社	CurrentYearInstant_Row7Member	shares	50223
jpcrp_cor:NumberOfSharesHeldDetailsOfSpecifiedInvestmentEquitySecuritiesHeldForPurposesOtherThanPureInvestmentReportingCompany	株式数、保有目的が純投資目的以外の目的である特定投資株式の明細、提出会社	Prior1YearInstant_Row7Member	shares	50223
jpcrp_cor:BookValueDetailsOfSpecifiedInvestmentEquitySecuritiesHeldForPurposesOtherThanPureInvestmentReportingCompany	貸借対照表計上額、保有目的が純投資目的以外の目的である特定投資株式の明細、提出会社	CurrentYearInstant_Row7Member	JPY	52000000
jpcrp_cor:BookValueDetailsOfSpecifiedInvestmentEquitySecuritiesHeldForPurposesOtherThanPureInvestmentReportingCompany	貸借対照表計上額、保有目的が純投資目的以外の目的である特定投資株式の明細、提出会社	Prior1YearInstant_Row7Member	JPY	32000000
jpcrp_cor:NumberOfSharesHeldDetailsOfSpecifiedInvestmentEquitySecuritiesHeldForPurposesOtherThanPureInvestmentReportingCompany	株式数、保有目的が純投資目的以外の目的である特定投資株式の明細、提出会社	CurrentYearInstant_Row8Member	shares	24000
jpcrp_cor:NumberOfSharesHeldDetailsOfSpecifiedInvestmentEquitySecuritiesHeldForPurposesOtherThanPureInvestmentReportingCompany	株式数、保有目的が純投資目的以外の目的である特定投資株式の明細、提出会社	Prior1YearInstant_Row8Member	shares	24000
jpcrp_cor:BookValueDetailsOfSpecifiedInvestmentEquitySecuritiesHeldForPurposesOtherThanPureInvestmentReportingCompany	貸借対照表計上額、保有目的が純投資目的以外の目的である特定投資株式の明細、提出会社	CurrentYearInstant_Row8Member	JPY	31000000
jpcrp_cor:BookValueDetailsOfSpecifiedInvestmentEquitySecuritiesHeldForPurposesOtherThanPureInvestmentReportingCompany	貸借対照表計上額、保有目的が純投資目的以外の目的である特定投資株式の明細、提出会社	Prior1YearInstant_Row8Member	JPY	30000000
jpcrp_cor:NumberOfSharesHeldDetailsOfSpecifiedInvestmentEquitySecuritiesHeldForPurposesOtherThanPureInvestmentReportingCompany	株式数、保有目的が純投資目的以外の目的である特定投資株式の明細、提出会社	CurrentYearInstant_Row9Member	shares	40000
jpcrp_cor:NumberOfSharesHeldDetailsOfSpecifiedInvestmentEquitySecuritiesHeldForPurposesOtherThanPureInvestmentReportingCompany	株式数、保有目的が純投資目的以外の目的である特定投資株式の明細、提出会社	Prior1YearInstant_Row9Member	shares	－
jpcrp_cor:BookValueDetailsOfSpecifiedInvestmentEquitySecuritiesHeldForPurposesOtherThanPureInvestmentReportingCompany	貸借対照表計上額、保有目的が純投資目的以外の目的である特定投資株式の明細、提出会社	CurrentYearInstant_Row9Member	JPY	16000000
jpcrp_cor:BookValueDetailsOfSpecifiedInvestmentEquitySecuritiesHeldForPurposesOtherThanPureInvestmentReportingCompany	貸借対照表計上額、保有目的が純投資目的以外の目的である特定投資株式の明細、提出会社	Prior1YearInstant_Row9Member	JPY	－
jpcrp_cor:NumberOfSharesHeldDetailsOfSpecifiedInvestmentEquitySecuritiesHeldForPurposesOtherThanPureInvestmentReportingCompany	株式数、保有目的が純投資目的以外の目的である特定投資株式の明細、提出会社	CurrentYearInstant_Row10Member	shares	11000
jpcrp_cor:NumberOfSharesHeldDetailsOfSpecifiedInvestmentEquitySecuritiesHeldForPurposesOtherThanPureInvestmentReportingCompany	株式数、保有目的が純投資目的以外の目的である特定投資株式の明細、提出会社	Prior1YearInstant_Row10Member	shares	11000
jpcrp_cor:BookValueDetailsOfSpecifiedInvestmentEquitySecuritiesHeldForPurposesOtherThanPureInvestmentReportingCompany	貸借対照表計上額、保有目的が純投資目的以外の目的である特定投資株式の明細、提出会社	CurrentYearInstant_Row10Member	JPY	16000000
jpcrp_cor:BookValueDetailsOfSpecifiedInvestmentEquitySecuritiesHeldForPurposesOtherThanPureInvestmentReportingCompany	貸借対照表計上額、保有目的が純投資目的以外の目的である特定投資株式の明細、提出会社	Prior1YearInstant_Row10Member	JPY	9000000
jpcrp_cor:NumberOfSharesHeldDetailsOfSpecifiedInvestmentEquitySecuritiesHeldForPurposesOtherThanPureInvestmentReportingCompany	株式数、保有目的が純投資目的以外の目的である特定投資株式の明細、提出会社	CurrentYearInstant_Row11Member	shares	2400
jpcrp_cor:NumberOfSharesHeldDetailsOfSpecifiedInvestmentEquitySecuritiesHeldForPurposesOtherThanPureInvestmentReportingCompany	株式数、保有目的が純投資目的以外の目的である特定投資株式の明細、提出会社	Prior1YearInstant_Row11Member	shares	2400
jpcrp_cor:BookValueDetailsOfSpecifiedInvestmentEquitySecuritiesHeldForPurposesOtherThanPureInvestmentReportingCompany	貸借対照表計上額、保有目的が純投資目的以外の目的である特定投資株式の明細、提出会社	CurrentYearInstant_Row11Member	JPY	9000000
jpcrp_cor:BookValueDetailsOfSpecifiedInvestmentEquitySecuritiesHeldForPurposesOtherThanPureInvestmentReportingCompany	貸借対照表計上額、保有目的が純投資目的以外の目的である特定投資株式の明細、提出会社	Prior1YearInstant_Row11Member	JPY	7000000
jpcrp_cor:NumberOfSharesHeldDetailsOfSpecifiedInvestmentEquitySecuritiesHeldForPurposesOtherThanPureInvestmentReportingCompany	株式数、保有目的が純投資目的以外の目的である特定投資株式の明細、提出会社	CurrentYearInstant_Row12Member	shares	3000
jpcrp_cor:NumberOfSharesHeldDetailsOfSpecifiedInvestmentEquitySecuritiesHeldForPurposesOtherThanPureInvestmentReportingCompany	株式数、保有目的が純投資目的以外の目的である特定投資株式の明細、提出会社	Prior1YearInstant_Row12Member	shares	3000
jpcrp_cor:BookValueDetailsOfSpecifiedInvestmentEquitySecuritiesHeldForPurposesOtherThanPureInvestmentReportingCompany	貸借対照表計上額、保有目的が純投資目的以外の目的である特定投資株式の明細、提出会社	CurrentYearInstant_Row12Member	JPY	8000000
jpcrp_cor:BookValueDetailsOfSpecifiedInvestmentEquitySecuritiesHeldForPurposesOtherThanPureInvestmentReportingCompany	貸借対照表計上額、保有目的が純投資目的以外の目的である特定投資株式の明細、提出会社	Prior1YearInstant_Row12Member	JPY	8000000
jpcrp_cor:NumberOfSharesHeldDetailsOfSpecifiedInvestmentEquitySecuritiesHeldForPurposesOtherThanPureInvestmentReportingCompany	株式数、保有目的が純投資目的以外の目的である特定投資株式の明細、提出会社	CurrentYearInstant_Row13Member	shares	14000
jpcrp_cor:NumberOfSharesHeldDetailsOfSpecifiedInvestmentEquitySecuritiesHeldForPurposesOtherThanPureInvestmentReportingCompany	株式数、保有目的が純投資目的以外の目的である特定投資株式の明細、提出会社	Prior1YearInstant_Row13Member	shares	14000
jpcrp_cor:BookValueDetailsOfSpecifiedInvestmentEquitySecuritiesHeldForPurposesOtherThanPureInvestmentReportingCompany	貸借対照表計上額、保有目的が純投資目的以外の目的である特定投資株式の明細、提出会社	CurrentYearInstant_Row13Member	JPY	5000000
jpcrp_cor:BookValueDetailsOfSpecifiedInvestmentEquitySecuritiesHeldForPurposesOtherThanPureInvestmentReportingCompany	貸借対照表計上額、保有目的が純投資目的以外の目的である特定投資株式の明細、提出会社	Prior1YearInstant_Row13Member	JPY	5000000
jpcrp_cor:NumberOfSharesHeldDetailsOfSpecifiedInvestmentEquitySecuritiesHeldForPurposesOtherThanPureInvestmentReportingCompany	株式数、保有目的が純投資目的以外の目的である特定投資株式の明細、提出会社	CurrentYearInstant_Row14Member	shares	－
jpcrp_cor:NumberOfSharesHeldDetailsOfSpecifiedInvestmentEquitySecuritiesHeldForPurposesOtherThanPureInvestmentReportingCompany	株式数、保有目的が純投資目的以外の目的である特定投資株式の明細、提出会社	Prior1YearInstant_Row14Member	shares	14477
jpcrp_cor:BookValueDetailsOfSpecifiedInvestmentEquitySecuritiesHeldForPurposesOtherThanPureInvestmentReportingCompany	貸借対照表計上額、保有目的が純投資目的以外の目的である特定投資株式の明細、提出会社	CurrentYearInstant_Row14Member	JPY	－
jpcrp_cor:BookValueDetailsOfSpecifiedInvestmentEquitySecuritiesHeldForPurposesOtherThanPureInvestmentReportingCompany	貸借対照表計上額、保有目的が純投資目的以外の目的である特定投資株式の明細、提出会社	Prior1YearInstant_Row14Member	JPY	56000000
jpigp_cor:CashAndCashEquivalentsIFRS	現金及び現金同等物（IFRS）	Prior1YearInstant	JPY	357713000000
jpigp_cor:CashAndCashEquivalentsIFRS	現金及び現金同等物（IFRS）	CurrentYearInstant	JPY	323282000000
jpigp_cor:TradeAndOtherReceivablesCAIFRS	営業債権及びその他の債権、流動資産（IFRS）	Prior1YearInstant	JPY	238077000000
jpigp_cor:TradeAndOtherReceivablesCAIFRS	営業債権及びその他の債権、流動資産（IFRS）	CurrentYearInstant	JPY	245286000000
jpigp_cor:InventoriesCAIFRS	棚卸資産、流動資産（IFRS）	Prior1YearInstant	JPY	274628000000
jpigp_cor:InventoriesCAIFRS	棚卸資産、流動資産（IFRS）	CurrentYearInstant	JPY	292366000000
jpigp_cor:OtherFinancialAssetsCAIFRS	その他の金融資産、流動資産（IFRS）	Prior1YearInstant	JPY	10525000000
jpigp_cor:OtherFinancialAssetsCAIFRS	その他の金融資産、流動資産（IFRS）	CurrentYearInstant	JPY	10925000000
jpigp_cor:IncomeTaxesReceivableCAIFRS	未収法人所得税、流動資産（IFRS）	Prior1YearInstant	JPY	5467000000
jpigp_cor:IncomeTaxesReceivableCAIFRS	未収法人所得税、流動資産（IFRS）	CurrentYearInstant	JPY	5469000000
jpigp_cor:OtherCurrentAssetsCAIFRS	その他の流動資産（IFRS）	Prior1YearInstant	JPY	26053000000
jpigp_cor:OtherCurrentAssetsCAIFRS	その他の流動資産（IFRS）	CurrentYearInstant	JPY	26906000000
jpigp_cor:CurrentAssetsOtherThanAssetsHeldForSaleCAIFRS	売却目的で保有する資産を除く流動資産（IFRS）	Prior1YearInstant	JPY	912463000000
jpigp_cor:CurrentAssetsOtherThanAssetsHeldForSaleCAIFRS	売却目的で保有する資産を除く流動資産（IFRS）	CurrentYearInstant	JPY	904234000000
jpigp_cor:AssetsHeldForSaleIFRS	売却目的で保有する資産（IFRS）	Prior1YearInstant	JPY	1562000000
jpigp_cor:AssetsHeldForSaleIFRS	売却目的で保有する資産（IFRS）	CurrentYearInstant	JPY	1658000000
jpigp_cor:CurrentAssetsIFRS	流動資産（IFRS）	Prior1YearInstant	JPY	914025000000
jpigp_cor:CurrentAssetsIFRS	流動資産（IFRS）	CurrentYearInstant	JPY	905892000000
jpigp_cor:PropertyPlantAndEquipmentIFRS	有形固定資産（IFRS）	Prior1YearInstant	JPY	423251000000
jpigp_cor:PropertyPlantAndEquipmentIFRS	有形固定資産（IFRS）	CurrentYearInstant	JPY	443080000000
jpigp_cor:RightOfUseAssetsIFRS	使用権資産（IFRS）	Prior1YearInstant	JPY	116637000000
jpigp_cor:RightOfUseAssetsIFRS	使用権資産（IFRS）	CurrentYearInstant	JPY	113218000000
jpigp_cor:GoodwillIFRS	のれん（IFRS）	Prior1YearInstant	JPY	228413000000
jpigp_cor:GoodwillIFRS	のれん（IFRS）	CurrentYearInstant	JPY	231071000000
jpigp_cor:IntangibleAssetsIFRS	無形資産（IFRS）	Prior1YearInstant	JPY	81947000000
jpigp_cor:IntangibleAssetsIFRS	無形資産（IFRS）	CurrentYearInstant	JPY	79471000000
jpigp_cor:InvestmentsAccountedForUsingEquityMethodIFRS	持分法で会計処理されている投資（IFRS）	Prior1YearInstant	JPY	14526000000
jpigp_cor:InvestmentsAccountedForUsingEquityMethodIFRS	持分法で会計処理されている投資（IFRS）	CurrentYearInstant	JPY	15616000000
jpigp_cor:OtherFinancialAssetsNCAIFRS	その他の金融資産、非流動資産（IFRS）	Prior1YearInstant	JPY	28132000000
jpigp_cor:OtherFinancialAssetsNCAIFRS	その他の金融資産、非流動資産（IFRS）	CurrentYearInstant	JPY	29639000000
jpigp_cor:DeferredTaxAssetsIFRS	繰延税金資産（IFRS）	Prior1YearInstant	JPY	49044000000
jpigp_cor:DeferredTaxAssetsIFRS	繰延税金資産（IFRS）	CurrentYearInstant	JPY	43303000000
jpigp_cor:OtherNonCurrentAssetsNCAIFRS	その他の非流動資産（IFRS）	Prior1YearInstant	JPY	11262000000
jpigp_cor:OtherNonCurrentAssetsNCAIFRS	その他の非流動資産（IFRS）	CurrentYearInstant	JPY	13764000000
jpigp_cor:NonCurrentAssetsIFRS	非流動資産（IFRS）	Prior1YearInstant	JPY	953212000000
jpigp_cor:NonCurrentAssetsIFRS	非流動資産（IFRS）	CurrentYearInstant	JPY	969162000000
jpigp_cor:AssetsIFRS	資産（IFRS）	Prior1YearInstant	JPY	1867237000000
jpigp_cor:AssetsIFRS	資産（IFRS）	CurrentYearInstant	JPY	1875054000000
jpigp_cor:TradeAndOtherPayablesCLIFRS	営業債務及びその他の債務、流動負債（IFRS）	Prior1YearInstant	JPY	258035000000
jpigp_cor:TradeAndOtherPayablesCLIFRS	営業債務及びその他の債務、流動負債（IFRS）	CurrentYearInstant	JPY	270149000000
jpigp_cor:BondsAndBorrowingsCLIFRS	社債及び借入金、流動負債（IFRS）	Prior1YearInstant	JPY	35749000000
jpigp_cor:BondsAndBorrowingsCLIFRS	社債及び借入金、流動負債（IFRS）	CurrentYearInstant	JPY	26059000000
jpigp_cor:LeaseLiabilitiesCLIFRS	リース負債、流動負債（IFRS）	Prior1YearInstant	JPY	20146000000
jpigp_cor:LeaseLiabilitiesCLIFRS	リース負債、流動負債（IFRS）	CurrentYearInstant	JPY	20878000000
jpigp_cor:OtherFinancialLiabilitiesCLIFRS	その他の金融負債、流動負債（IFRS）	Prior1YearInstant	JPY	7280000000
jpigp_cor:OtherFinancialLiabilitiesCLIFRS	その他の金融負債、流動負債（IFRS）	CurrentYearInstant	JPY	7623000000
jpigp_cor:IncomeTaxesPayableCLIFRS	未払法人所得税、流動負債（IFRS）	Prior1YearInstant	JPY	20984000000
jpigp_cor:IncomeTaxesPayableCLIFRS	未払法人所得税、流動負債（IFRS）	CurrentYearInstant	JPY	31824000000
jpigp_cor:ProvisionsCLIFRS	引当金、流動負債（IFRS）	Prior1YearInstant	JPY	2773000000
jpigp_cor:ProvisionsCLIFRS	引当金、流動負債（IFRS）	CurrentYearInstant	JPY	1362000000
jpigp_cor:ContractLiabilitiesCLIFRS	契約負債、流動負債（IFRS）	Prior1YearInstant	JPY	43878000000
jpigp_cor:ContractLiabilitiesCLIFRS	契約負債、流動負債（IFRS）	CurrentYearInstant	JPY	43342000000
jpigp_cor:OtherCurrentLiabilitiesCLIFRS	その他の流動負債（IFRS）	Prior1YearInstant	JPY	120755000000
jpigp_cor:OtherCurrentLiabilitiesCLIFRS	その他の流動負債（IFRS）	CurrentYearInstant	JPY	116958000000
jpigp_cor:TotalCurrentLiabilitiesIFRS	流動負債（IFRS）	Prior1YearInstant	JPY	509600000000
jpigp_cor:TotalCurrentLiabilitiesIFRS	流動負債（IFRS）	CurrentYearInstant	JPY	518195000000
jpigp_cor:BondsAndBorrowingsNCLIFRS	社債及び借入金、非流動負債（IFRS）	Prior1YearInstant	JPY	95310000000
jpigp_cor:BondsAndBorrowingsNCLIFRS	社債及び借入金、非流動負債（IFRS）	CurrentYearInstant	JPY	105599000000
jpigp_cor:LeaseLiabilitiesNCLIFRS	リース負債、非流動負債（IFRS）	Prior1YearInstant	JPY	94123000000
jpigp_cor:LeaseLiabilitiesNCLIFRS	リース負債、非流動負債（IFRS）	CurrentYearInstant	JPY	90606000000
jpigp_cor:OtherFinancialLiabilitiesNCLIFRS	その他の金融負債、非流動負債（IFRS）	Prior1YearInstant	JPY	6370000000
jpigp_cor:OtherFinancialLiabilitiesNCLIFRS	その他の金融負債、非流動負債（IFRS）	CurrentYearInstant	JPY	6543000000
jpigp_cor:RetirementBenefitLiabilityNCLIFRS	退職給付に係る負債、非流動負債（IFRS）	Prior1YearInstant	JPY	39460000000
jpigp_cor:RetirementBenefitLiabilityNCLIFRS	退職給付に係る負債、非流動負債（IFRS）	CurrentYearInstant	JPY	36686000000
jpigp_cor:ProvisionsNCLIFRS	引当金、非流動負債（IFRS）	Prior1YearInstant	JPY	8223000000
jpigp_cor:ProvisionsNCLIFRS	引当金、非流動負債（IFRS）	CurrentYearInstant	JPY	6934000000
jpigp_cor:DeferredTaxLiabilitiesIFRS	繰延税金負債（IFRS）	Prior1YearInstant	JPY	9754000000
jpigp_cor:DeferredTaxLiabilitiesIFRS	繰延税金負債（IFRS）	CurrentYearInstant	JPY	10829000000
jpigp_cor:OtherNonCurrentLiabilitiesNCLIFRS	その他の非流動負債（IFRS）	Prior1YearInstant	JPY	5562000000
jpigp_cor:OtherNonCurrentLiabilitiesNCLIFRS	その他の非流動負債（IFRS）	CurrentYearInstant	JPY	4962000000
jpigp_cor:NonCurrentLabilitiesIFRS	非流動負債（IFRS）	Prior1YearInstant	JPY	258802000000
jpigp_cor:NonCurrentLabilitiesIFRS	非流動負債（IFRS）	CurrentYearInstant	JPY	262159000000
jpigp_cor:LiabilitiesIFRS	負債（IFRS）	Prior1YearInstant	JPY	768402000000
jpigp_cor:LiabilitiesIFRS	負債（IFRS）	CurrentYearInstant	JPY	780354000000
jpigp_cor:ShareCapitalIFRS	資本金（IFRS）	Prior1YearInstant	JPY	85424000000
jpigp_cor:ShareCapitalIFRS	資本金（IFRS）	CurrentYearInstant	JPY	85424000000
jpigp_cor:CapitalSurplusIFRS	資本剰余金（IFRS）	Prior1YearInstant	JPY	106256000000
jpigp_cor:CapitalSurplusIFRS	資本剰余金（IFRS）	CurrentYearInstant	JPY	106398000000
jpigp_cor:TreasurySharesIFRS	自己株式（IFRS）	Prior1YearInstant	JPY	-5924000000
jpigp_cor:TreasurySharesIFRS	自己株式（IFRS）	CurrentYearInstant	JPY	-5125000000
jpigp_cor:OtherComponentsOfEquityIFRS	その他の資本の構成要素（IFRS）	Prior1YearInstant	JPY	132239000000
jpigp_cor:OtherComponentsOfEquityIFRS	その他の資本の構成要素（IFRS）	CurrentYearInstant	JPY	160759000000
jpigp_cor:RetainedEarningsIFRS	利益剰余金（IFRS）	Prior1YearInstant	JPY	748781000000
jpigp_cor:RetainedEarningsIFRS	利益剰余金（IFRS）	CurrentYearInstant	JPY	716621000000
jpigp_cor:EquityAttributableToOwnersOfParentIFRS	親会社の所有者に帰属する持分（IFRS）	Prior1YearInstant	JPY	1066776000000
jpigp_cor:EquityAttributableToOwnersOfParentIFRS	親会社の所有者に帰属する持分（IFRS）	CurrentYearInstant	JPY	1064077000000
jpigp_cor:NonControllingInterestsIFRS	非支配持分（IFRS）	Prior1YearInstant	JPY	32059000000
jpigp_cor:NonControllingInterestsIFRS	非支配持分（IFRS）	CurrentYearInstant	JPY	30623000000
jpigp_cor:EquityIFRS	資本（IFRS）	Prior1YearInstant	JPY	1098835000000
jpigp_cor:EquityIFRS	資本（IFRS）	CurrentYearInstant	JPY	1094700000000
jpigp_cor:LiabilitiesAndEquityIFRS	負債及び資本（IFRS）	Prior1YearInstant	JPY	1867237000000
jpigp_cor:LiabilitiesAndEquityIFRS	負債及び資本（IFRS）	CurrentYearInstant	JPY	1875054000000
jpigp_cor:NetSalesIFRS	売上高（IFRS）	Prior1YearDuration	JPY	1628448000000
jpigp_cor:NetSalesIFRS	売上高（IFRS）	CurrentYearDuration	JPY	1688633000000
jpigp_cor:CostOfSalesIFRS	売上原価（IFRS）	Prior1YearDuration	JPY	990044000000
jpigp_cor:CostOfSalesIFRS	売上原価（IFRS）	CurrentYearDuration	JPY	1020464000000
jpigp_cor:GrossProfitIFRS	売上総利益（IFRS）	Prior1YearDuration	JPY	638404000000
jpigp_cor:GrossProfitIFRS	売上総利益（IFRS）	CurrentYearDuration	JPY	668169000000
jpigp_cor:SellingGeneralAndAdministrativeExpensesIFRS	販売費及び一般管理費（IFRS）	Prior1YearDuration	JPY	498140000000
jpigp_cor:SellingGeneralAndAdministrativeExpensesIFRS	販売費及び一般管理費（IFRS）	CurrentYearDuration	JPY	505133000000
jpigp_cor:OtherOperatingIncomeIFRS	その他の営業収益（IFRS）	Prior1YearDuration	JPY	30354000000
jpigp_cor:OtherOperatingIncomeIFRS	その他の営業収益（IFRS）	CurrentYearDuration	JPY	18870000000
jpigp_cor:OtherOperatingExpensesIFRS	その他の営業費用（IFRS）	Prior1YearDuration	JPY	23974000000
jpigp_cor:OtherOperatingExpensesIFRS	その他の営業費用（IFRS）	CurrentYearDuration	JPY	17837000000
jpigp_cor:OperatingProfitLossIFRS	営業利益（△損失）（IFRS）	Prior1YearDuration	JPY	146644000000
jpigp_cor:OperatingProfitLossIFRS	営業利益（△損失）（IFRS）	CurrentYearDuration	JPY	164069000000
jpigp_cor:FinanceIncomeIFRS	金融収益（IFRS）	Prior1YearDuration	JPY	4988000000
jpigp_cor:FinanceIncomeIFRS	金融収益（IFRS）	CurrentYearDuration	JPY	6198000000
jpigp_cor:FinanceCostsIFRS	金融費用（IFRS）	Prior1YearDuration	JPY	4090000000
jpigp_cor:FinanceCostsIFRS	金融費用（IFRS）	CurrentYearDuration	JPY	3827000000
jpigp_cor:ShareOfProfitLossOfInvestmentsAccountedForUsingEquityMethodIFRS	持分法による投資損益（△は損失）（IFRS）	Prior1YearDuration	JPY	3482000000
jpigp_cor:ShareOfProfitLossOfInvestmentsAccountedForUsingEquityMethodIFRS	持分法による投資損益（△は損失）（IFRS）	CurrentYearDuration	JPY	3406000000
jpigp_cor:ProfitLossBeforeTaxIFRS	継続事業からの税引前利益（△損失）（IFRS）	Prior1YearDuration	JPY	151024000000
jpigp_cor:ProfitLossBeforeTaxIFRS	継続事業からの税引前利益（△損失）（IFRS）	CurrentYearDuration	JPY	169846000000
jpigp_cor:IncomeTaxExpenseIFRS	法人所得税費用（IFRS）	Prior1YearDuration	JPY	40650000000
jpigp_cor:IncomeTaxExpenseIFRS	法人所得税費用（IFRS）	CurrentYearDuration	JPY	49260000000
jpigp_cor:ProfitLossIFRS	当期利益（△損失）（IFRS）	Prior1YearDuration	JPY	110374000000
jpigp_cor:ProfitLossIFRS	当期利益（△損失）（IFRS）	CurrentYearDuration	JPY	120586000000
jpigp_cor:ProfitLossAttributableToOwnersOfParentIFRS	親会社の所有者、当期利益（△損失）（IFRS）	Prior1YearDuration	JPY	107767000000
jpigp_cor:ProfitLossAttributableToOwnersOfParentIFRS	親会社の所有者、当期利益（△損失）（IFRS）	CurrentYearDuration	JPY	120081000000
jpigp_cor:ProfitLossAttributableToNonControllingInterestsIFRS	非支配持分、当期利益（△損失）（IFRS）	Prior1YearDuration	JPY	2607000000
jpigp_cor:ProfitLossAttributableToNonControllingInterestsIFRS	非支配持分、当期利益（△損失）（IFRS）	CurrentYearDuration	JPY	505000000
jpigp_cor:ProfitLossIFRS	当期利益（△損失）（IFRS）	Prior1YearDuration	JPY	110374000000
jpigp_cor:ProfitLossIFRS	当期利益（△損失）（IFRS）	CurrentYearDuration	JPY	120586000000
jpigp_cor:BasicEarningsLossPerShareIFRS	基本的１株当たり当期利益（△損失）（IFRS）	Prior1YearDuration	JPYPerShares	231.94
jpigp_cor:BasicEarningsLossPerShareIFRS	基本的１株当たり当期利益（△損失）（IFRS）	CurrentYearDuration	JPYPerShares	260.30
jpigp_cor:DilutedEarningsLossPerShareIFRS	希薄化後１株当たり当期利益（△損失）（IFRS）	Prior1YearDuration	JPYPerShares	－
jpigp_cor:DilutedEarningsLossPerShareIFRS	希薄化後１株当たり当期利益（△損失）（IFRS）	CurrentYearDuration	JPYPerShares	－
jpigp_cor:ProfitLossIFRS	当期利益（△損失）（IFRS）	Prior1YearDuration	JPY	110374000000
jpigp_cor:ProfitLossIFRS	当期利益（△損失）（IFRS）	CurrentYearDuration	JPY	120586000000
jpigp_cor:NetChangeInFairValueOfEquityInstrumentsDesignatedAsMeasuredAtFairValueThroughOtherComprehensiveIncomeNetOfTaxItemsThatWillNotBeReclassifiedToProfitOrLossOCIIFRS	その他の包括利益を通じて公正価値で測定するものとして指定した資本性金融商品の公正価値の純変動額（税引後）、純損益に振り替えられることのないその他の包括利益（IFRS）	Prior1YearDuration	JPY	1334000000
jpigp_cor:NetChangeInFairValueOfEquityInstrumentsDesignatedAsMeasuredAtFairValueThroughOtherComprehensiveIncomeNetOfTaxItemsThatWillNotBeReclassifiedToProfitOrLossOCIIFRS	その他の包括利益を通じて公正価値で測定するものとして指定した資本性金融商品の公正価値の純変動額（税引後）、純損益に振り替えられることのないその他の包括利益（IFRS）	CurrentYearDuration	JPY	1287000000
jpcrp030000-asr_E00883-000:RemeasurementOfNetDefinedBenefitLiabilityAssetNetOfTaxItemsThatWillNotBeReclassifiedToProfitOrLossOCIIFRS		Prior1YearDuration	JPY	-936000000
jpcrp030000-asr_E00883-000:RemeasurementOfNetDefinedBenefitLiabilityAssetNetOfTaxItemsThatWillNotBeReclassifiedToProfitOrLossOCIIFRS		CurrentYearDuration	JPY	-917000000
jpigp_cor:ShareOfOtherComprehensiveIncomeOfInvestmentsAccountedForUsingEquityMethodNetOfTaxItemsThatWillNotBeReclassifiedToProfitOrLossOCIIFRS	持分法によるその他の包括利益（税引後）、純損益に振り替えられることのないその他の包括利益（IFRS）	Prior1YearDuration	JPY	430000000
jpigp_cor:ShareOfOtherComprehensiveIncomeOfInvestmentsAccountedForUsingEquityMethodNetOfTaxItemsThatWillNotBeReclassifiedToProfitOrLossOCIIFRS	持分法によるその他の包括利益（税引後）、純損益に振り替えられることのないその他の包括利益（IFRS）	CurrentYearDuration	JPY	1322000000
jpigp_cor:TotalOfItemsThatWillNotBeReclassifiedToProfitOrLossOCIIFRS	純損益に振り替えられることのない項目合計（IFRS）	Prior1YearDuration	JPY	828000000
jpigp_cor:TotalOfItemsThatWillNotBeReclassifiedToProfitOrLossOCIIFRS	純損益に振り替えられることのない項目合計（IFRS）	CurrentYearDuration	JPY	1692000000
jpigp_cor:ExchangeDifferencesOnTranslationOfForeignOperationsNetOfTaxItemsThatMayBeReclassifiedToProfitOrLossOCIIFRS	在外営業活動体の外貨換算差額（税引後）、純損益に振り替えられる可能性のあるその他の包括利益（IFRS）	Prior1YearDuration	JPY	48601000000
jpigp_cor:ExchangeDifferencesOnTranslationOfForeignOperationsNetOfTaxItemsThatMayBeReclassifiedToProfitOrLossOCIIFRS	在外営業活動体の外貨換算差額（税引後）、純損益に振り替えられる可能性のあるその他の包括利益（IFRS）	CurrentYearDuration	JPY	26522000000
jpigp_cor:ShareOfOtherComprehensiveIncomeOfInvestmentsAccountedForUsingEquityMethodNetOfTaxItemsThatMayBeReclassifiedToProfitOrLossOCIIFRS	持分法によるその他の包括利益（税引後）、純損益に振り替えられる可能性のあるその他の包括利益（IFRS）	Prior1YearDuration	JPY	574000000
jpigp_cor:ShareOfOtherComprehensiveIncomeOfInvestmentsAccountedForUsingEquityMethodNetOfTaxItemsThatMayBeReclassifiedToProfitOrLossOCIIFRS	持分法によるその他の包括利益（税引後）、純損益に振り替えられる可能性のあるその他の包括利益（IFRS）	CurrentYearDuration	JPY	-14000000
jpigp_cor:TotalOfItemsThatMayBeReclassifiedToProfitOrLossOCIIFRS	純損益に振り替えられる可能性のある項目合計（IFRS）	Prior1YearDuration	JPY	49175000000
jpigp_cor:TotalOfItemsThatMayBeReclassifiedToProfitOrLossOCIIFRS	純損益に振り替えられる可能性のある項目合計（IFRS）	CurrentYearDuration	JPY	26508000000
jpigp_cor:OtherComprehensiveIncomeIFRS	その他の包括利益（IFRS）	Prior1YearDuration	JPY	50003000000
jpigp_cor:OtherComprehensiveIncomeIFRS	その他の包括利益（IFRS）	CurrentYearDuration	JPY	28200000000
jpigp_cor:ComprehensiveIncomeIFRS	当期包括利益（IFRS）	Prior1YearDuration	JPY	160377000000
jpigp_cor:ComprehensiveIncomeIFRS	当期包括利益（IFRS）	CurrentYearDuration	JPY	148786000000
jpigp_cor:ComprehensiveIncomeAttributableToOwnersOfParentIFRS	親会社の所有者、当期包括利益（IFRS）	Prior1YearDuration	JPY	155475000000
jpigp_cor:ComprehensiveIncomeAttributableToOwnersOfParentIFRS	親会社の所有者、当期包括利益（IFRS）	CurrentYearDuration	JPY	147930000000
jpigp_cor:ComprehensiveIncomeAttributableToNonControllingInterestsIFRS	非支配持分、当期包括利益（IFRS）	Prior1YearDuration	JPY	4902000000
jpigp_cor:ComprehensiveIncomeAttributableToNonControllingInterestsIFRS	非支配持分、当期包括利益（IFRS）	CurrentYearDuration	JPY	856000000
jpigp_cor:ComprehensiveIncomeIFRS	当期包括利益（IFRS）	Prior1YearDuration	JPY	160377000000
jpigp_cor:ComprehensiveIncomeIFRS	当期包括利益（IFRS）	CurrentYearDuration	JPY	148786000000
jpigp_cor:EquityIFRS	資本（IFRS）	Prior2YearInstant_ShareCapitalIFRSMember	JPY	85424000000
jpigp_cor:EquityIFRS	資本（IFRS）	Prior2YearInstant_CapitalSurplusIFRSMember	JPY	105780000000
jpigp_cor:EquityIFRS	資本（IFRS）	Prior2YearInstant_TreasurySharesIFRSMember	JPY	-3267000000
jpigp_cor:EquityIFRS	資本（IFRS）	Prior2YearInstant_ExchangeDifferencesOnTranslationOfForeignOperationsIFRSMember	JPY	77448000000
jpigp_cor:EquityIFRS	資本（IFRS）	Prior2YearInstant_EffectivePortionOfCashFlowHedgesIFRSMember	JPY	10000000
jpigp_cor:EquityIFRS	資本（IFRS）	Prior2YearInstant_FinancialAssetsMeasuredAtFairValueThroughOtherComprehensiveIncomeIFRSMember	JPY	6461000000
jpigp_cor:ProfitLossIFRS	当期利益（△損失）（IFRS）	Prior1YearDuration_ShareCapitalIFRSMember	JPY	－
jpigp_cor:ProfitLossIFRS	当期利益（△損失）（IFRS）	Prior1YearDuration_CapitalSurplusIFRSMember	JPY	－
jpigp_cor:ProfitLossIFRS	当期利益（△損失）（IFRS）	Prior1YearDuration_TreasurySharesIFRSMember	JPY	－
jpigp_cor:ProfitLossIFRS	当期利益（△損失）（IFRS）	Prior1YearDuration_ExchangeDifferencesOnTranslationOfForeignOperationsIFRSMember	JPY	－
jpigp_cor:ProfitLossIFRS	当期利益（△損失）（IFRS）	Prior1YearDuration_EffectivePortionOfCashFlowHedgesIFRSMember	JPY	－
jpigp_cor:ProfitLossIFRS	当期利益（△損失）（IFRS）	Prior1YearDuration_FinancialAssetsMeasuredAtFairValueThroughOtherComprehensiveIncomeIFRSMember	JPY	－
jpigp_cor:OtherComprehensiveIncomeIFRS	その他の包括利益（IFRS）	Prior1YearDuration_ShareCapitalIFRSMember	JPY	－
jpigp_cor:OtherComprehensiveIncomeIFRS	その他の包括利益（IFRS）	Prior1YearDuration_CapitalSurplusIFRSMember	JPY	－
jpigp_cor:OtherComprehensiveIncomeIFRS	その他の包括利益（IFRS）	Prior1YearDuration_TreasurySharesIFRSMember	JPY	－
jpigp_cor:OtherComprehensiveIncomeIFRS	その他の包括利益（IFRS）	Prior1YearDuration_ExchangeDifferencesOnTranslationOfForeignOperationsIFRSMember	JPY	46873000000
jpigp_cor:OtherComprehensiveIncomeIFRS	その他の包括利益（IFRS）	Prior1YearDuration_EffectivePortionOfCashFlowHedgesIFRSMember	JPY	-4000000
jpigp_cor:OtherComprehensiveIncomeIFRS	その他の包括利益（IFRS）	Prior1YearDuration_FinancialAssetsMeasuredAtFairValueThroughOtherComprehensiveIncomeIFRSMember	JPY	1780000000
jpigp_cor:ComprehensiveIncomeIFRS	当期包括利益（IFRS）	Prior1YearDuration_ShareCapitalIFRSMember	JPY	－
jpigp_cor:ComprehensiveIncomeIFRS	当期包括利益（IFRS）	Prior1YearDuration_CapitalSurplusIFRSMember	JPY	－
jpigp_cor:ComprehensiveIncomeIFRS	当期包括利益（IFRS）	Prior1YearDuration_TreasurySharesIFRSMember	JPY	－
jpigp_cor:ComprehensiveIncomeIFRS	当期包括利益（IFRS）	Prior1YearDuration_ExchangeDifferencesOnTranslationOfForeignOperationsIFRSMember	JPY	46873000000
jpigp_cor:ComprehensiveIncomeIFRS	当期包括利益（IFRS）	Prior1YearDuration_EffectivePortionOfCashFlowHedgesIFRSMember	JPY	-4000000
jpigp_cor:ComprehensiveIncomeIFRS	当期包括利益（IFRS）	Prior1YearDuration_FinancialAssetsMeasuredAtFairValueThroughOtherComprehensiveIncomeIFRSMember	JPY	1780000000
jpigp_cor:DisposalOfTreasurySharesSSIFRS	自己株式の処分、持分変動計算書（IFRS）	Prior1YearDuration_ShareCapitalIFRSMember	JPY	－
jpigp_cor:DisposalOfTreasurySharesSSIFRS	自己株式の処分、持分変動計算書（IFRS）	Prior1YearDuration_CapitalSurplusIFRSMember	JPY	-182000000
jpigp_cor:DisposalOfTreasurySharesSSIFRS	自己株式の処分、持分変動計算書（IFRS）	Prior1YearDuration_TreasurySharesIFRSMember	JPY	189000000
jpigp_cor:DisposalOfTreasurySharesSSIFRS	自己株式の処分、持分変動計算書（IFRS）	Prior1YearDuration_ExchangeDifferencesOnTranslationOfForeignOperationsIFRSMember	JPY	－
jpigp_cor:DisposalOfTreasurySharesSSIFRS	自己株式の処分、持分変動計算書（IFRS）	Prior1YearDuration_EffectivePortionOfCashFlowHedgesIFRSMember	JPY	－
jpigp_cor:DisposalOfTreasurySharesSSIFRS	自己株式の処分、持分変動計算書（IFRS）	Prior1YearDuration_FinancialAssetsMeasuredAtFairValueThroughOtherComprehensiveIncomeIFRSMember	JPY	－
jpigp_cor:PurchaseOfTreasurySharesSSIFRS	自己株式の取得、持分変動計算書（IFRS）	Prior1YearDuration_ShareCapitalIFRSMember	JPY	－
jpigp_cor:PurchaseOfTreasurySharesSSIFRS	自己株式の取得、持分変動計算書（IFRS）	Prior1YearDuration_CapitalSurplusIFRSMember	JPY	－
jpigp_cor:PurchaseOfTreasurySharesSSIFRS	自己株式の取得、持分変動計算書（IFRS）	Prior1YearDuration_TreasurySharesIFRSMember	JPY	-2846000000
jpigp_cor:PurchaseOfTreasurySharesSSIFRS	自己株式の取得、持分変動計算書（IFRS）	Prior1YearDuration_ExchangeDifferencesOnTranslationOfForeignOperationsIFRSMember	JPY	－
jpigp_cor:PurchaseOfTreasurySharesSSIFRS	自己株式の取得、持分変動計算書（IFRS）	Prior1YearDuration_EffectivePortionOfCashFlowHedgesIFRSMember	JPY	－
jpigp_cor:PurchaseOfTreasurySharesSSIFRS	自己株式の取得、持分変動計算書（IFRS）	Prior1YearDuration_FinancialAssetsMeasuredAtFairValueThroughOtherComprehensiveIncomeIFRSMember	JPY	－
jpigp_cor:ShareBasedPaymentTransactionsSSIFRS	株式報酬取引、持分変動計算書（IFRS）	Prior1YearDuration_ShareCapitalIFRSMember	JPY	－
jpigp_cor:ShareBasedPaymentTransactionsSSIFRS	株式報酬取引、持分変動計算書（IFRS）	Prior1YearDuration_CapitalSurplusIFRSMember	JPY	653000000
jpigp_cor:ShareBasedPaymentTransactionsSSIFRS	株式報酬取引、持分変動計算書（IFRS）	Prior1YearDuration_TreasurySharesIFRSMember	JPY	－
jpigp_cor:ShareBasedPaymentTransactionsSSIFRS	株式報酬取引、持分変動計算書（IFRS）	Prior1YearDuration_ExchangeDifferencesOnTranslationOfForeignOperationsIFRSMember	JPY	－
jpigp_cor:ShareBasedPaymentTransactionsSSIFRS	株式報酬取引、持分変動計算書（IFRS）	Prior1YearDuration_EffectivePortionOfCashFlowHedgesIFRSMember	JPY	－
jpigp_cor:ShareBasedPaymentTransactionsSSIFRS	株式報酬取引、持分変動計算書（IFRS）	Prior1YearDuration_FinancialAssetsMeasuredAtFairValueThroughOtherComprehensiveIncomeIFRSMember	JPY	－
jpigp_cor:DividendsSSIFRS	配当金、持分変動計算書（IFRS）	Prior1YearDuration_ShareCapitalIFRSMember	JPY	－
jpigp_cor:DividendsSSIFRS	配当金、持分変動計算書（IFRS）	Prior1YearDuration_CapitalSurplusIFRSMember	JPY	－
jpigp_cor:DividendsSSIFRS	配当金、持分変動計算書（IFRS）	Prior1YearDuration_TreasurySharesIFRSMember	JPY	－
jpigp_cor:DividendsSSIFRS	配当金、持分変動計算書（IFRS）	Prior1YearDuration_ExchangeDifferencesOnTranslationOfForeignOperationsIFRSMember	JPY	－
jpigp_cor:DividendsSSIFRS	配当金、持分変動計算書（IFRS）	Prior1YearDuration_EffectivePortionOfCashFlowHedgesIFRSMember	JPY	－
jpigp_cor:DividendsSSIFRS	配当金、持分変動計算書（IFRS）	Prior1YearDuration_FinancialAssetsMeasuredAtFairValueThroughOtherComprehensiveIncomeIFRSMember	JPY	－
jpcrp030000-asr_E00883-000:ChangesInTheOwnershipInterestInSubsidiariesSSIFRS		Prior1YearDuration_ShareCapitalIFRSMember	JPY	－
jpcrp030000-asr_E00883-000:ChangesInTheOwnershipInterestInSubsidiariesSSIFRS		Prior1YearDuration_CapitalSurplusIFRSMember	JPY	5000000
jpcrp030000-asr_E00883-000:ChangesInTheOwnershipInterestInSubsidiariesSSIFRS		Prior1YearDuration_TreasurySharesIFRSMember	JPY	－
jpcrp030000-asr_E00883-000:ChangesInTheOwnershipInterestInSubsidiariesSSIFRS		Prior1YearDuration_ExchangeDifferencesOnTranslationOfForeignOperationsIFRSMember	JPY	－
jpcrp030000-asr_E00883-000:ChangesInTheOwnershipInterestInSubsidiariesSSIFRS		Prior1YearDuration_EffectivePortionOfCashFlowHedgesIFRSMember	JPY	－
jpcrp030000-asr_E00883-000:ChangesInTheOwnershipInterestInSubsidiariesSSIFRS		Prior1YearDuration_FinancialAssetsMeasuredAtFairValueThroughOtherComprehensiveIncomeIFRSMember	JPY	－
jpigp_cor:TransferFromOtherComponentsOfEquityToRetainedEarningsSSIFRS	その他の資本の構成要素から利益剰余金への振替、持分変動計算書（IFRS）	Prior1YearDuration_ShareCapitalIFRSMember	JPY	－
jpigp_cor:TransferFromOtherComponentsOfEquityToRetainedEarningsSSIFRS	その他の資本の構成要素から利益剰余金への振替、持分変動計算書（IFRS）	Prior1YearDuration_CapitalSurplusIFRSMember	JPY	－
jpigp_cor:TransferFromOtherComponentsOfEquityToRetainedEarningsSSIFRS	その他の資本の構成要素から利益剰余金への振替、持分変動計算書（IFRS）	Prior1YearDuration_TreasurySharesIFRSMember	JPY	－
jpigp_cor:TransferFromOtherComponentsOfEquityToRetainedEarningsSSIFRS	その他の資本の構成要素から利益剰余金への振替、持分変動計算書（IFRS）	Prior1YearDuration_ExchangeDifferencesOnTranslationOfForeignOperationsIFRSMember	JPY	－
jpigp_cor:TransferFromOtherComponentsOfEquityToRetainedEarningsSSIFRS	その他の資本の構成要素から利益剰余金への振替、持分変動計算書（IFRS）	Prior1YearDuration_EffectivePortionOfCashFlowHedgesIFRSMember	JPY	－
jpigp_cor:TransferFromOtherComponentsOfEquityToRetainedEarningsSSIFRS	その他の資本の構成要素から利益剰余金への振替、持分変動計算書（IFRS）	Prior1YearDuration_FinancialAssetsMeasuredAtFairValueThroughOtherComprehensiveIncomeIFRSMember	JPY	-329000000
jpigp_cor:TotalTransactionsWithOwnersIFRS	所有者との取引額（IFRS）	Prior1YearDuration_ShareCapitalIFRSMember	JPY	－
jpigp_cor:TotalTransactionsWithOwnersIFRS	所有者との取引額（IFRS）	Prior1YearDuration_CapitalSurplusIFRSMember	JPY	476000000
jpigp_cor:TotalTransactionsWithOwnersIFRS	所有者との取引額（IFRS）	Prior1YearDuration_TreasurySharesIFRSMember	JPY	-2657000000
jpigp_cor:TotalTransactionsWithOwnersIFRS	所有者との取引額（IFRS）	Prior1YearDuration_ExchangeDifferencesOnTranslationOfForeignOperationsIFRSMember	JPY	－
jpigp_cor:TotalTransactionsWithOwnersIFRS	所有者との取引額（IFRS）	Prior1YearDuration_EffectivePortionOfCashFlowHedgesIFRSMember	JPY	－
jpigp_cor:TotalTransactionsWithOwnersIFRS	所有者との取引額（IFRS）	Prior1YearDuration_FinancialAssetsMeasuredAtFairValueThroughOtherComprehensiveIncomeIFRSMember	JPY	-329000000
jpigp_cor:EquityIFRS	資本（IFRS）	Prior1YearInstant_ShareCapitalIFRSMember	JPY	85424000000
jpigp_cor:EquityIFRS	資本（IFRS）	Prior1YearInstant_CapitalSurplusIFRSMember	JPY	106256000000
jpigp_cor:EquityIFRS	資本（IFRS）	Prior1YearInstant_TreasurySharesIFRSMember	JPY	-5924000000
jpigp_cor:EquityIFRS	資本（IFRS）	Prior1YearInstant_ExchangeDifferencesOnTranslationOfForeignOperationsIFRSMember	JPY	124321000000
jpigp_cor:EquityIFRS	資本（IFRS）	Prior1YearInstant_EffectivePortionOfCashFlowHedgesIFRSMember	JPY	6000000
jpigp_cor:EquityIFRS	資本（IFRS）	Prior1YearInstant_FinancialAssetsMeasuredAtFairValueThroughOtherComprehensiveIncomeIFRSMember	JPY	7912000000
jpigp_cor:EquityIFRS	資本（IFRS）	Prior2YearInstant_jpcrp030000-asr_E00883-000RemeasurementOfNetDefinedBenefitLiabilityAssetIFRSMember	JPY	－
jpigp_cor:EquityIFRS	資本（IFRS）	Prior2YearInstant_OtherComponentsOfEquityIFRSMember	JPY	83919000000
jpigp_cor:EquityIFRS	資本（IFRS）	Prior2YearInstant_RetainedEarningsIFRSMember	JPY	711802000000
jpigp_cor:EquityIFRS	資本（IFRS）	Prior2YearInstant_EquityAttributableToOwnersOfParentIFRSMember	JPY	983658000000
jpigp_cor:EquityIFRS	資本（IFRS）	Prior2YearInstant_NonControllingInterestsIFRSMember	JPY	28385000000
jpigp_cor:EquityIFRS	資本（IFRS）	Prior2YearInstant	JPY	1012043000000
jpigp_cor:ProfitLossIFRS	当期利益（△損失）（IFRS）	Prior1YearDuration_jpcrp030000-asr_E00883-000RemeasurementOfNetDefinedBenefitLiabilityAssetIFRSMember	JPY	－
jpigp_cor:ProfitLossIFRS	当期利益（△損失）（IFRS）	Prior1YearDuration_OtherComponentsOfEquityIFRSMember	JPY	－
jpigp_cor:ProfitLossIFRS	当期利益（△損失）（IFRS）	Prior1YearDuration_RetainedEarningsIFRSMember	JPY	107767000000
jpigp_cor:ProfitLossIFRS	当期利益（△損失）（IFRS）	Prior1YearDuration_EquityAttributableToOwnersOfParentIFRSMember	JPY	107767000000
jpigp_cor:ProfitLossIFRS	当期利益（△損失）（IFRS）	Prior1YearDuration_NonControllingInterestsIFRSMember	JPY	2607000000
jpigp_cor:ProfitLossIFRS	当期利益（△損失）（IFRS）	Prior1YearDuration	JPY	110374000000
jpigp_cor:OtherComprehensiveIncomeIFRS	その他の包括利益（IFRS）	Prior1YearDuration_jpcrp030000-asr_E00883-000RemeasurementOfNetDefinedBenefitLiabilityAssetIFRSMember	JPY	-941000000
jpigp_cor:OtherComprehensiveIncomeIFRS	その他の包括利益（IFRS）	Prior1YearDuration_OtherComponentsOfEquityIFRSMember	JPY	47708000000
jpigp_cor:OtherComprehensiveIncomeIFRS	その他の包括利益（IFRS）	Prior1YearDuration_RetainedEarningsIFRSMember	JPY	－
jpigp_cor:OtherComprehensiveIncomeIFRS	その他の包括利益（IFRS）	Prior1YearDuration_EquityAttributableToOwnersOfParentIFRSMember	JPY	47708000000
jpigp_cor:OtherComprehensiveIncomeIFRS	その他の包括利益（IFRS）	Prior1YearDuration_NonControllingInterestsIFRSMember	JPY	2295000000
jpigp_cor:OtherComprehensiveIncomeIFRS	その他の包括利益（IFRS）	Prior1YearDuration	JPY	50003000000
jpigp_cor:ComprehensiveIncomeIFRS	当期包括利益（IFRS）	Prior1YearDuration_jpcrp030000-asr_E00883-000RemeasurementOfNetDefinedBenefitLiabilityAssetIFRSMember	JPY	-941000000
jpigp_cor:ComprehensiveIncomeIFRS	当期包括利益（IFRS）	Prior1YearDuration_OtherComponentsOfEquityIFRSMember	JPY	47708000000
jpigp_cor:ComprehensiveIncomeIFRS	当期包括利益（IFRS）	Prior1YearDuration_RetainedEarningsIFRSMember	JPY	107767000000
jpigp_cor:ComprehensiveIncomeIFRS	当期包括利益（IFRS）	Prior1YearDuration_EquityAttributableToOwnersOfParentIFRSMember	JPY	155475000000
jpigp_cor:ComprehensiveIncomeIFRS	当期包括利益（IFRS）	Prior1YearDuration_NonControllingInterestsIFRSMember	JPY	4902000000
jpigp_cor:ComprehensiveIncomeIFRS	当期包括利益（IFRS）	Prior1YearDuration	JPY	160377000000
jpigp_cor:DisposalOfTreasurySharesSSIFRS	自己株式の処分、持分変動計算書（IFRS）	Prior1YearDuration_jpcrp030000-asr_E00883-000RemeasurementOfNetDefinedBenefitLiabilityAssetIFRSMember	JPY	－
jpigp_cor:DisposalOfTreasurySharesSSIFRS	自己株式の処分、持分変動計算書（IFRS）	Prior1YearDuration_OtherComponentsOfEquityIFRSMember	JPY	－
jpigp_cor:DisposalOfTreasurySharesSSIFRS	自己株式の処分、持分変動計算書（IFRS）	Prior1YearDuration_RetainedEarningsIFRSMember	JPY	-7000000
jpigp_cor:DisposalOfTreasurySharesSSIFRS	自己株式の処分、持分変動計算書（IFRS）	Prior1YearDuration_EquityAttributableToOwnersOfParentIFRSMember	JPY	0
jpigp_cor:DisposalOfTreasurySharesSSIFRS	自己株式の処分、持分変動計算書（IFRS）	Prior1YearDuration_NonControllingInterestsIFRSMember	JPY	－
jpigp_cor:DisposalOfTreasurySharesSSIFRS	自己株式の処分、持分変動計算書（IFRS）	Prior1YearDuration	JPY	0
jpigp_cor:PurchaseOfTreasurySharesSSIFRS	自己株式の取得、持分変動計算書（IFRS）	Prior1YearDuration_jpcrp030000-asr_E00883-000RemeasurementOfNetDefinedBenefitLiabilityAssetIFRSMember	JPY	－
jpigp_cor:PurchaseOfTreasurySharesSSIFRS	自己株式の取得、持分変動計算書（IFRS）	Prior1YearDuration_OtherComponentsOfEquityIFRSMember	JPY	－
jpigp_cor:PurchaseOfTreasurySharesSSIFRS	自己株式の取得、持分変動計算書（IFRS）	Prior1YearDuration_RetainedEarningsIFRSMember	JPY	－
jpigp_cor:PurchaseOfTreasurySharesSSIFRS	自己株式の取得、持分変動計算書（IFRS）	Prior1YearDuration_EquityAttributableToOwnersOfParentIFRSMember	JPY	-2846000000
jpigp_cor:PurchaseOfTreasurySharesSSIFRS	自己株式の取得、持分変動計算書（IFRS）	Prior1YearDuration_NonControllingInterestsIFRSMember	JPY	－
jpigp_cor:PurchaseOfTreasurySharesSSIFRS	自己株式の取得、持分変動計算書（IFRS）	Prior1YearDuration	JPY	-2846000000
jpigp_cor:ShareBasedPaymentTransactionsSSIFRS	株式報酬取引、持分変動計算書（IFRS）	Prior1YearDuration_jpcrp030000-asr_E00883-000RemeasurementOfNetDefinedBenefitLiabilityAssetIFRSMember	JPY	－
jpigp_cor:ShareBasedPaymentTransactionsSSIFRS	株式報酬取引、持分変動計算書（IFRS）	Prior1YearDuration_OtherComponentsOfEquityIFRSMember	JPY	－
jpigp_cor:ShareBasedPaymentTransactionsSSIFRS	株式報酬取引、持分変動計算書（IFRS）	Prior1YearDuration_RetainedEarningsIFRSMember	JPY	－
jpigp_cor:ShareBasedPaymentTransactionsSSIFRS	株式報酬取引、持分変動計算書（IFRS）	Prior1YearDuration_EquityAttributableToOwnersOfParentIFRSMember	JPY	653000000
jpigp_cor:ShareBasedPaymentTransactionsSSIFRS	株式報酬取引、持分変動計算書（IFRS）	Prior1YearDuration_NonControllingInterestsIFRSMember	JPY	－
jpigp_cor:ShareBasedPaymentTransactionsSSIFRS	株式報酬取引、持分変動計算書（IFRS）	Prior1YearDuration	JPY	653000000
jpigp_cor:DividendsSSIFRS	配当金、持分変動計算書（IFRS）	Prior1YearDuration_jpcrp030000-asr_E00883-000RemeasurementOfNetDefinedBenefitLiabilityAssetIFRSMember	JPY	－
jpigp_cor:DividendsSSIFRS	配当金、持分変動計算書（IFRS）	Prior1YearDuration_OtherComponentsOfEquityIFRSMember	JPY	－
jpigp_cor:DividendsSSIFRS	配当金、持分変動計算書（IFRS）	Prior1YearDuration_RetainedEarningsIFRSMember	JPY	-70169000000
jpigp_cor:DividendsSSIFRS	配当金、持分変動計算書（IFRS）	Prior1YearDuration_EquityAttributableToOwnersOfParentIFRSMember	JPY	-70169000000
jpigp_cor:DividendsSSIFRS	配当金、持分変動計算書（IFRS）	Prior1YearDuration_NonControllingInterestsIFRSMember	JPY	-1207000000
jpigp_cor:DividendsSSIFRS	配当金、持分変動計算書（IFRS）	Prior1YearDuration	JPY	-71376000000
jpcrp030000-asr_E00883-000:ChangesInTheOwnershipInterestInSubsidiariesSSIFRS		Prior1YearDuration_jpcrp030000-asr_E00883-000RemeasurementOfNetDefinedBenefitLiabilityAssetIFRSMember	JPY	－
jpcrp030000-asr_E00883-000:ChangesInTheOwnershipInterestInSubsidiariesSSIFRS		Prior1YearDuration_OtherComponentsOfEquityIFRSMember	JPY	－
jpcrp030000-asr_E00883-000:ChangesInTheOwnershipInterestInSubsidiariesSSIFRS		Prior1YearDuration_RetainedEarningsIFRSMember	JPY	－
jpcrp030000-asr_E00883-000:ChangesInTheOwnershipInterestInSubsidiariesSSIFRS		Prior1YearDuration_EquityAttributableToOwnersOfParentIFRSMember	JPY	5000000
jpcrp030000-asr_E00883-000:ChangesInTheOwnershipInterestInSubsidiariesSSIFRS		Prior1YearDuration_NonControllingInterestsIFRSMember	JPY	-21000000
jpcrp030000-asr_E00883-000:ChangesInTheOwnershipInterestInSubsidiariesSSIFRS		Prior1YearDuration	JPY	-16000000
jpigp_cor:TransferFromOtherComponentsOfEquityToRetainedEarningsSSIFRS	その他の資本の構成要素から利益剰余金への振替、持分変動計算書（IFRS）	Prior1YearDuration_jpcrp030000-asr_E00883-000RemeasurementOfNetDefinedBenefitLiabilityAssetIFRSMember	JPY	941000000
jpigp_cor:TransferFromOtherComponentsOfEquityToRetainedEarningsSSIFRS	その他の資本の構成要素から利益剰余金への振替、持分変動計算書（IFRS）	Prior1YearDuration_OtherComponentsOfEquityIFRSMember	JPY	612000000
jpigp_cor:TransferFromOtherComponentsOfEquityToRetainedEarningsSSIFRS	その他の資本の構成要素から利益剰余金への振替、持分変動計算書（IFRS）	Prior1YearDuration_RetainedEarningsIFRSMember	JPY	-612000000
jpigp_cor:TransferFromOtherComponentsOfEquityToRetainedEarningsSSIFRS	その他の資本の構成要素から利益剰余金への振替、持分変動計算書（IFRS）	Prior1YearDuration_EquityAttributableToOwnersOfParentIFRSMember	JPY	－
jpigp_cor:TransferFromOtherComponentsOfEquityToRetainedEarningsSSIFRS	その他の資本の構成要素から利益剰余金への振替、持分変動計算書（IFRS）	Prior1YearDuration_NonControllingInterestsIFRSMember	JPY	－
jpigp_cor:TransferFromOtherComponentsOfEquityToRetainedEarningsSSIFRS	その他の資本の構成要素から利益剰余金への振替、持分変動計算書（IFRS）	Prior1YearDuration	JPY	－
jpigp_cor:TotalTransactionsWithOwnersIFRS	所有者との取引額（IFRS）	Prior1YearDuration_jpcrp030000-asr_E00883-000RemeasurementOfNetDefinedBenefitLiabilityAssetIFRSMember	JPY	941000000
jpigp_cor:TotalTransactionsWithOwnersIFRS	所有者との取引額（IFRS）	Prior1YearDuration_OtherComponentsOfEquityIFRSMember	JPY	612000000
jpigp_cor:TotalTransactionsWithOwnersIFRS	所有者との取引額（IFRS）	Prior1YearDuration_RetainedEarningsIFRSMember	JPY	-70788000000
jpigp_cor:TotalTransactionsWithOwnersIFRS	所有者との取引額（IFRS）	Prior1YearDuration_EquityAttributableToOwnersOfParentIFRSMember	JPY	-72357000000
jpigp_cor:TotalTransactionsWithOwnersIFRS	所有者との取引額（IFRS）	Prior1YearDuration_NonControllingInterestsIFRSMember	JPY	-1228000000
jpigp_cor:TotalTransactionsWithOwnersIFRS	所有者との取引額（IFRS）	Prior1YearDuration	JPY	-73585000000
jpigp_cor:EquityIFRS	資本（IFRS）	Prior1YearInstant_jpcrp030000-asr_E00883-000RemeasurementOfNetDefinedBenefitLiabilityAssetIFRSMember	JPY	－
jpigp_cor:EquityIFRS	資本（IFRS）	Prior1YearInstant_OtherComponentsOfEquityIFRSMember	JPY	132239000000
jpigp_cor:EquityIFRS	資本（IFRS）	Prior1YearInstant_RetainedEarningsIFRSMember	JPY	748781000000
jpigp_cor:EquityIFRS	資本（IFRS）	Prior1YearInstant_EquityAttributableToOwnersOfParentIFRSMember	JPY	1066776000000
jpigp_cor:EquityIFRS	資本（IFRS）	Prior1YearInstant_NonControllingInterestsIFRSMember	JPY	32059000000
jpigp_cor:EquityIFRS	資本（IFRS）	Prior1YearInstant	JPY	1098835000000
jpigp_cor:EquityIFRS	資本（IFRS）	Prior1YearInstant_ShareCapitalIFRSMember	JPY	85424000000
jpigp_cor:EquityIFRS	資本（IFRS）	Prior1YearInstant_CapitalSurplusIFRSMember	JPY	106256000000
jpigp_cor:EquityIFRS	資本（IFRS）	Prior1YearInstant_TreasurySharesIFRSMember	JPY	-5924000000
jpigp_cor:EquityIFRS	資本（IFRS）	Prior1YearInstant_ExchangeDifferencesOnTranslationOfForeignOperationsIFRSMember	JPY	124321000000
jpigp_cor:EquityIFRS	資本（IFRS）	Prior1YearInstant_EffectivePortionOfCashFlowHedgesIFRSMember	JPY	6000000
jpigp_cor:EquityIFRS	資本（IFRS）	Prior1YearInstant_FinancialAssetsMeasuredAtFairValueThroughOtherComprehensiveIncomeIFRSMember	JPY	7912000000
jpigp_cor:ProfitLossIFRS	当期利益（△損失）（IFRS）	CurrentYearDuration_ShareCapitalIFRSMember	JPY	－
jpigp_cor:ProfitLossIFRS	当期利益（△損失）（IFRS）	CurrentYearDuration_CapitalSurplusIFRSMember	JPY	－
jpigp_cor:ProfitLossIFRS	当期利益（△損失）（IFRS）	CurrentYearDuration_TreasurySharesIFRSMember	JPY	－
jpigp_cor:ProfitLossIFRS	当期利益（△損失）（IFRS）	CurrentYearDuration_ExchangeDifferencesOnTranslationOfForeignOperationsIFRSMember	JPY	－
jpigp_cor:ProfitLossIFRS	当期利益（△損失）（IFRS）	CurrentYearDuration_EffectivePortionOfCashFlowHedgesIFRSMember	JPY	－
jpigp_cor:ProfitLossIFRS	当期利益（△損失）（IFRS）	CurrentYearDuration_FinancialAssetsMeasuredAtFairValueThroughOtherComprehensiveIncomeIFRSMember	JPY	－
jpigp_cor:OtherComprehensiveIncomeIFRS	その他の包括利益（IFRS）	CurrentYearDuration_ShareCapitalIFRSMember	JPY	－
jpigp_cor:OtherComprehensiveIncomeIFRS	その他の包括利益（IFRS）	CurrentYearDuration_CapitalSurplusIFRSMember	JPY	－
jpigp_cor:OtherComprehensiveIncomeIFRS	その他の包括利益（IFRS）	CurrentYearDuration_TreasurySharesIFRSMember	JPY	－
jpigp_cor:OtherComprehensiveIncomeIFRS	その他の包括利益（IFRS）	CurrentYearDuration_ExchangeDifferencesOnTranslationOfForeignOperationsIFRSMember	JPY	26182000000
jpigp_cor:OtherComprehensiveIncomeIFRS	その他の包括利益（IFRS）	CurrentYearDuration_EffectivePortionOfCashFlowHedgesIFRSMember	JPY	-0
jpigp_cor:OtherComprehensiveIncomeIFRS	その他の包括利益（IFRS）	CurrentYearDuration_FinancialAssetsMeasuredAtFairValueThroughOtherComprehensiveIncomeIFRSMember	JPY	2610000000
jpigp_cor:ComprehensiveIncomeIFRS	当期包括利益（IFRS）	CurrentYearDuration_ShareCapitalIFRSMember	JPY	－
jpigp_cor:ComprehensiveIncomeIFRS	当期包括利益（IFRS）	CurrentYearDuration_CapitalSurplusIFRSMember	JPY	－
jpigp_cor:ComprehensiveIncomeIFRS	当期包括利益（IFRS）	CurrentYearDuration_TreasurySharesIFRSMember	JPY	－
jpigp_cor:ComprehensiveIncomeIFRS	当期包括利益（IFRS）	CurrentYearDuration_ExchangeDifferencesOnTranslationOfForeignOperationsIFRSMember	JPY	26182000000
jpigp_cor:ComprehensiveIncomeIFRS	当期包括利益（IFRS）	CurrentYearDuration_EffectivePortionOfCashFlowHedgesIFRSMember	JPY	-0
jpigp_cor:ComprehensiveIncomeIFRS	当期包括利益（IFRS）	CurrentYearDuration_FinancialAssetsMeasuredAtFairValueThroughOtherComprehensiveIncomeIFRSMember	JPY	2610000000
jpigp_cor:DisposalOfTreasurySharesSSIFRS	自己株式の処分、持分変動計算書（IFRS）	CurrentYearDuration_ShareCapitalIFRSMember	JPY	－
jpigp_cor:DisposalOfTreasurySharesSSIFRS	自己株式の処分、持分変動計算書（IFRS）	CurrentYearDuration_CapitalSurplusIFRSMember	JPY	-319000000
jpigp_cor:DisposalOfTreasurySharesSSIFRS	自己株式の処分、持分変動計算書（IFRS）	CurrentYearDuration_TreasurySharesIFRSMember	JPY	80817000000
jpigp_cor:DisposalOfTreasurySharesSSIFRS	自己株式の処分、持分変動計算書（IFRS）	CurrentYearDuration_ExchangeDifferencesOnTranslationOfForeignOperationsIFRSMember	JPY	－
jpigp_cor:DisposalOfTreasurySharesSSIFRS	自己株式の処分、持分変動計算書（IFRS）	CurrentYearDuration_EffectivePortionOfCashFlowHedgesIFRSMember	JPY	－
jpigp_cor:DisposalOfTreasurySharesSSIFRS	自己株式の処分、持分変動計算書（IFRS）	CurrentYearDuration_FinancialAssetsMeasuredAtFairValueThroughOtherComprehensiveIncomeIFRSMember	JPY	－
jpigp_cor:PurchaseOfTreasurySharesSSIFRS	自己株式の取得、持分変動計算書（IFRS）	CurrentYearDuration_ShareCapitalIFRSMember	JPY	－
jpigp_cor:PurchaseOfTreasurySharesSSIFRS	自己株式の取得、持分変動計算書（IFRS）	CurrentYearDuration_CapitalSurplusIFRSMember	JPY	-40000000
jpigp_cor:PurchaseOfTreasurySharesSSIFRS	自己株式の取得、持分変動計算書（IFRS）	CurrentYearDuration_TreasurySharesIFRSMember	JPY	-80018000000
jpigp_cor:PurchaseOfTreasurySharesSSIFRS	自己株式の取得、持分変動計算書（IFRS）	CurrentYearDuration_ExchangeDifferencesOnTranslationOfForeignOperationsIFRSMember	JPY	－
jpigp_cor:PurchaseOfTreasurySharesSSIFRS	自己株式の取得、持分変動計算書（IFRS）	CurrentYearDuration_EffectivePortionOfCashFlowHedgesIFRSMember	JPY	－
jpigp_cor:PurchaseOfTreasurySharesSSIFRS	自己株式の取得、持分変動計算書（IFRS）	CurrentYearDuration_FinancialAssetsMeasuredAtFairValueThroughOtherComprehensiveIncomeIFRSMember	JPY	－
jpigp_cor:ShareBasedPaymentTransactionsSSIFRS	株式報酬取引、持分変動計算書（IFRS）	CurrentYearDuration_ShareCapitalIFRSMember	JPY	－
jpigp_cor:ShareBasedPaymentTransactionsSSIFRS	株式報酬取引、持分変動計算書（IFRS）	CurrentYearDuration_CapitalSurplusIFRSMember	JPY	633000000
jpigp_cor:ShareBasedPaymentTransactionsSSIFRS	株式報酬取引、持分変動計算書（IFRS）	CurrentYearDuration_TreasurySharesIFRSMember	JPY	－
jpigp_cor:ShareBasedPaymentTransactionsSSIFRS	株式報酬取引、持分変動計算書（IFRS）	CurrentYearDuration_ExchangeDifferencesOnTranslationOfForeignOperationsIFRSMember	JPY	－
jpigp_cor:ShareBasedPaymentTransactionsSSIFRS	株式報酬取引、持分変動計算書（IFRS）	CurrentYearDuration_EffectivePortionOfCashFlowHedgesIFRSMember	JPY	－
jpigp_cor:ShareBasedPaymentTransactionsSSIFRS	株式報酬取引、持分変動計算書（IFRS）	CurrentYearDuration_FinancialAssetsMeasuredAtFairValueThroughOtherComprehensiveIncomeIFRSMember	JPY	－
jpigp_cor:DividendsSSIFRS	配当金、持分変動計算書（IFRS）	CurrentYearDuration_ShareCapitalIFRSMember	JPY	－
jpigp_cor:DividendsSSIFRS	配当金、持分変動計算書（IFRS）	CurrentYearDuration_CapitalSurplusIFRSMember	JPY	－
jpigp_cor:DividendsSSIFRS	配当金、持分変動計算書（IFRS）	CurrentYearDuration_TreasurySharesIFRSMember	JPY	－
jpigp_cor:DividendsSSIFRS	配当金、持分変動計算書（IFRS）	CurrentYearDuration_ExchangeDifferencesOnTranslationOfForeignOperationsIFRSMember	JPY	－
jpigp_cor:DividendsSSIFRS	配当金、持分変動計算書（IFRS）	CurrentYearDuration_EffectivePortionOfCashFlowHedgesIFRSMember	JPY	－
jpigp_cor:DividendsSSIFRS	配当金、持分変動計算書（IFRS）	CurrentYearDuration_FinancialAssetsMeasuredAtFairValueThroughOtherComprehensiveIncomeIFRSMember	JPY	－
jpcrp030000-asr_E00883-000:ChangesInTheOwnershipInterestInSubsidiariesSSIFRS		CurrentYearDuration_ShareCapitalIFRSMember	JPY	－
jpcrp030000-asr_E00883-000:ChangesInTheOwnershipInterestInSubsidiariesSSIFRS		CurrentYearDuration_CapitalSurplusIFRSMember	JPY	-132000000
jpcrp030000-asr_E00883-000:ChangesInTheOwnershipInterestInSubsidiariesSSIFRS		CurrentYearDuration_TreasurySharesIFRSMember	JPY	－
jpcrp030000-asr_E00883-000:ChangesInTheOwnershipInterestInSubsidiariesSSIFRS		CurrentYearDuration_ExchangeDifferencesOnTranslationOfForeignOperationsIFRSMember	JPY	－
jpcrp030000-asr_E00883-000:ChangesInTheOwnershipInterestInSubsidiariesSSIFRS		CurrentYearDuration_EffectivePortionOfCashFlowHedgesIFRSMember	JPY	－
jpcrp030000-asr_E00883-000:ChangesInTheOwnershipInterestInSubsidiariesSSIFRS		CurrentYearDuration_FinancialAssetsMeasuredAtFairValueThroughOtherComprehensiveIncomeIFRSMember	JPY	－
jpigp_cor:TransferFromOtherComponentsOfEquityToRetainedEarningsSSIFRS	その他の資本の構成要素から利益剰余金への振替、持分変動計算書（IFRS）	CurrentYearDuration_ShareCapitalIFRSMember	JPY	－
jpigp_cor:TransferFromOtherComponentsOfEquityToRetainedEarningsSSIFRS	その他の資本の構成要素から利益剰余金への振替、持分変動計算書（IFRS）	CurrentYearDuration_CapitalSurplusIFRSMember	JPY	－
jpigp_cor:TransferFromOtherComponentsOfEquityToRetainedEarningsSSIFRS	その他の資本の構成要素から利益剰余金への振替、持分変動計算書（IFRS）	CurrentYearDuration_TreasurySharesIFRSMember	JPY	－
jpigp_cor:TransferFromOtherComponentsOfEquityToRetainedEarningsSSIFRS	その他の資本の構成要素から利益剰余金への振替、持分変動計算書（IFRS）	CurrentYearDuration_ExchangeDifferencesOnTranslationOfForeignOperationsIFRSMember	JPY	－
jpigp_cor:TransferFromOtherComponentsOfEquityToRetainedEarningsSSIFRS	その他の資本の構成要素から利益剰余金への振替、持分変動計算書（IFRS）	CurrentYearDuration_EffectivePortionOfCashFlowHedgesIFRSMember	JPY	－
jpigp_cor:TransferFromOtherComponentsOfEquityToRetainedEarningsSSIFRS	その他の資本の構成要素から利益剰余金への振替、持分変動計算書（IFRS）	CurrentYearDuration_FinancialAssetsMeasuredAtFairValueThroughOtherComprehensiveIncomeIFRSMember	JPY	-272000000
jpigp_cor:TotalTransactionsWithOwnersIFRS	所有者との取引額（IFRS）	CurrentYearDuration_ShareCapitalIFRSMember	JPY	－
jpigp_cor:TotalTransactionsWithOwnersIFRS	所有者との取引額（IFRS）	CurrentYearDuration_CapitalSurplusIFRSMember	JPY	142000000
jpigp_cor:TotalTransactionsWithOwnersIFRS	所有者との取引額（IFRS）	CurrentYearDuration_TreasurySharesIFRSMember	JPY	799000000
jpigp_cor:TotalTransactionsWithOwnersIFRS	所有者との取引額（IFRS）	CurrentYearDuration_ExchangeDifferencesOnTranslationOfForeignOperationsIFRSMember	JPY	－
jpigp_cor:TotalTransactionsWithOwnersIFRS	所有者との取引額（IFRS）	CurrentYearDuration_EffectivePortionOfCashFlowHedgesIFRSMember	JPY	－
jpigp_cor:TotalTransactionsWithOwnersIFRS	所有者との取引額（IFRS）	CurrentYearDuration_FinancialAssetsMeasuredAtFairValueThroughOtherComprehensiveIncomeIFRSMember	JPY	-272000000
jpigp_cor:EquityIFRS	資本（IFRS）	CurrentYearInstant_ShareCapitalIFRSMember	JPY	85424000000
jpigp_cor:EquityIFRS	資本（IFRS）	CurrentYearInstant_CapitalSurplusIFRSMember	JPY	106398000000
jpigp_cor:EquityIFRS	資本（IFRS）	CurrentYearInstant_TreasurySharesIFRSMember	JPY	-5125000000
jpigp_cor:EquityIFRS	資本（IFRS）	CurrentYearInstant_ExchangeDifferencesOnTranslationOfForeignOperationsIFRSMember	JPY	150503000000
jpigp_cor:EquityIFRS	資本（IFRS）	CurrentYearInstant_EffectivePortionOfCashFlowHedgesIFRSMember	JPY	6000000
jpigp_cor:EquityIFRS	資本（IFRS）	CurrentYearInstant_FinancialAssetsMeasuredAtFairValueThroughOtherComprehensiveIncomeIFRSMember	JPY	10250000000
jpigp_cor:EquityIFRS	資本（IFRS）	Prior1YearInstant_jpcrp030000-asr_E00883-000RemeasurementOfNetDefinedBenefitLiabilityAssetIFRSMember	JPY	－
jpigp_cor:EquityIFRS	資本（IFRS）	Prior1YearInstant_OtherComponentsOfEquityIFRSMember	JPY	132239000000
jpigp_cor:EquityIFRS	資本（IFRS）	Prior1YearInstant_RetainedEarningsIFRSMember	JPY	748781000000
jpigp_cor:EquityIFRS	資本（IFRS）	Prior1YearInstant_EquityAttributableToOwnersOfParentIFRSMember	JPY	1066776000000
jpigp_cor:EquityIFRS	資本（IFRS）	Prior1YearInstant_NonControllingInterestsIFRSMember	JPY	32059000000
jpigp_cor:EquityIFRS	資本（IFRS）	Prior1YearInstant	JPY	1098835000000
jpigp_cor:ProfitLossIFRS	当期利益（△損失）（IFRS）	CurrentYearDuration_jpcrp030000-asr_E00883-000RemeasurementOfNetDefinedBenefitLiabilityAssetIFRSMember	JPY	－
jpigp_cor:ProfitLossIFRS	当期利益（△損失）（IFRS）	CurrentYearDuration_OtherComponentsOfEquityIFRSMember	JPY	－
jpigp_cor:ProfitLossIFRS	当期利益（△損失）（IFRS）	CurrentYearDuration_RetainedEarningsIFRSMember	JPY	120081000000
jpigp_cor:ProfitLossIFRS	当期利益（△損失）（IFRS）	CurrentYearDuration_EquityAttributableToOwnersOfParentIFRSMember	JPY	120081000000
jpigp_cor:ProfitLossIFRS	当期利益（△損失）（IFRS）	CurrentYearDuration_NonControllingInterestsIFRSMember	JPY	505000000
jpigp_cor:ProfitLossIFRS	当期利益（△損失）（IFRS）	CurrentYearDuration	JPY	120586000000
jpigp_cor:OtherComprehensiveIncomeIFRS	その他の包括利益（IFRS）	CurrentYearDuration_jpcrp030000-asr_E00883-000RemeasurementOfNetDefinedBenefitLiabilityAssetIFRSMember	JPY	-943000000
jpigp_cor:OtherComprehensiveIncomeIFRS	その他の包括利益（IFRS）	CurrentYearDuration_OtherComponentsOfEquityIFRSMember	JPY	27849000000
jpigp_cor:OtherComprehensiveIncomeIFRS	その他の包括利益（IFRS）	CurrentYearDuration_RetainedEarningsIFRSMember	JPY	－
jpigp_cor:OtherComprehensiveIncomeIFRS	その他の包括利益（IFRS）	CurrentYearDuration_EquityAttributableToOwnersOfParentIFRSMember	JPY	27849000000
jpigp_cor:OtherComprehensiveIncomeIFRS	その他の包括利益（IFRS）	CurrentYearDuration_NonControllingInterestsIFRSMember	JPY	351000000
jpigp_cor:OtherComprehensiveIncomeIFRS	その他の包括利益（IFRS）	CurrentYearDuration	JPY	28200000000
jpigp_cor:ComprehensiveIncomeIFRS	当期包括利益（IFRS）	CurrentYearDuration_jpcrp030000-asr_E00883-000RemeasurementOfNetDefinedBenefitLiabilityAssetIFRSMember	JPY	-943000000
jpigp_cor:ComprehensiveIncomeIFRS	当期包括利益（IFRS）	CurrentYearDuration_OtherComponentsOfEquityIFRSMember	JPY	27849000000
jpigp_cor:ComprehensiveIncomeIFRS	当期包括利益（IFRS）	CurrentYearDuration_RetainedEarningsIFRSMember	JPY	120081000000
jpigp_cor:ComprehensiveIncomeIFRS	当期包括利益（IFRS）	CurrentYearDuration_EquityAttributableToOwnersOfParentIFRSMember	JPY	147930000000
jpigp_cor:ComprehensiveIncomeIFRS	当期包括利益（IFRS）	CurrentYearDuration_NonControllingInterestsIFRSMember	JPY	856000000
jpigp_cor:ComprehensiveIncomeIFRS	当期包括利益（IFRS）	CurrentYearDuration	JPY	148786000000
jpigp_cor:DisposalOfTreasurySharesSSIFRS	自己株式の処分、持分変動計算書（IFRS）	CurrentYearDuration_jpcrp030000-asr_E00883-000RemeasurementOfNetDefinedBenefitLiabilityAssetIFRSMember	JPY	－
jpigp_cor:DisposalOfTreasurySharesSSIFRS	自己株式の処分、持分変動計算書（IFRS）	CurrentYearDuration_OtherComponentsOfEquityIFRSMember	JPY	－
jpigp_cor:DisposalOfTreasurySharesSSIFRS	自己株式の処分、持分変動計算書（IFRS）	CurrentYearDuration_RetainedEarningsIFRSMember	JPY	-80497000000
jpigp_cor:DisposalOfTreasurySharesSSIFRS	自己株式の処分、持分変動計算書（IFRS）	CurrentYearDuration_EquityAttributableToOwnersOfParentIFRSMember	JPY	1000000
jpigp_cor:DisposalOfTreasurySharesSSIFRS	自己株式の処分、持分変動計算書（IFRS）	CurrentYearDuration_NonControllingInterestsIFRSMember	JPY	－
jpigp_cor:DisposalOfTreasurySharesSSIFRS	自己株式の処分、持分変動計算書（IFRS）	CurrentYearDuration	JPY	1000000
jpigp_cor:PurchaseOfTreasurySharesSSIFRS	自己株式の取得、持分変動計算書（IFRS）	CurrentYearDuration_jpcrp030000-asr_E00883-000RemeasurementOfNetDefinedBenefitLiabilityAssetIFRSMember	JPY	－
jpigp_cor:PurchaseOfTreasurySharesSSIFRS	自己株式の取得、持分変動計算書（IFRS）	CurrentYearDuration_OtherComponentsOfEquityIFRSMember	JPY	－
jpigp_cor:PurchaseOfTreasurySharesSSIFRS	自己株式の取得、持分変動計算書（IFRS）	CurrentYearDuration_RetainedEarningsIFRSMember	JPY	－
jpigp_cor:PurchaseOfTreasurySharesSSIFRS	自己株式の取得、持分変動計算書（IFRS）	CurrentYearDuration_EquityAttributableToOwnersOfParentIFRSMember	JPY	-80058000000
jpigp_cor:PurchaseOfTreasurySharesSSIFRS	自己株式の取得、持分変動計算書（IFRS）	CurrentYearDuration_NonControllingInterestsIFRSMember	JPY	－
jpigp_cor:PurchaseOfTreasurySharesSSIFRS	自己株式の取得、持分変動計算書（IFRS）	CurrentYearDuration	JPY	-80058000000
jpigp_cor:ShareBasedPaymentTransactionsSSIFRS	株式報酬取引、持分変動計算書（IFRS）	CurrentYearDuration_jpcrp030000-asr_E00883-000RemeasurementOfNetDefinedBenefitLiabilityAssetIFRSMember	JPY	－
jpigp_cor:ShareBasedPaymentTransactionsSSIFRS	株式報酬取引、持分変動計算書（IFRS）	CurrentYearDuration_OtherComponentsOfEquityIFRSMember	JPY	－
jpigp_cor:ShareBasedPaymentTransactionsSSIFRS	株式報酬取引、持分変動計算書（IFRS）	CurrentYearDuration_RetainedEarningsIFRSMember	JPY	－
jpigp_cor:ShareBasedPaymentTransactionsSSIFRS	株式報酬取引、持分変動計算書（IFRS）	CurrentYearDuration_EquityAttributableToOwnersOfParentIFRSMember	JPY	633000000
jpigp_cor:ShareBasedPaymentTransactionsSSIFRS	株式報酬取引、持分変動計算書（IFRS）	CurrentYearDuration_NonControllingInterestsIFRSMember	JPY	－
jpigp_cor:ShareBasedPaymentTransactionsSSIFRS	株式報酬取引、持分変動計算書（IFRS）	CurrentYearDuration	JPY	633000000
jpigp_cor:DividendsSSIFRS	配当金、持分変動計算書（IFRS）	CurrentYearDuration_jpcrp030000-asr_E00883-000RemeasurementOfNetDefinedBenefitLiabilityAssetIFRSMember	JPY	－
jpigp_cor:DividendsSSIFRS	配当金、持分変動計算書（IFRS）	CurrentYearDuration_OtherComponentsOfEquityIFRSMember	JPY	－
jpigp_cor:DividendsSSIFRS	配当金、持分変動計算書（IFRS）	CurrentYearDuration_RetainedEarningsIFRSMember	JPY	-71073000000
jpigp_cor:DividendsSSIFRS	配当金、持分変動計算書（IFRS）	CurrentYearDuration_EquityAttributableToOwnersOfParentIFRSMember	JPY	-71073000000
jpigp_cor:DividendsSSIFRS	配当金、持分変動計算書（IFRS）	CurrentYearDuration_NonControllingInterestsIFRSMember	JPY	-1663000000
jpigp_cor:DividendsSSIFRS	配当金、持分変動計算書（IFRS）	CurrentYearDuration	JPY	-72736000000
jpcrp030000-asr_E00883-000:ChangesInTheOwnershipInterestInSubsidiariesSSIFRS		CurrentYearDuration_jpcrp030000-asr_E00883-000RemeasurementOfNetDefinedBenefitLiabilityAssetIFRSMember	JPY	－
jpcrp030000-asr_E00883-000:ChangesInTheOwnershipInterestInSubsidiariesSSIFRS		CurrentYearDuration_OtherComponentsOfEquityIFRSMember	JPY	－
jpcrp030000-asr_E00883-000:ChangesInTheOwnershipInterestInSubsidiariesSSIFRS		CurrentYearDuration_RetainedEarningsIFRSMember	JPY	－
jpcrp030000-asr_E00883-000:ChangesInTheOwnershipInterestInSubsidiariesSSIFRS		CurrentYearDuration_EquityAttributableToOwnersOfParentIFRSMember	JPY	-132000000
jpcrp030000-asr_E00883-000:ChangesInTheOwnershipInterestInSubsidiariesSSIFRS		CurrentYearDuration_NonControllingInterestsIFRSMember	JPY	-629000000
jpcrp030000-asr_E00883-000:ChangesInTheOwnershipInterestInSubsidiariesSSIFRS		CurrentYearDuration	JPY	-761000000
jpigp_cor:TransferFromOtherComponentsOfEquityToRetainedEarningsSSIFRS	その他の資本の構成要素から利益剰余金への振替、持分変動計算書（IFRS）	CurrentYearDuration_jpcrp030000-asr_E00883-000RemeasurementOfNetDefinedBenefitLiabilityAssetIFRSMember	JPY	943000000
jpigp_cor:TransferFromOtherComponentsOfEquityToRetainedEarningsSSIFRS	その他の資本の構成要素から利益剰余金への振替、持分変動計算書（IFRS）	CurrentYearDuration_OtherComponentsOfEquityIFRSMember	JPY	671000000
jpigp_cor:TransferFromOtherComponentsOfEquityToRetainedEarningsSSIFRS	その他の資本の構成要素から利益剰余金への振替、持分変動計算書（IFRS）	CurrentYearDuration_RetainedEarningsIFRSMember	JPY	-671000000
jpigp_cor:TransferFromOtherComponentsOfEquityToRetainedEarningsSSIFRS	その他の資本の構成要素から利益剰余金への振替、持分変動計算書（IFRS）	CurrentYearDuration_EquityAttributableToOwnersOfParentIFRSMember	JPY	－
jpigp_cor:TransferFromOtherComponentsOfEquityToRetainedEarningsSSIFRS	その他の資本の構成要素から利益剰余金への振替、持分変動計算書（IFRS）	CurrentYearDuration_NonControllingInterestsIFRSMember	JPY	－
jpigp_cor:TransferFromOtherComponentsOfEquityToRetainedEarningsSSIFRS	その他の資本の構成要素から利益剰余金への振替、持分変動計算書（IFRS）	CurrentYearDuration	JPY	－
jpigp_cor:TotalTransactionsWithOwnersIFRS	所有者との取引額（IFRS）	CurrentYearDuration_jpcrp030000-asr_E00883-000RemeasurementOfNetDefinedBenefitLiabilityAssetIFRSMember	JPY	943000000
jpigp_cor:TotalTransactionsWithOwnersIFRS	所有者との取引額（IFRS）	CurrentYearDuration_OtherComponentsOfEquityIFRSMember	JPY	671000000
jpigp_cor:TotalTransactionsWithOwnersIFRS	所有者との取引額（IFRS）	CurrentYearDuration_RetainedEarningsIFRSMember	JPY	-152241000000
jpigp_cor:TotalTransactionsWithOwnersIFRS	所有者との取引額（IFRS）	CurrentYearDuration_EquityAttributableToOwnersOfParentIFRSMember	JPY	-150629000000
jpigp_cor:TotalTransactionsWithOwnersIFRS	所有者との取引額（IFRS）	CurrentYearDuration_NonControllingInterestsIFRSMember	JPY	-2292000000
jpigp_cor:TotalTransactionsWithOwnersIFRS	所有者との取引額（IFRS）	CurrentYearDuration	JPY	-152921000000
jpigp_cor:EquityIFRS	資本（IFRS）	CurrentYearInstant_jpcrp030000-asr_E00883-000RemeasurementOfNetDefinedBenefitLiabilityAssetIFRSMember	JPY	－
jpigp_cor:EquityIFRS	資本（IFRS）	CurrentYearInstant_OtherComponentsOfEquityIFRSMember	JPY	160759000000
jpigp_cor:EquityIFRS	資本（IFRS）	CurrentYearInstant_RetainedEarningsIFRSMember	JPY	716621000000
jpigp_cor:EquityIFRS	資本（IFRS）	CurrentYearInstant_EquityAttributableToOwnersOfParentIFRSMember	JPY	1064077000000
jpigp_cor:EquityIFRS	資本（IFRS）	CurrentYearInstant_NonControllingInterestsIFRSMember	JPY	30623000000
jpigp_cor:EquityIFRS	資本（IFRS）	CurrentYearInstant	JPY	1094700000000
jpigp_cor:ProfitLossBeforeTaxIFRS	継続事業からの税引前利益（△損失）（IFRS）	Prior1YearDuration	JPY	151024000000
jpigp_cor:ProfitLossBeforeTaxIFRS	継続事業からの税引前利益（△損失）（IFRS）	CurrentYearDuration	JPY	169846000000
jpigp_cor:DepreciationAndAmortizationOpeCFIFRS	減価償却費及び償却費、営業活動によるキャッシュ・フロー（IFRS）	Prior1YearDuration	JPY	88422000000
jpigp_cor:DepreciationAndAmortizationOpeCFIFRS	減価償却費及び償却費、営業活動によるキャッシュ・フロー（IFRS）	CurrentYearDuration	JPY	85841000000
jpcrp030000-asr_E00883-000:GainOnBusinessTransferOpeCFIFRS		Prior1YearDuration	JPY	-10590000000
jpcrp030000-asr_E00883-000:GainOnBusinessTransferOpeCFIFRS		CurrentYearDuration	JPY	－
jpigp_cor:InterestAndDividendIncomeOpeCFIFRS	受取利息及び受取配当金、営業活動によるキャッシュ・フロー（IFRS）	Prior1YearDuration	JPY	-4678000000
jpigp_cor:InterestAndDividendIncomeOpeCFIFRS	受取利息及び受取配当金、営業活動によるキャッシュ・フロー（IFRS）	CurrentYearDuration	JPY	-3508000000
jpigp_cor:InterestExpensesOpeCFIFRS	支払利息、営業活動によるキャッシュ・フロー（IFRS）	Prior1YearDuration	JPY	2729000000
jpigp_cor:InterestExpensesOpeCFIFRS	支払利息、営業活動によるキャッシュ・フロー（IFRS）	CurrentYearDuration	JPY	2714000000
jpigp_cor:ShareOfLossProfitOfInvestmentsAccountedForUsingEquityMethodOpeCFIFRS	持分法による投資損益（△は益）、営業活動によるキャッシュ・フロー（IFRS）	Prior1YearDuration	JPY	-3482000000
jpigp_cor:ShareOfLossProfitOfInvestmentsAccountedForUsingEquityMethodOpeCFIFRS	持分法による投資損益（△は益）、営業活動によるキャッシュ・フロー（IFRS）	CurrentYearDuration	JPY	-3406000000
jpigp_cor:LossGainOnSaleAndRetirementOfPropertyPlantAndEquipmentAndIntangibleAssetsOpeCFIFRS	有形固定資産及び無形資産除売却損益（△は益）、営業活動によるキャッシュ・フロー（IFRS）	Prior1YearDuration	JPY	2361000000
jpigp_cor:LossGainOnSaleAndRetirementOfPropertyPlantAndEquipmentAndIntangibleAssetsOpeCFIFRS	有形固定資産及び無形資産除売却損益（△は益）、営業活動によるキャッシュ・フロー（IFRS）	CurrentYearDuration	JPY	3257000000
jpigp_cor:DecreaseIncreaseInTradeAndOtherReceivablesOpeCFIFRS	営業債権及びその他の債権の増減額（△は増加）、営業活動によるキャッシュ・フロー（IFRS）	Prior1YearDuration	JPY	1184000000
jpigp_cor:DecreaseIncreaseInTradeAndOtherReceivablesOpeCFIFRS	営業債権及びその他の債権の増減額（△は増加）、営業活動によるキャッシュ・フロー（IFRS）	CurrentYearDuration	JPY	4009000000
jpigp_cor:DecreaseIncreaseInInventoriesOpeCFIFRS	棚卸資産の増減額（△は増加）、営業活動によるキャッシュ・フロー（IFRS）	Prior1YearDuration	JPY	-1414000000
jpigp_cor:DecreaseIncreaseInInventoriesOpeCFIFRS	棚卸資産の増減額（△は増加）、営業活動によるキャッシュ・フロー（IFRS）	CurrentYearDuration	JPY	-10084000000
jpigp_cor:IncreaseDecreaseInTradeAndOtherPayablesOpeCFIFRS	営業債務及びその他の債務の増減額（△は減少）、営業活動によるキャッシュ・フロー（IFRS）	Prior1YearDuration	JPY	10991000000
jpigp_cor:IncreaseDecreaseInTradeAndOtherPayablesOpeCFIFRS	営業債務及びその他の債務の増減額（△は減少）、営業活動によるキャッシュ・フロー（IFRS）	CurrentYearDuration	JPY	-1395000000
jpigp_cor:IncreaseDecreaseInRetirementBenefitLiabilityOpeCFIFRS	退職給付に係る負債の増減額（△は減少）、営業活動によるキャッシュ・フロー（IFRS）	Prior1YearDuration	JPY	-1793000000
jpigp_cor:IncreaseDecreaseInRetirementBenefitLiabilityOpeCFIFRS	退職給付に係る負債の増減額（△は減少）、営業活動によるキャッシュ・フロー（IFRS）	CurrentYearDuration	JPY	-4171000000
jpigp_cor:IncreaseDecreaseInProvisionsOpeCFIFRS	引当金の増減額（△は減少）、営業活動によるキャッシュ・フロー（IFRS）	Prior1YearDuration	JPY	-12293000000
jpigp_cor:IncreaseDecreaseInProvisionsOpeCFIFRS	引当金の増減額（△は減少）、営業活動によるキャッシュ・フロー（IFRS）	CurrentYearDuration	JPY	-2414000000
jpigp_cor:OtherChangesInWorkingCapitalOpeCFIFRS	その他、運転資本の増減、営業活動によるキャッシュ・フロー（IFRS）	Prior1YearDuration	JPY	2603000000
jpigp_cor:OtherChangesInWorkingCapitalOpeCFIFRS	その他、運転資本の増減、営業活動によるキャッシュ・フロー（IFRS）	CurrentYearDuration	JPY	-14104000000
jpigp_cor:SubtotalOpeCFIFRS	小計、営業活動によるキャッシュ・フロー（IFRS）	Prior1YearDuration	JPY	225064000000
jpigp_cor:SubtotalOpeCFIFRS	小計、営業活動によるキャッシュ・フロー（IFRS）	CurrentYearDuration	JPY	226585000000
jpigp_cor:InterestReceivedOpeCFIFRS	利息の受取額、営業活動によるキャッシュ・フロー（IFRS）	Prior1YearDuration	JPY	4428000000
jpigp_cor:InterestReceivedOpeCFIFRS	利息の受取額、営業活動によるキャッシュ・フロー（IFRS）	CurrentYearDuration	JPY	3286000000
jpigp_cor:DividendsReceivedOpeCFIFRS	配当金の受取額、営業活動によるキャッシュ・フロー（IFRS）	Prior1YearDuration	JPY	2343000000
jpigp_cor:DividendsReceivedOpeCFIFRS	配当金の受取額、営業活動によるキャッシュ・フロー（IFRS）	CurrentYearDuration	JPY	3469000000
jpigp_cor:InterestPaidOpeCFIFRS	利息の支払額、営業活動によるキャッシュ・フロー（IFRS）	Prior1YearDuration	JPY	-2622000000
jpigp_cor:InterestPaidOpeCFIFRS	利息の支払額、営業活動によるキャッシュ・フロー（IFRS）	CurrentYearDuration	JPY	-2637000000
jpigp_cor:IncomeTaxesPaidOpeCFIFRS	法人所得税の支払額、営業活動によるキャッシュ・フロー（IFRS）	Prior1YearDuration	JPY	-27628000000
jpigp_cor:IncomeTaxesPaidOpeCFIFRS	法人所得税の支払額、営業活動によるキャッシュ・フロー（IFRS）	CurrentYearDuration	JPY	-31023000000
jpigp_cor:NetCashProvidedByUsedInOperatingActivitiesIFRS	営業活動によるキャッシュ・フロー（IFRS）	Prior1YearDuration	JPY	201585000000
jpigp_cor:NetCashProvidedByUsedInOperatingActivitiesIFRS	営業活動によるキャッシュ・フロー（IFRS）	CurrentYearDuration	JPY	199680000000
jpigp_cor:PaymentsIntoTimeDepositsInvCFIFRS	定期預金の預入による支出、投資活動によるキャッシュ・フロー（IFRS）	Prior1YearDuration	JPY	-16977000000
jpigp_cor:PaymentsIntoTimeDepositsInvCFIFRS	定期預金の預入による支出、投資活動によるキャッシュ・フロー（IFRS）	CurrentYearDuration	JPY	-13573000000
jpigp_cor:ProceedsFromWithdrawalOfTimeDepositsInvCFIFRS	定期預金の払戻による収入、投資活動によるキャッシュ・フロー（IFRS）	Prior1YearDuration	JPY	13554000000
jpigp_cor:ProceedsFromWithdrawalOfTimeDepositsInvCFIFRS	定期預金の払戻による収入、投資活動によるキャッシュ・フロー（IFRS）	CurrentYearDuration	JPY	13267000000
jpigp_cor:PurchaseOfPropertyPlantAndEquipmentInvCFIFRS	有形固定資産の取得による支出、投資活動によるキャッシュ・フロー（IFRS）	Prior1YearDuration	JPY	-57404000000
jpigp_cor:PurchaseOfPropertyPlantAndEquipmentInvCFIFRS	有形固定資産の取得による支出、投資活動によるキャッシュ・フロー（IFRS）	CurrentYearDuration	JPY	-61214000000
jpigp_cor:ProceedsFromSaleOfPropertyPlantAndEquipmentInvCFIFRS	有形固定資産の売却による収入、投資活動によるキャッシュ・フロー（IFRS）	Prior1YearDuration	JPY	9827000000
jpigp_cor:ProceedsFromSaleOfPropertyPlantAndEquipmentInvCFIFRS	有形固定資産の売却による収入、投資活動によるキャッシュ・フロー（IFRS）	CurrentYearDuration	JPY	1557000000
jpigp_cor:PurchaseOfIntangibleAssetsInvCFIFRS	無形資産の取得による支出、投資活動によるキャッシュ・フロー（IFRS）	Prior1YearDuration	JPY	-10072000000
jpigp_cor:PurchaseOfIntangibleAssetsInvCFIFRS	無形資産の取得による支出、投資活動によるキャッシュ・フロー（IFRS）	CurrentYearDuration	JPY	-9631000000
jpigp_cor:ProceedsFromSaleOfBusinessesInvCFIFRS	事業譲渡による収入、投資活動によるキャッシュ・フロー（IFRS）	Prior1YearDuration	JPY	11783000000
jpigp_cor:ProceedsFromSaleOfBusinessesInvCFIFRS	事業譲渡による収入、投資活動によるキャッシュ・フロー（IFRS）	CurrentYearDuration	JPY	－
jpigp_cor:OtherInvCFIFRS	その他、投資活動によるキャッシュ・フロー（IFRS）	Prior1YearDuration	JPY	3387000000
jpigp_cor:OtherInvCFIFRS	その他、投資活動によるキャッシュ・フロー（IFRS）	CurrentYearDuration	JPY	-173000000
jpigp_cor:NetCashProvidedByUsedInInvestingActivitiesIFRS	投資活動によるキャッシュ・フロー（IFRS）	Prior1YearDuration	JPY	-45902000000
jpigp_cor:NetCashProvidedByUsedInInvestingActivitiesIFRS	投資活動によるキャッシュ・フロー（IFRS）	CurrentYearDuration	JPY	-69767000000
jpigp_cor:NetIncreaseDecreaseInShortTermBorrowingsFinCFIFRS	短期借入金の純増減額（△は減少）、財務活動によるキャッシュ・フロー（IFRS）	Prior1YearDuration	JPY	-14299000000
jpigp_cor:NetIncreaseDecreaseInShortTermBorrowingsFinCFIFRS	短期借入金の純増減額（△は減少）、財務活動によるキャッシュ・フロー（IFRS）	CurrentYearDuration	JPY	90000000
jpigp_cor:ProceedsFromLongTermBorrowingsFinCFIFRS	長期借入れによる収入、財務活動によるキャッシュ・フロー（IFRS）	Prior1YearDuration	JPY	10000000000
jpigp_cor:ProceedsFromLongTermBorrowingsFinCFIFRS	長期借入れによる収入、財務活動によるキャッシュ・フロー（IFRS）	CurrentYearDuration	JPY	10562000000
jpigp_cor:RepaymentsOfLongTermBorrowingsFinCFIFRS	長期借入金の返済による支出、財務活動によるキャッシュ・フロー（IFRS）	Prior1YearDuration	JPY	-4375000000
jpigp_cor:RepaymentsOfLongTermBorrowingsFinCFIFRS	長期借入金の返済による支出、財務活動によるキャッシュ・フロー（IFRS）	CurrentYearDuration	JPY	-10023000000
jpigp_cor:ProceedsFromIssuanceOfBondsFinCFIFRS	社債の発行による収入、財務活動によるキャッシュ・フロー（IFRS）	Prior1YearDuration	JPY	－
jpigp_cor:ProceedsFromIssuanceOfBondsFinCFIFRS	社債の発行による収入、財務活動によるキャッシュ・フロー（IFRS）	CurrentYearDuration	JPY	24939000000
jpigp_cor:RedemptionOfBondsFinCFIFRS	社債の償還による支出、財務活動によるキャッシュ・フロー（IFRS）	Prior1YearDuration	JPY	-12000000
jpigp_cor:RedemptionOfBondsFinCFIFRS	社債の償還による支出、財務活動によるキャッシュ・フロー（IFRS）	CurrentYearDuration	JPY	-24951000000
jpigp_cor:RepaymentsOfLeaseObligationsFinCFIFRS	リース負債の返済による支出、財務活動によるキャッシュ・フロー（IFRS）	Prior1YearDuration	JPY	-21637000000
jpigp_cor:RepaymentsOfLeaseObligationsFinCFIFRS	リース負債の返済による支出、財務活動によるキャッシュ・フロー（IFRS）	CurrentYearDuration	JPY	-22281000000
jpigp_cor:PaymentsForPurchaseOfTreasurySharesFinCFIFRS	自己株式の取得による支出、財務活動によるキャッシュ・フロー（IFRS）	Prior1YearDuration	JPY	-2846000000
jpigp_cor:PaymentsForPurchaseOfTreasurySharesFinCFIFRS	自己株式の取得による支出、財務活動によるキャッシュ・フロー（IFRS）	CurrentYearDuration	JPY	-80053000000
jpigp_cor:DividendsPaidFinCFIFRS	配当金の支払額、財務活動によるキャッシュ・フロー（IFRS）	Prior1YearDuration	JPY	-70246000000
jpigp_cor:DividendsPaidFinCFIFRS	配当金の支払額、財務活動によるキャッシュ・フロー（IFRS）	CurrentYearDuration	JPY	-71149000000
jpigp_cor:DividendsPaidToNonControllingInterestsFinCFIFRS	非支配持分への配当金の支払額、財務活動によるキャッシュ・フロー（IFRS）	Prior1YearDuration	JPY	-1227000000
jpigp_cor:DividendsPaidToNonControllingInterestsFinCFIFRS	非支配持分への配当金の支払額、財務活動によるキャッシュ・フロー（IFRS）	CurrentYearDuration	JPY	-1676000000
jpigp_cor:OtherFinCFIFRS	その他、財務活動によるキャッシュ・フロー（IFRS）	Prior1YearDuration	JPY	64000000
jpigp_cor:OtherFinCFIFRS	その他、財務活動によるキャッシュ・フロー（IFRS）	CurrentYearDuration	JPY	-592000000
jpigp_cor:NetCashProvidedByUsedInFinancingActivitiesIFRS	財務活動によるキャッシュ・フロー（IFRS）	Prior1YearDuration	JPY	-104578000000
jpigp_cor:NetCashProvidedByUsedInFinancingActivitiesIFRS	財務活動によるキャッシュ・フロー（IFRS）	CurrentYearDuration	JPY	-175134000000
jpigp_cor:NetIncreaseDecreaseInCashAndCashEquivalentsBeforeEffectOfExchangeRateChangesIFRS	現金及び現金同等物の増減額（△は減少）（換算差額加算前）（IFRS）	Prior1YearDuration	JPY	51105000000
jpigp_cor:NetIncreaseDecreaseInCashAndCashEquivalentsBeforeEffectOfExchangeRateChangesIFRS	現金及び現金同等物の増減額（△は減少）（換算差額加算前）（IFRS）	CurrentYearDuration	JPY	-45221000000
jpigp_cor:CashAndCashEquivalentsIFRS	現金及び現金同等物（IFRS）	Prior2YearInstant	JPY	291663000000
jpigp_cor:CashAndCashEquivalentsIFRS	現金及び現金同等物（IFRS）	Prior1YearInstant	JPY	357713000000
jpigp_cor:EffectOfExchangeRateChangesOnCashAndCashEquivalentsIFRS	現金及び現金同等物の為替変動による影響（IFRS）	Prior1YearDuration	JPY	14945000000
jpigp_cor:EffectOfExchangeRateChangesOnCashAndCashEquivalentsIFRS	現金及び現金同等物の為替変動による影響（IFRS）	CurrentYearDuration	JPY	10790000000
jpigp_cor:CashAndCashEquivalentsIFRS	現金及び現金同等物（IFRS）	Prior1YearInstant	JPY	357713000000
jpigp_cor:CashAndCashEquivalentsIFRS	現金及び現金同等物（IFRS）	CurrentYearInstant	JPY	323282000000
jpigp_cor:SalesToExternalCustomersIFRS	外部顧客への売上高（IFRS）	Prior1YearDuration_jpcrp030000-asr_E00883-000HygieneLivingCareBusinessReportableSegmentMember	JPY	544278000000
jpigp_cor:SalesToExternalCustomersIFRS	外部顧客への売上高（IFRS）	Prior1YearDuration_jpcrp030000-asr_E00883-000HealthBeautyCareBusinessReportableSegmentMember	JPY	423967000000
jpigp_cor:SalesToExternalCustomersIFRS	外部顧客への売上高（IFRS）	Prior1YearDuration_jpcrp030000-asr_E00883-000CosmeticsBusinessReportableSegmentMember	JPY	244102000000
jpigp_cor:SalesToExternalCustomersIFRS	外部顧客への売上高（IFRS）	Prior1YearDuration_jpcrp030000-asr_E00883-000BusinessConnectedBusinessReportableSegmentMember	JPY	40478000000
jpigp_cor:SalesToExternalCustomersIFRS	外部顧客への売上高（IFRS）	Prior1YearDuration_jpcrp030000-asr_E00883-000GlobalConsumerCareBusinessReportableSegmentMember	JPY	1252825000000
jpigp_cor:SalesToExternalCustomersIFRS	外部顧客への売上高（IFRS）	Prior1YearDuration_jpcrp030000-asr_E00883-000ChemicalBusinessReportableSegmentMember	JPY	375623000000
jpigp_cor:SalesToExternalCustomersIFRS	外部顧客への売上高（IFRS）	Prior1YearDuration_ReportableSegmentsMember	JPY	1628448000000
jpigp_cor:SalesToExternalCustomersIFRS	外部顧客への売上高（IFRS）	Prior1YearDuration_ReconcilingItemsMember	JPY	－
jpigp_cor:SalesToExternalCustomersIFRS	外部顧客への売上高（IFRS）	Prior1YearDuration	JPY	1628448000000
jpigp_cor:IntersegmentSalesIFRS	セグメント間の売上高（IFRS）	Prior1YearDuration_jpcrp030000-asr_E00883-000HygieneLivingCareBusinessReportableSegmentMember	JPY	－
jpigp_cor:IntersegmentSalesIFRS	セグメント間の売上高（IFRS）	Prior1YearDuration_jpcrp030000-asr_E00883-000HealthBeautyCareBusinessReportableSegmentMember	JPY	－
jpigp_cor:IntersegmentSalesIFRS	セグメント間の売上高（IFRS）	Prior1YearDuration_jpcrp030000-asr_E00883-000CosmeticsBusinessReportableSegmentMember	JPY	－
jpigp_cor:IntersegmentSalesIFRS	セグメント間の売上高（IFRS）	Prior1YearDuration_jpcrp030000-asr_E00883-000BusinessConnectedBusinessReportableSegmentMember	JPY	－
jpigp_cor:IntersegmentSalesIFRS	セグメント間の売上高（IFRS）	Prior1YearDuration_jpcrp030000-asr_E00883-000GlobalConsumerCareBusinessReportableSegmentMember	JPY	－
jpigp_cor:IntersegmentSalesIFRS	セグメント間の売上高（IFRS）	Prior1YearDuration_jpcrp030000-asr_E00883-000ChemicalBusinessReportableSegmentMember	JPY	45678000000
jpigp_cor:IntersegmentSalesIFRS	セグメント間の売上高（IFRS）	Prior1YearDuration_ReportableSegmentsMember	JPY	45678000000
jpigp_cor:IntersegmentSalesIFRS	セグメント間の売上高（IFRS）	Prior1YearDuration_ReconcilingItemsMember	JPY	-45678000000
jpigp_cor:IntersegmentSalesIFRS	セグメント間の売上高（IFRS）	Prior1YearDuration	JPY	－
jpigp_cor:NetSalesIFRS	売上高（IFRS）	Prior1YearDuration_jpcrp030000-asr_E00883-000HygieneLivingCareBusinessReportableSegmentMember	JPY	544278000000
jpigp_cor:NetSalesIFRS	売上高（IFRS）	Prior1YearDuration_jpcrp030000-asr_E00883-000HealthBeautyCareBusinessReportableSegmentMember	JPY	423967000000
jpigp_cor:NetSalesIFRS	売上高（IFRS）	Prior1YearDuration_jpcrp030000-asr_E00883-000CosmeticsBusinessReportableSegmentMember	JPY	244102000000
jpigp_cor:NetSalesIFRS	売上高（IFRS）	Prior1YearDuration_jpcrp030000-asr_E00883-000BusinessConnectedBusinessReportableSegmentMember	JPY	40478000000
jpigp_cor:NetSalesIFRS	売上高（IFRS）	Prior1YearDuration_jpcrp030000-asr_E00883-000GlobalConsumerCareBusinessReportableSegmentMember	JPY	1252825000000
jpigp_cor:NetSalesIFRS	売上高（IFRS）	Prior1YearDuration_jpcrp030000-asr_E00883-000ChemicalBusinessReportableSegmentMember	JPY	421301000000
jpigp_cor:NetSalesIFRS	売上高（IFRS）	Prior1YearDuration_ReportableSegmentsMember	JPY	1674126000000
jpigp_cor:NetSalesIFRS	売上高（IFRS）	Prior1YearDuration_ReconcilingItemsMember	JPY	-45678000000
jpigp_cor:NetSalesIFRS	売上高（IFRS）	Prior1YearDuration	JPY	1628448000000
jpigp_cor:OperatingProfitLossIFRS	営業利益（△損失）（IFRS）	Prior1YearDuration_jpcrp030000-asr_E00883-000HygieneLivingCareBusinessReportableSegmentMember	JPY	75771000000
jpigp_cor:OperatingProfitLossIFRS	営業利益（△損失）（IFRS）	Prior1YearDuration_jpcrp030000-asr_E00883-000HealthBeautyCareBusinessReportableSegmentMember	JPY	34433000000
jpigp_cor:OperatingProfitLossIFRS	営業利益（△損失）（IFRS）	Prior1YearDuration_jpcrp030000-asr_E00883-000CosmeticsBusinessReportableSegmentMember	JPY	-3664000000
jpigp_cor:OperatingProfitLossIFRS	営業利益（△損失）（IFRS）	Prior1YearDuration_jpcrp030000-asr_E00883-000BusinessConnectedBusinessReportableSegmentMember	JPY	5206000000
jpigp_cor:OperatingProfitLossIFRS	営業利益（△損失）（IFRS）	Prior1YearDuration_jpcrp030000-asr_E00883-000GlobalConsumerCareBusinessReportableSegmentMember	JPY	111746000000
jpigp_cor:OperatingProfitLossIFRS	営業利益（△損失）（IFRS）	Prior1YearDuration_jpcrp030000-asr_E00883-000ChemicalBusinessReportableSegmentMember	JPY	35721000000
jpigp_cor:OperatingProfitLossIFRS	営業利益（△損失）（IFRS）	Prior1YearDuration_ReportableSegmentsMember	JPY	147467000000
jpigp_cor:OperatingProfitLossIFRS	営業利益（△損失）（IFRS）	Prior1YearDuration_ReconcilingItemsMember	JPY	-823000000
jpigp_cor:OperatingProfitLossIFRS	営業利益（△損失）（IFRS）	Prior1YearDuration	JPY	146644000000
jpigp_cor:FinanceIncomeIFRS	金融収益（IFRS）	Prior1YearDuration	JPY	4988000000
jpigp_cor:FinanceCostsIFRS	金融費用（IFRS）	Prior1YearDuration	JPY	4090000000
jpigp_cor:ShareOfProfitLossOfInvestmentsAccountedForUsingEquityMethodIFRS	持分法による投資損益（△は損失）（IFRS）	Prior1YearDuration	JPY	3482000000
jpigp_cor:ProfitLossBeforeTaxIFRS	継続事業からの税引前利益（△損失）（IFRS）	Prior1YearDuration	JPY	151024000000
jpigp_cor:DepreciationAndAmortizationOperatingExpensesIFRS	減価償却費及び償却費、営業費用（IFRS）	Prior1YearDuration_jpcrp030000-asr_E00883-000HygieneLivingCareBusinessReportableSegmentMember	JPY	30309000000
jpigp_cor:DepreciationAndAmortizationOperatingExpensesIFRS	減価償却費及び償却費、営業費用（IFRS）	Prior1YearDuration_jpcrp030000-asr_E00883-000HealthBeautyCareBusinessReportableSegmentMember	JPY	19633000000
jpigp_cor:DepreciationAndAmortizationOperatingExpensesIFRS	減価償却費及び償却費、営業費用（IFRS）	Prior1YearDuration_jpcrp030000-asr_E00883-000CosmeticsBusinessReportableSegmentMember	JPY	13297000000
jpigp_cor:DepreciationAndAmortizationOperatingExpensesIFRS	減価償却費及び償却費、営業費用（IFRS）	Prior1YearDuration_jpcrp030000-asr_E00883-000BusinessConnectedBusinessReportableSegmentMember	JPY	2336000000
jpigp_cor:DepreciationAndAmortizationOperatingExpensesIFRS	減価償却費及び償却費、営業費用（IFRS）	Prior1YearDuration_jpcrp030000-asr_E00883-000GlobalConsumerCareBusinessReportableSegmentMember	JPY	65575000000
jpigp_cor:DepreciationAndAmortizationOperatingExpensesIFRS	減価償却費及び償却費、営業費用（IFRS）	Prior1YearDuration_jpcrp030000-asr_E00883-000ChemicalBusinessReportableSegmentMember	JPY	20774000000
jpigp_cor:DepreciationAndAmortizationOperatingExpensesIFRS	減価償却費及び償却費、営業費用（IFRS）	Prior1YearDuration_ReportableSegmentsMember	JPY	86349000000
jpigp_cor:DepreciationAndAmortizationOperatingExpensesIFRS	減価償却費及び償却費、営業費用（IFRS）	Prior1YearDuration_ReconcilingItemsMember	JPY	2073000000
jpigp_cor:DepreciationAndAmortizationOperatingExpensesIFRS	減価償却費及び償却費、営業費用（IFRS）	Prior1YearDuration	JPY	88422000000
jpigp_cor:ImpairmentLossesPLIFRS	減損損失、損益（IFRS）	Prior1YearDuration_jpcrp030000-asr_E00883-000HygieneLivingCareBusinessReportableSegmentMember	JPY	726000000
jpigp_cor:ImpairmentLossesPLIFRS	減損損失、損益（IFRS）	Prior1YearDuration_jpcrp030000-asr_E00883-000HealthBeautyCareBusinessReportableSegmentMember	JPY	76000000
jpigp_cor:ImpairmentLossesPLIFRS	減損損失、損益（IFRS）	Prior1YearDuration_jpcrp030000-asr_E00883-000CosmeticsBusinessReportableSegmentMember	JPY	69000000
jpigp_cor:ImpairmentLossesPLIFRS	減損損失、損益（IFRS）	Prior1YearDuration_jpcrp030000-asr_E00883-000BusinessConnectedBusinessReportableSegmentMember	JPY	3000000
jpigp_cor:ImpairmentLossesPLIFRS	減損損失、損益（IFRS）	Prior1YearDuration_jpcrp030000-asr_E00883-000GlobalConsumerCareBusinessReportableSegmentMember	JPY	874000000
jpigp_cor:ImpairmentLossesPLIFRS	減損損失、損益（IFRS）	Prior1YearDuration_jpcrp030000-asr_E00883-000ChemicalBusinessReportableSegmentMember	JPY	658000000
jpigp_cor:ImpairmentLossesPLIFRS	減損損失、損益（IFRS）	Prior1YearDuration_ReportableSegmentsMember	JPY	1532000000
jpigp_cor:ImpairmentLossesPLIFRS	減損損失、損益（IFRS）	Prior1YearDuration_ReconcilingItemsMember	JPY	281000000
jpigp_cor:ImpairmentLossesPLIFRS	減損損失、損益（IFRS）	Prior1YearDuration	JPY	1813000000
jpigp_cor:CapitalExpendituresIFRS	資本的支出（IFRS）	Prior1YearDuration_jpcrp030000-asr_E00883-000HygieneLivingCareBusinessReportableSegmentMember	JPY	28394000000
jpigp_cor:CapitalExpendituresIFRS	資本的支出（IFRS）	Prior1YearDuration_jpcrp030000-asr_E00883-000HealthBeautyCareBusinessReportableSegmentMember	JPY	18632000000
jpigp_cor:CapitalExpendituresIFRS	資本的支出（IFRS）	Prior1YearDuration_jpcrp030000-asr_E00883-000CosmeticsBusinessReportableSegmentMember	JPY	15132000000
jpigp_cor:CapitalExpendituresIFRS	資本的支出（IFRS）	Prior1YearDuration_jpcrp030000-asr_E00883-000BusinessConnectedBusinessReportableSegmentMember	JPY	1682000000
jpigp_cor:CapitalExpendituresIFRS	資本的支出（IFRS）	Prior1YearDuration_jpcrp030000-asr_E00883-000GlobalConsumerCareBusinessReportableSegmentMember	JPY	63840000000
jpigp_cor:CapitalExpendituresIFRS	資本的支出（IFRS）	Prior1YearDuration_jpcrp030000-asr_E00883-000ChemicalBusinessReportableSegmentMember	JPY	28631000000
jpigp_cor:CapitalExpendituresIFRS	資本的支出（IFRS）	Prior1YearDuration_ReportableSegmentsMember	JPY	92471000000
jpigp_cor:CapitalExpendituresIFRS	資本的支出（IFRS）	Prior1YearDuration_ReconcilingItemsMember	JPY	1059000000
jpigp_cor:CapitalExpendituresIFRS	資本的支出（IFRS）	Prior1YearDuration	JPY	93530000000
jpigp_cor:SalesToExternalCustomersIFRS	外部顧客への売上高（IFRS）	CurrentYearDuration_jpcrp030000-asr_E00883-000HygieneLivingCareBusinessReportableSegmentMember	JPY	549333000000
jpigp_cor:SalesToExternalCustomersIFRS	外部顧客への売上高（IFRS）	CurrentYearDuration_jpcrp030000-asr_E00883-000HealthBeautyCareBusinessReportableSegmentMember	JPY	432882000000
jpigp_cor:SalesToExternalCustomersIFRS	外部顧客への売上高（IFRS）	CurrentYearDuration_jpcrp030000-asr_E00883-000CosmeticsBusinessReportableSegmentMember	JPY	261563000000
jpigp_cor:SalesToExternalCustomersIFRS	外部顧客への売上高（IFRS）	CurrentYearDuration_jpcrp030000-asr_E00883-000BusinessConnectedBusinessReportableSegmentMember	JPY	39174000000
jpigp_cor:SalesToExternalCustomersIFRS	外部顧客への売上高（IFRS）	CurrentYearDuration_jpcrp030000-asr_E00883-000GlobalConsumerCareBusinessReportableSegmentMember	JPY	1282952000000
jpigp_cor:SalesToExternalCustomersIFRS	外部顧客への売上高（IFRS）	CurrentYearDuration_jpcrp030000-asr_E00883-000ChemicalBusinessReportableSegmentMember	JPY	405681000000
jpigp_cor:SalesToExternalCustomersIFRS	外部顧客への売上高（IFRS）	CurrentYearDuration_ReportableSegmentsMember	JPY	1688633000000
jpigp_cor:SalesToExternalCustomersIFRS	外部顧客への売上高（IFRS）	CurrentYearDuration_ReconcilingItemsMember	JPY	－
jpigp_cor:SalesToExternalCustomersIFRS	外部顧客への売上高（IFRS）	CurrentYearDuration	JPY	1688633000000
jpigp_cor:IntersegmentSalesIFRS	セグメント間の売上高（IFRS）	CurrentYearDuration_jpcrp030000-asr_E00883-000HygieneLivingCareBusinessReportableSegmentMember	JPY	－
jpigp_cor:IntersegmentSalesIFRS	セグメント間の売上高（IFRS）	CurrentYearDuration_jpcrp030000-asr_E00883-000HealthBeautyCareBusinessReportableSegmentMember	JPY	－
jpigp_cor:IntersegmentSalesIFRS	セグメント間の売上高（IFRS）	CurrentYearDuration_jpcrp030000-asr_E00883-000CosmeticsBusinessReportableSegmentMember	JPY	－
jpigp_cor:IntersegmentSalesIFRS	セグメント間の売上高（IFRS）	CurrentYearDuration_jpcrp030000-asr_E00883-000BusinessConnectedBusinessReportableSegmentMember	JPY	－
jpigp_cor:IntersegmentSalesIFRS	セグメント間の売上高（IFRS）	CurrentYearDuration_jpcrp030000-asr_E00883-000GlobalConsumerCareBusinessReportableSegmentMember	JPY	－
jpigp_cor:IntersegmentSalesIFRS	セグメント間の売上高（IFRS）	CurrentYearDuration_jpcrp030000-asr_E00883-000ChemicalBusinessReportableSegmentMember	JPY	45840000000
jpigp_cor:IntersegmentSalesIFRS	セグメント間の売上高（IFRS）	CurrentYearDuration_ReportableSegmentsMember	JPY	45840000000
jpigp_cor:IntersegmentSalesIFRS	セグメント間の売上高（IFRS）	CurrentYearDuration_ReconcilingItemsMember	JPY	-45840000000
jpigp_cor:IntersegmentSalesIFRS	セグメント間の売上高（IFRS）	CurrentYearDuration	JPY	－
jpigp_cor:NetSalesIFRS	売上高（IFRS）	CurrentYearDuration_jpcrp030000-asr_E00883-000HygieneLivingCareBusinessReportableSegmentMember	JPY	549333000000
jpigp_cor:NetSalesIFRS	売上高（IFRS）	CurrentYearDuration_jpcrp030000-asr_E00883-000HealthBeautyCareBusinessReportableSegmentMember	JPY	432882000000
jpigp_cor:NetSalesIFRS	売上高（IFRS）	CurrentYearDuration_jpcrp030000-asr_E00883-000CosmeticsBusinessReportableSegmentMember	JPY	261563000000
jpigp_cor:NetSalesIFRS	売上高（IFRS）	CurrentYearDuration_jpcrp030000-asr_E00883-000BusinessConnectedBusinessReportableSegmentMember	JPY	39174000000
jpigp_cor:NetSalesIFRS	売上高（IFRS）	CurrentYearDuration_jpcrp030000-asr_E00883-000GlobalConsumerCareBusinessReportableSegmentMember	JPY	1282952000000
jpigp_cor:NetSalesIFRS	売上高（IFRS）	CurrentYearDuration_jpcrp030000-asr_E00883-000ChemicalBusinessReportableSegmentMember	JPY	451521000000
jpigp_cor:NetSalesIFRS	売上高（IFRS）	CurrentYearDuration_ReportableSegmentsMember	JPY	1734473000000
jpigp_cor:NetSalesIFRS	売上高（IFRS）	CurrentYearDuration_ReconcilingItemsMember	JPY	-45840000000
jpigp_cor:NetSalesIFRS	売上高（IFRS）	CurrentYearDuration	JPY	1688633000000
jpigp_cor:OperatingProfitLossIFRS	営業利益（△損失）（IFRS）	CurrentYearDuration_jpcrp030000-asr_E00883-000HygieneLivingCareBusinessReportableSegmentMember	JPY	81273000000
jpigp_cor:OperatingProfitLossIFRS	営業利益（△損失）（IFRS）	CurrentYearDuration_jpcrp030000-asr_E00883-000HealthBeautyCareBusinessReportableSegmentMember	JPY	39136000000
jpigp_cor:OperatingProfitLossIFRS	営業利益（△損失）（IFRS）	CurrentYearDuration_jpcrp030000-asr_E00883-000CosmeticsBusinessReportableSegmentMember	JPY	10411000000
jpigp_cor:OperatingProfitLossIFRS	営業利益（△損失）（IFRS）	CurrentYearDuration_jpcrp030000-asr_E00883-000BusinessConnectedBusinessReportableSegmentMember	JPY	2254000000
jpigp_cor:OperatingProfitLossIFRS	営業利益（△損失）（IFRS）	CurrentYearDuration_jpcrp030000-asr_E00883-000GlobalConsumerCareBusinessReportableSegmentMember	JPY	133074000000
jpigp_cor:OperatingProfitLossIFRS	営業利益（△損失）（IFRS）	CurrentYearDuration_jpcrp030000-asr_E00883-000ChemicalBusinessReportableSegmentMember	JPY	30188000000
jpigp_cor:OperatingProfitLossIFRS	営業利益（△損失）（IFRS）	CurrentYearDuration_ReportableSegmentsMember	JPY	163262000000
jpigp_cor:OperatingProfitLossIFRS	営業利益（△損失）（IFRS）	CurrentYearDuration_ReconcilingItemsMember	JPY	807000000
jpigp_cor:OperatingProfitLossIFRS	営業利益（△損失）（IFRS）	CurrentYearDuration	JPY	164069000000
jpigp_cor:FinanceIncomeIFRS	金融収益（IFRS）	CurrentYearDuration	JPY	6198000000
jpigp_cor:FinanceCostsIFRS	金融費用（IFRS）	CurrentYearDuration	JPY	3827000000
jpigp_cor:ShareOfProfitLossOfInvestmentsAccountedForUsingEquityMethodIFRS	持分法による投資損益（△は損失）（IFRS）	CurrentYearDuration	JPY	3406000000
jpigp_cor:ProfitLossBeforeTaxIFRS	継続事業からの税引前利益（△損失）（IFRS）	CurrentYearDuration	JPY	169846000000
jpigp_cor:DepreciationAndAmortizationOperatingExpensesIFRS	減価償却費及び償却費、営業費用（IFRS）	CurrentYearDuration_jpcrp030000-asr_E00883-000HygieneLivingCareBusinessReportableSegmentMember	JPY	30657000000
jpigp_cor:DepreciationAndAmortizationOperatingExpensesIFRS	減価償却費及び償却費、営業費用（IFRS）	CurrentYearDuration_jpcrp030000-asr_E00883-000HealthBeautyCareBusinessReportableSegmentMember	JPY	19789000000
jpigp_cor:DepreciationAndAmortizationOperatingExpensesIFRS	減価償却費及び償却費、営業費用（IFRS）	CurrentYearDuration_jpcrp030000-asr_E00883-000CosmeticsBusinessReportableSegmentMember	JPY	11546000000
jpigp_cor:DepreciationAndAmortizationOperatingExpensesIFRS	減価償却費及び償却費、営業費用（IFRS）	CurrentYearDuration_jpcrp030000-asr_E00883-000BusinessConnectedBusinessReportableSegmentMember	JPY	1397000000
jpigp_cor:DepreciationAndAmortizationOperatingExpensesIFRS	減価償却費及び償却費、営業費用（IFRS）	CurrentYearDuration_jpcrp030000-asr_E00883-000GlobalConsumerCareBusinessReportableSegmentMember	JPY	63389000000
jpigp_cor:DepreciationAndAmortizationOperatingExpensesIFRS	減価償却費及び償却費、営業費用（IFRS）	CurrentYearDuration_jpcrp030000-asr_E00883-000ChemicalBusinessReportableSegmentMember	JPY	20477000000
jpigp_cor:DepreciationAndAmortizationOperatingExpensesIFRS	減価償却費及び償却費、営業費用（IFRS）	CurrentYearDuration_ReportableSegmentsMember	JPY	83866000000
jpigp_cor:DepreciationAndAmortizationOperatingExpensesIFRS	減価償却費及び償却費、営業費用（IFRS）	CurrentYearDuration_ReconcilingItemsMember	JPY	1975000000
jpigp_cor:DepreciationAndAmortizationOperatingExpensesIFRS	減価償却費及び償却費、営業費用（IFRS）	CurrentYearDuration	JPY	85841000000
jpigp_cor:ImpairmentLossesPLIFRS	減損損失、損益（IFRS）	CurrentYearDuration_jpcrp030000-asr_E00883-000HygieneLivingCareBusinessReportableSegmentMember	JPY	126000000
jpigp_cor:ImpairmentLossesPLIFRS	減損損失、損益（IFRS）	CurrentYearDuration_jpcrp030000-asr_E00883-000HealthBeautyCareBusinessReportableSegmentMember	JPY	12000000
jpigp_cor:ImpairmentLossesPLIFRS	減損損失、損益（IFRS）	CurrentYearDuration_jpcrp030000-asr_E00883-000CosmeticsBusinessReportableSegmentMember	JPY	20000000
jpigp_cor:ImpairmentLossesPLIFRS	減損損失、損益（IFRS）	CurrentYearDuration_jpcrp030000-asr_E00883-000BusinessConnectedBusinessReportableSegmentMember	JPY	0
jpigp_cor:ImpairmentLossesPLIFRS	減損損失、損益（IFRS）	CurrentYearDuration_jpcrp030000-asr_E00883-000GlobalConsumerCareBusinessReportableSegmentMember	JPY	158000000
jpigp_cor:ImpairmentLossesPLIFRS	減損損失、損益（IFRS）	CurrentYearDuration_jpcrp030000-asr_E00883-000ChemicalBusinessReportableSegmentMember	JPY	143000000
jpigp_cor:ImpairmentLossesPLIFRS	減損損失、損益（IFRS）	CurrentYearDuration_ReportableSegmentsMember	JPY	301000000
jpigp_cor:ImpairmentLossesPLIFRS	減損損失、損益（IFRS）	CurrentYearDuration_ReconcilingItemsMember	JPY	－
jpigp_cor:ImpairmentLossesPLIFRS	減損損失、損益（IFRS）	CurrentYearDuration	JPY	301000000
jpigp_cor:CapitalExpendituresIFRS	資本的支出（IFRS）	CurrentYearDuration_jpcrp030000-asr_E00883-000HygieneLivingCareBusinessReportableSegmentMember	JPY	32276000000
jpigp_cor:CapitalExpendituresIFRS	資本的支出（IFRS）	CurrentYearDuration_jpcrp030000-asr_E00883-000HealthBeautyCareBusinessReportableSegmentMember	JPY	17171000000
jpigp_cor:CapitalExpendituresIFRS	資本的支出（IFRS）	CurrentYearDuration_jpcrp030000-asr_E00883-000CosmeticsBusinessReportableSegmentMember	JPY	13409000000
jpigp_cor:CapitalExpendituresIFRS	資本的支出（IFRS）	CurrentYearDuration_jpcrp030000-asr_E00883-000BusinessConnectedBusinessReportableSegmentMember	JPY	1321000000
jpigp_cor:CapitalExpendituresIFRS	資本的支出（IFRS）	CurrentYearDuration_jpcrp030000-asr_E00883-000GlobalConsumerCareBusinessReportableSegmentMember	JPY	64177000000
jpigp_cor:CapitalExpendituresIFRS	資本的支出（IFRS）	CurrentYearDuration_jpcrp030000-asr_E00883-000ChemicalBusinessReportableSegmentMember	JPY	30496000000
jpigp_cor:CapitalExpendituresIFRS	資本的支出（IFRS）	CurrentYearDuration_ReportableSegmentsMember	JPY	94673000000
jpigp_cor:CapitalExpendituresIFRS	資本的支出（IFRS）	CurrentYearDuration_ReconcilingItemsMember	JPY	6463000000
jpigp_cor:CapitalExpendituresIFRS	資本的支出（IFRS）	CurrentYearDuration	JPY	101136000000
jpigp_cor:MerchandiseAndFinishedGoodsCAIFRS	商品及び製品、流動資産（IFRS）	Prior1YearInstant	JPY	209163000000
jpigp_cor:MerchandiseAndFinishedGoodsCAIFRS	商品及び製品、流動資産（IFRS）	CurrentYearInstant	JPY	220991000000
jpigp_cor:WorkInProcessCAIFRS	仕掛品、流動資産（IFRS）	Prior1YearInstant	JPY	15193000000
jpigp_cor:WorkInProcessCAIFRS	仕掛品、流動資産（IFRS）	CurrentYearInstant	JPY	18188000000
jpigp_cor:RawMaterialsAndSuppliesCAIFRS	原材料及び貯蔵品、流動資産（IFRS）	Prior1YearInstant	JPY	50272000000
jpigp_cor:RawMaterialsAndSuppliesCAIFRS	原材料及び貯蔵品、流動資産（IFRS）	CurrentYearInstant	JPY	53187000000
jpigp_cor:InventoriesCAIFRS	棚卸資産、流動資産（IFRS）	Prior1YearInstant	JPY	274628000000
jpigp_cor:InventoriesCAIFRS	棚卸資産、流動資産（IFRS）	CurrentYearInstant	JPY	292366000000
jpigp_cor:BuildingsAndStructuresAcquisitionCostIFRS	建物及び構築物、取得原価（IFRS）	Prior1YearInstant	JPY	508510000000
jpigp_cor:MachineryAndVehiclesAcquisitionCostIFRS	機械装置及び運搬具、取得原価（IFRS）	Prior1YearInstant	JPY	873222000000
jpigp_cor:ToolsFurnitureAndFixturesAcquisitionCostIFRS	工具、器具及び備品、取得原価（IFRS）	Prior1YearInstant	JPY	133529000000
jpigp_cor:LandAcquisitionCostIFRS	土地、取得原価（IFRS）	Prior1YearInstant	JPY	90080000000
jpigp_cor:ConstructionInProgressAcquisitionCostIFRS	建設仮勘定、取得原価（IFRS）	Prior1YearInstant	JPY	46557000000
jpigp_cor:PropertyPlantAndEquipmentAcquisitionCostIFRS	有形固定資産、取得原価（IFRS）	Prior1YearInstant	JPY	1651898000000
jpigp_cor:BuildingsAndStructuresAcquisitionCostIFRS	建物及び構築物、取得原価（IFRS）	CurrentYearInstant	JPY	533351000000
jpigp_cor:MachineryAndVehiclesAcquisitionCostIFRS	機械装置及び運搬具、取得原価（IFRS）	CurrentYearInstant	JPY	889257000000
jpigp_cor:ToolsFurnitureAndFixturesAcquisitionCostIFRS	工具、器具及び備品、取得原価（IFRS）	CurrentYearInstant	JPY	139191000000
jpigp_cor:LandAcquisitionCostIFRS	土地、取得原価（IFRS）	CurrentYearInstant	JPY	90646000000
jpigp_cor:ConstructionInProgressAcquisitionCostIFRS	建設仮勘定、取得原価（IFRS）	CurrentYearInstant	JPY	59876000000
jpigp_cor:PropertyPlantAndEquipmentAcquisitionCostIFRS	有形固定資産、取得原価（IFRS）	CurrentYearInstant	JPY	1712321000000
jpigp_cor:BuildingsAndStructuresAccumulatedDepreciationAndImpairmentLossesIFRS	建物及び構築物、減価償却累計額及び減損損失累計額（IFRS）	Prior1YearInstant	JPY	-370632000000
jpigp_cor:MachineryAndVehiclesAccumulatedDepreciationAndImpairmentLossesIFRS	機械装置及び運搬具、減価償却累計額及び減損損失累計額（IFRS）	Prior1YearInstant	JPY	-733142000000
jpigp_cor:ToolsFurnitureAndFixturesAccumulatedDepreciationAndImpairmentLossesIFRS	工具、器具及び備品、減価償却累計額及び減損損失累計額（IFRS）	Prior1YearInstant	JPY	-113426000000
jpigp_cor:LandAccumulatedImpairmentLossesIFRS	土地、減損損失累計額（IFRS）	Prior1YearInstant	JPY	-9410000000
jpigp_cor:ConstructionInProgressAccumulatedImpairmentLossesIFRS	建設仮勘定、減損損失累計額（IFRS）	Prior1YearInstant	JPY	-2037000000
jpigp_cor:PropertyPlantAndEquipmentAccumulatedDepreciationAndImpairmentLossesIFRS	有形固定資産、減価償却累計額及び減損損失累計額（IFRS）	Prior1YearInstant	JPY	-1228647000000
jpigp_cor:BuildingsAndStructuresAccumulatedDepreciationAndImpairmentLossesIFRS	建物及び構築物、減価償却累計額及び減損損失累計額（IFRS）	CurrentYearInstant	JPY	-387130000000
jpigp_cor:MachineryAndVehiclesAccumulatedDepreciationAndImpairmentLossesIFRS	機械装置及び運搬具、減価償却累計額及び減損損失累計額（IFRS）	CurrentYearInstant	JPY	-754971000000
jpigp_cor:ToolsFurnitureAndFixturesAccumulatedDepreciationAndImpairmentLossesIFRS	工具、器具及び備品、減価償却累計額及び減損損失累計額（IFRS）	CurrentYearInstant	JPY	-116893000000
jpigp_cor:LandAccumulatedImpairmentLossesIFRS	土地、減損損失累計額（IFRS）	CurrentYearInstant	JPY	-9133000000
jpigp_cor:ConstructionInProgressAccumulatedImpairmentLossesIFRS	建設仮勘定、減損損失累計額（IFRS）	CurrentYearInstant	JPY	-1114000000
jpigp_cor:PropertyPlantAndEquipmentAccumulatedDepreciationAndImpairmentLossesIFRS	有形固定資産、減価償却累計額及び減損損失累計額（IFRS）	CurrentYearInstant	JPY	-1269241000000
jpigp_cor:BuildingsAndStructuresIFRS	建物及び構築物（IFRS）	Prior1YearInstant	JPY	137878000000
jpigp_cor:MachineryAndVehiclesIFRS	機械装置及び運搬具（IFRS）	Prior1YearInstant	JPY	140080000000
jpigp_cor:ToolsFurnitureAndFixturesIFRS	工具、器具及び備品（IFRS）	Prior1YearInstant	JPY	20103000000
jpigp_cor:LandIFRS	土地（IFRS）	Prior1YearInstant	JPY	80670000000
jpigp_cor:ConstructionInProgressIFRS	建設仮勘定（IFRS）	Prior1YearInstant	JPY	44520000000
jpigp_cor:PropertyPlantAndEquipmentIFRS	有形固定資産（IFRS）	Prior1YearInstant	JPY	423251000000
jpigp_cor:BuildingsAndStructuresIFRS	建物及び構築物（IFRS）	CurrentYearInstant	JPY	146221000000
jpigp_cor:MachineryAndVehiclesIFRS	機械装置及び運搬具（IFRS）	CurrentYearInstant	JPY	134286000000
jpigp_cor:ToolsFurnitureAndFixturesIFRS	工具、器具及び備品（IFRS）	CurrentYearInstant	JPY	22298000000
jpigp_cor:LandIFRS	土地（IFRS）	CurrentYearInstant	JPY	81513000000
jpigp_cor:ConstructionInProgressIFRS	建設仮勘定（IFRS）	CurrentYearInstant	JPY	58762000000
jpigp_cor:PropertyPlantAndEquipmentIFRS	有形固定資産（IFRS）	CurrentYearInstant	JPY	443080000000
jpigp_cor:GoodwillAcquisitionCostIFRS	のれん、取得原価（IFRS）	Prior1YearInstant	JPY	228413000000
jpigp_cor:SoftwareAcquisitionCostIFRS	ソフトウエア、取得原価（IFRS）	Prior1YearInstant	JPY	58496000000
jpigp_cor:TrademarksAcquisitionCostIFRS	商標権、取得原価（IFRS）	Prior1YearInstant	JPY	34926000000
jpigp_cor:CustomerRelationshipsAcquisitionCostIFRS	顧客との関係、取得原価（IFRS）	Prior1YearInstant	JPY	22783000000
jpigp_cor:OtherComponentsOfIntangibleAssetsAcquisitionCostIFRS	その他、無形資産の内訳、取得原価（IFRS）	Prior1YearInstant	JPY	5535000000
jpigp_cor:GoodwillAndIntangibleAssetsAcquisitionCostIFRS	のれん及び無形資産、取得原価（IFRS）	Prior1YearInstant	JPY	121740000000
jpigp_cor:GoodwillAcquisitionCostIFRS	のれん、取得原価（IFRS）	CurrentYearInstant	JPY	231071000000
jpigp_cor:SoftwareAcquisitionCostIFRS	ソフトウエア、取得原価（IFRS）	CurrentYearInstant	JPY	60047000000
jpigp_cor:TrademarksAcquisitionCostIFRS	商標権、取得原価（IFRS）	CurrentYearInstant	JPY	34857000000
jpigp_cor:CustomerRelationshipsAcquisitionCostIFRS	顧客との関係、取得原価（IFRS）	CurrentYearInstant	JPY	22926000000
jpigp_cor:OtherComponentsOfIntangibleAssetsAcquisitionCostIFRS	その他、無形資産の内訳、取得原価（IFRS）	CurrentYearInstant	JPY	7754000000
jpigp_cor:GoodwillAndIntangibleAssetsAcquisitionCostIFRS	のれん及び無形資産、取得原価（IFRS）	CurrentYearInstant	JPY	125584000000
jpigp_cor:GoodwillAccumulatedImpairmentLossesIFRS	のれん、減損損失累計額（IFRS）	Prior1YearInstant	JPY	－
jpigp_cor:SoftwareAccumulatedAmortizationAndImpairmentLossesIFRS	ソフトウエア、償却累計額及び減損損失累計額（IFRS）	Prior1YearInstant	JPY	-23428000000
jpigp_cor:TrademarksAccumulatedAmortizationAndImpairmentLossesIFRS	商標権、償却累計額及び減損損失累計額（IFRS）	Prior1YearInstant	JPY	-8254000000
jpigp_cor:CustomerRelationshipsAccumulatedAmortizationAndImpairmentLossesIFRS	顧客との関係、償却累計額及び減損損失累計額（IFRS）	Prior1YearInstant	JPY	-7444000000
jpigp_cor:OtherComponentsOfIntangibleAssetsAccumulatedAmortizationAndImpairmentLossesIFRS	その他、無形資産の内訳、償却累計額及び減損損失累計額（IFRS）	Prior1YearInstant	JPY	-667000000
jpigp_cor:GoodwillAndIntangibleAssetsAccumulatedAmortizationAndImpairmentLossesIFRS	のれん及び無形資産、償却累計額及び減損損失累計額（IFRS）	Prior1YearInstant	JPY	-39793000000
jpigp_cor:GoodwillAccumulatedImpairmentLossesIFRS	のれん、減損損失累計額（IFRS）	CurrentYearInstant	JPY	－
jpigp_cor:SoftwareAccumulatedAmortizationAndImpairmentLossesIFRS	ソフトウエア、償却累計額及び減損損失累計額（IFRS）	CurrentYearInstant	JPY	-26536000000
jpigp_cor:TrademarksAccumulatedAmortizationAndImpairmentLossesIFRS	商標権、償却累計額及び減損損失累計額（IFRS）	CurrentYearInstant	JPY	-10010000000
jpigp_cor:CustomerRelationshipsAccumulatedAmortizationAndImpairmentLossesIFRS	顧客との関係、償却累計額及び減損損失累計額（IFRS）	CurrentYearInstant	JPY	-8867000000
jpigp_cor:OtherComponentsOfIntangibleAssetsAccumulatedAmortizationAndImpairmentLossesIFRS	その他、無形資産の内訳、償却累計額及び減損損失累計額（IFRS）	CurrentYearInstant	JPY	-700000000
jpigp_cor:GoodwillAndIntangibleAssetsAccumulatedAmortizationAndImpairmentLossesIFRS	のれん及び無形資産、償却累計額及び減損損失累計額（IFRS）	CurrentYearInstant	JPY	-46113000000
jpigp_cor:GoodwillIFRS	のれん（IFRS）	Prior1YearInstant	JPY	228413000000
jpigp_cor:SoftwareIFRS	ソフトウエア（IFRS）	Prior1YearInstant	JPY	35068000000
jpigp_cor:TrademarksIFRS	商標権（IFRS）	Prior1YearInstant	JPY	26672000000
jpigp_cor:CustomerRelationshipsIFRS	顧客との関係（IFRS）	Prior1YearInstant	JPY	15339000000
jpigp_cor:OtherComponentsOfIntangibleAssetsIFRS	その他、無形資産の内訳（IFRS）	Prior1YearInstant	JPY	4868000000
jpigp_cor:GoodwillAndIntangibleAssetsIFRS	のれん及び無形資産（IFRS）	Prior1YearInstant	JPY	81947000000
jpigp_cor:GoodwillIFRS	のれん（IFRS）	CurrentYearInstant	JPY	231071000000
jpigp_cor:SoftwareIFRS	ソフトウエア（IFRS）	CurrentYearInstant	JPY	33511000000
jpigp_cor:TrademarksIFRS	商標権（IFRS）	CurrentYearInstant	JPY	24847000000
jpigp_cor:CustomerRelationshipsIFRS	顧客との関係（IFRS）	CurrentYearInstant	JPY	14059000000
jpigp_cor:OtherComponentsOfIntangibleAssetsIFRS	その他、無形資産の内訳（IFRS）	CurrentYearInstant	JPY	7054000000
jpigp_cor:GoodwillAndIntangibleAssetsIFRS	のれん及び無形資産（IFRS）	CurrentYearInstant	JPY	79471000000
jpigp_cor:AdvertisingExpensesIFRS	広告宣伝費（IFRS）	Prior1YearDuration	JPY	88270000000
jpigp_cor:AdvertisingExpensesIFRS	広告宣伝費（IFRS）	CurrentYearDuration	JPY	92346000000
jpigp_cor:SalesPromotionExpensesIFRS	販売促進費（IFRS）	Prior1YearDuration	JPY	54327000000
jpigp_cor:SalesPromotionExpensesIFRS	販売促進費（IFRS）	CurrentYearDuration	JPY	58905000000
jpigp_cor:EmployeeBenefitExpensesSGAIFRS	従業員給付費用、販売費及び一般管理費（IFRS）	Prior1YearDuration	JPY	176955000000
jpigp_cor:EmployeeBenefitExpensesSGAIFRS	従業員給付費用、販売費及び一般管理費（IFRS）	CurrentYearDuration	JPY	175751000000
jpigp_cor:DepreciationSGAIFRS	減価償却費、販売費及び一般管理費（IFRS）	Prior1YearDuration	JPY	16696000000
jpigp_cor:DepreciationSGAIFRS	減価償却費、販売費及び一般管理費（IFRS）	CurrentYearDuration	JPY	15451000000
jpcrp030000-asr_E00883-000:AmortizationSGAIFRS		Prior1YearDuration	JPY	11637000000
jpcrp030000-asr_E00883-000:AmortizationSGAIFRS		CurrentYearDuration	JPY	11737000000
jpigp_cor:ResearchAndDevelopmentExpenditureRecognizedAsExpenseDuringPeriodIFRS	当期に費用認識した研究開発費（IFRS）	Prior1YearDuration	JPY	62092000000
jpigp_cor:ResearchAndDevelopmentExpenditureRecognizedAsExpenseDuringPeriodIFRS	当期に費用認識した研究開発費（IFRS）	CurrentYearDuration	JPY	61127000000
jpigp_cor:OtherSGAIFRS	その他、販売費及び一般管理費（IFRS）	Prior1YearDuration	JPY	88163000000
jpigp_cor:OtherSGAIFRS	その他、販売費及び一般管理費（IFRS）	CurrentYearDuration	JPY	89816000000
jpigp_cor:SellingGeneralAndAdministrativeExpensesIFRS	販売費及び一般管理費（IFRS）	Prior1YearDuration	JPY	498140000000
jpigp_cor:SellingGeneralAndAdministrativeExpensesIFRS	販売費及び一般管理費（IFRS）	CurrentYearDuration	JPY	505133000000
jpcrp030000-asr_E00883-000:RevenueOfLogisticsServicesToThirdPartiesOtherOperatingIncomeIFRS		Prior1YearDuration	JPY	12467000000
jpcrp030000-asr_E00883-000:RevenueOfLogisticsServicesToThirdPartiesOtherOperatingIncomeIFRS		CurrentYearDuration	JPY	12277000000
jpcrp030000-asr_E00883-000:RoyaltyIncomeOtherOperatingIncomeIFRS		Prior1YearDuration	JPY	1155000000
jpcrp030000-asr_E00883-000:RoyaltyIncomeOtherOperatingIncomeIFRS		CurrentYearDuration	JPY	1120000000
jpigp_cor:GainOnSaleOfBusinessesIFRS	事業譲渡益（IFRS）	Prior1YearDuration	JPY	10590000000
jpigp_cor:GainOnSaleOfBusinessesIFRS	事業譲渡益（IFRS）	CurrentYearDuration	JPY	－
jpcrp030000-asr_E00883-000:OtherOtherOperatingIncomeIFRS		Prior1YearDuration	JPY	6142000000
jpcrp030000-asr_E00883-000:OtherOtherOperatingIncomeIFRS		CurrentYearDuration	JPY	5473000000
jpigp_cor:OtherOperatingIncomeIFRS	その他の営業収益（IFRS）	Prior1YearDuration	JPY	30354000000
jpigp_cor:OtherOperatingIncomeIFRS	その他の営業収益（IFRS）	CurrentYearDuration	JPY	18870000000
jpcrp030000-asr_E00883-000:ExpensesOfLogisticsServicesToThirdPartiesOtherOperatingExpensesIFRS		Prior1YearDuration	JPY	11169000000
jpcrp030000-asr_E00883-000:ExpensesOfLogisticsServicesToThirdPartiesOtherOperatingExpensesIFRS		CurrentYearDuration	JPY	10975000000
jpcrp030000-asr_E00883-000:LossesOnSaleAndDisposalOfPropertyPlantAndEquipmentOtherOperatingExpensesIFRS		Prior1YearDuration	JPY	3788000000
jpcrp030000-asr_E00883-000:LossesOnSaleAndDisposalOfPropertyPlantAndEquipmentOtherOperatingExpensesIFRS		CurrentYearDuration	JPY	4121000000
jpcrp030000-asr_E00883-000:ExpensesForBusinessTransformationAtSubsidiariesInEuropeAndTheAmericasOtherOperatingExpensesIFRS		Prior1YearDuration	JPY	3359000000
jpcrp030000-asr_E00883-000:ExpensesForBusinessTransformationAtSubsidiariesInEuropeAndTheAmericasOtherOperatingExpensesIFRS		CurrentYearDuration	JPY	7000000
jpcrp030000-asr_E00883-000:ImpairmentLossesOtherOperatingExpensesIFRS		Prior1YearDuration	JPY	1813000000
jpcrp030000-asr_E00883-000:ImpairmentLossesOtherOperatingExpensesIFRS		CurrentYearDuration	JPY	301000000
jpcrp030000-asr_E00883-000:CancellationPenaltyIFRS		Prior1YearDuration	JPY	1615000000
jpcrp030000-asr_E00883-000:CancellationPenaltyIFRS		CurrentYearDuration	JPY	－
jpcrp030000-asr_E00883-000:OtherOtherOperatingExpensesIFRS		Prior1YearDuration	JPY	2230000000
jpcrp030000-asr_E00883-000:OtherOtherOperatingExpensesIFRS		CurrentYearDuration	JPY	2433000000
jpigp_cor:OtherOperatingExpensesIFRS	その他の営業費用（IFRS）	Prior1YearDuration	JPY	23974000000
jpigp_cor:OtherOperatingExpensesIFRS	その他の営業費用（IFRS）	CurrentYearDuration	JPY	17837000000
jpigp_cor:ForeignExchangeGainIFRS	為替差益（IFRS）	Prior1YearDuration	JPY	－
jpigp_cor:ForeignExchangeGainIFRS	為替差益（IFRS）	CurrentYearDuration	JPY	2023000000
jpigp_cor:FinancialAssetsMeasuredAtAmortizedCostInterestIncomeIFRS	償却原価で測定する金融資産、受取利息（IFRS）	Prior1YearDuration	JPY	4518000000
jpigp_cor:FinancialAssetsMeasuredAtAmortizedCostInterestIncomeIFRS	償却原価で測定する金融資産、受取利息（IFRS）	CurrentYearDuration	JPY	3209000000
jpcrp030000-asr_E00883-000:RetirementBenefitAssetsInterestIncomeIFRS		Prior1YearDuration	JPY	122000000
jpcrp030000-asr_E00883-000:RetirementBenefitAssetsInterestIncomeIFRS		CurrentYearDuration	JPY	277000000
jpcrp030000-asr_E00883-000:FinancialAssetsDerecognizedDuringThePeriodFinancialAssetsMeasuredAtFairValueThroughOtherComprehensiveIncomeDividendIncomeIFRS		Prior1YearDuration	JPY	0
jpcrp030000-asr_E00883-000:FinancialAssetsDerecognizedDuringThePeriodFinancialAssetsMeasuredAtFairValueThroughOtherComprehensiveIncomeDividendIncomeIFRS		CurrentYearDuration	JPY	4000000
jpcrp030000-asr_E00883-000:FinancialAssetsHeldAtTheEndOfThePeriodFinancialAssetsMeasuredAtFairValueThroughOtherComprehensiveIncomeDividendIncomeIFRS		Prior1YearDuration	JPY	125000000
jpcrp030000-asr_E00883-000:FinancialAssetsHeldAtTheEndOfThePeriodFinancialAssetsMeasuredAtFairValueThroughOtherComprehensiveIncomeDividendIncomeIFRS		CurrentYearDuration	JPY	123000000
jpigp_cor:FinancialAssetsMeasuredAtFairValueThroughProfitOrLossDividendIncomeIFRS	純損益を通じて公正価値で測定する金融資産、受取配当金（IFRS）	Prior1YearDuration	JPY	34000000
jpigp_cor:FinancialAssetsMeasuredAtFairValueThroughProfitOrLossDividendIncomeIFRS	純損益を通じて公正価値で測定する金融資産、受取配当金（IFRS）	CurrentYearDuration	JPY	172000000
jpigp_cor:OtherFinanceIncomeIFRS	その他、金融収益（IFRS）	Prior1YearDuration	JPY	189000000
jpigp_cor:OtherFinanceIncomeIFRS	その他、金融収益（IFRS）	CurrentYearDuration	JPY	390000000
jpigp_cor:FinanceIncomeIFRS	金融収益（IFRS）	Prior1YearDuration	JPY	4988000000
jpigp_cor:FinanceIncomeIFRS	金融収益（IFRS）	CurrentYearDuration	JPY	6198000000
jpigp_cor:ForeignExchangeLossIFRS	為替差損（IFRS）	Prior1YearDuration	JPY	427000000
jpigp_cor:ForeignExchangeLossIFRS	為替差損（IFRS）	CurrentYearDuration	JPY	－
jpigp_cor:FinancialLiabilitiesMeasuredAtAmortizedCostInterestExpensesIFRS	償却原価で測定する金融負債、支払利息（IFRS）	Prior1YearDuration	JPY	958000000
jpigp_cor:FinancialLiabilitiesMeasuredAtAmortizedCostInterestExpensesIFRS	償却原価で測定する金融負債、支払利息（IFRS）	CurrentYearDuration	JPY	771000000
jpigp_cor:LeaseObligationsInterestExpensesIFRS	リース負債、支払利息（IFRS）	Prior1YearDuration	JPY	1771000000
jpigp_cor:LeaseObligationsInterestExpensesIFRS	リース負債、支払利息（IFRS）	CurrentYearDuration	JPY	1943000000
jpcrp030000-asr_E00883-000:NetDefinedBenefitLiabilityInterestExpensesIFRS		Prior1YearDuration	JPY	886000000
jpcrp030000-asr_E00883-000:NetDefinedBenefitLiabilityInterestExpensesIFRS		CurrentYearDuration	JPY	975000000
jpigp_cor:OtherFinanceCostsIFRS	その他、金融費用（IFRS）	Prior1YearDuration	JPY	48000000
jpigp_cor:OtherFinanceCostsIFRS	その他、金融費用（IFRS）	CurrentYearDuration	JPY	138000000
jpigp_cor:FinanceCostsIFRS	金融費用（IFRS）	Prior1YearDuration	JPY	4090000000
jpigp_cor:FinanceCostsIFRS	金融費用（IFRS）	CurrentYearDuration	JPY	3827000000
jppfs_cor:CashAndDeposits	現金及び預金	Prior1YearInstant_NonConsolidatedMember	JPY	140541000000
jppfs_cor:CashAndDeposits	現金及び預金	CurrentYearInstant_NonConsolidatedMember	JPY	101702000000
jppfs_cor:AccountsReceivableTrade	売掛金	Prior1YearInstant_NonConsolidatedMember	JPY	77459000000
jppfs_cor:AccountsReceivableTrade	売掛金	CurrentYearInstant_NonConsolidatedMember	JPY	82205000000
jppfs_cor:ShortTermInvestmentSecurities	有価証券	Prior1YearInstant_NonConsolidatedMember	JPY	19009000000
jppfs_cor:ShortTermInvestmentSecurities	有価証券	CurrentYearInstant_NonConsolidatedMember	JPY	9506000000
jppfs_cor:MerchandiseAndFinishedGoods	商品及び製品	Prior1YearInstant_NonConsolidatedMember	JPY	79103000000
jppfs_cor:MerchandiseAndFinishedGoods	商品及び製品	CurrentYearInstant_NonConsolidatedMember	JPY	87522000000
jppfs_cor:WorkInProcess	仕掛品	Prior1YearInstant_NonConsolidatedMember	JPY	9030000000
jppfs_cor:WorkInProcess	仕掛品	CurrentYearInstant_NonConsolidatedMember	JPY	9736000000
jppfs_cor:RawMaterialsAndSupplies	原材料及び貯蔵品	Prior1YearInstant_NonConsolidatedMember	JPY	24079000000
jppfs_cor:RawMaterialsAndSupplies	原材料及び貯蔵品	CurrentYearInstant_NonConsolidatedMember	JPY	27842000000
jppfs_cor:PrepaidExpenses	前払費用	Prior1YearInstant_NonConsolidatedMember	JPY	5364000000
jppfs_cor:PrepaidExpenses	前払費用	CurrentYearInstant_NonConsolidatedMember	JPY	5486000000
jppfs_cor:OtherCA	その他、流動資産	Prior1YearInstant_NonConsolidatedMember	JPY	61295000000
jppfs_cor:OtherCA	その他、流動資産	CurrentYearInstant_NonConsolidatedMember	JPY	62503000000
jppfs_cor:AllowanceForDoubtfulAccountsCA	貸倒引当金、流動資産、一括控除	Prior1YearInstant_NonConsolidatedMember	JPY	-210000000
jppfs_cor:AllowanceForDoubtfulAccountsCA	貸倒引当金、流動資産、一括控除	CurrentYearInstant_NonConsolidatedMember	JPY	-111000000
jppfs_cor:CurrentAssets	流動資産	Prior1YearInstant_NonConsolidatedMember	JPY	415670000000
jppfs_cor:CurrentAssets	流動資産	CurrentYearInstant_NonConsolidatedMember	JPY	386391000000
jppfs_cor:BuildingsNet	建物（純額）	Prior1YearInstant_NonConsolidatedMember	JPY	67464000000
jppfs_cor:BuildingsNet	建物（純額）	CurrentYearInstant_NonConsolidatedMember	JPY	75305000000
jppfs_cor:StructuresNet	構築物（純額）	Prior1YearInstant_NonConsolidatedMember	JPY	16419000000
jppfs_cor:StructuresNet	構築物（純額）	CurrentYearInstant_NonConsolidatedMember	JPY	16277000000
jppfs_cor:MachineryAndEquipmentNet	機械及び装置（純額）	Prior1YearInstant_NonConsolidatedMember	JPY	73449000000
jppfs_cor:MachineryAndEquipmentNet	機械及び装置（純額）	CurrentYearInstant_NonConsolidatedMember	JPY	71309000000
jppfs_cor:VehiclesNet	車両運搬具（純額）	Prior1YearInstant_NonConsolidatedMember	JPY	180000000
jppfs_cor:VehiclesNet	車両運搬具（純額）	CurrentYearInstant_NonConsolidatedMember	JPY	200000000
jppfs_cor:ToolsFurnitureAndFixturesNet	工具、器具及び備品（純額）	Prior1YearInstant_NonConsolidatedMember	JPY	7527000000
jppfs_cor:ToolsFurnitureAndFixturesNet	工具、器具及び備品（純額）	CurrentYearInstant_NonConsolidatedMember	JPY	8193000000
jppfs_cor:Land	土地	Prior1YearInstant_NonConsolidatedMember	JPY	59491000000
jppfs_cor:Land	土地	CurrentYearInstant_NonConsolidatedMember	JPY	59171000000
jppfs_cor:ConstructionInProgress	建設仮勘定	Prior1YearInstant_NonConsolidatedMember	JPY	12565000000
jppfs_cor:ConstructionInProgress	建設仮勘定	CurrentYearInstant_NonConsolidatedMember	JPY	8917000000
jppfs_cor:PropertyPlantAndEquipment	有形固定資産	Prior1YearInstant_NonConsolidatedMember	JPY	237095000000
jppfs_cor:PropertyPlantAndEquipment	有形固定資産	CurrentYearInstant_NonConsolidatedMember	JPY	239372000000
jppfs_cor:PatentRight	特許権	Prior1YearInstant_NonConsolidatedMember	JPY	67000000
jppfs_cor:PatentRight	特許権	CurrentYearInstant_NonConsolidatedMember	JPY	54000000
jppfs_cor:LeaseholdRight	借地権	Prior1YearInstant_NonConsolidatedMember	JPY	24000000
jppfs_cor:LeaseholdRight	借地権	CurrentYearInstant_NonConsolidatedMember	JPY	24000000
jppfs_cor:RightOfTrademark	商標権	Prior1YearInstant_NonConsolidatedMember	JPY	21000000
jppfs_cor:RightOfTrademark	商標権	CurrentYearInstant_NonConsolidatedMember	JPY	15000000
jppfs_cor:DesignRight	意匠権	Prior1YearInstant_NonConsolidatedMember	JPY	28000000
jppfs_cor:DesignRight	意匠権	CurrentYearInstant_NonConsolidatedMember	JPY	29000000
jppfs_cor:Software	ソフトウエア	Prior1YearInstant_NonConsolidatedMember	JPY	35479000000
jppfs_cor:Software	ソフトウエア	CurrentYearInstant_NonConsolidatedMember	JPY	34291000000
jppfs_cor:OtherIA	その他、無形固定資産	Prior1YearInstant_NonConsolidatedMember	JPY	4556000000
jppfs_cor:OtherIA	その他、無形固定資産	CurrentYearInstant_NonConsolidatedMember	JPY	6903000000
jppfs_cor:IntangibleAssets	無形固定資産	Prior1YearInstant_NonConsolidatedMember	JPY	40175000000
jppfs_cor:IntangibleAssets	無形固定資産	CurrentYearInstant_NonConsolidatedMember	JPY	41316000000
jppfs_cor:InvestmentSecurities	投資有価証券	Prior1YearInstant_NonConsolidatedMember	JPY	7454000000
jppfs_cor:InvestmentSecurities	投資有価証券	CurrentYearInstant_NonConsolidatedMember	JPY	8113000000
jppfs_cor:StocksOfSubsidiariesAndAffiliates	関係会社株式	Prior1YearInstant_NonConsolidatedMember	JPY	479766000000
jppfs_cor:StocksOfSubsidiariesAndAffiliates	関係会社株式	CurrentYearInstant_NonConsolidatedMember	JPY	479210000000
jppfs_cor:InvestmentsInCapitalOfSubsidiariesAndAffiliates	関係会社出資金	Prior1YearInstant_NonConsolidatedMember	JPY	59910000000
jppfs_cor:InvestmentsInCapitalOfSubsidiariesAndAffiliates	関係会社出資金	CurrentYearInstant_NonConsolidatedMember	JPY	61209000000
jppfs_cor:LongTermLoansReceivableFromSubsidiariesAndAffiliates	関係会社長期貸付金	Prior1YearInstant_NonConsolidatedMember	JPY	1293000000
jppfs_cor:LongTermLoansReceivableFromSubsidiariesAndAffiliates	関係会社長期貸付金	CurrentYearInstant_NonConsolidatedMember	JPY	13784000000
jppfs_cor:LongTermPrepaidExpenses	長期前払費用	Prior1YearInstant_NonConsolidatedMember	JPY	946000000
jppfs_cor:LongTermPrepaidExpenses	長期前払費用	CurrentYearInstant_NonConsolidatedMember	JPY	1245000000
jppfs_cor:PrepaidPensionCostIOA	前払年金費用、投資その他の資産	Prior1YearInstant_NonConsolidatedMember	JPY	20344000000
jppfs_cor:PrepaidPensionCostIOA	前払年金費用、投資その他の資産	CurrentYearInstant_NonConsolidatedMember	JPY	31388000000
jppfs_cor:DeferredTaxAssets	繰延税金資産	Prior1YearInstant_NonConsolidatedMember	JPY	22421000000
jppfs_cor:DeferredTaxAssets	繰延税金資産	CurrentYearInstant_NonConsolidatedMember	JPY	17809000000
jppfs_cor:OtherIOA	その他、投資その他の資産	Prior1YearInstant_NonConsolidatedMember	JPY	6198000000
jppfs_cor:OtherIOA	その他、投資その他の資産	CurrentYearInstant_NonConsolidatedMember	JPY	6182000000
jppfs_cor:InvestmentsAndOtherAssets	投資その他の資産	Prior1YearInstant_NonConsolidatedMember	JPY	598332000000
jppfs_cor:InvestmentsAndOtherAssets	投資その他の資産	CurrentYearInstant_NonConsolidatedMember	JPY	618940000000
jppfs_cor:NoncurrentAssets	固定資産	Prior1YearInstant_NonConsolidatedMember	JPY	875602000000
jppfs_cor:NoncurrentAssets	固定資産	CurrentYearInstant_NonConsolidatedMember	JPY	899628000000
jppfs_cor:Assets	資産	Prior1YearInstant_NonConsolidatedMember	JPY	1291272000000
jppfs_cor:Assets	資産	CurrentYearInstant_NonConsolidatedMember	JPY	1286019000000
jppfs_cor:AccountsPayableTrade	買掛金	Prior1YearInstant_NonConsolidatedMember	JPY	131847000000
jppfs_cor:AccountsPayableTrade	買掛金	CurrentYearInstant_NonConsolidatedMember	JPY	131427000000
jppfs_cor:ShortTermLoansPayable	短期借入金	Prior1YearInstant_NonConsolidatedMember	JPY	－
jppfs_cor:ShortTermLoansPayable	短期借入金	CurrentYearInstant_NonConsolidatedMember	JPY	8912000000
jppfs_cor:CurrentPortionOfBonds	１年内償還予定の社債	Prior1YearInstant_NonConsolidatedMember	JPY	25000000000
jppfs_cor:CurrentPortionOfBonds	１年内償還予定の社債	CurrentYearInstant_NonConsolidatedMember	JPY	－
jppfs_cor:CurrentPortionOfLongTermLoansPayable	１年内返済予定の長期借入金	Prior1YearInstant_NonConsolidatedMember	JPY	10000000000
jppfs_cor:CurrentPortionOfLongTermLoansPayable	１年内返済予定の長期借入金	CurrentYearInstant_NonConsolidatedMember	JPY	25000000000
jppfs_cor:AccountsPayableOther	未払金	Prior1YearInstant_NonConsolidatedMember	JPY	54129000000
jppfs_cor:AccountsPayableOther	未払金	CurrentYearInstant_NonConsolidatedMember	JPY	63439000000
jppfs_cor:AccruedExpenses	未払費用	Prior1YearInstant_NonConsolidatedMember	JPY	45104000000
jppfs_cor:AccruedExpenses	未払費用	CurrentYearInstant_NonConsolidatedMember	JPY	45914000000
jppfs_cor:IncomeTaxesPayable	未払法人税等	Prior1YearInstant_NonConsolidatedMember	JPY	10404000000
jppfs_cor:IncomeTaxesPayable	未払法人税等	CurrentYearInstant_NonConsolidatedMember	JPY	18954000000
jpcrp030000-asr_E00883-000:ContractLiabilitiesCL		Prior1YearInstant_NonConsolidatedMember	JPY	243000000
jpcrp030000-asr_E00883-000:ContractLiabilitiesCL		CurrentYearInstant_NonConsolidatedMember	JPY	20000000
jppfs_cor:DepositsReceived	預り金	Prior1YearInstant_NonConsolidatedMember	JPY	174431000000
jppfs_cor:DepositsReceived	預り金	CurrentYearInstant_NonConsolidatedMember	JPY	192717000000
jppfs_cor:OtherCL	その他、流動負債	Prior1YearInstant_NonConsolidatedMember	JPY	9292000000
jppfs_cor:OtherCL	その他、流動負債	CurrentYearInstant_NonConsolidatedMember	JPY	6105000000
jppfs_cor:CurrentLiabilities	流動負債	Prior1YearInstant_NonConsolidatedMember	JPY	460450000000
jppfs_cor:CurrentLiabilities	流動負債	CurrentYearInstant_NonConsolidatedMember	JPY	492488000000
jppfs_cor:BondsPayable	社債	Prior1YearInstant_NonConsolidatedMember	JPY	25000000000
jppfs_cor:BondsPayable	社債	CurrentYearInstant_NonConsolidatedMember	JPY	50000000000
jppfs_cor:LongTermLoansPayable	長期借入金	Prior1YearInstant_NonConsolidatedMember	JPY	70000000000
jppfs_cor:LongTermLoansPayable	長期借入金	CurrentYearInstant_NonConsolidatedMember	JPY	55000000000
jppfs_cor:ProvisionForRetirementBenefits	退職給付引当金	Prior1YearInstant_NonConsolidatedMember	JPY	4096000000
jppfs_cor:ProvisionForRetirementBenefits	退職給付引当金	CurrentYearInstant_NonConsolidatedMember	JPY	3908000000
jppfs_cor:AssetRetirementObligationsNCL	資産除去債務、固定負債	Prior1YearInstant_NonConsolidatedMember	JPY	4117000000
jppfs_cor:AssetRetirementObligationsNCL	資産除去債務、固定負債	CurrentYearInstant_NonConsolidatedMember	JPY	4117000000
jppfs_cor:OtherNCL	その他、固定負債	Prior1YearInstant_NonConsolidatedMember	JPY	1342000000
jppfs_cor:OtherNCL	その他、固定負債	CurrentYearInstant_NonConsolidatedMember	JPY	1635000000
jppfs_cor:NoncurrentLiabilities	固定負債	Prior1YearInstant_NonConsolidatedMember	JPY	104555000000
jppfs_cor:NoncurrentLiabilities	固定負債	CurrentYearInstant_NonConsolidatedMember	JPY	114660000000
jppfs_cor:Liabilities	負債	Prior1YearInstant_NonConsolidatedMember	JPY	565005000000
jppfs_cor:Liabilities	負債	CurrentYearInstant_NonConsolidatedMember	JPY	607148000000
jppfs_cor:CapitalStock	資本金	Prior1YearInstant_NonConsolidatedMember	JPY	85424000000
jppfs_cor:CapitalStock	資本金	CurrentYearInstant_NonConsolidatedMember	JPY	85424000000
jppfs_cor:LegalCapitalSurplus	資本準備金	Prior1YearInstant_NonConsolidatedMember	JPY	108889000000
jppfs_cor:LegalCapitalSurplus	資本準備金	CurrentYearInstant_NonConsolidatedMember	JPY	108889000000
jppfs_cor:OtherCapitalSurplus	その他資本剰余金	Prior1YearInstant_NonConsolidatedMember	JPY	1000000
jppfs_cor:OtherCapitalSurplus	その他資本剰余金	CurrentYearInstant_NonConsolidatedMember	JPY	－
jppfs_cor:CapitalSurplus	資本剰余金	Prior1YearInstant_NonConsolidatedMember	JPY	108890000000
jppfs_cor:CapitalSurplus	資本剰余金	CurrentYearInstant_NonConsolidatedMember	JPY	108889000000
jppfs_cor:LegalRetainedEarnings	利益準備金	Prior1YearInstant_NonConsolidatedMember	JPY	14117000000
jppfs_cor:LegalRetainedEarnings	利益準備金	CurrentYearInstant_NonConsolidatedMember	JPY	14117000000
jppfs_cor:ReserveForReductionEntry1	圧縮記帳積立金	Prior1YearInstant_NonConsolidatedMember	JPY	6239000000
jppfs_cor:ReserveForReductionEntry1	圧縮記帳積立金	CurrentYearInstant_NonConsolidatedMember	JPY	6118000000
jppfs_cor:GeneralReserve	別途積立金	Prior1YearInstant_NonConsolidatedMember	JPY	305500000000
jppfs_cor:GeneralReserve	別途積立金	CurrentYearInstant_NonConsolidatedMember	JPY	305500000000
jppfs_cor:RetainedEarningsBroughtForward	繰越利益剰余金	Prior1YearInstant_NonConsolidatedMember	JPY	209680000000
jppfs_cor:RetainedEarningsBroughtForward	繰越利益剰余金	CurrentYearInstant_NonConsolidatedMember	JPY	161078000000
jppfs_cor:RetainedEarnings	利益剰余金	Prior1YearInstant_NonConsolidatedMember	JPY	535536000000
jppfs_cor:RetainedEarnings	利益剰余金	CurrentYearInstant_NonConsolidatedMember	JPY	486813000000
jppfs_cor:TreasuryStock	自己株式	Prior1YearInstant_NonConsolidatedMember	JPY	-5741000000
jppfs_cor:TreasuryStock	自己株式	CurrentYearInstant_NonConsolidatedMember	JPY	-4938000000
jppfs_cor:ShareholdersEquity	株主資本	Prior1YearInstant_NonConsolidatedMember	JPY	724109000000
jppfs_cor:ShareholdersEquity	株主資本	CurrentYearInstant_NonConsolidatedMember	JPY	676188000000
jppfs_cor:ValuationDifferenceOnAvailableForSaleSecurities	その他有価証券評価差額金	Prior1YearInstant_NonConsolidatedMember	JPY	2158000000
jppfs_cor:ValuationDifferenceOnAvailableForSaleSecurities	その他有価証券評価差額金	CurrentYearInstant_NonConsolidatedMember	JPY	2683000000
jppfs_cor:ValuationAndTranslationAdjustments	評価・換算差額等	Prior1YearInstant_NonConsolidatedMember	JPY	2158000000
jppfs_cor:ValuationAndTranslationAdjustments	評価・換算差額等	CurrentYearInstant_NonConsolidatedMember	JPY	2683000000
jppfs_cor:NetAssets	純資産	Prior1YearInstant_NonConsolidatedMember	JPY	726267000000
jppfs_cor:NetAssets	純資産	CurrentYearInstant_NonConsolidatedMember	JPY	678871000000
jppfs_cor:LiabilitiesAndNetAssets	負債純資産	Prior1YearInstant_NonConsolidatedMember	JPY	1291272000000
jppfs_cor:LiabilitiesAndNetAssets	負債純資産	CurrentYearInstant_NonConsolidatedMember	JPY	1286019000000
jppfs_cor:NetSales	売上高	Prior1YearDuration_NonConsolidatedMember	JPY	898054000000
jppfs_cor:NetSales	売上高	CurrentYearDuration_NonConsolidatedMember	JPY	934775000000
jppfs_cor:CostOfSales	売上原価	Prior1YearDuration_NonConsolidatedMember	JPY	501509000000
jppfs_cor:CostOfSales	売上原価	CurrentYearDuration_NonConsolidatedMember	JPY	509862000000
jppfs_cor:GrossProfit	売上総利益又は売上総損失（△）	Prior1YearDuration_NonConsolidatedMember	JPY	396545000000
jppfs_cor:GrossProfit	売上総利益又は売上総損失（△）	CurrentYearDuration_NonConsolidatedMember	JPY	424913000000
jppfs_cor:SellingGeneralAndAdministrativeExpenses	販売費及び一般管理費	Prior1YearDuration_NonConsolidatedMember	JPY	333598000000
jppfs_cor:SellingGeneralAndAdministrativeExpenses	販売費及び一般管理費	CurrentYearDuration_NonConsolidatedMember	JPY	331233000000
jppfs_cor:OperatingIncome	営業利益又は営業損失（△）	Prior1YearDuration_NonConsolidatedMember	JPY	62947000000
jppfs_cor:OperatingIncome	営業利益又は営業損失（△）	CurrentYearDuration_NonConsolidatedMember	JPY	93680000000
jppfs_cor:InterestIncomeNOI	受取利息、営業外収益	Prior1YearDuration_NonConsolidatedMember	JPY	3102000000
jppfs_cor:InterestIncomeNOI	受取利息、営業外収益	CurrentYearDuration_NonConsolidatedMember	JPY	1655000000
jppfs_cor:DividendsIncomeNOI	受取配当金、営業外収益	Prior1YearDuration_NonConsolidatedMember	JPY	39196000000
jppfs_cor:DividendsIncomeNOI	受取配当金、営業外収益	CurrentYearDuration_NonConsolidatedMember	JPY	34043000000
jppfs_cor:ForeignExchangeGainsNOI	為替差益、営業外収益	Prior1YearDuration_NonConsolidatedMember	JPY	324000000
jppfs_cor:ForeignExchangeGainsNOI	為替差益、営業外収益	CurrentYearDuration_NonConsolidatedMember	JPY	2931000000
jppfs_cor:OtherNOI	その他、営業外収益	Prior1YearDuration_NonConsolidatedMember	JPY	2265000000
jppfs_cor:OtherNOI	その他、営業外収益	CurrentYearDuration_NonConsolidatedMember	JPY	2858000000
jppfs_cor:NonOperatingIncome	営業外収益	Prior1YearDuration_NonConsolidatedMember	JPY	44887000000
jppfs_cor:NonOperatingIncome	営業外収益	CurrentYearDuration_NonConsolidatedMember	JPY	41487000000
jppfs_cor:InterestExpensesNOE	支払利息、営業外費用	Prior1YearDuration_NonConsolidatedMember	JPY	2706000000
jppfs_cor:InterestExpensesNOE	支払利息、営業外費用	CurrentYearDuration_NonConsolidatedMember	JPY	2431000000
jppfs_cor:InterestOnBondsNOE	社債利息、営業外費用	Prior1YearDuration_NonConsolidatedMember	JPY	119000000
jppfs_cor:InterestOnBondsNOE	社債利息、営業外費用	CurrentYearDuration_NonConsolidatedMember	JPY	204000000
jppfs_cor:OtherNOE	その他、営業外費用	Prior1YearDuration_NonConsolidatedMember	JPY	620000000
jppfs_cor:OtherNOE	その他、営業外費用	CurrentYearDuration_NonConsolidatedMember	JPY	513000000
jppfs_cor:NonOperatingExpenses	営業外費用	Prior1YearDuration_NonConsolidatedMember	JPY	3445000000
jppfs_cor:NonOperatingExpenses	営業外費用	CurrentYearDuration_NonConsolidatedMember	JPY	3148000000
jppfs_cor:OrdinaryIncome	経常利益又は経常損失（△）	Prior1YearDuration_NonConsolidatedMember	JPY	104389000000
jppfs_cor:OrdinaryIncome	経常利益又は経常損失（△）	CurrentYearDuration_NonConsolidatedMember	JPY	132019000000
jppfs_cor:GainOnSalesOfNoncurrentAssetsEI	固定資産売却益、特別利益	Prior1YearDuration_NonConsolidatedMember	JPY	1169000000
jppfs_cor:GainOnSalesOfNoncurrentAssetsEI	固定資産売却益、特別利益	CurrentYearDuration_NonConsolidatedMember	JPY	798000000
jppfs_cor:GainOnSalesOfInvestmentSecuritiesEI	投資有価証券売却益、特別利益	Prior1YearDuration_NonConsolidatedMember	JPY	459000000
jppfs_cor:GainOnSalesOfInvestmentSecuritiesEI	投資有価証券売却益、特別利益	CurrentYearDuration_NonConsolidatedMember	JPY	379000000
jppfs_cor:GainOnTransferOfBusinessEI	事業譲渡益、特別利益	Prior1YearDuration_NonConsolidatedMember	JPY	10590000000
jppfs_cor:GainOnTransferOfBusinessEI	事業譲渡益、特別利益	CurrentYearDuration_NonConsolidatedMember	JPY	－
jppfs_cor:OtherEI	その他、特別利益	Prior1YearDuration_NonConsolidatedMember	JPY	239000000
jppfs_cor:OtherEI	その他、特別利益	CurrentYearDuration_NonConsolidatedMember	JPY	－
jppfs_cor:ExtraordinaryIncome	特別利益	Prior1YearDuration_NonConsolidatedMember	JPY	12457000000
jppfs_cor:ExtraordinaryIncome	特別利益	CurrentYearDuration_NonConsolidatedMember	JPY	1177000000
jppfs_cor:LossOnRetirementOfNoncurrentAssetsEL	固定資産除却損、特別損失	Prior1YearDuration_NonConsolidatedMember	JPY	3352000000
jppfs_cor:LossOnRetirementOfNoncurrentAssetsEL	固定資産除却損、特別損失	CurrentYearDuration_NonConsolidatedMember	JPY	3327000000
jppfs_cor:ImpairmentLossEL	減損損失、特別損失	Prior1YearDuration_NonConsolidatedMember	JPY	1158000000
jppfs_cor:ImpairmentLossEL	減損損失、特別損失	CurrentYearDuration_NonConsolidatedMember	JPY	107000000
jpcrp030000-asr_E00883-000:CancellationPenaltyEL		Prior1YearDuration_NonConsolidatedMember	JPY	1615000000
jpcrp030000-asr_E00883-000:CancellationPenaltyEL		CurrentYearDuration_NonConsolidatedMember	JPY	－
jppfs_cor:OtherEL	その他、特別損失	Prior1YearDuration_NonConsolidatedMember	JPY	615000000
jppfs_cor:OtherEL	その他、特別損失	CurrentYearDuration_NonConsolidatedMember	JPY	360000000
jppfs_cor:ExtraordinaryLoss	特別損失	Prior1YearDuration_NonConsolidatedMember	JPY	6740000000
jppfs_cor:ExtraordinaryLoss	特別損失	CurrentYearDuration_NonConsolidatedMember	JPY	3794000000
jppfs_cor:IncomeBeforeIncomeTaxes	税引前当期純利益又は税引前当期純損失（△）	Prior1YearDuration_NonConsolidatedMember	JPY	110106000000
jppfs_cor:IncomeBeforeIncomeTaxes	税引前当期純利益又は税引前当期純損失（△）	CurrentYearDuration_NonConsolidatedMember	JPY	129402000000
jppfs_cor:IncomeTaxesCurrent	法人税、住民税及び事業税	Prior1YearDuration_NonConsolidatedMember	JPY	12856000000
jppfs_cor:IncomeTaxesCurrent	法人税、住民税及び事業税	CurrentYearDuration_NonConsolidatedMember	JPY	22079000000
jppfs_cor:IncomeTaxesDeferred	法人税等調整額	Prior1YearDuration_NonConsolidatedMember	JPY	5505000000
jppfs_cor:IncomeTaxesDeferred	法人税等調整額	CurrentYearDuration_NonConsolidatedMember	JPY	4324000000
jppfs_cor:IncomeTaxes	法人税等	Prior1YearDuration_NonConsolidatedMember	JPY	18361000000
jppfs_cor:IncomeTaxes	法人税等	CurrentYearDuration_NonConsolidatedMember	JPY	26403000000
jppfs_cor:ProfitLoss	当期純利益又は当期純損失（△）（平成26年3月28日財規等改正後）	Prior1YearDuration_NonConsolidatedMember	JPY	91745000000
jppfs_cor:ProfitLoss	当期純利益又は当期純損失（△）（平成26年3月28日財規等改正後）	CurrentYearDuration_NonConsolidatedMember	JPY	102999000000
jppfs_cor:NetAssets	純資産	Prior2YearInstant_NonConsolidatedMember_CapitalStockMember	JPY	85424000000
jppfs_cor:NetAssets	純資産	Prior2YearInstant_NonConsolidatedMember_LegalCapitalSurplusMember	JPY	108889000000
jppfs_cor:NetAssets	純資産	Prior2YearInstant_NonConsolidatedMember_OtherCapitalSurplusMember	JPY	1000000
jppfs_cor:NetAssets	純資産	Prior2YearInstant_NonConsolidatedMember_CapitalSurplusMember	JPY	108890000000
jppfs_cor:NetAssets	純資産	Prior2YearInstant_NonConsolidatedMember_LegalRetainedEarningsMember	JPY	14117000000
jppfs_cor:NetAssets	純資産	Prior2YearInstant_NonConsolidatedMember_ReserveForReductionEntry1Member	JPY	6303000000
jppfs_cor:NetAssets	純資産	Prior2YearInstant_NonConsolidatedMember_GeneralReserveMember	JPY	305500000000
jppfs_cor:NetAssets	純資産	Prior2YearInstant_NonConsolidatedMember_RetainedEarningsBroughtForwardMember	JPY	188210000000
jppfs_cor:NetAssets	純資産	Prior2YearInstant_NonConsolidatedMember_RetainedEarningsMember	JPY	514130000000
jppfs_cor:DividendsFromSurplus	剰余金の配当	Prior1YearDuration_NonConsolidatedMember_RetainedEarningsBroughtForwardMember	JPY	-70339000000
jppfs_cor:DividendsFromSurplus	剰余金の配当	Prior1YearDuration_NonConsolidatedMember_RetainedEarningsMember	JPY	-70339000000
jppfs_cor:ReversalOfReserveForReductionEntry1	圧縮記帳積立金の取崩	Prior1YearDuration_NonConsolidatedMember_ReserveForReductionEntry1Member	JPY	-64000000
jppfs_cor:ReversalOfReserveForReductionEntry1	圧縮記帳積立金の取崩	Prior1YearDuration_NonConsolidatedMember_RetainedEarningsBroughtForwardMember	JPY	64000000
jppfs_cor:ReversalOfReserveForReductionEntry1	圧縮記帳積立金の取崩	Prior1YearDuration_NonConsolidatedMember_RetainedEarningsMember	JPY	－
jppfs_cor:ProfitLoss	当期純利益又は当期純損失（△）（平成26年3月28日財規等改正後）	Prior1YearDuration_NonConsolidatedMember_RetainedEarningsBroughtForwardMember	JPY	91745000000
jppfs_cor:ProfitLoss	当期純利益又は当期純損失（△）（平成26年3月28日財規等改正後）	Prior1YearDuration_NonConsolidatedMember_RetainedEarningsMember	JPY	91745000000
jppfs_cor:DisposalOfTreasuryStock	自己株式の処分	Prior1YearDuration_NonConsolidatedMember_OtherCapitalSurplusMember	JPY	0
jppfs_cor:DisposalOfTreasuryStock	自己株式の処分	Prior1YearDuration_NonConsolidatedMember_CapitalSurplusMember	JPY	0
jppfs_cor:TotalChangesOfItemsDuringThePeriod	当期変動額合計	Prior1YearDuration_NonConsolidatedMember_CapitalStockMember	JPY	－
jppfs_cor:TotalChangesOfItemsDuringThePeriod	当期変動額合計	Prior1YearDuration_NonConsolidatedMember_LegalCapitalSurplusMember	JPY	－
jppfs_cor:TotalChangesOfItemsDuringThePeriod	当期変動額合計	Prior1YearDuration_NonConsolidatedMember_OtherCapitalSurplusMember	JPY	0
jppfs_cor:TotalChangesOfItemsDuringThePeriod	当期変動額合計	Prior1YearDuration_NonConsolidatedMember_CapitalSurplusMember	JPY	0
jppfs_cor:TotalChangesOfItemsDuringThePeriod	当期変動額合計	Prior1YearDuration_NonConsolidatedMember_LegalRetainedEarningsMember	JPY	－
jppfs_cor:TotalChangesOfItemsDuringThePeriod	当期変動額合計	Prior1YearDuration_NonConsolidatedMember_ReserveForReductionEntry1Member	JPY	-64000000
jppfs_cor:TotalChangesOfItemsDuringThePeriod	当期変動額合計	Prior1YearDuration_NonConsolidatedMember_GeneralReserveMember	JPY	－
jppfs_cor:TotalChangesOfItemsDuringThePeriod	当期変動額合計	Prior1YearDuration_NonConsolidatedMember_RetainedEarningsBroughtForwardMember	JPY	21470000000
jppfs_cor:TotalChangesOfItemsDuringThePeriod	当期変動額合計	Prior1YearDuration_NonConsolidatedMember_RetainedEarningsMember	JPY	21406000000
jppfs_cor:NetAssets	純資産	Prior1YearInstant_NonConsolidatedMember_CapitalStockMember	JPY	85424000000
jppfs_cor:NetAssets	純資産	Prior1YearInstant_NonConsolidatedMember_LegalCapitalSurplusMember	JPY	108889000000
jppfs_cor:NetAssets	純資産	Prior1YearInstant_NonConsolidatedMember_OtherCapitalSurplusMember	JPY	1000000
jppfs_cor:NetAssets	純資産	Prior1YearInstant_NonConsolidatedMember_CapitalSurplusMember	JPY	108890000000
jppfs_cor:NetAssets	純資産	Prior1YearInstant_NonConsolidatedMember_LegalRetainedEarningsMember	JPY	14117000000
jppfs_cor:NetAssets	純資産	Prior1YearInstant_NonConsolidatedMember_ReserveForReductionEntry1Member	JPY	6239000000
jppfs_cor:NetAssets	純資産	Prior1YearInstant_NonConsolidatedMember_GeneralReserveMember	JPY	305500000000
jppfs_cor:NetAssets	純資産	Prior1YearInstant_NonConsolidatedMember_RetainedEarningsBroughtForwardMember	JPY	209680000000
jppfs_cor:NetAssets	純資産	Prior1YearInstant_NonConsolidatedMember_RetainedEarningsMember	JPY	535536000000
jppfs_cor:NetAssets	純資産	Prior2YearInstant_NonConsolidatedMember_TreasuryStockMember	JPY	-3084000000
jppfs_cor:NetAssets	純資産	Prior2YearInstant_NonConsolidatedMember_ShareholdersEquityMember	JPY	705360000000
jppfs_cor:NetAssets	純資産	Prior2YearInstant_NonConsolidatedMember_ValuationDifferenceOnAvailableForSaleSecuritiesMember	JPY	1591000000
jppfs_cor:NetAssets	純資産	Prior2YearInstant_NonConsolidatedMember_ValuationAndTranslationAdjustmentsMember	JPY	1591000000
jppfs_cor:NetAssets	純資産	Prior2YearInstant_NonConsolidatedMember	JPY	706951000000
jppfs_cor:DividendsFromSurplus	剰余金の配当	Prior1YearDuration_NonConsolidatedMember_ShareholdersEquityMember	JPY	-70339000000
jppfs_cor:DividendsFromSurplus	剰余金の配当	Prior1YearDuration_NonConsolidatedMember	JPY	-70339000000
jppfs_cor:ReversalOfReserveForReductionEntry1	圧縮記帳積立金の取崩	Prior1YearDuration_NonConsolidatedMember_ShareholdersEquityMember	JPY	－
jppfs_cor:ReversalOfReserveForReductionEntry1	圧縮記帳積立金の取崩	Prior1YearDuration_NonConsolidatedMember	JPY	－
jppfs_cor:ProfitLoss	当期純利益又は当期純損失（△）（平成26年3月28日財規等改正後）	Prior1YearDuration_NonConsolidatedMember_ShareholdersEquityMember	JPY	91745000000
jppfs_cor:ProfitLoss	当期純利益又は当期純損失（△）（平成26年3月28日財規等改正後）	Prior1YearDuration_NonConsolidatedMember	JPY	91745000000
jppfs_cor:PurchaseOfTreasuryStock	自己株式の取得	Prior1YearDuration_NonConsolidatedMember_TreasuryStockMember	JPY	-2846000000
jppfs_cor:PurchaseOfTreasuryStock	自己株式の取得	Prior1YearDuration_NonConsolidatedMember_ShareholdersEquityMember	JPY	-2846000000
jppfs_cor:PurchaseOfTreasuryStock	自己株式の取得	Prior1YearDuration_NonConsolidatedMember	JPY	-2846000000
jppfs_cor:DisposalOfTreasuryStock	自己株式の処分	Prior1YearDuration_NonConsolidatedMember_TreasuryStockMember	JPY	189000000
jppfs_cor:DisposalOfTreasuryStock	自己株式の処分	Prior1YearDuration_NonConsolidatedMember_ShareholdersEquityMember	JPY	189000000
jppfs_cor:DisposalOfTreasuryStock	自己株式の処分	Prior1YearDuration_NonConsolidatedMember	JPY	189000000
jppfs_cor:RetirementOfTreasuryStock	自己株式の消却	Prior1YearDuration_NonConsolidatedMember_ShareholdersEquityMember	JPY	－
jppfs_cor:RetirementOfTreasuryStock	自己株式の消却	Prior1YearDuration_NonConsolidatedMember	JPY	－
jppfs_cor:NetChangesOfItemsOtherThanShareholdersEquity	株主資本以外の項目の当期変動額（純額）	Prior1YearDuration_NonConsolidatedMember_ValuationDifferenceOnAvailableForSaleSecuritiesMember	JPY	567000000
jppfs_cor:NetChangesOfItemsOtherThanShareholdersEquity	株主資本以外の項目の当期変動額（純額）	Prior1YearDuration_NonConsolidatedMember_ValuationAndTranslationAdjustmentsMember	JPY	567000000
jppfs_cor:NetChangesOfItemsOtherThanShareholdersEquity	株主資本以外の項目の当期変動額（純額）	Prior1YearDuration_NonConsolidatedMember	JPY	567000000
jppfs_cor:TotalChangesOfItemsDuringThePeriod	当期変動額合計	Prior1YearDuration_NonConsolidatedMember_TreasuryStockMember	JPY	-2657000000
jppfs_cor:TotalChangesOfItemsDuringThePeriod	当期変動額合計	Prior1YearDuration_NonConsolidatedMember_ShareholdersEquityMember	JPY	18749000000
jppfs_cor:TotalChangesOfItemsDuringThePeriod	当期変動額合計	Prior1YearDuration_NonConsolidatedMember_ValuationDifferenceOnAvailableForSaleSecuritiesMember	JPY	567000000
jppfs_cor:TotalChangesOfItemsDuringThePeriod	当期変動額合計	Prior1YearDuration_NonConsolidatedMember_ValuationAndTranslationAdjustmentsMember	JPY	567000000
jppfs_cor:TotalChangesOfItemsDuringThePeriod	当期変動額合計	Prior1YearDuration_NonConsolidatedMember	JPY	19316000000
jppfs_cor:NetAssets	純資産	Prior1YearInstant_NonConsolidatedMember_TreasuryStockMember	JPY	-5741000000
jppfs_cor:NetAssets	純資産	Prior1YearInstant_NonConsolidatedMember_ShareholdersEquityMember	JPY	724109000000
jppfs_cor:NetAssets	純資産	Prior1YearInstant_NonConsolidatedMember_ValuationDifferenceOnAvailableForSaleSecuritiesMember	JPY	2158000000
jppfs_cor:NetAssets	純資産	Prior1YearInstant_NonConsolidatedMember_ValuationAndTranslationAdjustmentsMember	JPY	2158000000
jppfs_cor:NetAssets	純資産	Prior1YearInstant_NonConsolidatedMember	JPY	726267000000
jppfs_cor:NetAssets	純資産	Prior1YearInstant_NonConsolidatedMember_CapitalStockMember	JPY	85424000000
jppfs_cor:NetAssets	純資産	Prior1YearInstant_NonConsolidatedMember_LegalCapitalSurplusMember	JPY	108889000000
jppfs_cor:NetAssets	純資産	Prior1YearInstant_NonConsolidatedMember_OtherCapitalSurplusMember	JPY	1000000
jppfs_cor:NetAssets	純資産	Prior1YearInstant_NonConsolidatedMember_CapitalSurplusMember	JPY	108890000000
jppfs_cor:NetAssets	純資産	Prior1YearInstant_NonConsolidatedMember_LegalRetainedEarningsMember	JPY	14117000000
jppfs_cor:NetAssets	純資産	Prior1YearInstant_NonConsolidatedMember_ReserveForReductionEntry1Member	JPY	6239000000
jppfs_cor:NetAssets	純資産	Prior1YearInstant_NonConsolidatedMember_GeneralReserveMember	JPY	305500000000
jppfs_cor:NetAssets	純資産	Prior1YearInstant_NonConsolidatedMember_RetainedEarningsBroughtForwardMember	JPY	209680000000
jppfs_cor:NetAssets	純資産	Prior1YearInstant_NonConsolidatedMember_RetainedEarningsMember	JPY	535536000000
jppfs_cor:DividendsFromSurplus	剰余金の配当	CurrentYearDuration_NonConsolidatedMember_RetainedEarningsBroughtForwardMember	JPY	-71269000000
jppfs_cor:DividendsFromSurplus	剰余金の配当	CurrentYearDuration_NonConsolidatedMember_RetainedEarningsMember	JPY	-71269000000
jppfs_cor:ReversalOfReserveForReductionEntry1	圧縮記帳積立金の取崩	CurrentYearDuration_NonConsolidatedMember_ReserveForReductionEntry1Member	JPY	-121000000
jppfs_cor:ReversalOfReserveForReductionEntry1	圧縮記帳積立金の取崩	CurrentYearDuration_NonConsolidatedMember_RetainedEarningsBroughtForwardMember	JPY	121000000
jppfs_cor:ReversalOfReserveForReductionEntry1	圧縮記帳積立金の取崩	CurrentYearDuration_NonConsolidatedMember_RetainedEarningsMember	JPY	－
jppfs_cor:ProfitLoss	当期純利益又は当期純損失（△）（平成26年3月28日財規等改正後）	CurrentYearDuration_NonConsolidatedMember_RetainedEarningsBroughtForwardMember	JPY	102999000000
jppfs_cor:ProfitLoss	当期純利益又は当期純損失（△）（平成26年3月28日財規等改正後）	CurrentYearDuration_NonConsolidatedMember_RetainedEarningsMember	JPY	102999000000
jppfs_cor:DisposalOfTreasuryStock	自己株式の処分	CurrentYearDuration_NonConsolidatedMember_OtherCapitalSurplusMember	JPY	0
jppfs_cor:DisposalOfTreasuryStock	自己株式の処分	CurrentYearDuration_NonConsolidatedMember_CapitalSurplusMember	JPY	0
jppfs_cor:RetirementOfTreasuryStock	自己株式の消却	CurrentYearDuration_NonConsolidatedMember_OtherCapitalSurplusMember	JPY	-1000000
jppfs_cor:RetirementOfTreasuryStock	自己株式の消却	CurrentYearDuration_NonConsolidatedMember_CapitalSurplusMember	JPY	-1000000
jppfs_cor:RetirementOfTreasuryStock	自己株式の消却	CurrentYearDuration_NonConsolidatedMember_RetainedEarningsBroughtForwardMember	JPY	-80453000000
jppfs_cor:RetirementOfTreasuryStock	自己株式の消却	CurrentYearDuration_NonConsolidatedMember_RetainedEarningsMember	JPY	-80453000000
jppfs_cor:TotalChangesOfItemsDuringThePeriod	当期変動額合計	CurrentYearDuration_NonConsolidatedMember_CapitalStockMember	JPY	－
jppfs_cor:TotalChangesOfItemsDuringThePeriod	当期変動額合計	CurrentYearDuration_NonConsolidatedMember_LegalCapitalSurplusMember	JPY	－
jppfs_cor:TotalChangesOfItemsDuringThePeriod	当期変動額合計	CurrentYearDuration_NonConsolidatedMember_OtherCapitalSurplusMember	JPY	-1000000
jppfs_cor:TotalChangesOfItemsDuringThePeriod	当期変動額合計	CurrentYearDuration_NonConsolidatedMember_CapitalSurplusMember	JPY	-1000000
jppfs_cor:TotalChangesOfItemsDuringThePeriod	当期変動額合計	CurrentYearDuration_NonConsolidatedMember_LegalRetainedEarningsMember	JPY	－
jppfs_cor:TotalChangesOfItemsDuringThePeriod	当期変動額合計	CurrentYearDuration_NonConsolidatedMember_ReserveForReductionEntry1Member	JPY	-121000000
jppfs_cor:TotalChangesOfItemsDuringThePeriod	当期変動額合計	CurrentYearDuration_NonConsolidatedMember_GeneralReserveMember	JPY	－
jppfs_cor:TotalChangesOfItemsDuringThePeriod	当期変動額合計	CurrentYearDuration_NonConsolidatedMember_RetainedEarningsBroughtForwardMember	JPY	-48602000000
jppfs_cor:TotalChangesOfItemsDuringThePeriod	当期変動額合計	CurrentYearDuration_NonConsolidatedMember_RetainedEarningsMember	JPY	-48723000000
jppfs_cor:NetAssets	純資産	CurrentYearInstant_NonConsolidatedMember_CapitalStockMember	JPY	85424000000
jppfs_cor:NetAssets	純資産	CurrentYearInstant_NonConsolidatedMember_LegalCapitalSurplusMember	JPY	108889000000
jppfs_cor:NetAssets	純資産	CurrentYearInstant_NonConsolidatedMember_OtherCapitalSurplusMember	JPY	－
jppfs_cor:NetAssets	純資産	CurrentYearInstant_NonConsolidatedMember_CapitalSurplusMember	JPY	108889000000
jppfs_cor:NetAssets	純資産	CurrentYearInstant_NonConsolidatedMember_LegalRetainedEarningsMember	JPY	14117000000
jppfs_cor:NetAssets	純資産	CurrentYearInstant_NonConsolidatedMember_ReserveForReductionEntry1Member	JPY	6118000000
jppfs_cor:NetAssets	純資産	CurrentYearInstant_NonConsolidatedMember_GeneralReserveMember	JPY	305500000000
jppfs_cor:NetAssets	純資産	CurrentYearInstant_NonConsolidatedMember_RetainedEarningsBroughtForwardMember	JPY	161078000000
jppfs_cor:NetAssets	純資産	CurrentYearInstant_NonConsolidatedMember_RetainedEarningsMember	JPY	486813000000
jppfs_cor:NetAssets	純資産	Prior1YearInstant_NonConsolidatedMember_TreasuryStockMember	JPY	-5741000000
jppfs_cor:NetAssets	純資産	Prior1YearInstant_NonConsolidatedMember_ShareholdersEquityMember	JPY	724109000000
jppfs_cor:NetAssets	純資産	Prior1YearInstant_NonConsolidatedMember_ValuationDifferenceOnAvailableForSaleSecuritiesMember	JPY	2158000000
jppfs_cor:NetAssets	純資産	Prior1YearInstant_NonConsolidatedMember_ValuationAndTranslationAdjustmentsMember	JPY	2158000000
jppfs_cor:NetAssets	純資産	Prior1YearInstant_NonConsolidatedMember	JPY	726267000000
jppfs_cor:DividendsFromSurplus	剰余金の配当	CurrentYearDuration_NonConsolidatedMember_ShareholdersEquityMember	JPY	-71269000000
jppfs_cor:DividendsFromSurplus	剰余金の配当	CurrentYearDuration_NonConsolidatedMember	JPY	-71269000000
jppfs_cor:ReversalOfReserveForReductionEntry1	圧縮記帳積立金の取崩	CurrentYearDuration_NonConsolidatedMember_ShareholdersEquityMember	JPY	－
jppfs_cor:ReversalOfReserveForReductionEntry1	圧縮記帳積立金の取崩	CurrentYearDuration_NonConsolidatedMember	JPY	－
jppfs_cor:ProfitLoss	当期純利益又は当期純損失（△）（平成26年3月28日財規等改正後）	CurrentYearDuration_NonConsolidatedMember_ShareholdersEquityMember	JPY	102999000000
jppfs_cor:ProfitLoss	当期純利益又は当期純損失（△）（平成26年3月28日財規等改正後）	CurrentYearDuration_NonConsolidatedMember	JPY	102999000000
jppfs_cor:PurchaseOfTreasuryStock	自己株式の取得	CurrentYearDuration_NonConsolidatedMember_TreasuryStockMember	JPY	-80013000000
jppfs_cor:PurchaseOfTreasuryStock	自己株式の取得	CurrentYearDuration_NonConsolidatedMember_ShareholdersEquityMember	JPY	-80013000000
jppfs_cor:PurchaseOfTreasuryStock	自己株式の取得	CurrentYearDuration_NonConsolidatedMember	JPY	-80013000000
jppfs_cor:DisposalOfTreasuryStock	自己株式の処分	CurrentYearDuration_NonConsolidatedMember_TreasuryStockMember	JPY	362000000
jppfs_cor:DisposalOfTreasuryStock	自己株式の処分	CurrentYearDuration_NonConsolidatedMember_ShareholdersEquityMember	JPY	362000000
jppfs_cor:DisposalOfTreasuryStock	自己株式の処分	CurrentYearDuration_NonConsolidatedMember	JPY	362000000
jppfs_cor:RetirementOfTreasuryStock	自己株式の消却	CurrentYearDuration_NonConsolidatedMember_TreasuryStockMember	JPY	80454000000
jppfs_cor:RetirementOfTreasuryStock	自己株式の消却	CurrentYearDuration_NonConsolidatedMember_ShareholdersEquityMember	JPY	－
jppfs_cor:RetirementOfTreasuryStock	自己株式の消却	CurrentYearDuration_NonConsolidatedMember	JPY	－
jppfs_cor:NetChangesOfItemsOtherThanShareholdersEquity	株主資本以外の項目の当期変動額（純額）	CurrentYearDuration_NonConsolidatedMember_ValuationDifferenceOnAvailableForSaleSecuritiesMember	JPY	525000000
jppfs_cor:NetChangesOfItemsOtherThanShareholdersEquity	株主資本以外の項目の当期変動額（純額）	CurrentYearDuration_NonConsolidatedMember_ValuationAndTranslationAdjustmentsMember	JPY	525000000
jppfs_cor:NetChangesOfItemsOtherThanShareholdersEquity	株主資本以外の項目の当期変動額（純額）	CurrentYearDuration_NonConsolidatedMember	JPY	525000000
jppfs_cor:TotalChangesOfItemsDuringThePeriod	当期変動額合計	CurrentYearDuration_NonConsolidatedMember_TreasuryStockMember	JPY	803000000
jppfs_cor:TotalChangesOfItemsDuringThePeriod	当期変動額合計	CurrentYearDuration_NonConsolidatedMember_ShareholdersEquityMember	JPY	-47921000000
jppfs_cor:TotalChangesOfItemsDuringThePeriod	当期変動額合計	CurrentYearDuration_NonConsolidatedMember_ValuationDifferenceOnAvailableForSaleSecuritiesMember	JPY	525000000
jppfs_cor:TotalChangesOfItemsDuringThePeriod	当期変動額合計	CurrentYearDuration_NonConsolidatedMember_ValuationAndTranslationAdjustmentsMember	JPY	525000000
jppfs_cor:TotalChangesOfItemsDuringThePeriod	当期変動額合計	CurrentYearDuration_NonConsolidatedMember	JPY	-47396000000
jppfs_cor:NetAssets	純資産	CurrentYearInstant_NonConsolidatedMember_TreasuryStockMember	JPY	-4938000000
jppfs_cor:NetAssets	純資産	CurrentYearInstant_NonConsolidatedMember_ShareholdersEquityMember	JPY	676188000000
jppfs_cor:NetAssets	純資産	CurrentYearInstant_NonConsolidatedMember_ValuationDifferenceOnAvailableForSaleSecuritiesMember	JPY	2683000000
jppfs_cor:NetAssets	純資産	CurrentYearInstant_NonConsolidatedMember_ValuationAndTranslationAdjustmentsMember	JPY	2683000000
jppfs_cor:NetAssets	純資産	CurrentYearInstant_NonConsolidatedMember	JPY	678871000000
jpcrp030000-asr_E00883-000:SalesCommissionSellingExpenses		Prior1YearDuration_NonConsolidatedMember	JPY	139666000000
jpcrp030000-asr_E00883-000:SalesCommissionSellingExpenses		CurrentYearDuration_NonConsolidatedMember	JPY	134790000000
jpcrp030000-asr_E00883-000:AdvertisingExpensesSellingExpenses		Prior1YearDuration_NonConsolidatedMember	JPY	39128000000
jpcrp030000-asr_E00883-000:AdvertisingExpensesSellingExpenses		CurrentYearDuration_NonConsolidatedMember	JPY	41675000000
jpcrp030000-asr_E00883-000:PromotionExpensesSellingExpenses		Prior1YearDuration_NonConsolidatedMember	JPY	19655000000
jpcrp030000-asr_E00883-000:PromotionExpensesSellingExpenses		CurrentYearDuration_NonConsolidatedMember	JPY	20479000000
jpcrp030000-asr_E00883-000:SalariesAllowancesAndBonusesSellingExpenses		Prior1YearDuration_NonConsolidatedMember	JPY	13780000000
jpcrp030000-asr_E00883-000:SalariesAllowancesAndBonusesSellingExpenses		CurrentYearDuration_NonConsolidatedMember	JPY	14872000000
jppfs_cor:DepreciationSellingExpenses	減価償却費、販売費	Prior1YearDuration_NonConsolidatedMember	JPY	4062000000
jppfs_cor:DepreciationSellingExpenses	減価償却費、販売費	CurrentYearDuration_NonConsolidatedMember	JPY	3222000000
jpcrp030000-asr_E00883-000:SalariesAllowancesAndBonusesGeneralAndAdministrativeExpenses		Prior1YearDuration_NonConsolidatedMember	JPY	18634000000
jpcrp030000-asr_E00883-000:SalariesAllowancesAndBonusesGeneralAndAdministrativeExpenses		CurrentYearDuration_NonConsolidatedMember	JPY	20116000000
jppfs_cor:DepreciationGA	減価償却費、一般管理費	Prior1YearDuration_NonConsolidatedMember	JPY	6957000000
jppfs_cor:DepreciationGA	減価償却費、一般管理費	CurrentYearDuration_NonConsolidatedMember	JPY	7999000000
jpcrp030000-asr_E00883-000:ResearchAndDevelopmentExpensesGeneralAndAdministrativeExpenses		Prior1YearDuration_NonConsolidatedMember	JPY	51661000000
jpcrp030000-asr_E00883-000:ResearchAndDevelopmentExpensesGeneralAndAdministrativeExpenses		CurrentYearDuration_NonConsolidatedMember	JPY	50544000000
jpcrp_cor:DocumentTitleCoverPage	提出書類、表紙	FilingDateInstant	－	有価証券報告書
jpcrp_cor:ClauseOfStipulationCoverPage	根拠条文、表紙	FilingDateInstant	－	金融商品取引法第24条第1項
jpcrp_cor:PlaceOfFilingCoverPage	提出先、表紙	FilingDateInstant	－	関東財務局長
jpcrp_cor:FilingDateCoverPage	提出日、表紙	FilingDateInstant	－	2026-03-25
jpcrp_cor:FiscalYearCoverPage	事業年度、表紙	FilingDateInstant	－	第120期（自　2025年1月1日　至　2025年12月31日）
jpcrp_cor:CompanyNameCoverPage	会社名、表紙	FilingDateInstant	－	花王株式会社
jpcrp_cor:CompanyNameInEnglishCoverPage	英訳名、表紙	FilingDateInstant	－	Kao Corporation
jpcrp_cor:TitleAndNameOfRepresentativeCoverPage	代表者の役職氏名、表紙	FilingDateInstant	－	代表取締役　社長執行役員　　長谷部　佳宏
jpcrp_cor:AddressOfRegisteredHeadquarterCoverPage	本店の所在の場所、表紙	FilingDateInstant	－	東京都中央区日本橋茅場町一丁目14番10号
jpcrp_cor:TelephoneNumberAddressOfRegisteredHeadquarterCoverPage	電話番号、本店の所在の場所、表紙	FilingDateInstant	－	03-3660-7111（代表）
jpcrp_cor:NameOfContactPersonAddressOfRegisteredHeadquarterCoverPage	事務連絡者氏名、本店の所在の場所、表紙	FilingDateInstant	－	会計財務部門　管理部長　　　峯岸　佳雅
jpcrp_cor:NearestPlaceOfContactCoverPage	最寄りの連絡場所、表紙	FilingDateInstant	－	東京都中央区日本橋茅場町一丁目14番10号
jpcrp_cor:TelephoneNumberNearestPlaceOfContactCoverPage	電話番号、最寄りの連絡場所、表紙	FilingDateInstant	－	03-3660-7111（代表）
jpcrp_cor:NameOfContactPersonNearestPlaceOfContactCoverPage	事務連絡者氏名、最寄りの連絡場所、表紙	FilingDateInstant	－	会計財務部門　管理部長　　　峯岸　佳雅
jpcrp_cor:PlaceForPublicInspectionCoverPageTextBlock	縦覧に供する場所、表紙 [テキストブロック]	FilingDateInstant	－	株式会社東京証券取引所（東京都中央区日本橋兜町2番1号）
jpdei_cor:EDINETCodeDEI	EDINETコード、DEI	FilingDateInstant	－	E00883
jpdei_cor:FundCodeDEI	ファンドコード、DEI	FilingDateInstant	－	－
jpdei_cor:SecurityCodeDEI	証券コード、DEI	FilingDateInstant	－	44520
jpdei_cor:FilerNameInJapaneseDEI	提出者名（日本語表記）、DEI	FilingDateInstant	－	花王株式会社
jpdei_cor:FilerNameInEnglishDEI	提出者名（英語表記）、DEI	FilingDateInstant	－	Kao Corporation
jpdei_cor:FundNameInJapaneseDEI	ファンド名称（日本語表記）、DEI	FilingDateInstant	－	－
jpdei_cor:FundNameInEnglishDEI	ファンド名称（英語表記）、DEI	FilingDateInstant	－	－
jpdei_cor:CabinetOfficeOrdinanceDEI	府令、DEI	FilingDateInstant	－	企業内容等の開示に関する内閣府令
jpdei_cor:DocumentTypeDEI	様式、DEI	FilingDateInstant	－	第三号様式
jpdei_cor:AccountingStandardsDEI	会計基準、DEI	FilingDateInstant	－	IFRS
jpdei_cor:WhetherConsolidatedFinancialStatementsArePreparedDEI	連結決算の有無、DEI	FilingDateInstant	－	true
jpdei_cor:IndustryCodeWhenConsolidatedFinancialStatementsArePreparedInAccordanceWithIndustrySpecificRegulationsDEI	別記事業（連結）、DEI	FilingDateInstant	－	cte
jpdei_cor:IndustryCodeWhenFinancialStatementsArePreparedInAccordanceWithIndustrySpecificRegulationsDEI	別記事業（個別）、DEI	FilingDateInstant	－	cte
jpdei_cor:CurrentFiscalYearStartDateDEI	当事業年度開始日、DEI	FilingDateInstant	－	2025-01-01
jpdei_cor:CurrentPeriodEndDateDEI	当会計期間終了日、DEI	FilingDateInstant	－	2025-12-31
jpdei_cor:TypeOfCurrentPeriodDEI	当会計期間の種類、DEI	FilingDateInstant	－	FY
jpdei_cor:CurrentFiscalYearEndDateDEI	当事業年度終了日、DEI	FilingDateInstant	－	2025-12-31
jpdei_cor:PreviousFiscalYearStartDateDEI	前事業年度開始日、DEI	FilingDateInstant	－	2024-01-01
jpdei_cor:ComparativePeriodEndDateDEI	比較対象会計期間終了日、DEI	FilingDateInstant	－	2024-12-31
jpdei_cor:PreviousFiscalYearEndDateDEI	前事業年度終了日、DEI	FilingDateInstant	－	2024-12-31
jpdei_cor:NextFiscalYearStartDateDEI	次の事業年度開始日、DEI	FilingDateInstant	－	－
jpdei_cor:EndDateOfQuarterlyOrSemiAnnualPeriodOfNextFiscalYearDEI	次の中間期の会計期間終了日、DEI	FilingDateInstant	－	－
jpdei_cor:AmendmentFlagDEI	訂正の有無、DEI	FilingDateInstant	－	false
jpdei_cor:IdentificationOfDocumentSubjectToAmendmentDEI	訂正対象書類の書類管理番号、DEI	FilingDateInstant	－	－
jpdei_cor:ReportAmendmentFlagDEI	記載事項訂正のフラグ、DEI	FilingDateInstant	－	false
jpdei_cor:XBRLAmendmentFlagDEI	XBRL訂正のフラグ、DEI	FilingDateInstant	－	false
jpcrp_cor:BusinessResultsOfGroupTextBlock	連結経営指標等 [テキストブロック]	FilingDateInstant	－	（1）連結経営指標等 回次第116期第117期第118期第119期第120期決算年月2021年12月2022年12月2023年12月2024年12月2025年12月売上高百万円1,418,7681,551,0591,532,5791,628
jpcrp_cor:BusinessResultsOfReportingCompanyTextBlock	提出会社の経営指標等 [テキストブロック]	FilingDateInstant	－	 （2）提出会社の経営指標等 回次第116期第117期第118期第119期第120期決算年月2021年12月2022年12月2023年12月2024年12月2025年12月売上高百万円872,913871,749868,067898,054
jpcrp_cor:CompanyHistoryTextBlock	沿革 [テキストブロック]	FilingDateInstant	－	 ２ 【沿革】1887年 6月洋小間物商長瀬商店として発足。　───（創業）1890年10月「花王石鹸」を発売。1922年11月吾嬬町工場（現 東京工場（インキュベーションセンター東京））完成。1925年 5月花王石鹸株式会社長瀬商会設立。
jpcrp_cor:DescriptionOfBusinessTextBlock	事業の内容 [テキストブロック]	FilingDateInstant	－	 ３ 【事業の内容】当社及び関係会社（子会社111社、関連会社7社により構成）は、グローバルコンシューマーケア事業製品、ケミカル事業製品の製造、販売を主な事業としているほか、これらに附帯するサービス業務等を営んでおります。事業の内容と当社及
jpcrp_cor:OverviewOfAffiliatedEntitiesTextBlock	関係会社の状況 [テキストブロック]	FilingDateInstant	－	 ４ 【関係会社の状況】（1）親会社該当ありません。 （2）連結子会社2025年12月31日現在   会社名住所資本金又は出資金主要な事業の内容議決権の所有割合(％)関係内容役員の兼任等長期貸付金営業上の取引設備の賃貸借等花王グループカスタ
jpcrp_cor:InformationAboutEmployeesTextBlock	従業員の状況 [テキストブロック]	FilingDateInstant	－	 ５ 【従業員の状況】（1）連結会社の状況2025年12月31日現在セグメントの名称従業員数（人）[臨時雇用者数（人）] ハイジーンリビングケア事業8,499[4,061] ヘルスビューティケア事業7,521[2,591] 化粧品事業9,3
jpcrp_cor:ConsolidatedSubsidiariesMetricsOfConsolidatedSubsidiaries	指標を公表した会社、連結子会社の指標	CurrentYearInstant_Row1Member	－	花王グループカスタマーマーケティング㈱
jpcrp_cor:ConsolidatedSubsidiariesMetricsOfConsolidatedSubsidiaries	指標を公表した会社、連結子会社の指標	CurrentYearInstant_Row2Member	－	花王プロフェッショナル・サービス㈱
jpcrp_cor:ConsolidatedSubsidiariesMetricsOfConsolidatedSubsidiaries	指標を公表した会社、連結子会社の指標	CurrentYearInstant_Row3Member	－	花王ロジスティクス㈱
jpcrp_cor:ConsolidatedSubsidiariesMetricsOfConsolidatedSubsidiaries	指標を公表した会社、連結子会社の指標	CurrentYearInstant_Row4Member	－	花王サニタリープロダクツ愛媛㈱
jpcrp_cor:ConsolidatedSubsidiariesMetricsOfConsolidatedSubsidiaries	指標を公表した会社、連結子会社の指標	CurrentYearInstant_Row5Member	－	花王ビューティブランズカウンセリング㈱
jpcrp_cor:ConsolidatedSubsidiariesMetricsOfConsolidatedSubsidiaries	指標を公表した会社、連結子会社の指標	CurrentYearInstant_Row6Member	－	㈱エキップ
jpcrp_cor:ConsolidatedSubsidiariesMetricsOfConsolidatedSubsidiaries	指標を公表した会社、連結子会社の指標	CurrentYearInstant_Row7Member	－	花王コスメプロダクツ小田原㈱
jpcrp_cor:ConsolidatedSubsidiariesMetricsOfConsolidatedSubsidiaries	指標を公表した会社、連結子会社の指標	CurrentYearInstant_Row8Member	－	伊野紙㈱
jpcrp_cor:BusinessPolicyBusinessEnvironmentIssuesToAddressEtcTextBlock	経営方針、経営環境及び対処すべき課題等 [テキストブロック]	FilingDateInstant	－	１ 【経営方針、経営環境及び対処すべき課題等】文中の将来に関する事項は、当社グループが有価証券報告書提出日現在において合理的であると判断する一定の前提に基づいており、実際の結果とは様々な要因により大きく異なる可能性があります。 （1）会社の
jpcrp_cor:DisclosureOfSustainabilityRelatedFinancialInformationTextBlock	サステナビリティに関する考え方及び取組 [テキストブロック]	FilingDateInstant	－	 ２ 【サステナビリティに関する考え方及び取組】文中の将来に関する事項は、当社グループが有価証券報告書提出日現在において合理的であると判断する一定の前提に基づいており、実際の結果とは様々な要因により大きく異なる可能性があります。 （1）ES
jpcrp030000-asr_E00883-000:GovernanceESGTextBlock		FilingDateInstant	－	①　ガバナンス花王は、グローバルの大きな変化に迅速に対応するとともに、事業の拡大と社会課題解決を目指して、柔軟で強靭なESGガバナンスを構築しています。このESGガバナンスは、花王の経営、事業活動に環境（E）や社会（S）の視点を入れ、取り組
jpcrp030000-asr_E00883-000:ReferenceToOtherInformationGovernanceESG		FilingDateInstant	－	「第４　提出会社の状況　４　コーポレート・ガバナンスの状況等　(1)コーポレート・ガバナンスの概要、(4) 役員の報酬等」
jpcrp030000-asr_E00883-000:StrategyESGTextBlock		FilingDateInstant	－	 ②　戦略中期経営計画「K27」において、花王グループは、持続可能な社会に欠かせない企業となることを基本方針の中核に据え、利益あるグローバル成長と中長期の企業価値向上を目指しています。すなわち花王のサステナビリティは、環境・社会価値の創出を
jpcrp030000-asr_E00883-000:RiskManagementESGTextBlock		FilingDateInstant	－	③　リスク管理花王は、柔軟で強靭なESGガバナンスのもと、リスクの低減と事業機会の創出を確実にするため、リスク管理及び機会管理を強化しています。 リスク管理においては、リスクの重要性をリスク・危機管理委員会で定期的にモニタリングし、経営への
jpcrp030000-asr_E00883-000:ReferenceToOtherInformationRiskManagementESG		FilingDateInstant	－	「第２　事業の状況　３　事業等のリスク」
jpcrp030000-asr_E00883-000:MetricsAndTargetsESGTextBlock		FilingDateInstant	－	④　指標と目標花王は、野心的な指標と目標を設定することで、KLPの方向性を明確にし、的確な進捗管理をすることで、KLPを着実に実行しています。花王のKLPの19のアクションごとに指標と目標を設定しています。上記ESGガバナンスにおいて各指標
jpcrp030000-asr_E00883-000:ReferenceToOtherInformationMetricsAndTargetsESG		FilingDateInstant	－	「花王サステナビリティレポート 2026」
jpcrp030000-asr_E00883-000:GovernanceRespondingToClimateChangeInitiativesForTheTCFDRecommendationsTextBlock		FilingDateInstant	－	①　ガバナンス気候変動に関するガバナンスは、ESG戦略のガバナンスに組み込まれています。詳細については「（１）ESG戦略「Kirei Lifestyle Plan」　①ガバナンス」を参照ください。 
jpcrp030000-asr_E00883-000:StrategyRespondingToClimateChangeInitiativesForTheTCFDRecommendationsTextBlock		FilingDateInstant	－	②　戦略気候変動により平均気温が4℃上昇することは、社会に非常に大きな影響を及ぼすことから、世界全体が気温上昇を1.5℃に抑えることを目指していることに意味ある貢献をすることが、重要であると認識しています。花王は1.5℃、4℃シナリオで財務
jpcrp030000-asr_E00883-000:RiskManagementRespondingToClimateChangeInitiativesForTheTCFDRecommendationsTextBlock		FilingDateInstant	－	③　リスク管理気候変動に関する主なリスクは、ESG戦略のリスクに含めて管理しています。詳細については「（１）ESG戦略「Kirei Lifestyle Plan」　③リスク管理」を参照ください。 
jpcrp030000-asr_E00883-000:MetricsAndTargetsRespondingToClimateChangeInitiativesForTheTCFDRecommendationsTextBlock		FilingDateInstant	－	 ④　指標と目標2021年、当社グループは「2040年カーボンゼロ、2050年カーボンネガティブを目指す」という方針のもと、2030年目標を設定・更新しました。・スコープ1+2 CO2排出量（絶対量）削減率-55％（対2017年）※1・使用
jpcrp030000-asr_E00883-000:ReferenceToOtherInformationMetricsAndTargetsRespondingToClimateChangeInitiativesForTheTCFDRecommendations		FilingDateInstant	－	「花王サステナビリティレポート 2026」
jpcrp030000-asr_E00883-000:ReferenceToOtherInformationMetricsAndTargetsRespondingToClimateChangeInitiativesForTheTCFDRecommendations		FilingDateInstant	－	「花王サステナビリティレポート 2026」
jpcrp030000-asr_E00883-000:GovernanceHumanCapitalTextBlock		FilingDateInstant	－	①　ガバナンス人財戦略に関しては、取締役会における経営視点での方針の議論を経て、経営トップを委員とする「人財企画委員会」にて具体的な課題や施策（重要な組織の新設・改編、主要ポジションの任免、人員・人件費に関する計画や重要な人事施策の新設・改
jpcrp030000-asr_E00883-000:StrategyHumanCapitalTextBlock		FilingDateInstant	－	②　戦略「K27」の目標達成に向けて「グローバル・シャープトップ」事業を拡大していくため、社員活力の最大化を目指しています。その実現に向けて、花王の精神と事業目標に沿った人事制度を整え、諸施策を効果・効率的に展開しています。これらの取り組み
jpcrp_cor:PolicyOnDevelopmentOfHumanResourcesAndInternalEnvironmentStrategyTextBlock	人材の育成及び社内環境整備に関する方針、戦略 [テキストブロック]	FilingDateInstant	－	「K27」の目標達成に向けて「グローバル・シャープトップ」事業を拡大していくため、社員活力の最大化を目指しています。その実現に向けて、花王の精神と事業目標に沿った人事制度を整え、諸施策を効果・効率的に展開しています。これらの取り組みの前提と
jpcrp030000-asr_E00883-000:ReferenceToOtherInformationStrategyHumanCapital		FilingDateInstant	－	https://www.kao.com/jp/sustainability/walking-the-right-path/inclusive-diverse/dei/
jpcrp030000-asr_E00883-000:RiskManagementHumanCapitalTextBlock		FilingDateInstant	－	③　リスク管理人財開発に関するリスクについては短期的な視点だけではなく、中長期における優秀人財の維持・獲得の観点からも確認し、必要な対策を講じています。各種法改正や社会動向の変化も踏まえ、人財に関する統計データにより傾向を把握することに加え
jpcrp030000-asr_E00883-000:MetricsAndTargetsHumanCapitalTextBlock		FilingDateInstant	－	 ④　指標と目標Ⅰ.人財戦略に基づく重点アクション2022年2023年2024年2025年目標値2027年社員教育投資(2020年比)1.42倍1.53倍2.02倍2.03倍2.5倍DX人財(2020年比）※21.5倍6倍10倍15倍20倍
jpcrp_cor:DescriptionOfMetricsRelatedToPolicyOnDevelopmentOfHumanResourcesAndInternalEnvironmentAndTargetsAndPerformanceUsingSuchMetricsMetricsAndTargetsTextBlock	人材の育成及び社内環境整備に関する方針に関する指標の内容並びに当該指標を用いた目標及び実績、指標及び目標 [テキストブロック]	FilingDateInstant	－	 ④　指標と目標Ⅰ.人財戦略に基づく重点アクション2022年2023年2024年2025年目標値2027年社員教育投資(2020年比)1.42倍1.53倍2.02倍2.03倍2.5倍DX人財(2020年比）※21.5倍6倍10倍15倍20倍
jpcrp_cor:TargetPeriodDescriptionOfMetricsRelatedToPolicyOnDevelopmentOfHumanResourcesAndInternalEnvironmentAndTargetsAndPerformanceUsingSuchMetrics	目標期間、人材の育成及び社内環境整備に関する方針に関する指標の内容並びに当該指標を用いた目標及び実績	CurrentYearInstant_Row1Member	－	2027年
jpcrp_cor:TargetPeriodDescriptionOfMetricsRelatedToPolicyOnDevelopmentOfHumanResourcesAndInternalEnvironmentAndTargetsAndPerformanceUsingSuchMetrics	目標期間、人材の育成及び社内環境整備に関する方針に関する指標の内容並びに当該指標を用いた目標及び実績	CurrentYearInstant_Row2Member	－	2027年
jpcrp_cor:TargetPeriodDescriptionOfMetricsRelatedToPolicyOnDevelopmentOfHumanResourcesAndInternalEnvironmentAndTargetsAndPerformanceUsingSuchMetrics	目標期間、人材の育成及び社内環境整備に関する方針に関する指標の内容並びに当該指標を用いた目標及び実績	CurrentYearInstant_Row3Member	－	2027年
jpcrp_cor:TargetPeriodDescriptionOfMetricsRelatedToPolicyOnDevelopmentOfHumanResourcesAndInternalEnvironmentAndTargetsAndPerformanceUsingSuchMetrics	目標期間、人材の育成及び社内環境整備に関する方針に関する指標の内容並びに当該指標を用いた目標及び実績	CurrentYearInstant_Row5Member	－	2027年
jpcrp_cor:TargetPeriodDescriptionOfMetricsRelatedToPolicyOnDevelopmentOfHumanResourcesAndInternalEnvironmentAndTargetsAndPerformanceUsingSuchMetrics	目標期間、人材の育成及び社内環境整備に関する方針に関する指標の内容並びに当該指標を用いた目標及び実績	CurrentYearInstant_Row6Member	－	2027年
jpcrp_cor:TargetPeriodDescriptionOfMetricsRelatedToPolicyOnDevelopmentOfHumanResourcesAndInternalEnvironmentAndTargetsAndPerformanceUsingSuchMetrics	目標期間、人材の育成及び社内環境整備に関する方針に関する指標の内容並びに当該指標を用いた目標及び実績	CurrentYearInstant_Row4Member	－	2027年
jpcrp_cor:TargetPeriodDescriptionOfMetricsRelatedToPolicyOnDevelopmentOfHumanResourcesAndInternalEnvironmentAndTargetsAndPerformanceUsingSuchMetrics	目標期間、人材の育成及び社内環境整備に関する方針に関する指標の内容並びに当該指標を用いた目標及び実績	CurrentYearInstant_Row7Member	－	2027年
jpcrp_cor:TargetPeriodDescriptionOfMetricsRelatedToPolicyOnDevelopmentOfHumanResourcesAndInternalEnvironmentAndTargetsAndPerformanceUsingSuchMetrics	目標期間、人材の育成及び社内環境整備に関する方針に関する指標の内容並びに当該指標を用いた目標及び実績	CurrentYearInstant_Row8Member	－	2027年
jpcrp_cor:TargetPeriodDescriptionOfMetricsRelatedToPolicyOnDevelopmentOfHumanResourcesAndInternalEnvironmentAndTargetsAndPerformanceUsingSuchMetrics	目標期間、人材の育成及び社内環境整備に関する方針に関する指標の内容並びに当該指標を用いた目標及び実績	CurrentYearInstant_Row9Member	－	2027年
jpcrp_cor:MetricsDescriptionOfMetricsRelatedToPolicyOnDevelopmentOfHumanResourcesAndInternalEnvironmentAndTargetsAndPerformanceUsingSuchMetrics	指標の内容、人材の育成及び社内環境整備に関する方針に関する指標の内容並びに当該指標を用いた目標及び実績	CurrentYearInstant_Row1Member	－	社員教育投資(2020年比)
jpcrp_cor:MetricsUnitDescriptionOfMetricsRelatedToPolicyOnDevelopmentOfHumanResourcesAndInternalEnvironmentAndTargetsAndPerformanceUsingSuchMetrics	指標の単位、人材の育成及び社内環境整備に関する方針に関する指標の内容並びに当該指標を用いた目標及び実績	CurrentYearInstant_Row1Member	－	倍
jpcrp_cor:MetricsDescriptionOfMetricsRelatedToPolicyOnDevelopmentOfHumanResourcesAndInternalEnvironmentAndTargetsAndPerformanceUsingSuchMetrics	指標の内容、人材の育成及び社内環境整備に関する方針に関する指標の内容並びに当該指標を用いた目標及び実績	CurrentYearInstant_Row2Member	－	DX人財(2020年比）
jpcrp_cor:MetricsUnitDescriptionOfMetricsRelatedToPolicyOnDevelopmentOfHumanResourcesAndInternalEnvironmentAndTargetsAndPerformanceUsingSuchMetrics	指標の単位、人材の育成及び社内環境整備に関する方針に関する指標の内容並びに当該指標を用いた目標及び実績	CurrentYearInstant_Row2Member	－	倍
jpcrp_cor:MetricsDescriptionOfMetricsRelatedToPolicyOnDevelopmentOfHumanResourcesAndInternalEnvironmentAndTargetsAndPerformanceUsingSuchMetrics	指標の内容、人材の育成及び社内環境整備に関する方針に関する指標の内容並びに当該指標を用いた目標及び実績	CurrentYearInstant_Row3Member	－	社内公募による異動者実績(2020年比)
jpcrp_cor:MetricsUnitDescriptionOfMetricsRelatedToPolicyOnDevelopmentOfHumanResourcesAndInternalEnvironmentAndTargetsAndPerformanceUsingSuchMetrics	指標の単位、人材の育成及び社内環境整備に関する方針に関する指標の内容並びに当該指標を用いた目標及び実績	CurrentYearInstant_Row3Member	－	倍
jpcrp_cor:MetricsDescriptionOfMetricsRelatedToPolicyOnDevelopmentOfHumanResourcesAndInternalEnvironmentAndTargetsAndPerformanceUsingSuchMetrics	指標の内容、人材の育成及び社内環境整備に関する方針に関する指標の内容並びに当該指標を用いた目標及び実績	CurrentYearInstant_Row4Member	－	全採用数におけるキャリア採用比率
jpcrp_cor:MetricsUnitDescriptionOfMetricsRelatedToPolicyOnDevelopmentOfHumanResourcesAndInternalEnvironmentAndTargetsAndPerformanceUsingSuchMetrics	指標の単位、人材の育成及び社内環境整備に関する方針に関する指標の内容並びに当該指標を用いた目標及び実績	CurrentYearInstant_Row4Member	－	％
jpcrp_cor:MetricsDescriptionOfMetricsRelatedToPolicyOnDevelopmentOfHumanResourcesAndInternalEnvironmentAndTargetsAndPerformanceUsingSuchMetrics	指標の内容、人材の育成及び社内環境整備に関する方針に関する指標の内容並びに当該指標を用いた目標及び実績	CurrentYearInstant_Row5Member	－	KESスコア：公正な評価
jpcrp_cor:MetricsDescriptionOfMetricsRelatedToPolicyOnDevelopmentOfHumanResourcesAndInternalEnvironmentAndTargetsAndPerformanceUsingSuchMetrics	指標の内容、人材の育成及び社内環境整備に関する方針に関する指標の内容並びに当該指標を用いた目標及び実績	CurrentYearInstant_Row6Member	－	KESスコア：対話
jpcrp_cor:MetricsDescriptionOfMetricsRelatedToPolicyOnDevelopmentOfHumanResourcesAndInternalEnvironmentAndTargetsAndPerformanceUsingSuchMetrics	指標の内容、人材の育成及び社内環境整備に関する方針に関する指標の内容並びに当該指標を用いた目標及び実績	CurrentYearInstant_Row7Member	－	KESスコア：働き方満足度
jpcrp_cor:MetricsDescriptionOfMetricsRelatedToPolicyOnDevelopmentOfHumanResourcesAndInternalEnvironmentAndTargetsAndPerformanceUsingSuchMetrics	指標の内容、人材の育成及び社内環境整備に関する方針に関する指標の内容並びに当該指標を用いた目標及び実績	CurrentYearInstant_Row8Member	－	女性社員比率に対する女性管理職比率
jpcrp_cor:MetricsUnitDescriptionOfMetricsRelatedToPolicyOnDevelopmentOfHumanResourcesAndInternalEnvironmentAndTargetsAndPerformanceUsingSuchMetrics	指標の単位、人材の育成及び社内環境整備に関する方針に関する指標の内容並びに当該指標を用いた目標及び実績	CurrentYearInstant_Row8Member	－	％
jpcrp_cor:MetricsDescriptionOfMetricsRelatedToPolicyOnDevelopmentOfHumanResourcesAndInternalEnvironmentAndTargetsAndPerformanceUsingSuchMetrics	指標の内容、人材の育成及び社内環境整備に関する方針に関する指標の内容並びに当該指標を用いた目標及び実績	CurrentYearInstant_Row9Member	－	KESスコア：社員活力度
jpcrp_cor:TargetPeriodDescriptionOfMetricsRelatedToPolicyOnDevelopmentOfHumanResourcesAndInternalEnvironmentAndTargetsAndPerformanceUsingSuchMetrics	目標期間、人材の育成及び社内環境整備に関する方針に関する指標の内容並びに当該指標を用いた目標及び実績	CurrentYearInstant_Row10Member	－	2027年
jpcrp_cor:TargetPeriodDescriptionOfMetricsRelatedToPolicyOnDevelopmentOfHumanResourcesAndInternalEnvironmentAndTargetsAndPerformanceUsingSuchMetrics	目標期間、人材の育成及び社内環境整備に関する方針に関する指標の内容並びに当該指標を用いた目標及び実績	CurrentYearInstant_Row12Member	－	2027年
jpcrp_cor:TargetPeriodDescriptionOfMetricsRelatedToPolicyOnDevelopmentOfHumanResourcesAndInternalEnvironmentAndTargetsAndPerformanceUsingSuchMetrics	目標期間、人材の育成及び社内環境整備に関する方針に関する指標の内容並びに当該指標を用いた目標及び実績	CurrentYearInstant_Row14Member	－	2027年
jpcrp_cor:TargetPeriodDescriptionOfMetricsRelatedToPolicyOnDevelopmentOfHumanResourcesAndInternalEnvironmentAndTargetsAndPerformanceUsingSuchMetrics	目標期間、人材の育成及び社内環境整備に関する方針に関する指標の内容並びに当該指標を用いた目標及び実績	CurrentYearInstant_Row15Member	－	2027年
jpcrp_cor:TargetPeriodDescriptionOfMetricsRelatedToPolicyOnDevelopmentOfHumanResourcesAndInternalEnvironmentAndTargetsAndPerformanceUsingSuchMetrics	目標期間、人材の育成及び社内環境整備に関する方針に関する指標の内容並びに当該指標を用いた目標及び実績	CurrentYearInstant_Row11Member	－	2027年
jpcrp_cor:TargetPeriodDescriptionOfMetricsRelatedToPolicyOnDevelopmentOfHumanResourcesAndInternalEnvironmentAndTargetsAndPerformanceUsingSuchMetrics	目標期間、人材の育成及び社内環境整備に関する方針に関する指標の内容並びに当該指標を用いた目標及び実績	CurrentYearInstant_Row13Member	－	2027年
jpcrp_cor:MetricsDescriptionOfMetricsRelatedToPolicyOnDevelopmentOfHumanResourcesAndInternalEnvironmentAndTargetsAndPerformanceUsingSuchMetrics	指標の内容、人材の育成及び社内環境整備に関する方針に関する指標の内容並びに当該指標を用いた目標及び実績	CurrentYearInstant_Row10Member	－	挑戦志向型人財
jpcrp_cor:MetricsDescriptionOfMetricsRelatedToPolicyOnDevelopmentOfHumanResourcesAndInternalEnvironmentAndTargetsAndPerformanceUsingSuchMetrics	指標の内容、人材の育成及び社内環境整備に関する方針に関する指標の内容並びに当該指標を用いた目標及び実績	CurrentYearInstant_Row11Member	－	社員エンゲージメント(KES総合スコア)
jpcrp_cor:MetricsUnitDescriptionOfMetricsRelatedToPolicyOnDevelopmentOfHumanResourcesAndInternalEnvironmentAndTargetsAndPerformanceUsingSuchMetrics	指標の単位、人材の育成及び社内環境整備に関する方針に関する指標の内容並びに当該指標を用いた目標及び実績	CurrentYearInstant_Row10Member	－	％
jpcrp_cor:MetricsDescriptionOfMetricsRelatedToPolicyOnDevelopmentOfHumanResourcesAndInternalEnvironmentAndTargetsAndPerformanceUsingSuchMetrics	指標の内容、人材の育成及び社内環境整備に関する方針に関する指標の内容並びに当該指標を用いた目標及び実績	CurrentYearInstant_Row12Member	－	KESスコア：挑戦を推奨する組織風土
jpcrp_cor:MetricsDescriptionOfMetricsRelatedToPolicyOnDevelopmentOfHumanResourcesAndInternalEnvironmentAndTargetsAndPerformanceUsingSuchMetrics	指標の内容、人材の育成及び社内環境整備に関する方針に関する指標の内容並びに当該指標を用いた目標及び実績	CurrentYearInstant_Row13Member	－	KESスコア：職場満足度
jpcrp_cor:MetricsDescriptionOfMetricsRelatedToPolicyOnDevelopmentOfHumanResourcesAndInternalEnvironmentAndTargetsAndPerformanceUsingSuchMetrics	指標の内容、人材の育成及び社内環境整備に関する方針に関する指標の内容並びに当該指標を用いた目標及び実績	CurrentYearInstant_Row14Member	－	KESスコア：スクラム型運営推進度
jpcrp_cor:MetricsDescriptionOfMetricsRelatedToPolicyOnDevelopmentOfHumanResourcesAndInternalEnvironmentAndTargetsAndPerformanceUsingSuchMetrics	指標の内容、人材の育成及び社内環境整備に関する方針に関する指標の内容並びに当該指標を用いた目標及び実績	CurrentYearInstant_Row15Member	－	KESスコア：インクルーシブな組織風土
jpcrp_cor:TargetPeriodDescriptionOfMetricsRelatedToPolicyOnDevelopmentOfHumanResourcesAndInternalEnvironmentAndTargetsAndPerformanceUsingSuchMetrics	目標期間、人材の育成及び社内環境整備に関する方針に関する指標の内容並びに当該指標を用いた目標及び実績	CurrentYearInstant_Row16Member	－	2027年
jpcrp_cor:MetricsDescriptionOfMetricsRelatedToPolicyOnDevelopmentOfHumanResourcesAndInternalEnvironmentAndTargetsAndPerformanceUsingSuchMetrics	指標の内容、人材の育成及び社内環境整備に関する方針に関する指標の内容並びに当該指標を用いた目標及び実績	CurrentYearInstant_Row16Member	－	インパクト創出の能率化(2022年比)
jpcrp_cor:MetricsUnitDescriptionOfMetricsRelatedToPolicyOnDevelopmentOfHumanResourcesAndInternalEnvironmentAndTargetsAndPerformanceUsingSuchMetrics	指標の単位、人材の育成及び社内環境整備に関する方針に関する指標の内容並びに当該指標を用いた目標及び実績	CurrentYearInstant_Row16Member	－	％
jpcrp_cor:BusinessRisksTextBlock	事業等のリスク [テキストブロック]	FilingDateInstant	－	 ３ 【事業等のリスク】文中の将来に関する事項は、当社グループが当連結会計年度末において合理的であると判断する一定の前提に基づいており、実際の結果とは様々な要因により大きく異なる可能性があります。 （1）リスクと危機の管理体制花王グループ中
jpcrp_cor:ManagementAnalysisOfFinancialPositionOperatingResultsAndCashFlowsTextBlock	経営者による財政状態、経営成績及びキャッシュ・フローの状況の分析 [テキストブロック]	FilingDateInstant	－	 ４ 【経営者による財政状態、経営成績及びキャッシュ・フローの状況の分析】当連結会計年度における当社グループの財政状態、経営成績及びキャッシュ・フロー（以下、経営成績等）の状況の概要及び経営者の視点による経営成績等の状況に関する認識及び分析
jpcrp_cor:CriticalContractsTextBlock	重要な契約等 [テキストブロック]	FilingDateInstant	－	 ５ 【重要な契約等】合弁事業契約国名契約先合弁会社名称出資比率※1契約日マレーシアIOI Oleochemical Industries BerhadFatty Chemical(Malaysia) Sdn. Bhd.70.0％※2198
jpcrp_cor:ResearchAndDevelopmentActivitiesTextBlock	研究開発活動 [テキストブロック]	FilingDateInstant	－	 ６ 【研究開発活動】私たちは、持続可能で豊かな共生世界を実現することを使命に、「未来のいのちを守る企業」として、人、社会、地球に貢献することを目指しております。研究開発部門では、多様な国や地域の生活者の様々な文化やニーズを深く理解し、独創
jpcrp_cor:OverviewOfCapitalExpendituresEtcTextBlock	設備投資等の概要 [テキストブロック]	FilingDateInstant	－	１ 【設備投資等の概要】当連結会計年度の設備投資等の金額は、101,038百万円であり、セグメントごとの内訳は、以下のとおりであります。 セグメントの名称金額(百万円) ハイジーンリビングケア事業32,258ヘルスビューティケア事業17,1
jpcrp_cor:MajorFacilitiesTextBlock	主要な設備の状況 [テキストブロック]	FilingDateInstant	－	 ２ 【主要な設備の状況】当社グループの主要な設備の当連結会計年度末における状況は、以下のとおりであります。（1）提出会社2025年12月31日現在事業所名（所在地）セグメントの名称設備の内容帳簿価額従業員数（人）建物及び構築物（百万円）機
jpcrp_cor:PlannedAdditionsRetirementsEtcOfFacilitiesTextBlock	設備の新設、除却等の計画 [テキストブロック]	FilingDateInstant	－	 ３ 【設備の新設、除却等の計画】当社グループ（当社及び連結子会社）の当連結会計年度後1年間の設備投資計画（新設・拡充等）は、およそ91,000百万円であり、セグメントに関連付けた内訳は、以下のとおりであります。 セグメントの名称設備投資計
jpcrp_cor:TotalNumberOfSharesTextBlock	株式の総数 [テキストブロック]	FilingDateInstant	－	①【株式の総数】2025年12月31日現在種類発行可能株式総数（株）普通株式1,000,000,000計1,000,000,000  
jpcrp_cor:IssuedSharesTotalNumberOfSharesEtcTextBlock	発行済株式、株式の総数等 [テキストブロック]	FilingDateInstant	－	②【発行済株式】 種類事業年度末現在発行数（株）（2025年12月31日）提出日現在発行数（株）（2026年3月25日）上場金融商品取引所名又は登録認可金融商品取引業協会名内容普通株式453,600,000453,600,000東京証券取引
jpcrp_cor:ClassIssuedSharesTotalNumberOfSharesEtc	種類、発行済株式、株式の総数等	FilingDateInstant_OrdinaryShareMember	－	普通株式
jpcrp_cor:NameOfFinancialInstrumentsExchangeOnWhichSecuritiesAreListedOrAuthorizedFinancialInstrumentsBusinessAssociationToWhichSecuritiesAreRegistered	上場金融商品取引所名又は登録認可金融商品取引業協会名	FilingDateInstant_OrdinaryShareMember	－	東京証券取引所プライム市場
jpcrp_cor:DescriptionIssuedSharesTotalNumberOfSharesEtc	内容、発行済株式、株式の総数等	FilingDateInstant_OrdinaryShareMember	－	権利内容に何ら限定のない当社における標準となる株式であり、単元株式数は100株であります。
jpcrp_cor:DetailsOfEmployeeShareOptionProgramTextBlock	ストックオプション制度の内容 [テキストブロック]	FilingDateInstant	－	①【ストックオプション制度の内容】該当事項はありません。 
jpcrp_cor:DescriptionOfRightsPlanTextBlock	ライツプランの内容 [テキストブロック]	FilingDateInstant	－	 ②【ライツプランの内容】該当事項はありません。 
jpcrp_cor:OtherInformationOnShareAcquisitionRightsTextBlock	その他の新株予約権等の状況 [テキストブロック]	FilingDateInstant	－	③【その他の新株予約権等の状況】該当事項はありません。 
jpcrp_cor:ExercisesEtcOfMovingStrikeConvertibleBondsEtcTextBlock	行使価額修正条項付新株予約権付社債券等の行使状況等 [テキストブロック]	FilingDateInstant	－	（3）【行使価額修正条項付新株予約権付社債券等の行使状況等】該当事項はありません。 
jpcrp_cor:ChangesInNumberOfIssuedSharesStatedCapitalEtcTextBlock	発行済株式総数、資本金等の推移 [テキストブロック]	FilingDateInstant	－	（4）【発行済株式総数、資本金等の推移】 年月日発行済株式総数増減数（千株）発行済株式総数残高（千株）資本金増減額（百万円）資本金残高（百万円）資本準備金増減額（百万円）資本準備金残高（百万円）2021年12月31日（注）1△7,00047
jpcrp_cor:ShareholdingByShareholderCategoryTextBlock	所有者別状況 [テキストブロック]	FilingDateInstant	－	（5）【所有者別状況】 2025年12月31日現在区分株式の状況（1単元の株式数 100株）単元未満株式の状況（株）政府及び地方公共団体金融機関金融商品取引業者その他の法人外国法人等個人その他計個人以外個人株主数（人）1167481,115
jpcrp_cor:MajorShareholdersTextBlock	大株主の状況 [テキストブロック]	FilingDateInstant	－	 （6）【大株主の状況】　　2025年12月31日現在氏名又は名称住所所有株式数(千株)発行済株式(自己株式を除く。)の総数に対する所有株式数の割合(％)日本マスタートラスト信託銀行株式会社（信託口）東京都港区赤坂1丁目8番1号 赤坂インタ
jpcrp_cor:NameMajorShareholders	氏名又は名称、大株主の状況	CurrentYearInstant_No1MajorShareholdersMember	－	日本マスタートラスト信託銀行株式会社（信託口）
jpcrp_cor:AddressMajorShareholders	住所、大株主の状況	CurrentYearInstant_No1MajorShareholdersMember	－	東京都港区赤坂1丁目8番1号 赤坂インターシティAIR
jpcrp_cor:NameMajorShareholders	氏名又は名称、大株主の状況	CurrentYearInstant_No2MajorShareholdersMember	－	株式会社日本カストディ銀行（信託口）
jpcrp_cor:AddressMajorShareholders	住所、大株主の状況	CurrentYearInstant_No2MajorShareholdersMember	－	東京都中央区晴海1丁目8-12
jpcrp_cor:NameMajorShareholders	氏名又は名称、大株主の状況	CurrentYearInstant_No3MajorShareholdersMember	－	ステート ストリート バンク　アンド トラスト カンパニー　505001（常任代理人 株式会社みずほ銀行決済営業部）
jpcrp_cor:AddressMajorShareholders	住所、大株主の状況	CurrentYearInstant_No3MajorShareholdersMember	－	ONE CONGRESS STREET, SUITE 1, BOSTON, MASSACHUSETTS, U.S.A. （東京都港区港南2丁目15-1　品川インターシティA棟） 
jpcrp_cor:NameMajorShareholders	氏名又は名称、大株主の状況	CurrentYearInstant_No4MajorShareholdersMember	－	ビーエヌワイエム アズ エージーテイ クライアンツ ノン トリーテイー ジヤスデツク（常任代理人 株式会社三菱UFJ銀行）
jpcrp_cor:AddressMajorShareholders	住所、大株主の状況	CurrentYearInstant_No4MajorShareholdersMember	－	240 GREENWICH STREET, NEW YORK, NEW YORK 10286 U.S.A.（東京都千代田区丸の内1丁目4番5号）
jpcrp_cor:NameMajorShareholders	氏名又は名称、大株主の状況	CurrentYearInstant_No5MajorShareholdersMember	－	日本証券金融株式会社
jpcrp_cor:AddressMajorShareholders	住所、大株主の状況	CurrentYearInstant_No5MajorShareholdersMember	－	東京都中央区日本橋茅場町1丁目2-10号
jpcrp_cor:NameMajorShareholders	氏名又は名称、大株主の状況	CurrentYearInstant_No6MajorShareholdersMember	－	Oasis Opportunities Fund One SPC - ECHO SP（常任代理人 ゴールドマン・サックス証券株式会社）
jpcrp_cor:AddressMajorShareholders	住所、大株主の状況	CurrentYearInstant_No6MajorShareholdersMember	－	PO Box 309, Ugland House, Grand Cayman, KY1-1104, Cayman Islands（東京都港区虎ノ門2丁目6番1号 虎ノ門ヒルズステーションタワー）
jpcrp_cor:NameMajorShareholders	氏名又は名称、大株主の状況	CurrentYearInstant_No7MajorShareholdersMember	－	ジェーピー モルガン チェース バンク 385781（常任代理人 株式会社みずほ銀行決済営業部）
jpcrp_cor:AddressMajorShareholders	住所、大株主の状況	CurrentYearInstant_No7MajorShareholdersMember	－	25 BANK STREET, CANARY WHARF, LONDON,E14 5JP, UNITED KINGDOM（東京都港区港南2丁目15-1 品川インターシティA棟）
jpcrp_cor:NameMajorShareholders	氏名又は名称、大株主の状況	CurrentYearInstant_No8MajorShareholdersMember	－	日本生命保険相互会社（常任代理人 日本マスタートラスト信託銀行株式会社）
jpcrp_cor:AddressMajorShareholders	住所、大株主の状況	CurrentYearInstant_No8MajorShareholdersMember	－	東京都千代田区丸の内1丁目6番6号（東京都港区赤坂1丁目8番1号 赤坂インターシティAIR）
jpcrp_cor:NameMajorShareholders	氏名又は名称、大株主の状況	CurrentYearInstant_No9MajorShareholdersMember	－	ビービーエイチルクス フイデリテイ フアンズ グローバル デイビデンド プール（常任代理人 株式会社三菱UFJ銀行）
jpcrp_cor:AddressMajorShareholders	住所、大株主の状況	CurrentYearInstant_No9MajorShareholdersMember	－	2A RUE ALBERT BORSCHETTE LUXEMBOURG L-1246, LUXEMBOURG（東京都千代田区丸の内1丁目4番5号）
jpcrp_cor:NameMajorShareholders	氏名又は名称、大株主の状況	CurrentYearInstant_No10MajorShareholdersMember	－	オアシスジャパンストラテジックファンド リミテッド（常任代理人 ゴールドマン・サックス証券株式会社）
jpcrp_cor:AddressMajorShareholders	住所、大株主の状況	CurrentYearInstant_No10MajorShareholdersMember	－	PO Box 309, Ugland House, Grand Cayman, KY1-1104, Cayman Islands（東京都港区虎ノ門2丁目6番1号 虎ノ門ヒルズステーションタワー）
jpcrp_cor:IssuedSharesVotingRightsTextBlock	発行済株式、議決権の状況 [テキストブロック]	FilingDateInstant	－	①【発行済株式】   2025年12月31日現在区分株式数（株）議決権の数（個）内容無議決権株式－－－議決権制限株式（自己株式等）－－－議決権制限株式（その他）－－－完全議決権株式（自己株式等）（自己保有株式）普通株式8,600 －普通株式
jpcrp_cor:DescriptionIssuedSharesVotingRights	内容、発行済株式、議決権の状況	CurrentYearInstant_SharesWithNoVotingRightsMember	－	－
jpcrp_cor:DescriptionIssuedSharesVotingRights	内容、発行済株式、議決権の状況	CurrentYearInstant_SharesWithRestrictedVotingRightsTreasurySharesEtcMember	－	－
jpcrp_cor:DescriptionIssuedSharesVotingRights	内容、発行済株式、議決権の状況	CurrentYearInstant_SharesWithRestrictedVotingRightsOtherMember	－	－
jpcrp_cor:DescriptionIssuedSharesVotingRights	内容、発行済株式、議決権の状況	CurrentYearInstant_OrdinarySharesTreasurySharesSharesWithFullVotingRightsTreasurySharesEtcMember	－	普通株式の内容は、上記（１）株式の総数等②発行済株式の「内容」欄に記載のとおりであります。
jpcrp_cor:DescriptionIssuedSharesVotingRights	内容、発行済株式、議決権の状況	CurrentYearInstant_OrdinarySharesSharesWithFullVotingRightsOtherMember	－	同上
jpcrp_cor:DescriptionIssuedSharesVotingRights	内容、発行済株式、議決権の状況	CurrentYearInstant_OrdinarySharesSharesLessThanOneUnitMember	－	同上
jpcrp_cor:TreasurySharesEtcTextBlock	自己株式等 [テキストブロック]	FilingDateInstant	－	②【自己株式等】    2025年12月31日現在所有者の氏名又は名称所有者の住所自己名義所有株式数（株）（注）他人名義所有株式数（株） 所有株式数の合計（株） 発行済株式総数に対する所有株式数の割合（％）花王株式会社東京都中央区日本橋茅場
jpcrp_cor:NameOfShareholderTreasurySharesEtc	所有者の氏名又は名称、自己株式等	CurrentYearInstant_Row1Member	－	花王株式会社
jpcrp_cor:AddressOfShareholderTreasurySharesEtc	所有者の住所、自己株式等	CurrentYearInstant_Row1Member	－	東京都中央区日本橋茅場町一丁目14番10号
jpcrp_cor:ShareOwnershipPlansForDirectorsAndOtherOfficersAndEmployeesTextBlock	役員・従業員株式所有制度の内容 [テキストブロック]	FilingDateInstant	－	（8）【役員・従業員株式所有制度の内容】（当社の取締役（社外取締役を除く）及び執行役員に対する業績連動型株式報酬制度）当社は、当社の中長期的な業績の向上と企業価値の増大への貢献意識を高めることを目的として、受益者要件を充足した当社の取締役（
jpcrp_cor:ClassesOfSharesEtcTextBlock	株式の種類等 [テキストブロック]	FilingDateInstant	－	 【株式の種類等】 会社法第155条第3号及び会社法第155条第7号の規定に基づく普通株式の取得 
jpcrp_cor:AcquisitionsByResolutionOfShareholdersMeetingTextBlock	株主総会決議による取得の状況 [テキストブロック]	FilingDateInstant	－	（1）【株主総会決議による取得の状況】該当事項はありません。 
jpcrp_cor:AcquisitionsByResolutionOfBoardOfDirectorsMeetingTextBlock	取締役会決議による取得の状況 [テキストブロック]	FilingDateInstant	－	（2）【取締役会決議による取得の状況】会社法第165条第3項の規定により読み替えて適用される同法第156条の規定に基づく取得 区分株式数（株）価額の総額（円）取締役会(2025年8月6日)での決議状況 （取得期間2025年8月7日～2026
jpcrp_cor:AcquisitionsNotBasedOnResolutionOfShareholdersMeetingOrBoardOfDirectorsMeetingTextBlock	株主総会決議又は取締役会決議に基づかないものの内容 [テキストブロック]	FilingDateInstant	－	（3）【株主総会決議又は取締役会決議に基づかないものの内容】 区分株式数（株）価額の総額（円）当事業年度における取得自己株式2,11213,685,080   当期間における取得自己株式 (注)3091,985,348 （注）当期間とは、当
jpcrp_cor:DisposalsOrHoldingOfAcquiredTreasurySharesTextBlock	取得自己株式の処理状況及び保有状況 [テキストブロック]	FilingDateInstant	－	（4）【取得自己株式の処理状況及び保有状況】 区分当事業年度当期間（注）1株式数（株）処分価額の総額（円）株式数（株）処分価額の総額（円）引き受ける者の募集を行った取得自己株式－－－－消却の処分を行った取得自己株式12,300,00080,
jpcrp_cor:DividendPolicyTextBlock	配当政策 [テキストブロック]	FilingDateInstant	－	 ３【配当政策】当社グループは、EVA（経済的付加価値）及びROIC（投下資本利益率）を経営の主指標としており、その視点で安定的に創出されるキャッシュ・フローの使途を下記のとおり明確に定めております。株主還元はその一部で、将来の資金需要や金
jpcrp_cor:DateOfResolutionDividendsOfSurplus	決議日付、剰余金の配当	FilingDateInstant_Row1Member	－	2025-08-06
jpcrp_cor:ResolutionDividendsOfSurplus	決議、剰余金の配当	FilingDateInstant_Row1Member	－	取締役会決議
jpcrp_cor:DateOfResolutionDividendsOfSurplus	決議日付、剰余金の配当	FilingDateInstant_Row2Member	－	2026-03-26
jpcrp_cor:ResolutionDividendsOfSurplus	決議、剰余金の配当	FilingDateInstant_Row2Member	－	第120期定時株主総会決議
jpcrp_cor:OverviewOfCorporateGovernanceTextBlock	コーポレート・ガバナンスの概要 [テキストブロック]	FilingDateInstant	－	（1）【コーポレート・ガバナンスの概要】花王は、企業理念である花王ウェイに基づき、パーパスである「豊かな共生世界の実現」に取り組みながら長期持続的に企業価値を向上し、「持続可能な社会に欠かせない会社になる」ために、コーポレート・ガバナンスを
jpcrp_cor:CorporateGovernanceCompanyWithCorporateAuditorsTextBlock	企業統治の体制の概要（監査役設置会社） [テキストブロック]	FilingDateInstant	－	①　企業統治の体制ａ．企業統治の体制の概要当社では、監査役会設置会社というガバナンスの枠組みの中で、監督と執行の分離を進めていく体制として、執行役員制度を導入しております。有価証券報告書提出日（2026年3月25日）現在の経営体制は、社外取
jpcrp_cor:InformationAboutOfficersTextBlock	役員の状況 [テキストブロック]	FilingDateInstant	－	 （2）【役員の状況】①　役員一覧有価証券報告書提出日（2026年3月25日）現在の当社の役員の状況は、以下のとおりです。男性9名　女性5名　（役員のうち女性の比率35.7％）役職名氏名生年月日略歴任期所有株式数（株）代表取締役 社長執行役
jpcrp_cor:OfficialTitleOrPositionInformationAboutDirectorsAndCorporateAuditors	役職名、役員の状況（取締役（及び監査役））	FilingDateInstant_jpcrp030000-asr_E00883-000HasebeYoshihiroMember	－	代表取締役 社長執行役員 
jpcrp_cor:NameInformationAboutDirectorsAndCorporateAuditors	氏名、役員の状況（取締役（及び監査役））	FilingDateInstant_jpcrp030000-asr_E00883-000HasebeYoshihiroMember	－	長谷部　佳　宏
jpcrp_cor:DateOfBirthInformationAboutDirectorsAndCorporateAuditors	生年月日、役員の状況（取締役（及び監査役））	FilingDateInstant_jpcrp030000-asr_E00883-000HasebeYoshihiroMember	－	1960-07-30
jpcrp_cor:CareerSummaryInformationAboutDirectorsAndCorporateAuditorsTextBlock	略歴、役員の状況（取締役（及び監査役）） [テキストブロック]	FilingDateInstant_jpcrp030000-asr_E00883-000HasebeYoshihiroMember	－	1990年4月当社入社2003年7月当社研究開発部門 化学品研究所 第4研究室長2008年3月当社研究開発部門 ファブリック＆ホームケア研究センター ハウスホールド研究所 第1研究室長2011年3月当社研究開発部門 ビューティケア研究センタ
jpcrp_cor:TermOfOfficeInformationAboutDirectorsAndCorporateAuditors	任期、役員の状況（取締役（及び監査役））	FilingDateInstant_jpcrp030000-asr_E00883-000HasebeYoshihiroMember	－	※1
jpcrp_cor:OfficialTitleOrPositionInformationAboutDirectorsAndCorporateAuditors	役職名、役員の状況（取締役（及び監査役））	FilingDateInstant_jpcrp030000-asr_E00883-000NegoroMasakazuMember	－	代表取締役 専務執行役員経営財務ユニット総括
jpcrp_cor:NameInformationAboutDirectorsAndCorporateAuditors	氏名、役員の状況（取締役（及び監査役））	FilingDateInstant_jpcrp030000-asr_E00883-000NegoroMasakazuMember	－	根　来　昌　一
jpcrp_cor:DateOfBirthInformationAboutDirectorsAndCorporateAuditors	生年月日、役員の状況（取締役（及び監査役））	FilingDateInstant_jpcrp030000-asr_E00883-000NegoroMasakazuMember	－	1960-01-07
jpcrp_cor:CareerSummaryInformationAboutDirectorsAndCorporateAuditorsTextBlock	略歴、役員の状況（取締役（及び監査役）） [テキストブロック]	FilingDateInstant_jpcrp030000-asr_E00883-000NegoroMasakazuMember	－	1983年4月当社入社1999年3月Kao Specialties Americas LLC Business Manager, Oleo ＆ Specialties2003年7月Kao Specialties Americas LLC V
jpcrp_cor:TermOfOfficeInformationAboutDirectorsAndCorporateAuditors	任期、役員の状況（取締役（及び監査役））	FilingDateInstant_jpcrp030000-asr_E00883-000NegoroMasakazuMember	－	※1
jpcrp_cor:OfficialTitleOrPositionInformationAboutDirectorsAndCorporateAuditors	役職名、役員の状況（取締役（及び監査役））	FilingDateInstant_jpcrp030000-asr_E00883-000NishiguchiToruMember	－	代表取締役 専務執行役員グローバルコンシューマーケアビジネス総括
jpcrp_cor:NameInformationAboutDirectorsAndCorporateAuditors	氏名、役員の状況（取締役（及び監査役））	FilingDateInstant_jpcrp030000-asr_E00883-000NishiguchiToruMember	－	西　口　　　徹
jpcrp_cor:DateOfBirthInformationAboutDirectorsAndCorporateAuditors	生年月日、役員の状況（取締役（及び監査役））	FilingDateInstant_jpcrp030000-asr_E00883-000NishiguchiToruMember	－	1961-11-18
jpcrp_cor:CareerSummaryInformationAboutDirectorsAndCorporateAuditorsTextBlock	略歴、役員の状況（取締役（及び監査役）） [テキストブロック]	FilingDateInstant_jpcrp030000-asr_E00883-000NishiguchiToruMember	－	1985年4月当社入社2006年3月当社家庭品国際事業本部 アジア担当 マネジャー2006年11月花王（上海）産品服務有限公司 市場部統括2007年5月花王（上海）産品服務有限公司 副総経理 市場部統括2008年7月花王（上海）産品服務有限
jpcrp_cor:TermOfOfficeInformationAboutDirectorsAndCorporateAuditors	任期、役員の状況（取締役（及び監査役））	FilingDateInstant_jpcrp030000-asr_E00883-000NishiguchiToruMember	－	※1
jpcrp_cor:OfficialTitleOrPositionInformationAboutDirectorsAndCorporateAuditors	役職名、役員の状況（取締役（及び監査役））	FilingDateInstant_jpcrp030000-asr_E00883-000LisaMacCallumMember	－	取締役 エグゼクティブ・フェロー（コーポレートブランディング担当）
jpcrp_cor:NameInformationAboutDirectorsAndCorporateAuditors	氏名、役員の状況（取締役（及び監査役））	FilingDateInstant_jpcrp030000-asr_E00883-000LisaMacCallumMember	－	リサ・マッカラン
jpcrp_cor:DateOfBirthInformationAboutDirectorsAndCorporateAuditors	生年月日、役員の状況（取締役（及び監査役））	FilingDateInstant_jpcrp030000-asr_E00883-000LisaMacCallumMember	－	1972-04-10
jpcrp_cor:CareerSummaryInformationAboutDirectorsAndCorporateAuditorsTextBlock	略歴、役員の状況（取締役（及び監査役）） [テキストブロック]	FilingDateInstant_jpcrp030000-asr_E00883-000LisaMacCallumMember	－	1998年2月株式会社ビジネス・ブレークスルー（現株式会社Aoba-BBT）Founding Executive2001年11月NIKE, Inc. USA Business Senior Executive2006年6月Nike Foun
jpcrp_cor:TermOfOfficeInformationAboutDirectorsAndCorporateAuditors	任期、役員の状況（取締役（及び監査役））	FilingDateInstant_jpcrp030000-asr_E00883-000LisaMacCallumMember	－	※1
jpcrp_cor:OfficialTitleOrPositionInformationAboutDirectorsAndCorporateAuditors	役職名、役員の状況（取締役（及び監査役））	FilingDateInstant_jpcrp030000-asr_E00883-000ShinobeOsamuMember	－	取締役
jpcrp_cor:NameInformationAboutDirectorsAndCorporateAuditors	氏名、役員の状況（取締役（及び監査役））	FilingDateInstant_jpcrp030000-asr_E00883-000ShinobeOsamuMember	－	篠　辺　　　修
jpcrp_cor:DateOfBirthInformationAboutDirectorsAndCorporateAuditors	生年月日、役員の状況（取締役（及び監査役））	FilingDateInstant_jpcrp030000-asr_E00883-000ShinobeOsamuMember	－	1952-11-11
jpcrp_cor:CareerSummaryInformationAboutDirectorsAndCorporateAuditorsTextBlock	略歴、役員の状況（取締役（及び監査役）） [テキストブロック]	FilingDateInstant_jpcrp030000-asr_E00883-000ShinobeOsamuMember	－	1976年4月全日本空輸株式会社（現ANAホールディングス株式会社）入社2007年6月同社取締役執行役員2009年4月同社常務取締役執行役員2011年6月同社専務取締役執行役員2012年4月同社代表取締役副社長執行役員2013年4月ANAホ
jpcrp_cor:TermOfOfficeInformationAboutDirectorsAndCorporateAuditors	任期、役員の状況（取締役（及び監査役））	FilingDateInstant_jpcrp030000-asr_E00883-000ShinobeOsamuMember	－	※1
jpcrp_cor:OfficialTitleOrPositionInformationAboutDirectorsAndCorporateAuditors	役職名、役員の状況（取締役（及び監査役））	FilingDateInstant_jpcrp030000-asr_E00883-000SakuraiErikoMember	－	取締役
jpcrp_cor:NameInformationAboutDirectorsAndCorporateAuditors	氏名、役員の状況（取締役（及び監査役））	FilingDateInstant_jpcrp030000-asr_E00883-000SakuraiErikoMember	－	桜　井　恵理子
jpcrp_cor:DateOfBirthInformationAboutDirectorsAndCorporateAuditors	生年月日、役員の状況（取締役（及び監査役））	FilingDateInstant_jpcrp030000-asr_E00883-000SakuraiErikoMember	－	1960-11-16
jpcrp_cor:CareerSummaryInformationAboutDirectorsAndCorporateAuditorsTextBlock	略歴、役員の状況（取締役（及び監査役）） [テキストブロック]	FilingDateInstant_jpcrp030000-asr_E00883-000SakuraiErikoMember	－	1987年6月Dow Corning Corporation入社2008年5月東レ・ダウコーニング株式会社 取締役2009年3月同社代表取締役・CEO2018年6月ダウ・東レ株式会社 代表取締役・CEO2020年8月ダウ・ケミカル日本株式会
jpcrp_cor:TermOfOfficeInformationAboutDirectorsAndCorporateAuditors	任期、役員の状況（取締役（及び監査役））	FilingDateInstant_jpcrp030000-asr_E00883-000SakuraiErikoMember	－	※1
jpcrp_cor:OfficialTitleOrPositionInformationAboutDirectorsAndCorporateAuditors	役職名、役員の状況（取締役（及び監査役））	FilingDateInstant_jpcrp030000-asr_E00883-000NishiiTakaakiMember	－	取締役
jpcrp_cor:NameInformationAboutDirectorsAndCorporateAuditors	氏名、役員の状況（取締役（及び監査役））	FilingDateInstant_jpcrp030000-asr_E00883-000NishiiTakaakiMember	－	西　井　孝　明
jpcrp_cor:DateOfBirthInformationAboutDirectorsAndCorporateAuditors	生年月日、役員の状況（取締役（及び監査役））	FilingDateInstant_jpcrp030000-asr_E00883-000NishiiTakaakiMember	－	1959-12-27
jpcrp_cor:CareerSummaryInformationAboutDirectorsAndCorporateAuditorsTextBlock	略歴、役員の状況（取締役（及び監査役）） [テキストブロック]	FilingDateInstant_jpcrp030000-asr_E00883-000NishiiTakaakiMember	－	1982年4月味の素株式会社入社2013年6月同社取締役常務執行役員2013年8月ブラジル味の素社 代表取締役社長2015年6月味の素株式会社 取締役社長最高経営責任者、同社代表取締役2021年6月同社取締役 代表執行役社長 最高経営責任者
jpcrp_cor:TermOfOfficeInformationAboutDirectorsAndCorporateAuditors	任期、役員の状況（取締役（及び監査役））	FilingDateInstant_jpcrp030000-asr_E00883-000NishiiTakaakiMember	－	※1
jpcrp_cor:OfficialTitleOrPositionInformationAboutDirectorsAndCorporateAuditors	役職名、役員の状況（取締役（及び監査役））	FilingDateInstant_jpcrp030000-asr_E00883-000TakashimaMakotoMember	－	取締役
jpcrp_cor:NameInformationAboutDirectorsAndCorporateAuditors	氏名、役員の状況（取締役（及び監査役））	FilingDateInstant_jpcrp030000-asr_E00883-000TakashimaMakotoMember	－	髙　島　　　誠
jpcrp_cor:DateOfBirthInformationAboutDirectorsAndCorporateAuditors	生年月日、役員の状況（取締役（及び監査役））	FilingDateInstant_jpcrp030000-asr_E00883-000TakashimaMakotoMember	－	1958-03-31
jpcrp_cor:CareerSummaryInformationAboutDirectorsAndCorporateAuditorsTextBlock	略歴、役員の状況（取締役（及び監査役）） [テキストブロック]	FilingDateInstant_jpcrp030000-asr_E00883-000TakashimaMakotoMember	－	1982年4月株式会社住友銀行入行2012年4月株式会社三井住友銀行 常務執行役員 米州本部長2014年4月同行専務執行役員 国際部門共同統括責任役員（欧州、米州）2015年4月同行国際部門共同統括責任役員（欧阿中東、米州）2016年12月
jpcrp_cor:TermOfOfficeInformationAboutDirectorsAndCorporateAuditors	任期、役員の状況（取締役（及び監査役））	FilingDateInstant_jpcrp030000-asr_E00883-000TakashimaMakotoMember	－	※1
jpcrp_cor:OfficialTitleOrPositionInformationAboutDirectorsAndCorporateAuditors	役職名、役員の状況（取締役（及び監査役））	FilingDateInstant_jpcrp030000-asr_E00883-000SarahLCasanovaMember	－	取締役
jpcrp_cor:NameInformationAboutDirectorsAndCorporateAuditors	氏名、役員の状況（取締役（及び監査役））	FilingDateInstant_jpcrp030000-asr_E00883-000SarahLCasanovaMember	－	サラ・カサノバ
jpcrp_cor:DateOfBirthInformationAboutDirectorsAndCorporateAuditors	生年月日、役員の状況（取締役（及び監査役））	FilingDateInstant_jpcrp030000-asr_E00883-000SarahLCasanovaMember	－	1965-04-06
jpcrp_cor:CareerSummaryInformationAboutDirectorsAndCorporateAuditorsTextBlock	略歴、役員の状況（取締役（及び監査役）） [テキストブロック]	FilingDateInstant_jpcrp030000-asr_E00883-000SarahLCasanovaMember	－	1991年1月McDonald's Restaurants of Canada, Ltd.入社2004年10月日本マクドナルド株式会社 マーケティング本部執行役員2007年4月同社 ビジネスディベロップメント部 上席執行役員2009年7月M
jpcrp_cor:TermOfOfficeInformationAboutDirectorsAndCorporateAuditors	任期、役員の状況（取締役（及び監査役））	FilingDateInstant_jpcrp030000-asr_E00883-000SarahLCasanovaMember	－	※1
jpcrp_cor:OfficialTitleOrPositionInformationAboutDirectorsAndCorporateAuditors	役職名、役員の状況（取締役（及び監査役））	FilingDateInstant_jpcrp030000-asr_E00883-000WadaYasushiMember	－	常勤監査役
jpcrp_cor:NameInformationAboutDirectorsAndCorporateAuditors	氏名、役員の状況（取締役（及び監査役））	FilingDateInstant_jpcrp030000-asr_E00883-000WadaYasushiMember	－	和　田　　　康
jpcrp_cor:DateOfBirthInformationAboutDirectorsAndCorporateAuditors	生年月日、役員の状況（取締役（及び監査役））	FilingDateInstant_jpcrp030000-asr_E00883-000WadaYasushiMember	－	1959-07-30
jpcrp_cor:CareerSummaryInformationAboutDirectorsAndCorporateAuditorsTextBlock	略歴、役員の状況（取締役（及び監査役）） [テキストブロック]	FilingDateInstant_jpcrp030000-asr_E00883-000WadaYasushiMember	－	1984年4月当社入社2014年3月当社執行役員2015年3月当社SCM部門 デマンド・サプライ計画センター長2019年1月当社常務執行役員、品質保証部門統括2021年1月当社法務・コンプライアンス担当2022年1月当社法務・ガバナンス担当
jpcrp_cor:TermOfOfficeInformationAboutDirectorsAndCorporateAuditors	任期、役員の状況（取締役（及び監査役））	FilingDateInstant_jpcrp030000-asr_E00883-000WadaYasushiMember	－	※2
jpcrp_cor:OfficialTitleOrPositionInformationAboutDirectorsAndCorporateAuditors	役職名、役員の状況（取締役（及び監査役））	FilingDateInstant_jpcrp030000-asr_E00883-000MurataMamiMember	－	常勤監査役
jpcrp_cor:NameInformationAboutDirectorsAndCorporateAuditors	氏名、役員の状況（取締役（及び監査役））	FilingDateInstant_jpcrp030000-asr_E00883-000MurataMamiMember	－	村　田　真　実
jpcrp_cor:DateOfBirthInformationAboutDirectorsAndCorporateAuditors	生年月日、役員の状況（取締役（及び監査役））	FilingDateInstant_jpcrp030000-asr_E00883-000MurataMamiMember	－	1965-06-16
jpcrp_cor:CareerSummaryInformationAboutDirectorsAndCorporateAuditorsTextBlock	略歴、役員の状況（取締役（及び監査役）） [テキストブロック]	FilingDateInstant_jpcrp030000-asr_E00883-000MurataMamiMember	－	1991年4月当社入社2015年1月当社ビューティケア 化粧品事業ユニット ソフィーナ事業グループ ソフィーナ リージョナルブランドマネジャー2016年1月当社ビューティケア 化粧品事業ユニット ソフィーナ事業グループ 部長、同ソフィーナ 
jpcrp_cor:TermOfOfficeInformationAboutDirectorsAndCorporateAuditors	任期、役員の状況（取締役（及び監査役））	FilingDateInstant_jpcrp030000-asr_E00883-000MurataMamiMember	－	※3
jpcrp_cor:OfficialTitleOrPositionInformationAboutDirectorsAndCorporateAuditors	役職名、役員の状況（取締役（及び監査役））	FilingDateInstant_jpcrp030000-asr_E00883-000OkaNobuhiroMember	－	監査役
jpcrp_cor:NameInformationAboutDirectorsAndCorporateAuditors	氏名、役員の状況（取締役（及び監査役））	FilingDateInstant_jpcrp030000-asr_E00883-000OkaNobuhiroMember	－	岡　　　伸　浩
jpcrp_cor:DateOfBirthInformationAboutDirectorsAndCorporateAuditors	生年月日、役員の状況（取締役（及び監査役））	FilingDateInstant_jpcrp030000-asr_E00883-000OkaNobuhiroMember	－	1963-04-05
jpcrp_cor:CareerSummaryInformationAboutDirectorsAndCorporateAuditorsTextBlock	略歴、役員の状況（取締役（及び監査役）） [テキストブロック]	FilingDateInstant_jpcrp030000-asr_E00883-000OkaNobuhiroMember	－	1993年4月弁護士登録、梶谷綜合法律事務所入所1997年4月竹川・岡法律事務所開設 代表パートナー2004年10月竹川・岡・吉野法律事務所開設 代表パートナー2012年4月慶應義塾大学大学院法務研究科 教授（現任）2013年10月岡綜合法
jpcrp_cor:TermOfOfficeInformationAboutDirectorsAndCorporateAuditors	任期、役員の状況（取締役（及び監査役））	FilingDateInstant_jpcrp030000-asr_E00883-000OkaNobuhiroMember	－	※4
jpcrp_cor:OfficialTitleOrPositionInformationAboutDirectorsAndCorporateAuditors	役職名、役員の状況（取締役（及び監査役））	FilingDateInstant_jpcrp030000-asr_E00883-000AraiSaekoMember	－	監査役
jpcrp_cor:NameInformationAboutDirectorsAndCorporateAuditors	氏名、役員の状況（取締役（及び監査役））	FilingDateInstant_jpcrp030000-asr_E00883-000AraiSaekoMember	－	新　井　佐恵子
jpcrp_cor:DateOfBirthInformationAboutDirectorsAndCorporateAuditors	生年月日、役員の状況（取締役（及び監査役））	FilingDateInstant_jpcrp030000-asr_E00883-000AraiSaekoMember	－	1964-02-06
jpcrp_cor:CareerSummaryInformationAboutDirectorsAndCorporateAuditorsTextBlock	略歴、役員の状況（取締役（及び監査役）） [テキストブロック]	FilingDateInstant_jpcrp030000-asr_E00883-000AraiSaekoMember	－	1987年10月英和監査法人（現有限責任あずさ監査法人）入所1992年8月公認会計士登録（1997年1月再登録）1993年10月佐々木公認会計士事務所入所1997年4月株式会社インターネット総合研究所（IRI）入社1998年9月同社取締役最
jpcrp_cor:TermOfOfficeInformationAboutDirectorsAndCorporateAuditors	任期、役員の状況（取締役（及び監査役））	FilingDateInstant_jpcrp030000-asr_E00883-000AraiSaekoMember	－	※5
jpcrp_cor:OfficialTitleOrPositionInformationAboutDirectorsAndCorporateAuditors	役職名、役員の状況（取締役（及び監査役））	FilingDateInstant_jpcrp030000-asr_E00883-000NaitoJunyaMember	－	監査役
jpcrp_cor:NameInformationAboutDirectorsAndCorporateAuditors	氏名、役員の状況（取締役（及び監査役））	FilingDateInstant_jpcrp030000-asr_E00883-000NaitoJunyaMember	－	内　藤　順　也
jpcrp_cor:DateOfBirthInformationAboutDirectorsAndCorporateAuditors	生年月日、役員の状況（取締役（及び監査役））	FilingDateInstant_jpcrp030000-asr_E00883-000NaitoJunyaMember	－	1964-08-22
jpcrp_cor:CareerSummaryInformationAboutDirectorsAndCorporateAuditorsTextBlock	略歴、役員の状況（取締役（及び監査役）） [テキストブロック]	FilingDateInstant_jpcrp030000-asr_E00883-000NaitoJunyaMember	－	1991年4月弁護士登録、桃尾・松尾・難波法律事務所入所1995年5月アメリカ合衆国コロンビア大学ロースクール修了1995年9月Weil, Gotshal &amp; Manges法律事務所(ニューヨーク）1996年3月アメリカ合衆国ニュー
jpcrp_cor:TermOfOfficeInformationAboutDirectorsAndCorporateAuditors	任期、役員の状況（取締役（及び監査役））	FilingDateInstant_jpcrp030000-asr_E00883-000NaitoJunyaMember	－	※3
jpcrp_cor:FootnotesDirectorsAndCorporateAuditorsTextBlock	脚注（取締役（及び監査役） [テキストブロック]	FilingDateInstant_Row1Member	－	（注）1．取締役篠辺 修、同　桜井 恵理子、同　西井 孝明、同　髙島 誠、同　サラ・カサノバの5氏は、社外取締役であります。
jpcrp_cor:FootnotesDirectorsAndCorporateAuditorsTextBlock	脚注（取締役（及び監査役） [テキストブロック]	FilingDateInstant_Row2Member	－	2．監査役岡 伸浩、同　新井 佐恵子、同　内藤 順也の3氏は、社外監査役であります。
jpcrp_cor:FootnotesDirectorsAndCorporateAuditorsTextBlock	脚注（取締役（及び監査役） [テキストブロック]	FilingDateInstant_Row3Member	－	3．取締役及び監査役の任期は、次のとおりであります。※1　2024年12月期に係る定時株主総会終結の時から2025年12月期に係る定時株主総会終結の時まで。※2　2022年12月期に係る定時株主総会終結の時から2026年12月期に係る定時株
jpcrp_cor:FootnotesDirectorsAndCorporateAuditorsTextBlock	脚注（取締役（及び監査役） [テキストブロック]	FilingDateInstant_Row4Member	－	4．当社は、執行役員制度を導入しております。執行役員は29名で、内3名は取締役を兼務しております。
jpcrp_cor:OfficialTitleOrPositionInformationAboutDirectorsAndCorporateAuditorsProposal	役職名、役員の状況（取締役（及び監査役））（議案）	FilingDateInstant_jpcrp030000-asr_E00883-000HasebeYoshihiroMember	－	代表取締役 社長執行役員 
jpcrp_cor:NameInformationAboutDirectorsAndCorporateAuditorsProposal	氏名、役員の状況（取締役（及び監査役））（議案）	FilingDateInstant_jpcrp030000-asr_E00883-000HasebeYoshihiroMember	－	長谷部　佳　宏
jpcrp_cor:DateOfBirthInformationAboutDirectorsAndCorporateAuditorsProposal	生年月日、役員の状況（取締役（及び監査役））（議案）	FilingDateInstant_jpcrp030000-asr_E00883-000HasebeYoshihiroMember	－	1960-07-30
jpcrp_cor:CareerSummaryInformationAboutDirectorsAndCorporateAuditorsProposalTextBlock	略歴、役員の状況（取締役（及び監査役））（議案） [テキストブロック]	FilingDateInstant_jpcrp030000-asr_E00883-000HasebeYoshihiroMember	－	1990年4月当社入社2003年7月当社研究開発部門 化学品研究所 第4研究室長2008年3月当社研究開発部門 ファブリック＆ホームケア研究センター ハウスホールド研究所 第1研究室長2011年3月当社研究開発部門 ビューティケア研究センタ
jpcrp_cor:TermOfOfficeInformationAboutDirectorsAndCorporateAuditorsProposal	任期、役員の状況（取締役（及び監査役））（議案）	FilingDateInstant_jpcrp030000-asr_E00883-000HasebeYoshihiroMember	－	※1
jpcrp_cor:OfficialTitleOrPositionInformationAboutDirectorsAndCorporateAuditorsProposal	役職名、役員の状況（取締役（及び監査役））（議案）	FilingDateInstant_jpcrp030000-asr_E00883-000NegoroMasakazuMember	－	代表取締役 専務執行役員経営財務ユニット総括
jpcrp_cor:NameInformationAboutDirectorsAndCorporateAuditorsProposal	氏名、役員の状況（取締役（及び監査役））（議案）	FilingDateInstant_jpcrp030000-asr_E00883-000NegoroMasakazuMember	－	根　来　昌　一
jpcrp_cor:DateOfBirthInformationAboutDirectorsAndCorporateAuditorsProposal	生年月日、役員の状況（取締役（及び監査役））（議案）	FilingDateInstant_jpcrp030000-asr_E00883-000NegoroMasakazuMember	－	1960-01-07
jpcrp_cor:CareerSummaryInformationAboutDirectorsAndCorporateAuditorsProposalTextBlock	略歴、役員の状況（取締役（及び監査役））（議案） [テキストブロック]	FilingDateInstant_jpcrp030000-asr_E00883-000NegoroMasakazuMember	－	1983年4月当社入社1999年3月Kao Specialties Americas LLC Business Manager, Oleo ＆ Specialties2003年7月Kao Specialties Americas LLC V
jpcrp_cor:TermOfOfficeInformationAboutDirectorsAndCorporateAuditorsProposal	任期、役員の状況（取締役（及び監査役））（議案）	FilingDateInstant_jpcrp030000-asr_E00883-000NegoroMasakazuMember	－	※1
jpcrp_cor:OfficialTitleOrPositionInformationAboutDirectorsAndCorporateAuditorsProposal	役職名、役員の状況（取締役（及び監査役））（議案）	FilingDateInstant_jpcrp030000-asr_E00883-000NishiguchiToruMember	－	代表取締役 専務執行役員グローバルコンシューマーケアビジネス総括
jpcrp_cor:NameInformationAboutDirectorsAndCorporateAuditorsProposal	氏名、役員の状況（取締役（及び監査役））（議案）	FilingDateInstant_jpcrp030000-asr_E00883-000NishiguchiToruMember	－	西　口　　　徹
jpcrp_cor:DateOfBirthInformationAboutDirectorsAndCorporateAuditorsProposal	生年月日、役員の状況（取締役（及び監査役））（議案）	FilingDateInstant_jpcrp030000-asr_E00883-000NishiguchiToruMember	－	1961-11-18
jpcrp_cor:CareerSummaryInformationAboutDirectorsAndCorporateAuditorsProposalTextBlock	略歴、役員の状況（取締役（及び監査役））（議案） [テキストブロック]	FilingDateInstant_jpcrp030000-asr_E00883-000NishiguchiToruMember	－	1985年4月当社入社2006年3月当社家庭品国際事業本部 アジア担当 マネジャー2006年11月花王（上海）産品服務有限公司 市場部統括2007年5月花王（上海）産品服務有限公司 副総経理 市場部統括2008年7月花王（上海）産品服務有限
jpcrp_cor:TermOfOfficeInformationAboutDirectorsAndCorporateAuditorsProposal	任期、役員の状況（取締役（及び監査役））（議案）	FilingDateInstant_jpcrp030000-asr_E00883-000NishiguchiToruMember	－	※1
jpcrp_cor:OfficialTitleOrPositionInformationAboutDirectorsAndCorporateAuditorsProposal	役職名、役員の状況（取締役（及び監査役））（議案）	FilingDateInstant_jpcrp030000-asr_E00883-000LisaMacCallumMember	－	取締役 エグゼクティブ・フェロー（コーポレートブランディング担当）
jpcrp_cor:NameInformationAboutDirectorsAndCorporateAuditorsProposal	氏名、役員の状況（取締役（及び監査役））（議案）	FilingDateInstant_jpcrp030000-asr_E00883-000LisaMacCallumMember	－	リサ・マッカラン
jpcrp_cor:DateOfBirthInformationAboutDirectorsAndCorporateAuditorsProposal	生年月日、役員の状況（取締役（及び監査役））（議案）	FilingDateInstant_jpcrp030000-asr_E00883-000LisaMacCallumMember	－	1972-04-10
jpcrp_cor:CareerSummaryInformationAboutDirectorsAndCorporateAuditorsProposalTextBlock	略歴、役員の状況（取締役（及び監査役））（議案） [テキストブロック]	FilingDateInstant_jpcrp030000-asr_E00883-000LisaMacCallumMember	－	1998年2月株式会社ビジネス・ブレークスルー（現株式会社Aoba-BBT）Founding Executive2001年11月NIKE, Inc. USA Business Senior Executive2006年6月Nike Foun
jpcrp_cor:TermOfOfficeInformationAboutDirectorsAndCorporateAuditorsProposal	任期、役員の状況（取締役（及び監査役））（議案）	FilingDateInstant_jpcrp030000-asr_E00883-000LisaMacCallumMember	－	※1
jpcrp_cor:OfficialTitleOrPositionInformationAboutDirectorsAndCorporateAuditorsProposal	役職名、役員の状況（取締役（及び監査役））（議案）	FilingDateInstant_jpcrp030000-asr_E00883-000SakuraiErikoMember	－	取締役
jpcrp_cor:NameInformationAboutDirectorsAndCorporateAuditorsProposal	氏名、役員の状況（取締役（及び監査役））（議案）	FilingDateInstant_jpcrp030000-asr_E00883-000SakuraiErikoMember	－	桜　井　恵理子
jpcrp_cor:DateOfBirthInformationAboutDirectorsAndCorporateAuditorsProposal	生年月日、役員の状況（取締役（及び監査役））（議案）	FilingDateInstant_jpcrp030000-asr_E00883-000SakuraiErikoMember	－	1960-11-16
jpcrp_cor:CareerSummaryInformationAboutDirectorsAndCorporateAuditorsProposalTextBlock	略歴、役員の状況（取締役（及び監査役））（議案） [テキストブロック]	FilingDateInstant_jpcrp030000-asr_E00883-000SakuraiErikoMember	－	1987年6月Dow Corning Corporation入社2008年5月東レ・ダウコーニング株式会社 取締役2009年3月同社代表取締役・CEO2018年6月ダウ・東レ株式会社 代表取締役・CEO2020年8月ダウ・ケミカル日本株式会
jpcrp_cor:TermOfOfficeInformationAboutDirectorsAndCorporateAuditorsProposal	任期、役員の状況（取締役（及び監査役））（議案）	FilingDateInstant_jpcrp030000-asr_E00883-000SakuraiErikoMember	－	※1
jpcrp_cor:OfficialTitleOrPositionInformationAboutDirectorsAndCorporateAuditorsProposal	役職名、役員の状況（取締役（及び監査役））（議案）	FilingDateInstant_jpcrp030000-asr_E00883-000NishiiTakaakiMember	－	取締役
jpcrp_cor:NameInformationAboutDirectorsAndCorporateAuditorsProposal	氏名、役員の状況（取締役（及び監査役））（議案）	FilingDateInstant_jpcrp030000-asr_E00883-000NishiiTakaakiMember	－	西　井　孝　明
jpcrp_cor:DateOfBirthInformationAboutDirectorsAndCorporateAuditorsProposal	生年月日、役員の状況（取締役（及び監査役））（議案）	FilingDateInstant_jpcrp030000-asr_E00883-000NishiiTakaakiMember	－	1959-12-27
jpcrp_cor:CareerSummaryInformationAboutDirectorsAndCorporateAuditorsProposalTextBlock	略歴、役員の状況（取締役（及び監査役））（議案） [テキストブロック]	FilingDateInstant_jpcrp030000-asr_E00883-000NishiiTakaakiMember	－	1982年4月味の素株式会社入社2013年6月同社取締役常務執行役員2013年8月ブラジル味の素社 代表取締役社長2015年6月味の素株式会社 取締役社長最高経営責任者、同社代表取締役2021年6月同社取締役 代表執行役社長 最高経営責任者
jpcrp_cor:TermOfOfficeInformationAboutDirectorsAndCorporateAuditorsProposal	任期、役員の状況（取締役（及び監査役））（議案）	FilingDateInstant_jpcrp030000-asr_E00883-000NishiiTakaakiMember	－	※1
jpcrp_cor:OfficialTitleOrPositionInformationAboutDirectorsAndCorporateAuditorsProposal	役職名、役員の状況（取締役（及び監査役））（議案）	FilingDateInstant_jpcrp030000-asr_E00883-000TakashimaMakotoMember	－	取締役
jpcrp_cor:NameInformationAboutDirectorsAndCorporateAuditorsProposal	氏名、役員の状況（取締役（及び監査役））（議案）	FilingDateInstant_jpcrp030000-asr_E00883-000TakashimaMakotoMember	－	髙　島　　　誠
jpcrp_cor:DateOfBirthInformationAboutDirectorsAndCorporateAuditorsProposal	生年月日、役員の状況（取締役（及び監査役））（議案）	FilingDateInstant_jpcrp030000-asr_E00883-000TakashimaMakotoMember	－	1958-03-31
jpcrp_cor:CareerSummaryInformationAboutDirectorsAndCorporateAuditorsProposalTextBlock	略歴、役員の状況（取締役（及び監査役））（議案） [テキストブロック]	FilingDateInstant_jpcrp030000-asr_E00883-000TakashimaMakotoMember	－	1982年4月株式会社住友銀行入行2012年4月株式会社三井住友銀行 常務執行役員 米州本部長2014年4月同行専務執行役員 国際部門共同統括責任役員（欧州、米州）2015年4月同行国際部門共同統括責任役員（欧阿中東、米州）2016年12月
jpcrp_cor:TermOfOfficeInformationAboutDirectorsAndCorporateAuditorsProposal	任期、役員の状況（取締役（及び監査役））（議案）	FilingDateInstant_jpcrp030000-asr_E00883-000TakashimaMakotoMember	－	※1
jpcrp_cor:OfficialTitleOrPositionInformationAboutDirectorsAndCorporateAuditorsProposal	役職名、役員の状況（取締役（及び監査役））（議案）	FilingDateInstant_jpcrp030000-asr_E00883-000SarahLCasanovaMember	－	取締役
jpcrp_cor:NameInformationAboutDirectorsAndCorporateAuditorsProposal	氏名、役員の状況（取締役（及び監査役））（議案）	FilingDateInstant_jpcrp030000-asr_E00883-000SarahLCasanovaMember	－	サラ・カサノバ
jpcrp_cor:DateOfBirthInformationAboutDirectorsAndCorporateAuditorsProposal	生年月日、役員の状況（取締役（及び監査役））（議案）	FilingDateInstant_jpcrp030000-asr_E00883-000SarahLCasanovaMember	－	1965-04-06
jpcrp_cor:CareerSummaryInformationAboutDirectorsAndCorporateAuditorsProposalTextBlock	略歴、役員の状況（取締役（及び監査役））（議案） [テキストブロック]	FilingDateInstant_jpcrp030000-asr_E00883-000SarahLCasanovaMember	－	1991年1月McDonald's Restaurants of Canada, Ltd.入社2004年10月日本マクドナルド株式会社 マーケティング本部執行役員2007年4月同社 ビジネスディベロップメント部 上席執行役員2009年7月M
jpcrp_cor:TermOfOfficeInformationAboutDirectorsAndCorporateAuditorsProposal	任期、役員の状況（取締役（及び監査役））（議案）	FilingDateInstant_jpcrp030000-asr_E00883-000SarahLCasanovaMember	－	※1
jpcrp_cor:OfficialTitleOrPositionInformationAboutDirectorsAndCorporateAuditorsProposal	役職名、役員の状況（取締役（及び監査役））（議案）	FilingDateInstant_jpcrp030000-asr_E00883-000OkuyamaShinjiMember	－	取締役
jpcrp_cor:NameInformationAboutDirectorsAndCorporateAuditorsProposal	氏名、役員の状況（取締役（及び監査役））（議案）	FilingDateInstant_jpcrp030000-asr_E00883-000OkuyamaShinjiMember	－	奥　山　眞　司
jpcrp_cor:DateOfBirthInformationAboutDirectorsAndCorporateAuditorsProposal	生年月日、役員の状況（取締役（及び監査役））（議案）	FilingDateInstant_jpcrp030000-asr_E00883-000OkuyamaShinjiMember	－	1965-12-27
jpcrp_cor:CareerSummaryInformationAboutDirectorsAndCorporateAuditorsProposalTextBlock	略歴、役員の状況（取締役（及び監査役））（議案） [テキストブロック]	FilingDateInstant_jpcrp030000-asr_E00883-000OkuyamaShinjiMember	－	1989年4月プロクター・アンド・ギャンブル・ファーイースト株式会社（現P&amp;Gジャパン合同会社）入社2008年9月Procter &amp; Gamble Korea, Inc. プレジデント2012年6月プロクター・アンド・ギャン
jpcrp_cor:TermOfOfficeInformationAboutDirectorsAndCorporateAuditorsProposal	任期、役員の状況（取締役（及び監査役））（議案）	FilingDateInstant_jpcrp030000-asr_E00883-000OkuyamaShinjiMember	－	※1
jpcrp_cor:OfficialTitleOrPositionInformationAboutDirectorsAndCorporateAuditorsProposal	役職名、役員の状況（取締役（及び監査役））（議案）	FilingDateInstant_jpcrp030000-asr_E00883-000WadaYasushiMember	－	常勤監査役
jpcrp_cor:NameInformationAboutDirectorsAndCorporateAuditorsProposal	氏名、役員の状況（取締役（及び監査役））（議案）	FilingDateInstant_jpcrp030000-asr_E00883-000WadaYasushiMember	－	和　田　　　康
jpcrp_cor:DateOfBirthInformationAboutDirectorsAndCorporateAuditorsProposal	生年月日、役員の状況（取締役（及び監査役））（議案）	FilingDateInstant_jpcrp030000-asr_E00883-000WadaYasushiMember	－	1959-07-30
jpcrp_cor:CareerSummaryInformationAboutDirectorsAndCorporateAuditorsProposalTextBlock	略歴、役員の状況（取締役（及び監査役））（議案） [テキストブロック]	FilingDateInstant_jpcrp030000-asr_E00883-000WadaYasushiMember	－	1984年4月当社入社2014年3月当社執行役員2015年3月当社SCM部門 デマンド・サプライ計画センター長2019年1月当社常務執行役員、品質保証部門統括2021年1月当社法務・コンプライアンス担当2022年1月当社法務・ガバナンス担当
jpcrp_cor:TermOfOfficeInformationAboutDirectorsAndCorporateAuditorsProposal	任期、役員の状況（取締役（及び監査役））（議案）	FilingDateInstant_jpcrp030000-asr_E00883-000WadaYasushiMember	－	※2
jpcrp_cor:OfficialTitleOrPositionInformationAboutDirectorsAndCorporateAuditorsProposal	役職名、役員の状況（取締役（及び監査役））（議案）	FilingDateInstant_jpcrp030000-asr_E00883-000MurataMamiMember	－	常勤監査役
jpcrp_cor:NameInformationAboutDirectorsAndCorporateAuditorsProposal	氏名、役員の状況（取締役（及び監査役））（議案）	FilingDateInstant_jpcrp030000-asr_E00883-000MurataMamiMember	－	村　田　真　実
jpcrp_cor:DateOfBirthInformationAboutDirectorsAndCorporateAuditorsProposal	生年月日、役員の状況（取締役（及び監査役））（議案）	FilingDateInstant_jpcrp030000-asr_E00883-000MurataMamiMember	－	1965-06-16
jpcrp_cor:CareerSummaryInformationAboutDirectorsAndCorporateAuditorsProposalTextBlock	略歴、役員の状況（取締役（及び監査役））（議案） [テキストブロック]	FilingDateInstant_jpcrp030000-asr_E00883-000MurataMamiMember	－	1991年4月当社入社2015年1月当社ビューティケア 化粧品事業ユニット ソフィーナ事業グループ ソフィーナ リージョナルブランドマネジャー2016年1月当社ビューティケア 化粧品事業ユニット ソフィーナ事業グループ 部長、同ソフィーナ 
jpcrp_cor:TermOfOfficeInformationAboutDirectorsAndCorporateAuditorsProposal	任期、役員の状況（取締役（及び監査役））（議案）	FilingDateInstant_jpcrp030000-asr_E00883-000MurataMamiMember	－	※3
jpcrp_cor:OfficialTitleOrPositionInformationAboutDirectorsAndCorporateAuditorsProposal	役職名、役員の状況（取締役（及び監査役））（議案）	FilingDateInstant_jpcrp030000-asr_E00883-000AraiSaekoMember	－	監査役
jpcrp_cor:NameInformationAboutDirectorsAndCorporateAuditorsProposal	氏名、役員の状況（取締役（及び監査役））（議案）	FilingDateInstant_jpcrp030000-asr_E00883-000AraiSaekoMember	－	新　井　佐恵子
jpcrp_cor:DateOfBirthInformationAboutDirectorsAndCorporateAuditorsProposal	生年月日、役員の状況（取締役（及び監査役））（議案）	FilingDateInstant_jpcrp030000-asr_E00883-000AraiSaekoMember	－	1964-02-06
jpcrp_cor:CareerSummaryInformationAboutDirectorsAndCorporateAuditorsProposalTextBlock	略歴、役員の状況（取締役（及び監査役））（議案） [テキストブロック]	FilingDateInstant_jpcrp030000-asr_E00883-000AraiSaekoMember	－	1987年10月英和監査法人（現有限責任あずさ監査法人）入所1992年8月公認会計士登録（1997年1月再登録）1993年10月佐々木公認会計士事務所入所1997年4月株式会社インターネット総合研究所（IRI）入社1998年9月同社取締役最
jpcrp_cor:TermOfOfficeInformationAboutDirectorsAndCorporateAuditorsProposal	任期、役員の状況（取締役（及び監査役））（議案）	FilingDateInstant_jpcrp030000-asr_E00883-000AraiSaekoMember	－	※4
jpcrp_cor:OfficialTitleOrPositionInformationAboutDirectorsAndCorporateAuditorsProposal	役職名、役員の状況（取締役（及び監査役））（議案）	FilingDateInstant_jpcrp030000-asr_E00883-000NaitoJunyaMember	－	監査役
jpcrp_cor:NameInformationAboutDirectorsAndCorporateAuditorsProposal	氏名、役員の状況（取締役（及び監査役））（議案）	FilingDateInstant_jpcrp030000-asr_E00883-000NaitoJunyaMember	－	内　藤　順　也
jpcrp_cor:DateOfBirthInformationAboutDirectorsAndCorporateAuditorsProposal	生年月日、役員の状況（取締役（及び監査役））（議案）	FilingDateInstant_jpcrp030000-asr_E00883-000NaitoJunyaMember	－	1964-08-22
jpcrp_cor:CareerSummaryInformationAboutDirectorsAndCorporateAuditorsProposalTextBlock	略歴、役員の状況（取締役（及び監査役））（議案） [テキストブロック]	FilingDateInstant_jpcrp030000-asr_E00883-000NaitoJunyaMember	－	1991年4月弁護士登録、桃尾・松尾・難波法律事務所入所1995年5月アメリカ合衆国コロンビア大学ロースクール修了1995年9月Weil, Gotshal &amp; Manges法律事務所(ニューヨーク）1996年3月アメリカ合衆国ニュー
jpcrp_cor:TermOfOfficeInformationAboutDirectorsAndCorporateAuditorsProposal	任期、役員の状況（取締役（及び監査役））（議案）	FilingDateInstant_jpcrp030000-asr_E00883-000NaitoJunyaMember	－	※3
jpcrp_cor:OfficialTitleOrPositionInformationAboutDirectorsAndCorporateAuditorsProposal	役職名、役員の状況（取締役（及び監査役））（議案）	FilingDateInstant_jpcrp030000-asr_E00883-000TamakiShujiMember	－	監査役
jpcrp_cor:NameInformationAboutDirectorsAndCorporateAuditorsProposal	氏名、役員の状況（取締役（及び監査役））（議案）	FilingDateInstant_jpcrp030000-asr_E00883-000TamakiShujiMember	－	玉　置　秀　司
jpcrp_cor:DateOfBirthInformationAboutDirectorsAndCorporateAuditorsProposal	生年月日、役員の状況（取締役（及び監査役））（議案）	FilingDateInstant_jpcrp030000-asr_E00883-000TamakiShujiMember	－	1961-12-03
jpcrp_cor:CareerSummaryInformationAboutDirectorsAndCorporateAuditorsProposalTextBlock	略歴、役員の状況（取締役（及び監査役））（議案） [テキストブロック]	FilingDateInstant_jpcrp030000-asr_E00883-000TamakiShujiMember	－	1985年4月立石電機株式会社（現 オムロン株式会社）入社1991年5月アメリカ合衆国ニューヨーク大学ロースクール修了1991年9月Mayer, Brown &amp; Platt（現 Mayer Brown）法律事務所1992年3月アメリ
jpcrp_cor:TermOfOfficeInformationAboutDirectorsAndCorporateAuditorsProposal	任期、役員の状況（取締役（及び監査役））（議案）	FilingDateInstant_jpcrp030000-asr_E00883-000TamakiShujiMember	－	※5
jpcrp_cor:FootnotesDirectorsAndCorporateAuditorsProposalTextBlock	脚注（取締役（及び監査役））（議案） [テキストブロック]	FilingDateInstant_Row1Member	－	（注）1．取締役桜井　恵理子、同　西井 孝明、同　髙島 誠、同　サラ・カサノバ、同　奥山 眞司の5氏は、社外取締役であります。
jpcrp_cor:FootnotesDirectorsAndCorporateAuditorsProposalTextBlock	脚注（取締役（及び監査役））（議案） [テキストブロック]	FilingDateInstant_Row2Member	－	2．監査役新井 佐恵子、同　内藤 順也、同　玉置 秀司の3氏は、社外監査役であります。
jpcrp_cor:FootnotesDirectorsAndCorporateAuditorsProposalTextBlock	脚注（取締役（及び監査役））（議案） [テキストブロック]	FilingDateInstant_Row3Member	－	3．取締役及び監査役の任期は、次のとおりであります。※1　2025年12月期に係る定時株主総会終結の時から2026年12月期に係る定時株主総会終結の時まで。※2　2022年12月期に係る定時株主総会終結の時から2026年12月期に係る定時株
jpcrp_cor:FootnotesDirectorsAndCorporateAuditorsProposalTextBlock	脚注（取締役（及び監査役））（議案） [テキストブロック]	FilingDateInstant_Row4Member	－	4．当社は、執行役員制度を導入しております。執行役員は29名で、内3名は取締役を兼務しております。
jpcrp_cor:OutsideDirectorsAndOutsideCorporateAuditorsTextBlock	社外取締役（及び社外監査役） [テキストブロック]	FilingDateInstant	－	②　社外取締役及び社外監査役の状況ａ．社外取締役及び社外監査役の員数並びに社外取締役及び社外監査役と当社との人的・資本的・取引関係その他の利害関係　　有価証券報告書提出日（2026年3月25日）現在、当社の社外取締役は5名であり、社外監査役
jpcrp_cor:AuditsTextBlock	監査の状況 [テキストブロック]	FilingDateInstant	－	（3）【監査の状況】①　監査役監査の状況ａ．監査方針花王グループは中期経営計画 「K27」の達成に向けて、稼ぐ力の改革を一層推し進め、よきモノづくりと社員活力の最大化により、「グローバル・シャープトップ」カンパニーをめざしています。監査役会
jpcrp_cor:RemunerationForDirectorsAndOtherOfficersTextBlock	役員の報酬等 [テキストブロック]	FilingDateInstant	－	 （4）【役員の報酬等】①　役員の報酬等の額又はその算定方法の決定に関する方針の内容及び決定方法当社の役員報酬は、以下を目的としています。 ・競争優位の構築と向上のため、多様で優秀な人財を獲得し、保持すること ・永続的な企業価値の増大への重
jpcrp_cor:RemunerationEtcPaidByGroupToEachDirectorOrOtherOfficerTextBlock	役員ごとの連結報酬等 [テキストブロック]	FilingDateInstant	－	 ③　役員ごとの報酬等の総額等氏名（役員区分）報酬等の総額（百万円）会社区分報酬等の種類別の額（百万円）基本報酬短期インセンティブ報酬（業績連動型賞与）長期インセンティブ報酬（業績連動型株式報酬）変動部分固定部分長谷部　佳　宏（取締役）28
jpcrp_cor:ShareholdingsTextBlock	株式の保有状況 [テキストブロック]	FilingDateInstant	－	（5）【株式の保有状況】①　投資株式の区分の基準及び考え方当社グループは、専ら株式の価値の変動または株式に係る配当によって利益を受けることを目的として保有する株式を「純投資目的である投資株式」と区分し、それ以外を「純投資目的以外の目的である
jpcrp_cor:ReasonForIncreaseInNumberOfSharesSharesNotListedInvestmentSharesHeldForPurposesOtherThanPureInvestmentReportingCompany	株式数が増加した理由、非上場株式、保有目的が純投資目的以外の目的である投資株式、提出会社	CurrentYearDuration	－	－
jpcrp_cor:ReasonForIncreaseInNumberOfSharesSharesOtherThanThoseNotListedInvestmentSharesHeldForPurposesOtherThanPureInvestmentReportingCompany	株式数が増加した理由、非上場株式以外の株式、保有目的が純投資目的以外の目的である投資株式、提出会社	CurrentYearDuration	－	出資先非上場会社の上場化、持株会による株式の取得
jpcrp_cor:NameOfSecuritiesDetailsOfSpecifiedInvestmentEquitySecuritiesHeldForPurposesOtherThanPureInvestmentReportingCompany	銘柄、保有目的が純投資目的以外の目的である特定投資株式の明細、提出会社	CurrentYearInstant_Row1Member	－	イオン㈱
jpcrp_cor:PurposeOfShareholdingOverviewOfBusinessAllianceQuantitativeEffectsOfShareholdingAndReasonForIncreaseInNumberOfSharesDetailsOfSpecifiedInvestmentSharesHeldForPurposesOtherThanPureInvestmentReportingCompany	保有目的、業務提携等の概要、定量的な保有効果及び株式数が増加した理由、保有目的が純投資目的以外の目的である特定投資株式の明細、提出会社	CurrentYearInstant_Row1Member	－	（保有目的）グローバルコンシューマーケア事業の販売先であり、当社グループの営業取引に係る協力関係維持のため保有（株式数が増加した理由）持株会による株式の取得、及び株式分割による株式数の増加
jpcrp_cor:WhetherIssuerOfAforementionedSharesHoldsReportingCompanysSharesDetailsOfSpecifiedInvestmentSharesHeldForPurposesOtherThanPureInvestmentReportingCompany	当該株式の発行者による提出会社の株式の保有の有無、保有目的が純投資目的以外の目的である特定投資株式の明細、提出会社	CurrentYearInstant_Row1Member	－	無
jpcrp_cor:NameOfSecuritiesDetailsOfSpecifiedInvestmentEquitySecuritiesHeldForPurposesOtherThanPureInvestmentReportingCompany	銘柄、保有目的が純投資目的以外の目的である特定投資株式の明細、提出会社	CurrentYearInstant_Row2Member	－	東京海上ホールディングス㈱
jpcrp_cor:PurposeOfShareholdingOverviewOfBusinessAllianceQuantitativeEffectsOfShareholdingAndReasonForIncreaseInNumberOfSharesDetailsOfSpecifiedInvestmentSharesHeldForPurposesOtherThanPureInvestmentReportingCompany	保有目的、業務提携等の概要、定量的な保有効果及び株式数が増加した理由、保有目的が純投資目的以外の目的である特定投資株式の明細、提出会社	CurrentYearInstant_Row2Member	－	（保有目的）保険業務を中心とした取引先であり、当社グループのリスクマネジメントに係る協力関係維持のため保有 
jpcrp_cor:WhetherIssuerOfAforementionedSharesHoldsReportingCompanysSharesDetailsOfSpecifiedInvestmentSharesHeldForPurposesOtherThanPureInvestmentReportingCompany	当該株式の発行者による提出会社の株式の保有の有無、保有目的が純投資目的以外の目的である特定投資株式の明細、提出会社	CurrentYearInstant_Row2Member	－	無（注）2
jpcrp_cor:NameOfSecuritiesDetailsOfSpecifiedInvestmentEquitySecuritiesHeldForPurposesOtherThanPureInvestmentReportingCompany	銘柄、保有目的が純投資目的以外の目的である特定投資株式の明細、提出会社	CurrentYearInstant_Row3Member	－	日本ゼオン㈱
jpcrp_cor:PurposeOfShareholdingOverviewOfBusinessAllianceQuantitativeEffectsOfShareholdingAndReasonForIncreaseInNumberOfSharesDetailsOfSpecifiedInvestmentSharesHeldForPurposesOtherThanPureInvestmentReportingCompany	保有目的、業務提携等の概要、定量的な保有効果及び株式数が増加した理由、保有目的が純投資目的以外の目的である特定投資株式の明細、提出会社	CurrentYearInstant_Row3Member	－	（保有目的）ケミカル事業の取引先であり、当社グループの営業取引等に係る協力関係維持のため保有
jpcrp_cor:WhetherIssuerOfAforementionedSharesHoldsReportingCompanysSharesDetailsOfSpecifiedInvestmentSharesHeldForPurposesOtherThanPureInvestmentReportingCompany	当該株式の発行者による提出会社の株式の保有の有無、保有目的が純投資目的以外の目的である特定投資株式の明細、提出会社	CurrentYearInstant_Row3Member	－	有
jpcrp_cor:NameOfSecuritiesDetailsOfSpecifiedInvestmentEquitySecuritiesHeldForPurposesOtherThanPureInvestmentReportingCompany	銘柄、保有目的が純投資目的以外の目的である特定投資株式の明細、提出会社	CurrentYearInstant_Row4Member	－	三京化成㈱
jpcrp_cor:PurposeOfShareholdingOverviewOfBusinessAllianceQuantitativeEffectsOfShareholdingAndReasonForIncreaseInNumberOfSharesDetailsOfSpecifiedInvestmentSharesHeldForPurposesOtherThanPureInvestmentReportingCompany	保有目的、業務提携等の概要、定量的な保有効果及び株式数が増加した理由、保有目的が純投資目的以外の目的である特定投資株式の明細、提出会社	CurrentYearInstant_Row4Member	－	（保有目的）ケミカル事業の取引先であり、当社グループの営業取引等に係る協力関係維持のため保有
jpcrp_cor:WhetherIssuerOfAforementionedSharesHoldsReportingCompanysSharesDetailsOfSpecifiedInvestmentSharesHeldForPurposesOtherThanPureInvestmentReportingCompany	当該株式の発行者による提出会社の株式の保有の有無、保有目的が純投資目的以外の目的である特定投資株式の明細、提出会社	CurrentYearInstant_Row4Member	－	有
jpcrp_cor:NameOfSecuritiesDetailsOfSpecifiedInvestmentEquitySecuritiesHeldForPurposesOtherThanPureInvestmentReportingCompany	銘柄、保有目的が純投資目的以外の目的である特定投資株式の明細、提出会社	CurrentYearInstant_Row5Member	－	ニチレキグループ㈱
jpcrp_cor:PurposeOfShareholdingOverviewOfBusinessAllianceQuantitativeEffectsOfShareholdingAndReasonForIncreaseInNumberOfSharesDetailsOfSpecifiedInvestmentSharesHeldForPurposesOtherThanPureInvestmentReportingCompany	保有目的、業務提携等の概要、定量的な保有効果及び株式数が増加した理由、保有目的が純投資目的以外の目的である特定投資株式の明細、提出会社	CurrentYearInstant_Row5Member	－	（保有目的）ケミカル事業の販売先であり、当社グループの営業取引に係る協力関係維持のため保有
jpcrp_cor:WhetherIssuerOfAforementionedSharesHoldsReportingCompanysSharesDetailsOfSpecifiedInvestmentSharesHeldForPurposesOtherThanPureInvestmentReportingCompany	当該株式の発行者による提出会社の株式の保有の有無、保有目的が純投資目的以外の目的である特定投資株式の明細、提出会社	CurrentYearInstant_Row5Member	－	無
jpcrp_cor:NameOfSecuritiesDetailsOfSpecifiedInvestmentEquitySecuritiesHeldForPurposesOtherThanPureInvestmentReportingCompany	銘柄、保有目的が純投資目的以外の目的である特定投資株式の明細、提出会社	CurrentYearInstant_Row6Member	－	㈱山形銀行
jpcrp_cor:PurposeOfShareholdingOverviewOfBusinessAllianceQuantitativeEffectsOfShareholdingAndReasonForIncreaseInNumberOfSharesDetailsOfSpecifiedInvestmentSharesHeldForPurposesOtherThanPureInvestmentReportingCompany	保有目的、業務提携等の概要、定量的な保有効果及び株式数が増加した理由、保有目的が純投資目的以外の目的である特定投資株式の明細、提出会社	CurrentYearInstant_Row6Member	－	（保有目的）資金調達等の金融取引先であり、当社グループの財務取引に係る協力関係維持のため保有
jpcrp_cor:WhetherIssuerOfAforementionedSharesHoldsReportingCompanysSharesDetailsOfSpecifiedInvestmentSharesHeldForPurposesOtherThanPureInvestmentReportingCompany	当該株式の発行者による提出会社の株式の保有の有無、保有目的が純投資目的以外の目的である特定投資株式の明細、提出会社	CurrentYearInstant_Row6Member	－	有
jpcrp_cor:NameOfSecuritiesDetailsOfSpecifiedInvestmentEquitySecuritiesHeldForPurposesOtherThanPureInvestmentReportingCompany	銘柄、保有目的が純投資目的以外の目的である特定投資株式の明細、提出会社	CurrentYearInstant_Row7Member	－	㈱めぶきフィナンシャルグループ
jpcrp_cor:PurposeOfShareholdingOverviewOfBusinessAllianceQuantitativeEffectsOfShareholdingAndReasonForIncreaseInNumberOfSharesDetailsOfSpecifiedInvestmentSharesHeldForPurposesOtherThanPureInvestmentReportingCompany	保有目的、業務提携等の概要、定量的な保有効果及び株式数が増加した理由、保有目的が純投資目的以外の目的である特定投資株式の明細、提出会社	CurrentYearInstant_Row7Member	－	（保有目的）資金調達等の金融取引先であり、当社グループの財務取引に係る協力関係維持のため保有
jpcrp_cor:WhetherIssuerOfAforementionedSharesHoldsReportingCompanysSharesDetailsOfSpecifiedInvestmentSharesHeldForPurposesOtherThanPureInvestmentReportingCompany	当該株式の発行者による提出会社の株式の保有の有無、保有目的が純投資目的以外の目的である特定投資株式の明細、提出会社	CurrentYearInstant_Row7Member	－	無
jpcrp_cor:NameOfSecuritiesDetailsOfSpecifiedInvestmentEquitySecuritiesHeldForPurposesOtherThanPureInvestmentReportingCompany	銘柄、保有目的が純投資目的以外の目的である特定投資株式の明細、提出会社	CurrentYearInstant_Row8Member	－	㈱プラネット
jpcrp_cor:PurposeOfShareholdingOverviewOfBusinessAllianceQuantitativeEffectsOfShareholdingAndReasonForIncreaseInNumberOfSharesDetailsOfSpecifiedInvestmentSharesHeldForPurposesOtherThanPureInvestmentReportingCompany	保有目的、業務提携等の概要、定量的な保有効果及び株式数が増加した理由、保有目的が純投資目的以外の目的である特定投資株式の明細、提出会社	CurrentYearInstant_Row8Member	－	（保有目的）トイレタリー業界における共通インフラ形成　において協業関係にあり、当社グループを含めた業界標準化活動における協力関係維持のため保有
jpcrp_cor:WhetherIssuerOfAforementionedSharesHoldsReportingCompanysSharesDetailsOfSpecifiedInvestmentSharesHeldForPurposesOtherThanPureInvestmentReportingCompany	当該株式の発行者による提出会社の株式の保有の有無、保有目的が純投資目的以外の目的である特定投資株式の明細、提出会社	CurrentYearInstant_Row8Member	－	無
jpcrp_cor:NameOfSecuritiesDetailsOfSpecifiedInvestmentEquitySecuritiesHeldForPurposesOtherThanPureInvestmentReportingCompany	銘柄、保有目的が純投資目的以外の目的である特定投資株式の明細、提出会社	CurrentYearInstant_Row9Member	－	㈱ミライロ
jpcrp_cor:PurposeOfShareholdingOverviewOfBusinessAllianceQuantitativeEffectsOfShareholdingAndReasonForIncreaseInNumberOfSharesDetailsOfSpecifiedInvestmentSharesHeldForPurposesOtherThanPureInvestmentReportingCompany	保有目的、業務提携等の概要、定量的な保有効果及び株式数が増加した理由、保有目的が純投資目的以外の目的である特定投資株式の明細、提出会社	CurrentYearInstant_Row9Member	－	（保有目的）アクセシビリティ及びユニバーサルデザイン領域における協業関係にあり、当社グループの当該取組みに係る協力関係維持のため保有（株式数が増加した理由）非上場会社の新規上場
jpcrp_cor:WhetherIssuerOfAforementionedSharesHoldsReportingCompanysSharesDetailsOfSpecifiedInvestmentSharesHeldForPurposesOtherThanPureInvestmentReportingCompany	当該株式の発行者による提出会社の株式の保有の有無、保有目的が純投資目的以外の目的である特定投資株式の明細、提出会社	CurrentYearInstant_Row9Member	－	無
jpcrp_cor:NameOfSecuritiesDetailsOfSpecifiedInvestmentEquitySecuritiesHeldForPurposesOtherThanPureInvestmentReportingCompany	銘柄、保有目的が純投資目的以外の目的である特定投資株式の明細、提出会社	CurrentYearInstant_Row10Member	－	アジアパイルホールディングス㈱
jpcrp_cor:PurposeOfShareholdingOverviewOfBusinessAllianceQuantitativeEffectsOfShareholdingAndReasonForIncreaseInNumberOfSharesDetailsOfSpecifiedInvestmentSharesHeldForPurposesOtherThanPureInvestmentReportingCompany	保有目的、業務提携等の概要、定量的な保有効果及び株式数が増加した理由、保有目的が純投資目的以外の目的である特定投資株式の明細、提出会社	CurrentYearInstant_Row10Member	－	（保有目的）ケミカル事業の販売先であり、当社グループの営業取引に係る協力関係維持のため保有
jpcrp_cor:WhetherIssuerOfAforementionedSharesHoldsReportingCompanysSharesDetailsOfSpecifiedInvestmentSharesHeldForPurposesOtherThanPureInvestmentReportingCompany	当該株式の発行者による提出会社の株式の保有の有無、保有目的が純投資目的以外の目的である特定投資株式の明細、提出会社	CurrentYearInstant_Row10Member	－	無
jpcrp_cor:NameOfSecuritiesDetailsOfSpecifiedInvestmentEquitySecuritiesHeldForPurposesOtherThanPureInvestmentReportingCompany	銘柄、保有目的が純投資目的以外の目的である特定投資株式の明細、提出会社	CurrentYearInstant_Row11Member	－	㈱トーホー
jpcrp_cor:PurposeOfShareholdingOverviewOfBusinessAllianceQuantitativeEffectsOfShareholdingAndReasonForIncreaseInNumberOfSharesDetailsOfSpecifiedInvestmentSharesHeldForPurposesOtherThanPureInvestmentReportingCompany	保有目的、業務提携等の概要、定量的な保有効果及び株式数が増加した理由、保有目的が純投資目的以外の目的である特定投資株式の明細、提出会社	CurrentYearInstant_Row11Member	－	（保有目的）ビジネスコネクティッド事業の取引先であり、当社グループの営業取引に係る協力関係維持のため保有
jpcrp_cor:WhetherIssuerOfAforementionedSharesHoldsReportingCompanysSharesDetailsOfSpecifiedInvestmentSharesHeldForPurposesOtherThanPureInvestmentReportingCompany	当該株式の発行者による提出会社の株式の保有の有無、保有目的が純投資目的以外の目的である特定投資株式の明細、提出会社	CurrentYearInstant_Row11Member	－	無
jpcrp_cor:NameOfSecuritiesDetailsOfSpecifiedInvestmentEquitySecuritiesHeldForPurposesOtherThanPureInvestmentReportingCompany	銘柄、保有目的が純投資目的以外の目的である特定投資株式の明細、提出会社	CurrentYearInstant_Row12Member	－	㈱不二家
jpcrp_cor:PurposeOfShareholdingOverviewOfBusinessAllianceQuantitativeEffectsOfShareholdingAndReasonForIncreaseInNumberOfSharesDetailsOfSpecifiedInvestmentSharesHeldForPurposesOtherThanPureInvestmentReportingCompany	保有目的、業務提携等の概要、定量的な保有効果及び株式数が増加した理由、保有目的が純投資目的以外の目的である特定投資株式の明細、提出会社	CurrentYearInstant_Row12Member	－	（保有目的）ケミカル事業の販売先であり、当社グループの営業取引に係る協力関係維持のため保有
jpcrp_cor:WhetherIssuerOfAforementionedSharesHoldsReportingCompanysSharesDetailsOfSpecifiedInvestmentSharesHeldForPurposesOtherThanPureInvestmentReportingCompany	当該株式の発行者による提出会社の株式の保有の有無、保有目的が純投資目的以外の目的である特定投資株式の明細、提出会社	CurrentYearInstant_Row12Member	－	無
jpcrp_cor:NameOfSecuritiesDetailsOfSpecifiedInvestmentEquitySecuritiesHeldForPurposesOtherThanPureInvestmentReportingCompany	銘柄、保有目的が純投資目的以外の目的である特定投資株式の明細、提出会社	CurrentYearInstant_Row13Member	－	日本コンクリート工業㈱
jpcrp_cor:PurposeOfShareholdingOverviewOfBusinessAllianceQuantitativeEffectsOfShareholdingAndReasonForIncreaseInNumberOfSharesDetailsOfSpecifiedInvestmentSharesHeldForPurposesOtherThanPureInvestmentReportingCompany	保有目的、業務提携等の概要、定量的な保有効果及び株式数が増加した理由、保有目的が純投資目的以外の目的である特定投資株式の明細、提出会社	CurrentYearInstant_Row13Member	－	（保有目的）ケミカル事業の販売先であり、当社グループの営業取引に係る協力関係維持のため保有
jpcrp_cor:WhetherIssuerOfAforementionedSharesHoldsReportingCompanysSharesDetailsOfSpecifiedInvestmentSharesHeldForPurposesOtherThanPureInvestmentReportingCompany	当該株式の発行者による提出会社の株式の保有の有無、保有目的が純投資目的以外の目的である特定投資株式の明細、提出会社	CurrentYearInstant_Row13Member	－	無
jpcrp_cor:NameOfSecuritiesDetailsOfSpecifiedInvestmentEquitySecuritiesHeldForPurposesOtherThanPureInvestmentReportingCompany	銘柄、保有目的が純投資目的以外の目的である特定投資株式の明細、提出会社	CurrentYearInstant_Row14Member	－	㈱みずほフィナンシャルグループ
jpcrp_cor:PurposeOfShareholdingOverviewOfBusinessAllianceQuantitativeEffectsOfShareholdingAndReasonForIncreaseInNumberOfSharesDetailsOfSpecifiedInvestmentSharesHeldForPurposesOtherThanPureInvestmentReportingCompany	保有目的、業務提携等の概要、定量的な保有効果及び株式数が増加した理由、保有目的が純投資目的以外の目的である特定投資株式の明細、提出会社	CurrentYearInstant_Row14Member	－	（保有目的）資金調達等の金融取引先であり、当社グループの財務取引に係る協力関係維持のため保有
jpcrp_cor:WhetherIssuerOfAforementionedSharesHoldsReportingCompanysSharesDetailsOfSpecifiedInvestmentSharesHeldForPurposesOtherThanPureInvestmentReportingCompany	当該株式の発行者による提出会社の株式の保有の有無、保有目的が純投資目的以外の目的である特定投資株式の明細、提出会社	CurrentYearInstant_Row14Member	－	無
jpcrp_cor:FootnotesSpecifiedInvestmentSharesHeldForPurposesOtherThanPureInvestmentReportingCompanyTextBlock	脚注（保有目的が純投資目的以外の目的である特定投資株式）、提出会社 [テキストブロック]	CurrentYearInstant_Row1Member	－	（注）1．定量的な保有効果については記載が困難ですが、毎年、取締役会等において、銘柄毎に保有目的、含み損益、EVA、取引高等を評価軸として、保有継続の合理性及び株式数の見直し等を確認しております。当事業年度においては3銘柄の売却を実施し、当
jpcrp_cor:FootnotesSpecifiedInvestmentSharesHeldForPurposesOtherThanPureInvestmentReportingCompanyTextBlock	脚注（保有目的が純投資目的以外の目的である特定投資株式）、提出会社 [テキストブロック]	CurrentYearInstant_Row2Member	－	2．保有先企業は当社株式を保有しておりませんが、同社子会社は当社株式を保有しております。
jpcrp_cor:FootnotesSpecifiedInvestmentSharesHeldForPurposesOtherThanPureInvestmentReportingCompanyTextBlock	脚注（保有目的が純投資目的以外の目的である特定投資株式）、提出会社 [テキストブロック]	CurrentYearInstant_Row3Member	－	3．「－」は当該銘柄を保有していないことを示しております。 
jpcrp_cor:DescriptionOfFactThatConsolidatedFinancialStatementsHaveBeenPreparedInAccordanceWithIFRSFinancialInformation	指定国際会計基準により連結財務諸表を作成した場合の記載、経理の状況	CurrentYearDuration	－	(1) 当社の連結財務諸表は、「連結財務諸表の用語、様式及び作成方法に関する規則」（昭和51年大蔵省令第28号。以下、「連結財務諸表規則」）第312条の規定により、国際会計基準（以下、「IFRS会計基準」）に準拠して作成しております。
jpcrp_cor:RegulationsInAccordanceWithWhichFinancialStatementsHaveBeenPreparedFinancialInformation	財務諸表が基づく規則、経理の状況	CurrentYearDuration	－	(2) 当社の財務諸表は、「財務諸表等の用語、様式及び作成方法に関する規則」（昭和38年大蔵省令第59号。以下、「財務諸表等規則」）に基づいて作成しております。
jpcrp_cor:DescriptionOfFactThatFinancialStatementsHaveBeenPreparedInAccordanceWithSpecialProvisionFinancialInformation	特例財務諸表を作成する場合の記載、経理の状況	CurrentYearDuration	－	また、当社は、特例財務諸表提出会社に該当し、財務諸表等規則第127条の規定により財務諸表を作成しております。
jpcrp_cor:NoteOnIndependentAuditFinancialInformation	監査証明について、経理の状況	CurrentYearDuration	－	当社は、金融商品取引法第193条の2第1項の規定に基づき、連結会計年度（2025年1月1日から2025年12月31日まで）の連結財務諸表及び事業年度（2025年1月1日から2025年12月31日まで）の財務諸表について、有限責任監査法人トー
jpcrp_cor:RemarkableEffortsToEnsureFairPresentationOfConsolidatedFinancialStatementsEtcFinancialInformation	連結財務諸表等の適正性を確保するための特段の取組、経理の状況	CurrentYearDuration	－	当社は、連結財務諸表等の適正性を確保するための特段の取組及びIFRS会計基準に基づいて連結財務諸表等を適正に作成することができる体制の整備を行っております。その内容は、以下のとおりであります。(1) 公益財団法人財務会計基準機構に加入し、セ
jpcrp_cor:RemarkableEffortsToEnsureFairPresentationOfConsolidatedFinancialStatementsEtcInAccordanceWithIFRSFinancialInformation	指定国際会計基準に基づいて連結財務諸表等を適正に作成することができる体制、経理の状況	CurrentYearDuration	－	(2) IFRS会計基準の適用については、国際会計基準審議会が公表するプレスリリースや基準書を随時入手し、最新　　の基準の把握を行っております。またIFRS会計基準に基づく適正な連結財務諸表等を作成するために、IFRS会　　計基準に準拠した
jpigp_cor:ConsolidatedStatementOfFinancialPositionIFRSTextBlock	連結財政状態計算書（IFRS） [テキストブロック]	CurrentYearDuration	－	① 【連結財政状態計算書】   前連結会計年度(2024年12月31日) 当連結会計年度(2025年12月31日) 注記百万円 百万円資産    流動資産    現金及び現金同等物7,34357,713 323,282営業債権及びその他の債
jpigp_cor:ConsolidatedStatementOfProfitOrLossIFRSTextBlock	連結損益計算書（IFRS） [テキストブロック]	CurrentYearDuration	－	② 【連結損益計算書】   前連結会計年度(自　2024年1月1日  至　2024年12月31日) 当連結会計年度(自　2025年1月1日  至　2025年12月31日) 注記百万円 百万円売上高6,251,628,448 1,688,63
jpigp_cor:ConsolidatedStatementOfComprehensiveIncomeIFRSTextBlock	連結包括利益計算書（IFRS） [テキストブロック]	CurrentYearDuration	－	③ 【連結包括利益計算書】   前連結会計年度(自　2024年1月1日  至　2024年12月31日) 当連結会計年度(自　2025年1月1日  至　2025年12月31日) 注記百万円 百万円当期利益 110,374 120,586   
jpigp_cor:ConsolidatedStatementOfChangesInEquityIFRSTextBlock	連結持分変動計算書（IFRS） [テキストブロック]	CurrentYearDuration	－	④ 【連結持分変動計算書】前連結会計年度（自　2024年1月1日　至　2024年12月31日）  親会社の所有者に帰属する持分  資本金 資本剰余金 自己株式 その他の資本の構成要素      在外営業活動体の換算差額 キャッシュ・フロー・
jpigp_cor:ConsolidatedStatementOfCashFlowsIFRSTextBlock	連結キャッシュ・フロー計算書（IFRS） [テキストブロック]	CurrentYearDuration	－	⑤ 【連結キャッシュ・フロー計算書】  前連結会計年度(自　2024年1月1日  至　2024年12月31日) 当連結会計年度(自　2025年1月1日  至　2025年12月31日) 注記百万円 百万円営業活動によるキャッシュ・フロー   
jpigp_cor:NotesReportingEntityConsolidatedFinancialStatementsIFRSTextBlock	注記事項－報告企業、連結財務諸表（IFRS） [テキストブロック]	CurrentYearDuration	－	 1．報告企業花王株式会社（以下、当社）は、日本の会社法（以下、「会社法」）に基づいて設立された株式会社であり、本社は東京都中央区に所在しております。当社及びその子会社（以下、当社グループ）の連結財務諸表は、12月31日を期末日とし、当社グ
jpigp_cor:NotesBasisOfPreparationConsolidatedFinancialStatementsIFRSTextBlock	注記事項－作成の基礎、連結財務諸表（IFRS） [テキストブロック]	CurrentYearDuration	－	 2．作成の基礎(1) IFRS会計基準に準拠している旨当社グループの連結財務諸表は、連結財務諸表規則第1条の2の「指定国際会計基準特定会社」の要件を満たすことから、同第312条の規定により、IFRS会計基準に準拠して作成しております。 (
jpigp_cor:NotesSignificantAccountingPoliciesConsolidatedFinancialStatementsIFRSTextBlock	注記事項－重要性がある会計方針、連結財務諸表（IFRS） [テキストブロック]	CurrentYearDuration	－	 3．重要性がある会計方針(1) 連結の基礎①　子会社子会社とは、当社により支配されているすべての事業体であります。支配とは、投資先への関与により生じる変動リターンに対するエクスポージャー又は権利を有し、かつ投資先に対するパワーにより当該リ
jpigp_cor:NotesSignificantAccountingEstimatesAndJudgementsConsolidatedFinancialStatementsIFRSTextBlock	注記事項－重要な会計上の見積り及び判断、連結財務諸表（IFRS） [テキストブロック]	CurrentYearDuration	－	 4．重要な会計上の見積り及び見積りを伴う判断当社グループの連結財務諸表は、収益及び費用、資産及び負債の測定並びに報告期間の末日現在の偶発事象の開示等に関する経営者の見積り及び仮定を含んでおります。これらの見積り及び仮定は過去の実績及び報告
jpigp_cor:NotesNewStandardsNotYetAppliedConsolidatedFinancialStatementsIFRSTextBlock	注記事項－未適用の新基準、連結財務諸表（IFRS） [テキストブロック]	CurrentYearDuration	－	 5．未適用の新たな基準書及び解釈指針注記「38．連結財務諸表の承認」に記載の承認日までに公表されている基準書及び解釈指針の新設又は改訂の主なものは、以下のとおりであり、2025年12月31日において当社グループでは早期適用しておりません。
jpigp_cor:NotesSegmentInformationConsolidatedFinancialStatementsIFRSTextBlock	注記事項－セグメント情報、連結財務諸表（IFRS） [テキストブロック]	CurrentYearDuration	－	  6．セグメント情報(1) 報告セグメントの概要当社グループの報告セグメントは、当社グループの構成単位のうち分離された財務情報が入手可能であり、当社の取締役会が、経営資源の配分の決定及び業績を評価するために、定期的に検討を行う対象となって
jpigp_cor:DisclosureOfChangesInReportableSegmentsIFRSTextBlock	報告セグメントの変更に関する事項（IFRS） [テキストブロック]	CurrentYearDuration	－	当社グループは、2025年1月1日付の組織変更に伴い、当連結会計年度より、従来「ハイジーン＆リビングケア事業」、「ヘルス＆ビューティケア事業」、「ライフケア事業」、「化粧品事業」及び「ケミカル事業」の5区分としていた報告セグメントを、「ハイ
jpigp_cor:InformationAboutGeographicalAreasIFRSTextBlock	地域に関する情報（IFRS） [テキストブロック]	CurrentYearDuration	－	(3) 地域別に関する情報外部顧客への売上高及び非流動資産（金融資産、繰延税金資産及び退職給付に係る資産を除く）の地域別内訳は、以下のとおりであります。 外部顧客への売上高 前連結会計年度(自　2024年1月1日　  至　2024年12月3
jpigp_cor:NotesCashAndCashEquivalentsConsolidatedFinancialStatementsIFRSTextBlock	注記事項－現金及び現金同等物、連結財務諸表（IFRS） [テキストブロック]	CurrentYearDuration	－	 7．現金及び現金同等物現金及び現金同等物の内訳は、以下のとおりであります。 前連結会計年度(2024年12月31日) 当連結会計年度(2025年12月31日)百万円 百万円現金及び預金319,704 288,776短期投資38,009 3
jpigp_cor:NotesTradeAndOtherReceivablesConsolidatedFinancialStatementsIFRSTextBlock	注記事項－営業債権及びその他の債権、連結財務諸表（IFRS） [テキストブロック]	CurrentYearDuration	－	 8．営業債権及びその他の債権営業債権及びその他の債権の内訳は、以下のとおりであります。 前連結会計年度(2024年12月31日) 当連結会計年度(2025年12月31日)百万円 百万円営業債権232,755 239,404その他の債権7,
jpigp_cor:NotesInventoriesConsolidatedFinancialStatementsIFRSTextBlock	注記事項－棚卸資産、連結財務諸表（IFRS） [テキストブロック]	CurrentYearDuration	－	  9．棚卸資産棚卸資産の内訳は、以下のとおりであります。 前連結会計年度(2024年12月31日) 当連結会計年度(2025年12月31日) 百万円 百万円商品及び製品209,163 220,991仕掛品15,193 18,188原材料及
jpigp_cor:NotesOtherAssetsConsolidatedFinancialStatementsIFRSTextBlock	注記事項－その他の資産、連結財務諸表（IFRS） [テキストブロック]	CurrentYearDuration	－	10．その他の資産その他の資産の内訳は、以下のとおりであります。 前連結会計年度(2024年12月31日) 当連結会計年度(2025年12月31日) 百万円 百万円その他の流動資産   前払費用13,757 13,812その他12,296 
jpigp_cor:NotesAssetsHeldForSaleConsolidatedFinancialStatementsIFRSTextBlock	注記事項－売却目的で保有する資産、連結財務諸表（IFRS） [テキストブロック]	CurrentYearDuration	－	11．売却目的で保有する非流動資産前連結会計年度及び当連結会計年度における売却目的で保有する非流動資産は、前連結会計年度において在外子会社の事務所等、建物の売却を意思決定したことから当該資産を売却目的保有に分類したものであります。当該資産に
jpigp_cor:NotesPropertyPlantAndEquipmentConsolidatedFinancialStatementsIFRSTextBlock	注記事項－有形固定資産、連結財務諸表（IFRS） [テキストブロック]	CurrentYearDuration	－	 12．有形固定資産(1) 増減表有形固定資産の取得原価、減価償却累計額及び減損損失累計額の増減、並びに帳簿価額は、以下のとおりであります。 取得原価 建物及び構築物 機械装置及び運搬具 工具、器具及び備品 土地 建設仮勘定 合計 百万円 
jpigp_cor:NotesGoodwillAndIntangibleAssetsConsolidatedFinancialStatementsIFRSTextBlock	注記事項－のれん及び無形資産、連結財務諸表（IFRS） [テキストブロック]	CurrentYearDuration	－	13．のれん及び無形資産(1) 増減表のれん及び無形資産の取得原価、償却累計額及び減損損失累計額の増減、並びに帳簿価額は、以下のとおりであります。 　　　取得原価 のれん無形資産 ソフトウェア 商標権 顧客関係 その他（注） 合計百万円 百
jpigp_cor:NotesInvestmentsAccountedForUsingEquityMethodConsolidatedFinancialStatementsIFRSTextBlock	注記事項－持分法で会計処理されている投資、連結財務諸表（IFRS） [テキストブロック]	CurrentYearDuration	－	14．持分法で会計処理されている投資当社グループの連結財務諸表において、関連会社に対する投資は、持分法によって会計処理しております。なお、個々に重要性のない関連会社に対する投資の帳簿価額は、以下のとおりであります。 前連結会計年度(2024
jpigp_cor:NotesIncomeTaxesConsolidatedFinancialStatementsIFRSTextBlock	注記事項－法人所得税、連結財務諸表（IFRS） [テキストブロック]	CurrentYearDuration	－	 15．法人所得税(1) 繰延税金資産及び繰延税金負債繰延税金資産及び繰延税金負債の発生の主な原因別の内訳及び増減は、以下のとおりであります。前連結会計年度（自　2024年1月1日　至　2024年12月31日） 2024年1月1日 純損益を
jpigp_cor:NotesBondsAndBorrowingsConsolidatedFinancialStatementsIFRSTextBlock	注記事項－社債及び借入金、連結財務諸表（IFRS） [テキストブロック]	CurrentYearDuration	－	 16．社債及び借入金等社債及び借入金、リース負債の内訳は、以下のとおりであります。 前連結会計年度(2024年12月31日) 当連結会計年度(2025年12月31日) 平均利率（注1） 返済期限百万円 百万円 ％  短期借入金724 82
jpigp_cor:NotesLeasesConsolidatedFinancialStatementsIFRSTextBlock	注記事項－リース、連結財務諸表（IFRS） [テキストブロック]	CurrentYearDuration	－	 17．リース当社グループは、借手として、建物等の資産を賃借しております。リース契約の一部については、延長オプション及び解約オプションが付与されております。また、リースによって課されている制限又は特約はありません。 リースに係る収益及び費用
jpigp_cor:NotesTradeAndOtherPayablesConsolidatedFinancialStatementsIFRSTextBlock	注記事項－営業債務及びその他の債務、連結財務諸表（IFRS） [テキストブロック]	CurrentYearDuration	－	18．営業債務及びその他の債務営業債務及びその他の債務の内訳は、以下のとおりであります。 前連結会計年度(2024年12月31日) 当連結会計年度(2025年12月31日)百万円 百万円営業債務172,907 172,998未払金85,12
jpigp_cor:NotesEmployeeBenefitsConsolidatedFinancialStatementsIFRSTextBlock	注記事項－従業員給付、連結財務諸表（IFRS） [テキストブロック]	CurrentYearDuration	－	 19．従業員給付(1) 退職後給付当社及び主な国内子会社は退職給付制度として、確定給付型のキャッシュバランスプラン（市場金利連動型年金）、及び確定拠出制度を設けており、日本における確定給付制度債務が当社グループの確定給付制度債務の大部分を
jpigp_cor:NotesProvisionsConsolidatedFinancialStatementsIFRSTextBlock	注記事項－引当金、連結財務諸表（IFRS） [テキストブロック]	CurrentYearDuration	－	 20．引当金引当金の内訳及び増減は、以下のとおりであります。 化粧品関連損失引当金 資産除去引当金 欧米子会社構造改革引当金 その他の引当金 合計百万円 百万円 百万円 百万円 百万円2025年1月1日2,537 5,769 1,945 
jpigp_cor:NotesOtherCurrentLiabilitiesConsolidatedFinancialStatementsIFRSTextBlock	注記事項－その他の流動負債、連結財務諸表（IFRS） [テキストブロック]	CurrentYearDuration	－	21．その他の流動負債その他の流動負債の内訳は、以下のとおりであります。 前連結会計年度(2024年12月31日) 当連結会計年度(2025年12月31日)百万円 百万円未払費用86,161 85,637未払消費税等12,280 8,397
jpigp_cor:NotesShareCapitalAndOtherEquityItemsConsolidatedFinancialStatementsIFRSTextBlock	注記事項－資本金及びその他の資本項目、連結財務諸表（IFRS） [テキストブロック]	CurrentYearDuration	－	 22．資本及びその他の資本項目(1) 資本金授権株式数及び発行済株式数の増減は、以下のとおりであります。 前連結会計年度(自　2024年1月1日  至　2024年12月31日) 当連結会計年度(自　2025年1月1日  至　2025年12
jpigp_cor:NotesEquityConsolidatedFinancialStatementsIFRSTextBlock	注記事項－資本、連結財務諸表（IFRS） [テキストブロック]	CurrentYearDuration	－	23．資本政策当社グループの資本政策は、持続的な成長のための投資の実行とそのリスクを許容する健全な財務体質を確保することと、安定的・継続的な株主還元を実施することを基本的な方針としております。その実現のため、当社グループでは、資本コスト及び
jpigp_cor:NotesDividendsConsolidatedFinancialStatementsIFRSTextBlock	注記事項－配当金、連結財務諸表（IFRS） [テキストブロック]	CurrentYearDuration	－	 24．配当金配当金の支払額は、以下のとおりであります。前連結会計年度（自　2024年1月1日　至　2024年12月31日）決議日 配当金の総額（注1,2） 1株当たり配当額 基準日 効力発生日  百万円 円    2024年3月22日第1
jpigp_cor:NotesRevenue2ConsolidatedFinancialStatementsIFRSTextBlock	注記事項－収益、連結財務諸表（IFRS） [テキストブロック]	CurrentYearDuration	－	 25．収益(1) 収益の分解当社グループは、グローバルコンシューマーケア事業部門を構成する4つの事業分野（ハイジーンリビングケア事業、ヘルスビューティケア事業、化粧品事業、ビジネスコネクティッド事業）及びケミカル事業部門の5つの事業を基本
jpigp_cor:NotesSellingGeneralAndAdministrativeExpensesConsolidatedFinancialStatementsIFRSTextBlock	注記事項－販売費及び一般管理費、連結財務諸表（IFRS） [テキストブロック]	CurrentYearDuration	－	26．販売費及び一般管理費販売費及び一般管理費の内訳は、以下のとおりであります。 前連結会計年度(自　2024年1月1日  至　2024年12月31日) 当連結会計年度(自　2025年1月1日  至　2025年12月31日) 百万円 百万円
jpigp_cor:NotesOtherOperatingIncomeConsolidatedFinancialStatementsIFRSTextBlock	注記事項－その他の営業収益、連結財務諸表（IFRS） [テキストブロック]	CurrentYearDuration	－	27．その他の営業収益その他の営業収益の内訳は、以下のとおりであります。 前連結会計年度(自　2024年1月1日  至　2024年12月31日) 当連結会計年度(自　2025年1月1日  至　2025年12月31日) 百万円 百万円物流受託
jpigp_cor:NotesOtherOperatingExpensesConsolidatedFinancialStatementsIFRSTextBlock	注記事項－その他の営業費用、連結財務諸表（IFRS） [テキストブロック]	CurrentYearDuration	－	28．その他の営業費用その他の営業費用の内訳は、以下のとおりであります。 前連結会計年度(自　2024年1月1日  至　2024年12月31日) 当連結会計年度(自　2025年1月1日  至　2025年12月31日) 百万円 百万円物流受託
jpigp_cor:NotesFinanceIncomeAndFinanceCostsConsolidatedFinancialStatementsIFRSTextBlock	注記事項－金融収益及び金融費用、連結財務諸表（IFRS） [テキストブロック]	CurrentYearDuration	－	 29．金融収益及び金融費用金融収益の内訳は、以下のとおりであります。 前連結会計年度(自　2024年1月1日  至　2024年12月31日) 当連結会計年度(自　2025年1月1日  至　2025年12月31日) 百万円 百万円為替差益(
jpigp_cor:NotesEarningsPerShareConsolidatedFinancialStatementsIFRSTextBlock	注記事項－１株当たり利益、連結財務諸表（IFRS） [テキストブロック]	CurrentYearDuration	－	30．1株当たり利益基本的1株当たり当期利益の算定上の基礎は、以下のとおりであります。  前連結会計年度(自　2024年1月1日　  至　2024年12月31日) 当連結会計年度(自　2025年1月1日　  至　2025年12月31日)親会
jpigp_cor:NotesOtherComprehensiveIncomeConsolidatedFinancialStatementsIFRSTextBlock	注記事項－その他の包括利益、連結財務諸表（IFRS） [テキストブロック]	CurrentYearDuration	－	 31．その他の包括利益各連結会計年度の「その他の包括利益」に含まれている、各包括利益項目別の当期発生額及び損益への組替調整額、並びに税効果の影響額は、以下のとおりであります。前連結会計年度（自　2024年1月1日　至　2024年12月31
jpigp_cor:NotesCashFlowInformationConsolidatedFinancialStatementsIFRSTextBlock	注記事項－キャッシュ・フロー情報、連結財務諸表（IFRS） [テキストブロック]	CurrentYearDuration	－	 32．キャッシュ・フロー情報(1) 財務活動に係る負債の変動前連結会計年度（自　2024年1月1日　至2024年12月31日）財務活動から生じる負債の変動のうち、リース負債は以下のとおりであります。　　　　　　　　　　　　　　　　　　　　
jpigp_cor:NotesShareBasedPaymentsConsolidatedFinancialStatementsIFRSTextBlock	注記事項－株式に基づく報酬、連結財務諸表（IFRS） [テキストブロック]	CurrentYearDuration	－	33．株式に基づく報酬(1) 業績連動型株式報酬制度①　業績連動型株式報酬制度の内容当社は、取締役（社外取締役を除く）及び執行役員（以下、取締役等）を対象に、当社の中長期的な業績の向上と企業価値の増大への貢献意識を高めることを目的として、会
jpigp_cor:NotesFinancialInstrumentsConsolidatedFinancialStatementsIFRSTextBlock	注記事項－金融商品、連結財務諸表（IFRS） [テキストブロック]	CurrentYearDuration	－	 34．金融商品(1) 金融商品の分類金融資産の分類ごとの帳簿価額は、以下のとおりであります。金融資産 前連結会計年度(2024年12月31日) 当連結会計年度(2025年12月31日)  百万円 百万円償却原価で測定される金融資産    
jpigp_cor:NotesSubsidiariesConsolidatedFinancialStatementsIFRSTextBlock	注記事項－子会社、連結財務諸表（IFRS） [テキストブロック]	CurrentYearDuration	－	 35．重要な子会社重要な子会社は、以下のとおりであります。なお、当連結会計年度末の議決権所有割合について、前連結会計年度末からの著しい変動はありません。 会社名主要な事業の内容議決権所有割合（％）花王グループカスタマーマーケティング㈱ハイ
jpigp_cor:NotesRelatedPartiesConsolidatedFinancialStatementsIFRSTextBlock	注記事項－関連当事者、連結財務諸表（IFRS） [テキストブロック]	CurrentYearDuration	－	36．関連当事者(1) 関連当事者との取引関連当事者との取引については、重要な取引等がないため記載を省略しております。 (2) 主要な経営幹部に対する報酬主要な経営幹部に対する報酬は、以下のとおりであります。当社グループの主要な経営幹部は、
jpigp_cor:NotesCommitmentsConsolidatedFinancialStatementsIFRSTextBlock	注記事項－コミットメント、連結財務諸表（IFRS） [テキストブロック]	CurrentYearDuration	－	37．コミットメント各報告期間の末日以降の有形固定資産及び無形資産の取得に関するコミットメントは、以下のとおりであります。  前連結会計年度(2024年12月31日) 当連結会計年度(2025年12月31日) 百万円 百万円有形固定資産の取
jpigp_cor:NotesApprovalOfConsolidatedFinancialStatementsIFRSTextBlock	注記事項－連結財務諸表の承認（IFRS） [テキストブロック]	CurrentYearDuration	－	38．連結財務諸表の承認当社グループの連結財務諸表は、2026年3月24日に、当社代表取締役社長執行役員　長谷部　佳宏及び当社執行役員会計財務部門統括　牧野　秀生により承認されております。 
jpigp_cor:NotesSubsequentEventsConsolidatedFinancialStatementsIFRSTextBlock	注記事項－後発事象、連結財務諸表（IFRS） [テキストブロック]	CurrentYearDuration	－	 39．重要な後発事象（株式分割及び株式分割に伴う定款の一部変更について）当社は、2026年2月5日開催の取締役会において、下記のとおり、株式分割及び株式分割に伴う定款の一部変更について決議しました。 (1) 株式分割の目的株式分割により、
jpcrp_cor:OtherInformationConsolidatedFinancialStatementsEtcTextBlock	その他、連結財務諸表等 [テキストブロック]	CurrentYearDuration	－	（2）【その他】①　当連結会計年度における半期情報等  中間連結会計期間当連結会計年度売上高（百万円）809,0221,688,633税引前中間（当期）利益（百万円）71,766169,846親会社の所有者に帰属する中間（当期）利益（百万円
jpcrp_cor:BalanceSheetTextBlock	貸借対照表 [テキストブロック]	CurrentYearDuration	－	① 【貸借対照表】           (単位：百万円)          前事業年度(2024年12月31日)当事業年度(2025年12月31日)資産の部   流動資産    現金及び預金140,541101,702  売掛金※２ 77,
jpcrp_cor:StatementOfIncomeTextBlock	損益計算書 [テキストブロック]	CurrentYearDuration	－	② 【損益計算書】           (単位：百万円)          前事業年度(自　2024年1月1日　　至　2024年12月31日)当事業年度(自　2025年1月1日　　至　2025年12月31日)売上高※１ 898,054※１ 
jpcrp_cor:StatementOfChangesInEquityTextBlock	株主資本等変動計算書 [テキストブロック]	CurrentYearDuration	－	③ 【株主資本等変動計算書】前事業年度（自　2024年1月1日　至　2024年12月31日） (単位：百万円) 株主資本資本金資本剰余金利益剰余金資本準備金その他資本剰余金資本剰余金合計利益準備金その他利益剰余金利益剰余金合計圧縮記帳積立金
jpcrp_cor:NotesSignificantAccountingPoliciesFinancialStatementsTextBlock	重要な会計方針、財務諸表 [テキストブロック]	CurrentYearDuration	－	(重要な会計方針) 1．有価証券の評価基準及び評価方法(1) 満期保有目的の債券償却原価法（定額法）(2) 子会社株式及び関連会社株式移動平均法による原価法(3) その他有価証券市場価格のない株式等以外のもの時価法（評価差額は全部純資産直入
jpcrp_cor:SignificantAccountingEstimatesFinancialStatementsTextBlock	重要な会計上の見積り、財務諸表 [テキストブロック]	CurrentYearDuration	－	(重要な会計上の見積り)1. 固定資産の評価（1）財務諸表に計上した金額は、次のとおりであります。 前事業年度(2024年12月31日)当事業年度(2025年12月31日)有形固定資産237,095百万円239,372百万円無形固定資産40
jpcrp_cor:NotesChangesInAccountingEstimatesFinancialStatementsTextBlock	会計上の見積りの変更、財務諸表 [テキストブロック]	CurrentYearDuration	－	(会計上の見積りの変更)（退職給付に係る会計処理の過去勤務費用の費用処理年数の変更）退職給付に係る会計処理において、従業員の平均残存勤務期間の短縮に伴い、当事業年度より過去勤務費用の費用処理年数を15年から13年に変更しております。なお、こ
jpcrp_cor:NotesAdditionalInformationFinancialStatementsTextBlock	追加情報、財務諸表 [テキストブロック]	CurrentYearDuration	－	(追加情報)（業績連動型株式報酬制度）当社は、取締役等に信託を通じて自社の株式を交付する業績連動型株式報酬制度を導入しております。(1）取引の概要「１ 連結財務諸表等　(１）連結財務諸表　連結財務諸表に関する注記事項　33.株式に基づく報酬
jpcrp_cor:NotesRegardingAmountsOfReductionEntryOfPropertyPlantAndEquipmentTextBlock	有形固定資産の圧縮記帳額の注記 [テキストブロック]	CurrentYearInstant_NonConsolidatedMember	－	※1　国庫補助金の受入れにより取得価額より控除した固定資産の圧縮記帳累計額は、次のとおりであります。 前事業年度(2024年12月31日)当事業年度(2025年12月31日)建物357百万円357百万円構築物33 33 機械及び装置1,04
jpcrp_cor:NotesRegardingAssetsAndLiabilitiesIncurredFromTransactionsWithAffiliatedEntitiesTextBlock	関係会社に関する資産・負債の注記 [テキストブロック]	CurrentYearInstant_NonConsolidatedMember	－	※2　関係会社に対する金銭債権及び金銭債務（区分表示されたものを除く）は、次のとおりであります。 前事業年度(2024年12月31日)当事業年度(2025年12月31日)関係会社に対する短期金銭債権88,010百万円90,041百万円関係会
jpcrp_cor:NotesRegardingGuaranteeObligationsTextBlock	保証債務の注記 [テキストブロック]	CurrentYearInstant_NonConsolidatedMember	－	3　保証債務 前事業年度(2024年12月31日)当事業年度(2025年12月31日)関係会社3社の金融機関からの与信枠に対する債務保証の極度額－百万円8,936百万円  
jpcrp_cor:NotesRegardingTotalAmountOfOperatingTransactionsFromOrToAffiliatedEntitiesAndTotalAmountOfNonOperatingTransactionsFromOrToAffiliatedEntitiesTextBlock	関係会社との営業取引による取引高の総額及び営業取引以外の取引による取引高の総額の注記 [テキストブロック]	CurrentYearDuration_NonConsolidatedMember	－	※1　関係会社との取引高は、次のとおりであります。 前事業年度(自　2024年1月1日　  至　2024年12月31日)当事業年度(自　2025年1月1日　  至　2025年12月31日)営業取引による取引高    売上高127,932百万
jpcrp_cor:MajorComponentsOfSellingGeneralAndAdministrativeExpensesTextBlock	主要な販売費及び一般管理費 [テキストブロック]	CurrentYearDuration_NonConsolidatedMember	－	※2　販売費及び一般管理費のうち主要な費目及び金額は、次のとおりであります。(1) 販売費 前事業年度(自　2024年1月1日　  至　2024年12月31日)当事業年度(自　2025年1月1日　  至　2025年12月31日)販売手数料1
jpcrp_cor:NotesRegardingGainOnSalesOfPropertyPlantAndEquipmentTextBlock	固定資産売却益の注記 [テキストブロック]	CurrentYearDuration_NonConsolidatedMember	－	※3　固定資産売却益の内容は、次のとおりであります。 前事業年度(自　2024年1月1日　  至　2024年12月31日)当事業年度(自　2025年1月1日　  至　2025年12月31日)土地1,144百万円746百万円その他25 52 
jpcrp_cor:NotesRegardingLossOnDisposalOfPropertyPlantAndEquipmentTextBlock	固定資産除却損の注記 [テキストブロック]	CurrentYearDuration_NonConsolidatedMember	－	※4　固定資産除却損の内容は、次のとおりであります。 前事業年度(自　2024年1月1日　  至　2024年12月31日)当事業年度(自　2025年1月1日　  至　2025年12月31日)建物698百万円684百万円機械及び装置2,313
jpcrp_cor:NotesSecuritiesFinancialStatementsTextBlock	有価証券関係、財務諸表 [テキストブロック]	CurrentYearDuration	－	(有価証券関係)貸借対照表に計上した子会社株式及び関連会社株式は、次のとおりであります。 前事業年度(2024年12月31日)当事業年度(2025年12月31日)子会社及び関連会社株式479,766百万円479,210百万円うち　（株）カネ
jpcrp_cor:NotesTaxEffectAccountingFinancialStatementsTextBlock	税効果会計関係、財務諸表 [テキストブロック]	CurrentYearDuration	－	(税効果会計関係) 1．繰延税金資産及び繰延税金負債の発生の主な原因別の内訳 前事業年度(2024年12月31日) 当事業年度(2025年12月31日)繰延税金資産     減価償却費20,629百万円 20,263百万円退職給付引当金1,
jpcrp_cor:NotesRevenueRecognitionFinancialStatementsTextBlock	収益認識関係、財務諸表 [テキストブロック]	CurrentYearDuration	－	(収益認識関係)「１　連結財務諸表等　(１）連結財務諸表　連結財務諸表に関する注記事項　25．収益」にて記載しているため、記載を省略しております。 
jpcrp_cor:NotesSignificantEventsAfterReportingPeriodFinancialStatementsTextBlock	重要な後発事象、財務諸表 [テキストブロック]	CurrentYearDuration	－	(重要な後発事象)（株式分割及び株式分割に伴う定款の一部変更について）「１　連結財務諸表等　(１）連結財務諸表　連結財務諸表に関する注記事項　39. 重要な後発事象」にて記載しているため、記載を省略しております。 
jpcrp_cor:AnnexedDetailedScheduleOfPropertyPlantAndEquipmentEtcTextBlock	有形固定資産等明細表 [テキストブロック]	CurrentYearDuration	－	【有形固定資産等明細表】（単位：百万円）区分資産の種類当期首残高当期増加額当期減少額当期償却額当期末残高減価償却累計額有形固定資産建物280,58017,9464,9837,806293,543218,238(39) 構築物81,9001,
jpcrp_cor:AnnexedDetailedScheduleOfProvisionsTextBlock	引当金明細表 [テキストブロック]	CurrentYearDuration	－	【引当金明細表】（単位：百万円）科目当期首残高当期増加額当期減少額当期末残高貸倒引当金210－99111  
jpcrp_cor:ComponentsOfMajorAssetsAndLiabilitiesTextBlock	主な資産及び負債の内容 [テキストブロック]	CurrentYearDuration	－	 （2）【主な資産及び負債の内容】連結財務諸表を作成しているため、記載を省略しております。 
jpcrp_cor:OtherInformationFinancialStatementsEtcTextBlock	その他、財務諸表等 [テキストブロック]	CurrentYearDuration	－	（3）【その他】①　決算日後の状況特記事項はありません。 ②　訴訟当社が当事者になっている係争中の訴訟が存在するものの、当社の財政状態、経営成績及びキャッシュ・フローの状況に重要な影響を及ぼすものではないと考えております。 
jpcrp_cor:OverviewOfOperationalProceduresForSharesTextBlock	提出会社の株式事務の概要 [テキストブロック]	FilingDateInstant	－	第６ 【提出会社の株式事務の概要】事業年度1月1日から12月31日まで定時株主総会3月中基準日12月31日剰余金の配当の基準日6月30日（中間配当）、12月31日（期末配当）1単元の株式数100株単元未満株式の買取り・買増し 取扱場所東京都
jpcrp_cor:InformationAboutParentCompanyEtcOfReportingCompanyTextBlock	提出会社の親会社等の情報 [テキストブロック]	FilingDateInstant	－	１ 【提出会社の親会社等の情報】当社は、金融商品取引法第24条の7第1項に規定する親会社等はありません。 
jpcrp_cor:OtherReferenceInformationTextBlock	その他の参考情報 [テキストブロック]	FilingDateInstant	－	２ 【その他の参考情報】当事業年度の開始日から有価証券報告書提出日までの間に、次の書類を提出しております。 （1）有価証券報告書及びその添付書類並びに確認書事業年度　　　 自　2024年1月1日（第119期）　　至　2024年12月31日2
jpcrp_cor:InformationAboutCompanyWhichProvidesGuaranteeToReportingCompanyTextBlock	提出会社の保証会社等の情報 [テキストブロック]	FilingDateInstant	－	第二部 【提出会社の保証会社等の情報】該当事項はありません。 
