jpcrp_cor:IndependentAuditorsReportConsolidatedTextBlock	独立監査人の報告書、連結 [テキストブロック]	FilingDateInstant	－	独立監査人の監査報告書及び内部統制監査報告書   2026年6月25日 株　式　会　社　ア　マ　ダ取　締　役　会　　御　中  有限責任監査法人トーマツ  東　京　事　務　所  指定有限責任社員業務執行社員 公認会計士東  海  林     
jpcrp_cor:AuditFirm1Consolidated	監査法人１、連結	FilingDateInstant	－	有限責任監査法人トーマツ
jpcrp_cor:CPA1AuditFirm1Consolidated	公認会計士１、監査法人１、連結	FilingDateInstant	－	東  海  林     雅   人
jpcrp_cor:CPA2AuditFirm1Consolidated	公認会計士２、監査法人１、連結	FilingDateInstant	－	五  十  嵐     大   典
jpcrp_cor:AuditOpinionConsolidatedTextBlock	監査意見、連結 [テキストブロック]	FilingDateInstant	－	監査意見当監査法人は、金融商品取引法第193条の2第1項の規定に基づく監査証明を行うため、「経理の状況」に掲げられている株式会社アマダの2025年4月1日から2026年3月31日までの連結会計年度の連結財務諸表、すなわち、連結財政状態計算書
jpcrp_cor:KeyAuditMattersConsolidatedTextBlock	監査上の主要な検討事項、連結 [テキストブロック]	FilingDateInstant	－	 監査上の主要な検討事項監査上の主要な検討事項とは、当連結会計年度の連結財務諸表の監査において、監査人が職業的専門家として特に重要であると判断した事項である。監査上の主要な検討事項は、連結財務諸表全体に対する監査の実施過程及び監査意見の形成
jpcrp_cor:OverviewKAMConsolidatedTextBlock	全体概要、監査上の主要な検討事項、連結 [テキストブロック]	FilingDateInstant	－	監査上の主要な検討事項とは、当連結会計年度の連結財務諸表の監査において、監査人が職業的専門家として特に重要であると判断した事項である。監査上の主要な検討事項は、連結財務諸表全体に対する監査の実施過程及び監査意見の形成において対応した事項であ
jpcrp_cor:ShortDescriptionKAMConsolidated	見出し、監査上の主要な検討事項、連結	FilingDateInstant_Row1Member	－	機械売上の期間帰属の適切性
jpcrp_cor:DescriptionIncludingReasonKAMConsolidatedTextBlock	内容及び理由、監査上の主要な検討事項、連結 [テキストブロック]	FilingDateInstant_Row1Member	－	【連結財務諸表注記】30.「収益」に記載されている通り、株式会社アマダの連結損益計算書に計上されている売上収益437,372百万円は、金属加工機械セグメントにおける売上収益326,485百万円、金属工作機械セグメントにおける売上収益88,3
jpcrp_cor:ReferenceKAMConsolidated	開示への参照、監査上の主要な検討事項、連結	FilingDateInstant_Row1Member	－	【連結財務諸表注記】30.「収益」
jpcrp_cor:AuditorsResponseKAMConsolidatedTextBlock	監査上の対応、監査上の主要な検討事項、連結 [テキストブロック]	FilingDateInstant_Row1Member	－	当監査法人は、機械売上の期間帰属の適切性を検討するに当たり、主として以下の監査手続を実施した。 （1）内部統制の評価機械の売上計上プロセスに関して、実際に検収が完了した機械のみが収益認識されるための内部統制の整備及び運用状況の有効性を評価し
jpcrp_cor:ShortDescriptionKAMConsolidated	見出し、監査上の主要な検討事項、連結	FilingDateInstant_Row2Member	－	ビアメカニクス株式会社の株式の取得に伴う顧客関連資産の測定及びのれんの評価
jpcrp_cor:DescriptionIncludingReasonKAMConsolidatedTextBlock	内容及び理由、監査上の主要な検討事項、連結 [テキストブロック]	FilingDateInstant_Row2Member	－	【連結財務諸表注記】7.「企業結合」に記載の通り、会社は2025年7月1日にビアメカニクス株式会社の全株式を取得し、同社及び同社の子会社の7社を連結子会社としている。当該株式の取得対価は51,000百万円であり、取得原価の配分の結果、企業結
jpcrp_cor:ReferenceKAMConsolidated	開示への参照、監査上の主要な検討事項、連結	FilingDateInstant_Row2Member	－	【連結財務諸表注記】7.「企業結合」
jpcrp_cor:Reference2KAMConsolidated	開示への参照２、監査上の主要な検討事項、連結	FilingDateInstant_Row2Member	－	【連結財務諸表注記】16.「非金融資産の減損」
jpcrp_cor:AuditorsResponseKAMConsolidatedTextBlock	監査上の対応、監査上の主要な検討事項、連結 [テキストブロック]	FilingDateInstant_Row2Member	－	当監査法人は、顧客関連資産の測定及びのれんの評価の妥当性を検討するため、主として以下の監査手続を実施した。 (顧客関連資産の測定)（1）内部統制の評価・顧客関連資産の測定に関する内部統制の整備及び運用状況の有効性を評価した。 （2）顧客関連
jpcrp_cor:OtherInformationConsolidatedTextBlock	その他の記載内容、連結 [テキストブロック]	FilingDateInstant	－	 その他の記載内容その他の記載内容は、有価証券報告書に含まれる情報のうち、連結財務諸表及び財務諸表並びにこれらの監査報告書以外の情報である。経営者の責任は、その他の記載内容を作成し開示することにある。また、監査役及び監査役会の責任は、その他
jpcrp_cor:FeeRelatedInformationConsolidatedTextBlock	報酬関連情報、連結 [テキストブロック]	FilingDateInstant	－	 ＜報酬関連情報＞当監査法人及び当監査法人と同一のネットワークに属する者に対する、当連結会計年度の会社及び子会社の監査証明業務に基づく報酬及び非監査業務に基づく報酬の額は、「提出会社の状況」に含まれるコーポレート・ガバナンスの状況等(3)【
jpcrp_cor:IndependentAuditorsReportNonConsolidatedTextBlock	独立監査人の報告書、個別 [テキストブロック]	FilingDateInstant	－	独立監査人の監査報告書   2026年6月25日 株　式　会　社　ア　マ　ダ取　締　役　会　　御　中  有限責任監査法人トーマツ  東　京　事　務　所  指定有限責任社員業務執行社員 公認会計士東  海  林     雅   人  指定有限
jpcrp_cor:AuditFirm1NonConsolidated	監査法人１、個別	FilingDateInstant	－	有限責任監査法人トーマツ
jpcrp_cor:CPA1AuditFirm1NonConsolidated	公認会計士１、監査法人１、個別	FilingDateInstant	－	東  海  林     雅   人
jpcrp_cor:CPA2AuditFirm1NonConsolidated	公認会計士２、監査法人１、個別	FilingDateInstant	－	五  十  嵐     大   典
jpcrp_cor:AuditOpinionNonConsolidatedTextBlock	監査意見、個別 [テキストブロック]	FilingDateInstant	－	監査意見当監査法人は、金融商品取引法第193条の2第1項の規定に基づく監査証明を行うため、「経理の状況」に掲げられている株式会社アマダの2025年4月1日から2026年3月31日までの第88期事業年度の財務諸表、すなわち、貸借対照表、損益計
jpcrp_cor:KeyAuditMattersNonConsolidatedTextBlock	監査上の主要な検討事項、個別 [テキストブロック]	FilingDateInstant	－	監査上の主要な検討事項監査上の主要な検討事項とは、当事業年度の財務諸表の監査において、監査人が職業的専門家として特に重要であると判断した事項である。監査上の主要な検討事項は、財務諸表全体に対する監査の実施過程及び監査意見の形成において対応し
jpcrp_cor:OverviewKAMNonConsolidatedTextBlock	全体概要、監査上の主要な検討事項、個別 [テキストブロック]	FilingDateInstant	－	監査上の主要な検討事項とは、当事業年度の財務諸表の監査において、監査人が職業的専門家として特に重要であると判断した事項である。監査上の主要な検討事項は、財務諸表全体に対する監査の実施過程及び監査意見の形成において対応した事項であり、当監査法
jpcrp_cor:ShortDescriptionKAMNonConsolidated	見出し、監査上の主要な検討事項、個別	FilingDateInstant_Row1Member	－	ビアメカニクス株式の評価
jpcrp_cor:DescriptionIncludingReasonKAMNonConsolidatedTextBlock	内容及び理由、監査上の主要な検討事項、個別 [テキストブロック]	FilingDateInstant_Row1Member	－	【注記事項】(重要な会計上の見積り)に記載されている通り、貸借対照表に計上されている関係会社株式133,524百万円のうち、51,000百万円はビアメカニクス株式であり、超過収益力を反映して取得したものである。会社は、当該関係会社株式の減損
jpcrp_cor:ReferenceKAMNonConsolidated	開示への参照、監査上の主要な検討事項、個別	FilingDateInstant_Row1Member	－	【注記事項】(重要な会計上の見積り)
jpcrp_cor:AuditorsResponseKAMNonConsolidatedTextBlock	監査上の対応、監査上の主要な検討事項、個別 [テキストブロック]	FilingDateInstant_Row1Member	－	当該ビアメカニクス株式に含まれる超過収益力は、連結財務諸表上の「のれん」等として計上される。当監査法人は、主に、連結財務諸表に係る監査報告書における監査上の主要な検討事項「ビアメカニクス株式会社の株式の取得に伴う顧客関連資産の測定及びのれん
jpcrp_cor:ShortDescriptionKAMNonConsolidated	見出し、監査上の主要な検討事項、個別	FilingDateInstant_Row2Member	－	機械売上の期間帰属の適切性
jpcrp_cor:SameAsKAMForConsolidatedFSKAMNonConsolidatedTextBlock	連結と同一内容である旨、監査上の主要な検討事項、個別 [テキストブロック]	FilingDateInstant_Row2Member	－	株式会社アマダの損益計算書に計上されている売上195,316百万円において、主要な売上は機械の売上である。【注記事項】(重要な会計方針)4 収益及び費用の計上基準に記載されている通り、機械については顧客の検収において支配を獲得し、履行義務が
jpcrp_cor:ReferenceKAMNonConsolidated	開示への参照、監査上の主要な検討事項、個別	FilingDateInstant_Row2Member	－	【注記事項】(重要な会計方針)4 収益及び費用の計上基準
jpcrp_cor:OtherInformationNonConsolidatedTextBlock	その他の記載内容、個別 [テキストブロック]	FilingDateInstant	－	その他の記載内容その他の記載内容は、有価証券報告書に含まれる情報のうち、連結財務諸表及び財務諸表並びにこれらの監査報告書以外の情報である。経営者の責任は、その他の記載内容を作成し開示することにある。また、監査役及び監査役会の責任は、その他の
jpcrp_cor:FeeRelatedInformationNonConsolidatedTextBlock	報酬関連情報、個別 [テキストブロック]	FilingDateInstant	－	＜報酬関連情報＞報酬関連情報は、連結財務諸表の監査報告書に記載されている。 
jpdei_cor:NumberOfSubmissionDEI	提出回数、DEI	FilingDateInstant	pure	1
jpcrp_cor:RevenueIFRSSummaryOfBusinessResults	売上収益（IFRS）、経営指標等	Prior4YearDuration	JPY	312658000000
jpcrp_cor:RevenueIFRSSummaryOfBusinessResults	売上収益（IFRS）、経営指標等	Prior3YearDuration	JPY	365687000000
jpcrp_cor:RevenueIFRSSummaryOfBusinessResults	売上収益（IFRS）、経営指標等	Prior2YearDuration	JPY	403500000000
jpcrp_cor:RevenueIFRSSummaryOfBusinessResults	売上収益（IFRS）、経営指標等	Prior1YearDuration	JPY	396670000000
jpcrp_cor:RevenueIFRSSummaryOfBusinessResults	売上収益（IFRS）、経営指標等	CurrentYearDuration	JPY	437372000000
jpcrp030000-asr_E01486-000:OperatingProfitLossIFRSSummaryOfBusinessResults		Prior4YearDuration	JPY	38538000000
jpcrp030000-asr_E01486-000:OperatingProfitLossIFRSSummaryOfBusinessResults		Prior3YearDuration	JPY	49867000000
jpcrp030000-asr_E01486-000:OperatingProfitLossIFRSSummaryOfBusinessResults		Prior2YearDuration	JPY	56507000000
jpcrp030000-asr_E01486-000:OperatingProfitLossIFRSSummaryOfBusinessResults		Prior1YearDuration	JPY	49076000000
jpcrp030000-asr_E01486-000:OperatingProfitLossIFRSSummaryOfBusinessResults		CurrentYearDuration	JPY	44798000000
jpcrp_cor:ProfitLossBeforeTaxIFRSSummaryOfBusinessResults	税引前利益又は税引前損失（△）（IFRS）、経営指標等	Prior4YearDuration	JPY	40496000000
jpcrp_cor:ProfitLossBeforeTaxIFRSSummaryOfBusinessResults	税引前利益又は税引前損失（△）（IFRS）、経営指標等	Prior3YearDuration	JPY	49608000000
jpcrp_cor:ProfitLossBeforeTaxIFRSSummaryOfBusinessResults	税引前利益又は税引前損失（△）（IFRS）、経営指標等	Prior2YearDuration	JPY	58066000000
jpcrp_cor:ProfitLossBeforeTaxIFRSSummaryOfBusinessResults	税引前利益又は税引前損失（△）（IFRS）、経営指標等	Prior1YearDuration	JPY	49157000000
jpcrp_cor:ProfitLossBeforeTaxIFRSSummaryOfBusinessResults	税引前利益又は税引前損失（△）（IFRS）、経営指標等	CurrentYearDuration	JPY	45706000000
jpcrp_cor:ProfitLossAttributableToOwnersOfParentIFRSSummaryOfBusinessResults	当期利益又は当期損失（△）：親会社の所有者に帰属（IFRS）、経営指標等	Prior4YearDuration	JPY	27769000000
jpcrp_cor:ProfitLossAttributableToOwnersOfParentIFRSSummaryOfBusinessResults	当期利益又は当期損失（△）：親会社の所有者に帰属（IFRS）、経営指標等	Prior3YearDuration	JPY	34158000000
jpcrp_cor:ProfitLossAttributableToOwnersOfParentIFRSSummaryOfBusinessResults	当期利益又は当期損失（△）：親会社の所有者に帰属（IFRS）、経営指標等	Prior2YearDuration	JPY	40638000000
jpcrp_cor:ProfitLossAttributableToOwnersOfParentIFRSSummaryOfBusinessResults	当期利益又は当期損失（△）：親会社の所有者に帰属（IFRS）、経営指標等	Prior1YearDuration	JPY	32386000000
jpcrp_cor:ProfitLossAttributableToOwnersOfParentIFRSSummaryOfBusinessResults	当期利益又は当期損失（△）：親会社の所有者に帰属（IFRS）、経営指標等	CurrentYearDuration	JPY	30554000000
jpcrp_cor:ComprehensiveIncomeAttributableToOwnersOfParentIFRSSummaryOfBusinessResults	当期包括利益：親会社の所有者に帰属（IFRS）、経営指標等	Prior4YearDuration	JPY	43839000000
jpcrp_cor:ComprehensiveIncomeAttributableToOwnersOfParentIFRSSummaryOfBusinessResults	当期包括利益：親会社の所有者に帰属（IFRS）、経営指標等	Prior3YearDuration	JPY	39291000000
jpcrp_cor:ComprehensiveIncomeAttributableToOwnersOfParentIFRSSummaryOfBusinessResults	当期包括利益：親会社の所有者に帰属（IFRS）、経営指標等	Prior2YearDuration	JPY	63145000000
jpcrp_cor:ComprehensiveIncomeAttributableToOwnersOfParentIFRSSummaryOfBusinessResults	当期包括利益：親会社の所有者に帰属（IFRS）、経営指標等	Prior1YearDuration	JPY	31709000000
jpcrp_cor:ComprehensiveIncomeAttributableToOwnersOfParentIFRSSummaryOfBusinessResults	当期包括利益：親会社の所有者に帰属（IFRS）、経営指標等	CurrentYearDuration	JPY	55775000000
jpcrp_cor:EquityAttributableToOwnersOfParentIFRSSummaryOfBusinessResults	親会社の所有者に帰属する持分（IFRS）、経営指標等	Prior4YearInstant	JPY	479788000000
jpcrp_cor:EquityAttributableToOwnersOfParentIFRSSummaryOfBusinessResults	親会社の所有者に帰属する持分（IFRS）、経営指標等	Prior3YearInstant	JPY	504127000000
jpcrp_cor:EquityAttributableToOwnersOfParentIFRSSummaryOfBusinessResults	親会社の所有者に帰属する持分（IFRS）、経営指標等	Prior2YearInstant	JPY	529661000000
jpcrp_cor:EquityAttributableToOwnersOfParentIFRSSummaryOfBusinessResults	親会社の所有者に帰属する持分（IFRS）、経営指標等	Prior1YearInstant	JPY	519212000000
jpcrp_cor:EquityAttributableToOwnersOfParentIFRSSummaryOfBusinessResults	親会社の所有者に帰属する持分（IFRS）、経営指標等	CurrentYearInstant	JPY	535467000000
jpcrp_cor:TotalAssetsIFRSSummaryOfBusinessResults	総資産額（IFRS）、経営指標等	Prior4YearInstant	JPY	614439000000
jpcrp_cor:TotalAssetsIFRSSummaryOfBusinessResults	総資産額（IFRS）、経営指標等	Prior3YearInstant	JPY	647562000000
jpcrp_cor:TotalAssetsIFRSSummaryOfBusinessResults	総資産額（IFRS）、経営指標等	Prior2YearInstant	JPY	681053000000
jpcrp_cor:TotalAssetsIFRSSummaryOfBusinessResults	総資産額（IFRS）、経営指標等	Prior1YearInstant	JPY	649891000000
jpcrp_cor:TotalAssetsIFRSSummaryOfBusinessResults	総資産額（IFRS）、経営指標等	CurrentYearInstant	JPY	772109000000
jpcrp_cor:EquityToAssetRatioIFRSSummaryOfBusinessResults	１株当たり親会社所有者帰属持分（IFRS）、経営指標等	Prior4YearInstant	JPYPerShares	1380.05
jpcrp_cor:EquityToAssetRatioIFRSSummaryOfBusinessResults	１株当たり親会社所有者帰属持分（IFRS）、経営指標等	Prior3YearInstant	JPYPerShares	1450.07
jpcrp_cor:EquityToAssetRatioIFRSSummaryOfBusinessResults	１株当たり親会社所有者帰属持分（IFRS）、経営指標等	Prior2YearInstant	JPYPerShares	1584.10
jpcrp_cor:EquityToAssetRatioIFRSSummaryOfBusinessResults	１株当たり親会社所有者帰属持分（IFRS）、経営指標等	Prior1YearInstant	JPYPerShares	1616.19
jpcrp_cor:EquityToAssetRatioIFRSSummaryOfBusinessResults	１株当たり親会社所有者帰属持分（IFRS）、経営指標等	CurrentYearInstant	JPYPerShares	1724.35
jpcrp_cor:BasicEarningsLossPerShareIFRSSummaryOfBusinessResults	基本的１株当たり利益又は損失（△）（IFRS）、経営指標等	Prior4YearDuration	JPYPerShares	79.88
jpcrp_cor:BasicEarningsLossPerShareIFRSSummaryOfBusinessResults	基本的１株当たり利益又は損失（△）（IFRS）、経営指標等	Prior3YearDuration	JPYPerShares	98.25
jpcrp_cor:BasicEarningsLossPerShareIFRSSummaryOfBusinessResults	基本的１株当たり利益又は損失（△）（IFRS）、経営指標等	Prior2YearDuration	JPYPerShares	118.95
jpcrp_cor:BasicEarningsLossPerShareIFRSSummaryOfBusinessResults	基本的１株当たり利益又は損失（△）（IFRS）、経営指標等	Prior1YearDuration	JPYPerShares	98.72
jpcrp_cor:BasicEarningsLossPerShareIFRSSummaryOfBusinessResults	基本的１株当たり利益又は損失（△）（IFRS）、経営指標等	CurrentYearDuration	JPYPerShares	96.67
jpcrp_cor:DilutedEarningsLossPerShareIFRSSummaryOfBusinessResults	希薄化後１株当たり利益又は損失（△）（IFRS）、経営指標等	Prior4YearDuration	JPYPerShares	－
jpcrp_cor:DilutedEarningsLossPerShareIFRSSummaryOfBusinessResults	希薄化後１株当たり利益又は損失（△）（IFRS）、経営指標等	Prior3YearDuration	JPYPerShares	－
jpcrp_cor:DilutedEarningsLossPerShareIFRSSummaryOfBusinessResults	希薄化後１株当たり利益又は損失（△）（IFRS）、経営指標等	Prior2YearDuration	JPYPerShares	－
jpcrp_cor:DilutedEarningsLossPerShareIFRSSummaryOfBusinessResults	希薄化後１株当たり利益又は損失（△）（IFRS）、経営指標等	Prior1YearDuration	JPYPerShares	－
jpcrp_cor:DilutedEarningsLossPerShareIFRSSummaryOfBusinessResults	希薄化後１株当たり利益又は損失（△）（IFRS）、経営指標等	CurrentYearDuration	JPYPerShares	－
jpcrp_cor:RatioOfOwnersEquityToGrossAssetsIFRSSummaryOfBusinessResults	親会社所有者帰属持分比率（IFRS）、経営指標等	Prior4YearInstant	pure	0.781
jpcrp_cor:RatioOfOwnersEquityToGrossAssetsIFRSSummaryOfBusinessResults	親会社所有者帰属持分比率（IFRS）、経営指標等	Prior3YearInstant	pure	0.778
jpcrp_cor:RatioOfOwnersEquityToGrossAssetsIFRSSummaryOfBusinessResults	親会社所有者帰属持分比率（IFRS）、経営指標等	Prior2YearInstant	pure	0.778
jpcrp_cor:RatioOfOwnersEquityToGrossAssetsIFRSSummaryOfBusinessResults	親会社所有者帰属持分比率（IFRS）、経営指標等	Prior1YearInstant	pure	0.799
jpcrp_cor:RatioOfOwnersEquityToGrossAssetsIFRSSummaryOfBusinessResults	親会社所有者帰属持分比率（IFRS）、経営指標等	CurrentYearInstant	pure	0.694
jpcrp_cor:RateOfReturnOnEquityIFRSSummaryOfBusinessResults	親会社所有者帰属持分利益率（IFRS）、経営指標等	Prior4YearDuration	pure	0.060
jpcrp_cor:RateOfReturnOnEquityIFRSSummaryOfBusinessResults	親会社所有者帰属持分利益率（IFRS）、経営指標等	Prior3YearDuration	pure	0.069
jpcrp_cor:RateOfReturnOnEquityIFRSSummaryOfBusinessResults	親会社所有者帰属持分利益率（IFRS）、経営指標等	Prior2YearDuration	pure	0.079
jpcrp_cor:RateOfReturnOnEquityIFRSSummaryOfBusinessResults	親会社所有者帰属持分利益率（IFRS）、経営指標等	Prior1YearDuration	pure	0.062
jpcrp_cor:RateOfReturnOnEquityIFRSSummaryOfBusinessResults	親会社所有者帰属持分利益率（IFRS）、経営指標等	CurrentYearDuration	pure	0.058
jpcrp_cor:PriceEarningsRatioIFRSSummaryOfBusinessResults	株価収益率（IFRS）、経営指標等	Prior4YearDuration	pure	13.6
jpcrp_cor:PriceEarningsRatioIFRSSummaryOfBusinessResults	株価収益率（IFRS）、経営指標等	Prior3YearDuration	pure	12.6
jpcrp_cor:PriceEarningsRatioIFRSSummaryOfBusinessResults	株価収益率（IFRS）、経営指標等	Prior2YearDuration	pure	14.4
jpcrp_cor:PriceEarningsRatioIFRSSummaryOfBusinessResults	株価収益率（IFRS）、経営指標等	Prior1YearDuration	pure	14.7
jpcrp_cor:PriceEarningsRatioIFRSSummaryOfBusinessResults	株価収益率（IFRS）、経営指標等	CurrentYearDuration	pure	22.4
jpcrp_cor:CashFlowsFromUsedInOperatingActivitiesIFRSSummaryOfBusinessResults	営業活動によるキャッシュ・フロー（IFRS）、経営指標等	Prior4YearDuration	JPY	56865000000
jpcrp_cor:CashFlowsFromUsedInOperatingActivitiesIFRSSummaryOfBusinessResults	営業活動によるキャッシュ・フロー（IFRS）、経営指標等	Prior3YearDuration	JPY	24949000000
jpcrp_cor:CashFlowsFromUsedInOperatingActivitiesIFRSSummaryOfBusinessResults	営業活動によるキャッシュ・フロー（IFRS）、経営指標等	Prior2YearDuration	JPY	47595000000
jpcrp_cor:CashFlowsFromUsedInOperatingActivitiesIFRSSummaryOfBusinessResults	営業活動によるキャッシュ・フロー（IFRS）、経営指標等	Prior1YearDuration	JPY	46192000000
jpcrp_cor:CashFlowsFromUsedInOperatingActivitiesIFRSSummaryOfBusinessResults	営業活動によるキャッシュ・フロー（IFRS）、経営指標等	CurrentYearDuration	JPY	58065000000
jpcrp_cor:CashFlowsFromUsedInInvestingActivitiesIFRSSummaryOfBusinessResults	投資活動によるキャッシュ・フロー（IFRS）、経営指標等	Prior4YearDuration	JPY	-7921000000
jpcrp_cor:CashFlowsFromUsedInInvestingActivitiesIFRSSummaryOfBusinessResults	投資活動によるキャッシュ・フロー（IFRS）、経営指標等	Prior3YearDuration	JPY	-13323000000
jpcrp_cor:CashFlowsFromUsedInInvestingActivitiesIFRSSummaryOfBusinessResults	投資活動によるキャッシュ・フロー（IFRS）、経営指標等	Prior2YearDuration	JPY	-15188000000
jpcrp_cor:CashFlowsFromUsedInInvestingActivitiesIFRSSummaryOfBusinessResults	投資活動によるキャッシュ・フロー（IFRS）、経営指標等	Prior1YearDuration	JPY	7851000000
jpcrp_cor:CashFlowsFromUsedInInvestingActivitiesIFRSSummaryOfBusinessResults	投資活動によるキャッシュ・フロー（IFRS）、経営指標等	CurrentYearDuration	JPY	-25168000000
jpcrp_cor:CashFlowsFromUsedInFinancingActivitiesIFRSSummaryOfBusinessResults	財務活動によるキャッシュ・フロー（IFRS）、経営指標等	Prior4YearDuration	JPY	-22308000000
jpcrp_cor:CashFlowsFromUsedInFinancingActivitiesIFRSSummaryOfBusinessResults	財務活動によるキャッシュ・フロー（IFRS）、経営指標等	Prior3YearDuration	JPY	-20392000000
jpcrp_cor:CashFlowsFromUsedInFinancingActivitiesIFRSSummaryOfBusinessResults	財務活動によるキャッシュ・フロー（IFRS）、経営指標等	Prior2YearDuration	JPY	-38145000000
jpcrp_cor:CashFlowsFromUsedInFinancingActivitiesIFRSSummaryOfBusinessResults	財務活動によるキャッシュ・フロー（IFRS）、経営指標等	Prior1YearDuration	JPY	-42420000000
jpcrp_cor:CashFlowsFromUsedInFinancingActivitiesIFRSSummaryOfBusinessResults	財務活動によるキャッシュ・フロー（IFRS）、経営指標等	CurrentYearDuration	JPY	13741000000
jpcrp_cor:CashAndCashEquivalentsIFRSSummaryOfBusinessResults	現金及び現金同等物（IFRS）、経営指標等	Prior4YearInstant	JPY	106791000000
jpcrp_cor:CashAndCashEquivalentsIFRSSummaryOfBusinessResults	現金及び現金同等物（IFRS）、経営指標等	Prior3YearInstant	JPY	98556000000
jpcrp_cor:CashAndCashEquivalentsIFRSSummaryOfBusinessResults	現金及び現金同等物（IFRS）、経営指標等	Prior2YearInstant	JPY	93420000000
jpcrp_cor:CashAndCashEquivalentsIFRSSummaryOfBusinessResults	現金及び現金同等物（IFRS）、経営指標等	Prior1YearInstant	JPY	104841000000
jpcrp_cor:CashAndCashEquivalentsIFRSSummaryOfBusinessResults	現金及び現金同等物（IFRS）、経営指標等	CurrentYearInstant	JPY	153626000000
jpcrp_cor:NumberOfEmployees	従業員数	Prior4YearInstant	pure	8774
jpcrp_cor:NumberOfEmployees	従業員数	Prior3YearInstant	pure	8958
jpcrp_cor:NumberOfEmployees	従業員数	Prior2YearInstant	pure	9005
jpcrp_cor:NumberOfEmployees	従業員数	Prior1YearInstant	pure	8997
jpcrp_cor:NumberOfEmployees	従業員数	CurrentYearInstant	pure	9872
jpcrp_cor:NetSalesSummaryOfBusinessResults	売上高、経営指標等	Prior4YearDuration_NonConsolidatedMember	JPY	154208000000
jpcrp_cor:NetSalesSummaryOfBusinessResults	売上高、経営指標等	Prior3YearDuration_NonConsolidatedMember	JPY	183433000000
jpcrp_cor:NetSalesSummaryOfBusinessResults	売上高、経営指標等	Prior2YearDuration_NonConsolidatedMember	JPY	192419000000
jpcrp_cor:NetSalesSummaryOfBusinessResults	売上高、経営指標等	Prior1YearDuration_NonConsolidatedMember	JPY	189498000000
jpcrp_cor:NetSalesSummaryOfBusinessResults	売上高、経営指標等	CurrentYearDuration_NonConsolidatedMember	JPY	195316000000
jpcrp_cor:OrdinaryIncomeLossSummaryOfBusinessResults	経常利益又は経常損失（△）、経営指標等	Prior4YearDuration_NonConsolidatedMember	JPY	25573000000
jpcrp_cor:OrdinaryIncomeLossSummaryOfBusinessResults	経常利益又は経常損失（△）、経営指標等	Prior3YearDuration_NonConsolidatedMember	JPY	40801000000
jpcrp_cor:OrdinaryIncomeLossSummaryOfBusinessResults	経常利益又は経常損失（△）、経営指標等	Prior2YearDuration_NonConsolidatedMember	JPY	40659000000
jpcrp_cor:OrdinaryIncomeLossSummaryOfBusinessResults	経常利益又は経常損失（△）、経営指標等	Prior1YearDuration_NonConsolidatedMember	JPY	43282000000
jpcrp_cor:OrdinaryIncomeLossSummaryOfBusinessResults	経常利益又は経常損失（△）、経営指標等	CurrentYearDuration_NonConsolidatedMember	JPY	55258000000
jpcrp_cor:NetIncomeLossSummaryOfBusinessResults	当期純利益又は当期純損失（△）、経営指標等	Prior4YearDuration_NonConsolidatedMember	JPY	18241000000
jpcrp_cor:NetIncomeLossSummaryOfBusinessResults	当期純利益又は当期純損失（△）、経営指標等	Prior3YearDuration_NonConsolidatedMember	JPY	31763000000
jpcrp_cor:NetIncomeLossSummaryOfBusinessResults	当期純利益又は当期純損失（△）、経営指標等	Prior2YearDuration_NonConsolidatedMember	JPY	33241000000
jpcrp_cor:NetIncomeLossSummaryOfBusinessResults	当期純利益又は当期純損失（△）、経営指標等	Prior1YearDuration_NonConsolidatedMember	JPY	42929000000
jpcrp_cor:NetIncomeLossSummaryOfBusinessResults	当期純利益又は当期純損失（△）、経営指標等	CurrentYearDuration_NonConsolidatedMember	JPY	44475000000
jpcrp_cor:CapitalStockSummaryOfBusinessResults	資本金、経営指標等	Prior4YearInstant_NonConsolidatedMember	JPY	54768000000
jpcrp_cor:CapitalStockSummaryOfBusinessResults	資本金、経営指標等	Prior3YearInstant_NonConsolidatedMember	JPY	54768000000
jpcrp_cor:CapitalStockSummaryOfBusinessResults	資本金、経営指標等	Prior2YearInstant_NonConsolidatedMember	JPY	54768000000
jpcrp_cor:CapitalStockSummaryOfBusinessResults	資本金、経営指標等	Prior1YearInstant_NonConsolidatedMember	JPY	54768000000
jpcrp_cor:CapitalStockSummaryOfBusinessResults	資本金、経営指標等	CurrentYearInstant_NonConsolidatedMember	JPY	54768000000
jpcrp_cor:TotalNumberOfIssuedSharesSummaryOfBusinessResults	発行済株式総数（普通株式）、経営指標等	Prior4YearInstant_NonConsolidatedMember	shares	359115000
jpcrp_cor:TotalNumberOfIssuedSharesSummaryOfBusinessResults	発行済株式総数（普通株式）、経営指標等	Prior3YearInstant_NonConsolidatedMember	shares	359115000
jpcrp_cor:TotalNumberOfIssuedSharesSummaryOfBusinessResults	発行済株式総数（普通株式）、経営指標等	Prior2YearInstant_NonConsolidatedMember	shares	341115000
jpcrp_cor:TotalNumberOfIssuedSharesSummaryOfBusinessResults	発行済株式総数（普通株式）、経営指標等	Prior1YearInstant_NonConsolidatedMember	shares	328173000
jpcrp_cor:TotalNumberOfIssuedSharesSummaryOfBusinessResults	発行済株式総数（普通株式）、経営指標等	CurrentYearInstant_NonConsolidatedMember	shares	317451000
jpcrp_cor:NetAssetsSummaryOfBusinessResults	純資産額、経営指標等	Prior4YearInstant_NonConsolidatedMember	JPY	362461000000
jpcrp_cor:NetAssetsSummaryOfBusinessResults	純資産額、経営指標等	Prior3YearInstant_NonConsolidatedMember	JPY	372649000000
jpcrp_cor:NetAssetsSummaryOfBusinessResults	純資産額、経営指標等	Prior2YearInstant_NonConsolidatedMember	JPY	368589000000
jpcrp_cor:NetAssetsSummaryOfBusinessResults	純資産額、経営指標等	Prior1YearInstant_NonConsolidatedMember	JPY	367295000000
jpcrp_cor:NetAssetsSummaryOfBusinessResults	純資産額、経営指標等	CurrentYearInstant_NonConsolidatedMember	JPY	368734000000
jpcrp_cor:TotalAssetsSummaryOfBusinessResults	総資産額、経営指標等	Prior4YearInstant_NonConsolidatedMember	JPY	439038000000
jpcrp_cor:TotalAssetsSummaryOfBusinessResults	総資産額、経営指標等	Prior3YearInstant_NonConsolidatedMember	JPY	443867000000
jpcrp_cor:TotalAssetsSummaryOfBusinessResults	総資産額、経営指標等	Prior2YearInstant_NonConsolidatedMember	JPY	436870000000
jpcrp_cor:TotalAssetsSummaryOfBusinessResults	総資産額、経営指標等	Prior1YearInstant_NonConsolidatedMember	JPY	423110000000
jpcrp_cor:TotalAssetsSummaryOfBusinessResults	総資産額、経営指標等	CurrentYearInstant_NonConsolidatedMember	JPY	508276000000
jpcrp_cor:NetAssetsPerShareSummaryOfBusinessResults	１株当たり純資産額、経営指標等	Prior4YearInstant_NonConsolidatedMember	JPYPerShares	1042.58
jpcrp_cor:NetAssetsPerShareSummaryOfBusinessResults	１株当たり純資産額、経営指標等	Prior3YearInstant_NonConsolidatedMember	JPYPerShares	1071.89
jpcrp_cor:NetAssetsPerShareSummaryOfBusinessResults	１株当たり純資産額、経営指標等	Prior2YearInstant_NonConsolidatedMember	JPYPerShares	1102.37
jpcrp_cor:NetAssetsPerShareSummaryOfBusinessResults	１株当たり純資産額、経営指標等	Prior1YearInstant_NonConsolidatedMember	JPYPerShares	1143.31
jpcrp_cor:NetAssetsPerShareSummaryOfBusinessResults	１株当たり純資産額、経営指標等	CurrentYearInstant_NonConsolidatedMember	JPYPerShares	1187.42
jpcrp_cor:DividendPaidPerShareSummaryOfBusinessResults	１株当たり配当額、経営指標等	Prior4YearDuration_NonConsolidatedMember	JPYPerShares	38.00
jpcrp_cor:DividendPaidPerShareSummaryOfBusinessResults	１株当たり配当額、経営指標等	Prior3YearDuration_NonConsolidatedMember	JPYPerShares	48.00
jpcrp_cor:DividendPaidPerShareSummaryOfBusinessResults	１株当たり配当額、経営指標等	Prior2YearDuration_NonConsolidatedMember	JPYPerShares	60.00
jpcrp_cor:DividendPaidPerShareSummaryOfBusinessResults	１株当たり配当額、経営指標等	Prior1YearDuration_NonConsolidatedMember	JPYPerShares	62.00
jpcrp_cor:DividendPaidPerShareSummaryOfBusinessResults	１株当たり配当額、経営指標等	CurrentYearDuration_NonConsolidatedMember	JPYPerShares	62.00
jpcrp_cor:InterimDividendPaidPerShareSummaryOfBusinessResults	１株当たり中間配当額、経営指標等	Prior4YearDuration_NonConsolidatedMember	JPYPerShares	17.00
jpcrp_cor:InterimDividendPaidPerShareSummaryOfBusinessResults	１株当たり中間配当額、経営指標等	Prior3YearDuration_NonConsolidatedMember	JPYPerShares	22.00
jpcrp_cor:InterimDividendPaidPerShareSummaryOfBusinessResults	１株当たり中間配当額、経営指標等	Prior2YearDuration_NonConsolidatedMember	JPYPerShares	25.00
jpcrp_cor:InterimDividendPaidPerShareSummaryOfBusinessResults	１株当たり中間配当額、経営指標等	Prior1YearDuration_NonConsolidatedMember	JPYPerShares	31.00
jpcrp_cor:InterimDividendPaidPerShareSummaryOfBusinessResults	１株当たり中間配当額、経営指標等	CurrentYearDuration_NonConsolidatedMember	JPYPerShares	31.00
jpcrp_cor:BasicEarningsLossPerShareSummaryOfBusinessResults	１株当たり当期純利益又は当期純損失（△）、経営指標等	Prior4YearDuration_NonConsolidatedMember	JPYPerShares	52.47
jpcrp_cor:BasicEarningsLossPerShareSummaryOfBusinessResults	１株当たり当期純利益又は当期純損失（△）、経営指標等	Prior3YearDuration_NonConsolidatedMember	JPYPerShares	91.36
jpcrp_cor:BasicEarningsLossPerShareSummaryOfBusinessResults	１株当たり当期純利益又は当期純損失（△）、経営指標等	Prior2YearDuration_NonConsolidatedMember	JPYPerShares	97.30
jpcrp_cor:BasicEarningsLossPerShareSummaryOfBusinessResults	１株当たり当期純利益又は当期純損失（△）、経営指標等	Prior1YearDuration_NonConsolidatedMember	JPYPerShares	130.86
jpcrp_cor:BasicEarningsLossPerShareSummaryOfBusinessResults	１株当たり当期純利益又は当期純損失（△）、経営指標等	CurrentYearDuration_NonConsolidatedMember	JPYPerShares	140.71
jpcrp_cor:DilutedEarningsPerShareSummaryOfBusinessResults	潜在株式調整後１株当たり当期純利益、経営指標等	Prior4YearDuration_NonConsolidatedMember	JPYPerShares	－
jpcrp_cor:DilutedEarningsPerShareSummaryOfBusinessResults	潜在株式調整後１株当たり当期純利益、経営指標等	Prior3YearDuration_NonConsolidatedMember	JPYPerShares	－
jpcrp_cor:DilutedEarningsPerShareSummaryOfBusinessResults	潜在株式調整後１株当たり当期純利益、経営指標等	Prior2YearDuration_NonConsolidatedMember	JPYPerShares	－
jpcrp_cor:DilutedEarningsPerShareSummaryOfBusinessResults	潜在株式調整後１株当たり当期純利益、経営指標等	Prior1YearDuration_NonConsolidatedMember	JPYPerShares	－
jpcrp_cor:DilutedEarningsPerShareSummaryOfBusinessResults	潜在株式調整後１株当たり当期純利益、経営指標等	CurrentYearDuration_NonConsolidatedMember	JPYPerShares	－
jpcrp_cor:EquityToAssetRatioSummaryOfBusinessResults	自己資本比率、経営指標等	Prior4YearInstant_NonConsolidatedMember	pure	0.826
jpcrp_cor:EquityToAssetRatioSummaryOfBusinessResults	自己資本比率、経営指標等	Prior3YearInstant_NonConsolidatedMember	pure	0.840
jpcrp_cor:EquityToAssetRatioSummaryOfBusinessResults	自己資本比率、経営指標等	Prior2YearInstant_NonConsolidatedMember	pure	0.844
jpcrp_cor:EquityToAssetRatioSummaryOfBusinessResults	自己資本比率、経営指標等	Prior1YearInstant_NonConsolidatedMember	pure	0.868
jpcrp_cor:EquityToAssetRatioSummaryOfBusinessResults	自己資本比率、経営指標等	CurrentYearInstant_NonConsolidatedMember	pure	0.725
jpcrp_cor:RateOfReturnOnEquitySummaryOfBusinessResults	自己資本利益率、経営指標等	Prior4YearDuration_NonConsolidatedMember	pure	0.051
jpcrp_cor:RateOfReturnOnEquitySummaryOfBusinessResults	自己資本利益率、経営指標等	Prior3YearDuration_NonConsolidatedMember	pure	0.086
jpcrp_cor:RateOfReturnOnEquitySummaryOfBusinessResults	自己資本利益率、経営指標等	Prior2YearDuration_NonConsolidatedMember	pure	0.090
jpcrp_cor:RateOfReturnOnEquitySummaryOfBusinessResults	自己資本利益率、経営指標等	Prior1YearDuration_NonConsolidatedMember	pure	0.117
jpcrp_cor:RateOfReturnOnEquitySummaryOfBusinessResults	自己資本利益率、経営指標等	CurrentYearDuration_NonConsolidatedMember	pure	0.121
jpcrp_cor:PriceEarningsRatioSummaryOfBusinessResults	株価収益率、経営指標等	Prior4YearDuration_NonConsolidatedMember	pure	20.7
jpcrp_cor:PriceEarningsRatioSummaryOfBusinessResults	株価収益率、経営指標等	Prior3YearDuration_NonConsolidatedMember	pure	13.6
jpcrp_cor:PriceEarningsRatioSummaryOfBusinessResults	株価収益率、経営指標等	Prior2YearDuration_NonConsolidatedMember	pure	17.7
jpcrp_cor:PriceEarningsRatioSummaryOfBusinessResults	株価収益率、経営指標等	Prior1YearDuration_NonConsolidatedMember	pure	11.1
jpcrp_cor:PriceEarningsRatioSummaryOfBusinessResults	株価収益率、経営指標等	CurrentYearDuration_NonConsolidatedMember	pure	15.4
jpcrp_cor:PayoutRatioSummaryOfBusinessResults	配当性向、経営指標等	Prior4YearDuration_NonConsolidatedMember	pure	0.724
jpcrp_cor:PayoutRatioSummaryOfBusinessResults	配当性向、経営指標等	Prior3YearDuration_NonConsolidatedMember	pure	0.525
jpcrp_cor:PayoutRatioSummaryOfBusinessResults	配当性向、経営指標等	Prior2YearDuration_NonConsolidatedMember	pure	0.617
jpcrp_cor:PayoutRatioSummaryOfBusinessResults	配当性向、経営指標等	Prior1YearDuration_NonConsolidatedMember	pure	0.474
jpcrp_cor:PayoutRatioSummaryOfBusinessResults	配当性向、経営指標等	CurrentYearDuration_NonConsolidatedMember	pure	0.441
jpcrp_cor:NumberOfEmployees	従業員数	Prior4YearInstant_NonConsolidatedMember	pure	2554
jpcrp_cor:NumberOfEmployees	従業員数	Prior3YearInstant_NonConsolidatedMember	pure	2550
jpcrp_cor:NumberOfEmployees	従業員数	Prior2YearInstant_NonConsolidatedMember	pure	2649
jpcrp_cor:NumberOfEmployees	従業員数	Prior1YearInstant_NonConsolidatedMember	pure	2875
jpcrp_cor:NumberOfEmployees	従業員数	CurrentYearInstant_NonConsolidatedMember	pure	2842
jpcrp_cor:TotalShareholderReturn	株主総利回り	Prior4YearInstant_NonConsolidatedMember	pure	0.909
jpcrp_cor:TotalShareholderReturn	株主総利回り	Prior3YearInstant_NonConsolidatedMember	pure	1.073
jpcrp_cor:TotalShareholderReturn	株主総利回り	Prior2YearInstant_NonConsolidatedMember	pure	1.511
jpcrp_cor:TotalShareholderReturn	株主総利回り	Prior1YearInstant_NonConsolidatedMember	pure	1.342
jpcrp_cor:TotalShareholderReturn	株主総利回り	CurrentYearInstant_NonConsolidatedMember	pure	1.970
jpcrp_cor:TotalReturnOnSharePriceIndex	株価指数における総利回り	Prior4YearInstant_NonConsolidatedMember	pure	0.953
jpcrp_cor:TotalReturnOnSharePriceIndex	株価指数における総利回り	Prior3YearInstant_NonConsolidatedMember	pure	0.961
jpcrp_cor:TotalReturnOnSharePriceIndex	株価指数における総利回り	Prior2YearInstant_NonConsolidatedMember	pure	1.384
jpcrp_cor:TotalReturnOnSharePriceIndex	株価指数における総利回り	Prior1YearInstant_NonConsolidatedMember	pure	1.221
jpcrp_cor:TotalReturnOnSharePriceIndex	株価指数における総利回り	CurrentYearInstant_NonConsolidatedMember	pure	1.750
jpcrp_cor:TargetsDescriptionOfMetricsRelatedToPolicyOnDevelopmentOfHumanResourcesAndInternalEnvironmentAndTargetsAndPerformanceUsingSuchMetrics	目標数値、人材の育成及び社内環境整備に関する方針に関する指標の内容並びに当該指標を用いた目標及び実績	CurrentYearInstant_Row1Member	pure	40
jpcrp_cor:PerformanceDescriptionOfMetricsRelatedToPolicyOnDevelopmentOfHumanResourcesAndInternalEnvironmentAndTargetsAndPerformanceUsingSuchMetrics	実績数値、人材の育成及び社内環境整備に関する方針に関する指標の内容並びに当該指標を用いた目標及び実績	CurrentYearInstant_Row1Member	pure	51.9
jpcrp_cor:TargetsDescriptionOfMetricsRelatedToPolicyOnDevelopmentOfHumanResourcesAndInternalEnvironmentAndTargetsAndPerformanceUsingSuchMetrics	目標数値、人材の育成及び社内環境整備に関する方針に関する指標の内容並びに当該指標を用いた目標及び実績	CurrentYearInstant_Row2Member	pure	24
jpcrp_cor:PerformanceDescriptionOfMetricsRelatedToPolicyOnDevelopmentOfHumanResourcesAndInternalEnvironmentAndTargetsAndPerformanceUsingSuchMetrics	実績数値、人材の育成及び社内環境整備に関する方針に関する指標の内容並びに当該指標を用いた目標及び実績	CurrentYearInstant_Row2Member	pure	19
jpcrp_cor:TargetsDescriptionOfMetricsRelatedToPolicyOnDevelopmentOfHumanResourcesAndInternalEnvironmentAndTargetsAndPerformanceUsingSuchMetrics	目標数値、人材の育成及び社内環境整備に関する方針に関する指標の内容並びに当該指標を用いた目標及び実績	CurrentYearInstant_Row3Member	pure	25
jpcrp_cor:PerformanceDescriptionOfMetricsRelatedToPolicyOnDevelopmentOfHumanResourcesAndInternalEnvironmentAndTargetsAndPerformanceUsingSuchMetrics	実績数値、人材の育成及び社内環境整備に関する方針に関する指標の内容並びに当該指標を用いた目標及び実績	CurrentYearInstant_Row3Member	pure	26.4
jpcrp_cor:TargetsDescriptionOfMetricsRelatedToPolicyOnDevelopmentOfHumanResourcesAndInternalEnvironmentAndTargetsAndPerformanceUsingSuchMetrics	目標数値、人材の育成及び社内環境整備に関する方針に関する指標の内容並びに当該指標を用いた目標及び実績	CurrentYearInstant_Row4Member	pure	80
jpcrp_cor:PerformanceDescriptionOfMetricsRelatedToPolicyOnDevelopmentOfHumanResourcesAndInternalEnvironmentAndTargetsAndPerformanceUsingSuchMetrics	実績数値、人材の育成及び社内環境整備に関する方針に関する指標の内容並びに当該指標を用いた目標及び実績	CurrentYearInstant_Row4Member	pure	82.2
jpcrp_cor:TargetsDescriptionOfMetricsRelatedToPolicyOnDevelopmentOfHumanResourcesAndInternalEnvironmentAndTargetsAndPerformanceUsingSuchMetrics	目標数値、人材の育成及び社内環境整備に関する方針に関する指標の内容並びに当該指標を用いた目標及び実績	CurrentYearInstant_Row5Member	pure	70
jpcrp_cor:PerformanceDescriptionOfMetricsRelatedToPolicyOnDevelopmentOfHumanResourcesAndInternalEnvironmentAndTargetsAndPerformanceUsingSuchMetrics	実績数値、人材の育成及び社内環境整備に関する方針に関する指標の内容並びに当該指標を用いた目標及び実績	CurrentYearInstant_Row5Member	pure	86.7
jpcrp_cor:TargetsDescriptionOfMetricsRelatedToPolicyOnDevelopmentOfHumanResourcesAndInternalEnvironmentAndTargetsAndPerformanceUsingSuchMetrics	目標数値、人材の育成及び社内環境整備に関する方針に関する指標の内容並びに当該指標を用いた目標及び実績	CurrentYearInstant_Row6Member	pure	100
jpcrp_cor:PerformanceDescriptionOfMetricsRelatedToPolicyOnDevelopmentOfHumanResourcesAndInternalEnvironmentAndTargetsAndPerformanceUsingSuchMetrics	実績数値、人材の育成及び社内環境整備に関する方針に関する指標の内容並びに当該指標を用いた目標及び実績	CurrentYearInstant_Row6Member	pure	100
jpcrp_cor:ResearchAndDevelopmentExpensesResearchAndDevelopmentActivities	研究開発費、研究開発活動	CurrentYearDuration	JPY	6784000000
jpcrp_cor:CapitalExpendituresOverviewOfCapitalExpendituresEtc	設備投資額、設備投資等の概要	CurrentYearDuration	JPY	10037000000
jpcrp_cor:CapitalExpendituresOverviewOfCapitalExpendituresEtc	設備投資額、設備投資等の概要	CurrentYearDuration_jpcrp030000-asr_E01486-000MetalworkingMachineryReportableSegmentMember	JPY	8606000000
jpcrp_cor:CapitalExpendituresOverviewOfCapitalExpendituresEtc	設備投資額、設備投資等の概要	CurrentYearDuration_jpcrp030000-asr_E01486-000MetalworkingMachineToolsReportableSegmentMember	JPY	607000000
jpcrp_cor:CapitalExpendituresOverviewOfCapitalExpendituresEtc	設備投資額、設備投資等の概要	CurrentYearDuration_OtherReportableSegmentsMember	JPY	791000000
jpcrp_cor:CapitalExpendituresOverviewOfCapitalExpendituresEtc	設備投資額、設備投資等の概要	CurrentYearDuration_CorporateSharedMember	JPY	31000000
jpcrp_cor:NumberOfIssuedSharesAsOfFiscalYearEndIssuedSharesTotalNumberOfSharesEtc	事業年度末現在発行数（株）、発行済株式、株式の総数等	FilingDateInstant_OrdinaryShareMember	shares	317451417
jpcrp_cor:NumberOfIssuedSharesAsOfFilingDateIssuedSharesTotalNumberOfSharesEtc	提出日現在発行数（株）、発行済株式、株式の総数等	FilingDateInstant_OrdinaryShareMember	shares	317451417
jpcrp_cor:NumberOfIssuedSharesAsOfFiscalYearEndIssuedSharesTotalNumberOfSharesEtc	事業年度末現在発行数（株）、発行済株式、株式の総数等	FilingDateInstant	shares	317451417
jpcrp_cor:NumberOfIssuedSharesAsOfFilingDateIssuedSharesTotalNumberOfSharesEtc	提出日現在発行数（株）、発行済株式、株式の総数等	FilingDateInstant	shares	317451417
jpcrp_cor:NumberOfSharesConstitutingOneUnit	１単元の株式数	CurrentYearInstant_OrdinaryShareMember	shares	100
jpcrp_cor:NumberOfShareholdersNationalAndLocalGovernments	株主数－政府及び地方公共団体	CurrentYearInstant_OrdinaryShareMember	pure	－
jpcrp_cor:NumberOfShareholdersFinancialInstitutions	株主数－金融機関	CurrentYearInstant_OrdinaryShareMember	pure	91
jpcrp_cor:NumberOfShareholdersFinancialServiceProviders	株主数－金融商品取引業者	CurrentYearInstant_OrdinaryShareMember	pure	39
jpcrp_cor:NumberOfShareholdersOtherCorporations	株主数－その他の法人	CurrentYearInstant_OrdinaryShareMember	pure	483
jpcrp_cor:NumberOfShareholdersForeignInvestorsOtherThanIndividuals	株主数－外国法人等－個人以外	CurrentYearInstant_OrdinaryShareMember	pure	432
jpcrp_cor:NumberOfShareholdersForeignIndividualInvestors	株主数－外国法人等－個人	CurrentYearInstant_OrdinaryShareMember	pure	55
jpcrp_cor:NumberOfShareholdersIndividualsAndOthers	株主数－個人その他	CurrentYearInstant_OrdinaryShareMember	pure	34545
jpcrp_cor:NumberOfShareholdersTotal	株主数－計	CurrentYearInstant_OrdinaryShareMember	pure	35645
jpcrp_cor:NumberOfSharesHeldNumberOfUnitsNationalAndLocalGovernments	所有株式数（単元）－政府及び地方公共団体	CurrentYearInstant_OrdinaryShareMember	pure	－
jpcrp_cor:NumberOfSharesHeldNumberOfUnitsFinancialInstitutions	所有株式数（単元）－金融機関	CurrentYearInstant_OrdinaryShareMember	pure	1364155
jpcrp_cor:NumberOfSharesHeldNumberOfUnitsFinancialServiceProviders	所有株式数（単元）－金融商品取引業者	CurrentYearInstant_OrdinaryShareMember	pure	212805
jpcrp_cor:NumberOfSharesHeldNumberOfUnitsOtherCorporations	所有株式数（単元）－その他の法人	CurrentYearInstant_OrdinaryShareMember	pure	144010
jpcrp_cor:NumberOfSharesHeldNumberOfUnitsForeignInvestorsOtherThanIndividuals	所有株式数（単元）－外国法人等－個人以外	CurrentYearInstant_OrdinaryShareMember	pure	1089316
jpcrp_cor:NumberOfSharesHeldNumberOfUnitsForeignIndividualInvestors	所有株式数（単元）－外国法人等－個人	CurrentYearInstant_OrdinaryShareMember	pure	386
jpcrp_cor:NumberOfSharesHeldNumberOfUnitsIndividualsAndOthers	所有株式数（単元）－個人その他	CurrentYearInstant_OrdinaryShareMember	pure	357747
jpcrp_cor:NumberOfSharesHeldNumberOfUnitsTotal	所有株式数（単元）－計	CurrentYearInstant_OrdinaryShareMember	pure	3168419
jpcrp_cor:NumberOfSharesHeldSharesLessThanOneUnit	所有株式数－単元未満株式の状況（株）	CurrentYearInstant_OrdinaryShareMember	shares	609517
jpcrp_cor:PercentageOfShareholdingsNationalAndLocalGovernments	所有株式数の割合（％）－政府及び地方公共団体	CurrentYearInstant_OrdinaryShareMember	pure	－
jpcrp_cor:PercentageOfShareholdingsFinancialInstitutions	所有株式数の割合（％）－金融機関	CurrentYearInstant_OrdinaryShareMember	pure	0.4305
jpcrp_cor:PercentageOfShareholdingsFinancialServiceProviders	所有株式数の割合（％）－金融商品取引業者	CurrentYearInstant_OrdinaryShareMember	pure	0.0672
jpcrp_cor:PercentageOfShareholdingsOtherCorporations	所有株式数の割合（％）－その他の法人	CurrentYearInstant_OrdinaryShareMember	pure	0.0455
jpcrp_cor:PercentageOfShareholdingsForeignersOtherThanIndividuals	所有株式数の割合（％）－外国法人等－個人以外	CurrentYearInstant_OrdinaryShareMember	pure	0.3438
jpcrp_cor:PercentageOfShareholdingsForeignIndividuals	所有株式数の割合（％）－外国法人等－個人	CurrentYearInstant_OrdinaryShareMember	pure	0.0001
jpcrp_cor:PercentageOfShareholdingsIndividualsAndOthers	所有株式数の割合（％）－個人その他	CurrentYearInstant_OrdinaryShareMember	pure	0.1129
jpcrp_cor:NumberOfSharesHeld	所有株式数	CurrentYearInstant_No1MajorShareholdersMember	shares	67033000
jpcrp_cor:ShareholdingRatio	発行済株式（自己株式を除く。）の総数に対する所有株式数の割合	CurrentYearInstant_No1MajorShareholdersMember	pure	0.2158
jpcrp_cor:NumberOfSharesHeld	所有株式数	CurrentYearInstant_No2MajorShareholdersMember	shares	34552000
jpcrp_cor:ShareholdingRatio	発行済株式（自己株式を除く。）の総数に対する所有株式数の割合	CurrentYearInstant_No2MajorShareholdersMember	pure	0.1112
jpcrp_cor:NumberOfSharesHeld	所有株式数	CurrentYearInstant_No3MajorShareholdersMember	shares	10528000
jpcrp_cor:ShareholdingRatio	発行済株式（自己株式を除く。）の総数に対する所有株式数の割合	CurrentYearInstant_No3MajorShareholdersMember	pure	0.0339
jpcrp_cor:NumberOfSharesHeld	所有株式数	CurrentYearInstant_No4MajorShareholdersMember	shares	9936000
jpcrp_cor:ShareholdingRatio	発行済株式（自己株式を除く。）の総数に対する所有株式数の割合	CurrentYearInstant_No4MajorShareholdersMember	pure	0.0320
jpcrp_cor:NumberOfSharesHeld	所有株式数	CurrentYearInstant_No5MajorShareholdersMember	shares	7909000
jpcrp_cor:ShareholdingRatio	発行済株式（自己株式を除く。）の総数に対する所有株式数の割合	CurrentYearInstant_No5MajorShareholdersMember	pure	0.0255
jpcrp_cor:NumberOfSharesHeld	所有株式数	CurrentYearInstant_No6MajorShareholdersMember	shares	6426000
jpcrp_cor:ShareholdingRatio	発行済株式（自己株式を除く。）の総数に対する所有株式数の割合	CurrentYearInstant_No6MajorShareholdersMember	pure	0.0207
jpcrp_cor:NumberOfSharesHeld	所有株式数	CurrentYearInstant_No7MajorShareholdersMember	shares	5894000
jpcrp_cor:ShareholdingRatio	発行済株式（自己株式を除く。）の総数に対する所有株式数の割合	CurrentYearInstant_No7MajorShareholdersMember	pure	0.0190
jpcrp_cor:NumberOfSharesHeld	所有株式数	CurrentYearInstant_No8MajorShareholdersMember	shares	5807000
jpcrp_cor:ShareholdingRatio	発行済株式（自己株式を除く。）の総数に対する所有株式数の割合	CurrentYearInstant_No8MajorShareholdersMember	pure	0.0187
jpcrp_cor:NumberOfSharesHeld	所有株式数	CurrentYearInstant_No9MajorShareholdersMember	shares	4455000
jpcrp_cor:ShareholdingRatio	発行済株式（自己株式を除く。）の総数に対する所有株式数の割合	CurrentYearInstant_No9MajorShareholdersMember	pure	0.0143
jpcrp_cor:NumberOfSharesHeld	所有株式数	CurrentYearInstant_No10MajorShareholdersMember	shares	4079000
jpcrp_cor:ShareholdingRatio	発行済株式（自己株式を除く。）の総数に対する所有株式数の割合	CurrentYearInstant_No10MajorShareholdersMember	pure	0.0131
jpcrp_cor:NumberOfSharesHeld	所有株式数	CurrentYearInstant	shares	156623000
jpcrp_cor:ShareholdingRatio	発行済株式（自己株式を除く。）の総数に対する所有株式数の割合	CurrentYearInstant	pure	0.5041
jpcrp_cor:NumberOfSharesIssuedSharesVotingRights	株式数（株）、発行済株式、議決権の状況	CurrentYearInstant_SharesWithNoVotingRightsMember	shares	－
jpcrp_cor:NumberOfSharesIssuedSharesVotingRights	株式数（株）、発行済株式、議決権の状況	CurrentYearInstant_SharesWithRestrictedVotingRightsTreasurySharesEtcMember	shares	－
jpcrp_cor:NumberOfSharesIssuedSharesVotingRights	株式数（株）、発行済株式、議決権の状況	CurrentYearInstant_SharesWithRestrictedVotingRightsOtherMember	shares	－
jpcrp_cor:NumberOfVotingRightsIssuedSharesVotingRights	議決権の数（個）、発行済株式、議決権の状況	CurrentYearInstant_SharesWithRestrictedVotingRightsOtherMember	pure	－
jpcrp_cor:NumberOfSharesIssuedSharesVotingRights	株式数（株）、発行済株式、議決権の状況	CurrentYearInstant_OrdinarySharesTreasurySharesSharesWithFullVotingRightsTreasurySharesEtcMember	shares	6760400
jpcrp_cor:NumberOfVotingRightsIssuedSharesVotingRights	議決権の数（個）、発行済株式、議決権の状況	CurrentYearInstant_OrdinarySharesSharesWithFullVotingRightsOtherMember	pure	3100815
jpcrp_cor:NumberOfSharesIssuedSharesVotingRights	株式数（株）、発行済株式、議決権の状況	CurrentYearInstant_OrdinarySharesSharesWithFullVotingRightsOtherMember	shares	310081500
jpcrp_cor:NumberOfSharesIssuedSharesVotingRights	株式数（株）、発行済株式、議決権の状況	CurrentYearInstant_OrdinarySharesSharesLessThanOneUnitMember	shares	609517
jpcrp_cor:NumberOfSharesIssuedSharesVotingRights	株式数（株）、発行済株式、議決権の状況	CurrentYearInstant	shares	317451417
jpcrp_cor:NumberOfVotingRightsIssuedSharesVotingRights	議決権の数（個）、発行済株式、議決権の状況	CurrentYearInstant	pure	3100815
jpcrp_cor:NumberOfSharesHeldInOwnNameTreasurySharesEtc	自己名義所有株式数（株）、自己株式等	CurrentYearInstant_Row1Member	shares	6760400
jpcrp_cor:NumberOfSharesHeldInOthersNamesTreasurySharesEtc	他人名義所有株式数（株）、自己株式等	CurrentYearInstant_Row1Member	shares	－
jpcrp_cor:TotalNumberOfSharesHeldTreasurySharesEtc	所有株式数の合計（株）、自己株式等	CurrentYearInstant_Row1Member	shares	6760400
jpcrp_cor:ShareholdingRatioTreasurySharesEtc	発行済株式総数に対する所有株式数の割合（％）、自己株式等	CurrentYearInstant_Row1Member	pure	0.0213
jpcrp_cor:NumberOfSharesHeldInOwnNameTreasurySharesEtc	自己名義所有株式数（株）、自己株式等	CurrentYearInstant	shares	6760400
jpcrp_cor:NumberOfSharesHeldInOthersNamesTreasurySharesEtc	他人名義所有株式数（株）、自己株式等	CurrentYearInstant	shares	－
jpcrp_cor:TotalNumberOfSharesHeldTreasurySharesEtc	所有株式数の合計（株）、自己株式等	CurrentYearInstant	shares	6760400
jpcrp_cor:ShareholdingRatioTreasurySharesEtc	発行済株式総数に対する所有株式数の割合（％）、自己株式等	CurrentYearInstant	pure	0.0213
jpcrp_cor:TotalAmountOfDividendsDividendsOfSurplus	配当金の総額、剰余金の配当	FilingDateInstant_Row1Member	JPY	9824000000
jpcrp_cor:DividendPerShareDividendsOfSurplus	１株当たり配当額、剰余金の配当	FilingDateInstant_Row1Member	JPYPerShares	31.00
jpcrp_cor:TotalAmountOfDividendsDividendsOfSurplus	配当金の総額、剰余金の配当	FilingDateInstant_Row2Member	JPY	9631000000
jpcrp_cor:DividendPerShareDividendsOfSurplus	１株当たり配当額、剰余金の配当	FilingDateInstant_Row2Member	JPYPerShares	31.00
jpcrp_cor:NumberOfMaleDirectorsAndOtherOfficers	役員のうち男性の人数	FilingDateInstant	pure	11
jpcrp_cor:NumberOfFemaleDirectorsAndOtherOfficers	役員のうち女性の人数	FilingDateInstant	pure	2
jpcrp_cor:RatioOfFemaleDirectorsAndOtherOfficers	役員のうち女性の比率	FilingDateInstant	pure	0.154
jpcrp_cor:NumberOfSharesHeldOrdinarySharesInformationAboutDirectorsAndCorporateAuditors	所有株式数（普通株式）、役員の状況（取締役（及び監査役））	FilingDateInstant_jpcrp030000-asr_E01486-000IsobeTsutomuMember	shares	61000
jpcrp_cor:NumberOfSharesHeldOrdinarySharesInformationAboutDirectorsAndCorporateAuditors	所有株式数（普通株式）、役員の状況（取締役（及び監査役））	FilingDateInstant_jpcrp030000-asr_E01486-000YamanashiTakaakiMember	shares	21000
jpcrp_cor:NumberOfSharesHeldOrdinarySharesInformationAboutDirectorsAndCorporateAuditors	所有株式数（普通株式）、役員の状況（取締役（及び監査役））	FilingDateInstant_jpcrp030000-asr_E01486-000TadokoroMasahikoMember	shares	8000
jpcrp_cor:NumberOfSharesHeldOrdinarySharesInformationAboutDirectorsAndCorporateAuditors	所有株式数（普通株式）、役員の状況（取締役（及び監査役））	FilingDateInstant_jpcrp030000-asr_E01486-000YamamotoKojiMember	shares	17000
jpcrp_cor:NumberOfSharesHeldOrdinarySharesInformationAboutDirectorsAndCorporateAuditors	所有株式数（普通株式）、役員の状況（取締役（及び監査役））	FilingDateInstant_jpcrp030000-asr_E01486-000MiwaKazuhikoMember	shares	20000
jpcrp_cor:NumberOfSharesHeldOrdinarySharesInformationAboutDirectorsAndCorporateAuditors	所有株式数（普通株式）、役員の状況（取締役（及び監査役））	FilingDateInstant_jpcrp030000-asr_E01486-000AokiMasakazuMember	shares	－
jpcrp_cor:NumberOfSharesHeldOrdinarySharesInformationAboutDirectorsAndCorporateAuditors	所有株式数（普通株式）、役員の状況（取締役（及び監査役））	FilingDateInstant_jpcrp030000-asr_E01486-000KobeHarumiMember	shares	－
jpcrp_cor:NumberOfSharesHeldOrdinarySharesInformationAboutDirectorsAndCorporateAuditors	所有株式数（普通株式）、役員の状況（取締役（及び監査役））	FilingDateInstant_jpcrp030000-asr_E01486-000SasaHiroyukiMember	shares	－
jpcrp_cor:NumberOfSharesHeldOrdinarySharesInformationAboutDirectorsAndCorporateAuditors	所有株式数（普通株式）、役員の状況（取締役（及び監査役））	FilingDateInstant_jpcrp030000-asr_E01486-000ChinoToshitakeMember	shares	－
jpcrp_cor:NumberOfSharesHeldOrdinarySharesInformationAboutDirectorsAndCorporateAuditors	所有株式数（普通株式）、役員の状況（取締役（及び監査役））	FilingDateInstant_jpcrp030000-asr_E01486-000ShibataKotaroMember	shares	20000
jpcrp_cor:NumberOfSharesHeldOrdinarySharesInformationAboutDirectorsAndCorporateAuditors	所有株式数（普通株式）、役員の状況（取締役（及び監査役））	FilingDateInstant_jpcrp030000-asr_E01486-000FujimotoTakashiMember	shares	1000
jpcrp_cor:NumberOfSharesHeldOrdinarySharesInformationAboutDirectorsAndCorporateAuditors	所有株式数（普通株式）、役員の状況（取締役（及び監査役））	FilingDateInstant_jpcrp030000-asr_E01486-000NishiuraSeijiMember	shares	－
jpcrp_cor:NumberOfSharesHeldOrdinarySharesInformationAboutDirectorsAndCorporateAuditors	所有株式数（普通株式）、役員の状況（取締役（及び監査役））	FilingDateInstant_jpcrp030000-asr_E01486-000MochizukiAkikoMember	shares	－
jpcrp_cor:NumberOfSharesHeldOrdinarySharesInformationAboutDirectorsAndCorporateAuditors	所有株式数（普通株式）、役員の状況（取締役（及び監査役））	FilingDateInstant	shares	148000
jpcrp_cor:NumberOfMaleDirectorsAndOtherOfficersProposal	役員のうち男性の人数（議案）	FilingDateInstant	pure	5
jpcrp_cor:NumberOfFemaleDirectorsAndOtherOfficersProposal	役員のうち女性の人数（議案）	FilingDateInstant	pure	2
jpcrp_cor:RatioOfFemaleDirectorsAndOtherOfficersProposal	役員のうち女性の比率（議案）	FilingDateInstant	pure	0.286
jpcrp_cor:NumberOfSharesHeldOrdinarySharesInformationAboutDirectorsAndCorporateAuditorsProposal	所有株式数（普通株式）、役員の状況（取締役（及び監査役））（議案）	FilingDateInstant_jpcrp030000-asr_E01486-000IsobeTsutomuMember	shares	61000
jpcrp_cor:NumberOfSharesHeldOrdinarySharesInformationAboutDirectorsAndCorporateAuditorsProposal	所有株式数（普通株式）、役員の状況（取締役（及び監査役））（議案）	FilingDateInstant_jpcrp030000-asr_E01486-000YamanashiTakaakiMember	shares	21000
jpcrp_cor:NumberOfSharesHeldOrdinarySharesInformationAboutDirectorsAndCorporateAuditorsProposal	所有株式数（普通株式）、役員の状況（取締役（及び監査役））（議案）	FilingDateInstant_jpcrp030000-asr_E01486-000MiwaKazuhikoMember	shares	20000
jpcrp_cor:NumberOfSharesHeldOrdinarySharesInformationAboutDirectorsAndCorporateAuditorsProposal	所有株式数（普通株式）、役員の状況（取締役（及び監査役））（議案）	FilingDateInstant_jpcrp030000-asr_E01486-000AokiMasakazuMember	shares	－
jpcrp_cor:NumberOfSharesHeldOrdinarySharesInformationAboutDirectorsAndCorporateAuditorsProposal	所有株式数（普通株式）、役員の状況（取締役（及び監査役））（議案）	FilingDateInstant_jpcrp030000-asr_E01486-000SasaHiroyukiMember	shares	－
jpcrp_cor:NumberOfSharesHeldOrdinarySharesInformationAboutDirectorsAndCorporateAuditorsProposal	所有株式数（普通株式）、役員の状況（取締役（及び監査役））（議案）	FilingDateInstant_jpcrp030000-asr_E01486-000FujiiYoshikoMember	shares	－
jpcrp_cor:NumberOfSharesHeldOrdinarySharesInformationAboutDirectorsAndCorporateAuditorsProposal	所有株式数（普通株式）、役員の状況（取締役（及び監査役））（議案）	FilingDateInstant_jpcrp030000-asr_E01486-000MochizukiAkikoMember	shares	－
jpcrp_cor:AuditFeesReportingCompany	監査証明業務に基づく報酬－提出会社、監査公認会計士等	Prior1YearDuration	JPY	149000000
jpcrp_cor:NonAuditFeesReportingCompany	非監査業務に基づく報酬－提出会社、監査公認会計士等	Prior1YearDuration	JPY	10000000
jpcrp_cor:AuditFeesReportingCompany	監査証明業務に基づく報酬－提出会社、監査公認会計士等	CurrentYearDuration	JPY	175000000
jpcrp_cor:NonAuditFeesReportingCompany	非監査業務に基づく報酬－提出会社、監査公認会計士等	CurrentYearDuration	JPY	10000000
jpcrp_cor:AuditFeesConsolidatedSubsidiaries	監査証明業務に基づく報酬－連結子会社、監査公認会計士等	Prior1YearDuration	JPY	19000000
jpcrp_cor:NonAuditFeesConsolidatedSubsidiaries	非監査業務に基づく報酬－連結子会社、監査公認会計士等	Prior1YearDuration	JPY	－
jpcrp_cor:AuditFeesConsolidatedSubsidiaries	監査証明業務に基づく報酬－連結子会社、監査公認会計士等	CurrentYearDuration	JPY	69000000
jpcrp_cor:NonAuditFeesConsolidatedSubsidiaries	非監査業務に基づく報酬－連結子会社、監査公認会計士等	CurrentYearDuration	JPY	9000000
jpcrp_cor:AuditFeesTotal	監査証明業務に基づく報酬－計、監査公認会計士等	Prior1YearDuration	JPY	168000000
jpcrp_cor:NonAuditFeesTotal	非監査業務に基づく報酬－計、監査公認会計士等	Prior1YearDuration	JPY	10000000
jpcrp_cor:AuditFeesTotal	監査証明業務に基づく報酬－計、監査公認会計士等	CurrentYearDuration	JPY	245000000
jpcrp_cor:NonAuditFeesTotal	非監査業務に基づく報酬－計、監査公認会計士等	CurrentYearDuration	JPY	19000000
jpcrp_cor:AuditFeesReportingCompanyNetworkFirms	監査証明業務に基づく報酬－提出会社、ネットワークファーム	Prior1YearDuration	JPY	－
jpcrp_cor:NonAuditFeesReportingCompanyNetworkFirms	非監査業務に基づく報酬－提出会社、ネットワークファーム	Prior1YearDuration	JPY	12000000
jpcrp_cor:AuditFeesReportingCompanyNetworkFirms	監査証明業務に基づく報酬－提出会社、ネットワークファーム	CurrentYearDuration	JPY	－
jpcrp_cor:NonAuditFeesReportingCompanyNetworkFirms	非監査業務に基づく報酬－提出会社、ネットワークファーム	CurrentYearDuration	JPY	13000000
jpcrp_cor:AuditFeesConsolidatedSubsidiariesNetworkFirms	監査証明業務に基づく報酬－連結子会社、ネットワークファーム	Prior1YearDuration	JPY	558000000
jpcrp_cor:NonAuditFeesConsolidatedSubsidiariesNetworkFirms	非監査業務に基づく報酬－連結子会社、ネットワークファーム	Prior1YearDuration	JPY	123000000
jpcrp_cor:AuditFeesConsolidatedSubsidiariesNetworkFirms	監査証明業務に基づく報酬－連結子会社、ネットワークファーム	CurrentYearDuration	JPY	508000000
jpcrp_cor:NonAuditFeesConsolidatedSubsidiariesNetworkFirms	非監査業務に基づく報酬－連結子会社、ネットワークファーム	CurrentYearDuration	JPY	131000000
jpcrp_cor:AuditFeesTotalNetworkFirms	監査証明業務に基づく報酬－計、ネットワークファーム	Prior1YearDuration	JPY	558000000
jpcrp_cor:NonAuditFeesTotalNetworkFirms	非監査業務に基づく報酬－計、ネットワークファーム	Prior1YearDuration	JPY	135000000
jpcrp_cor:AuditFeesTotalNetworkFirms	監査証明業務に基づく報酬－計、ネットワークファーム	CurrentYearDuration	JPY	508000000
jpcrp_cor:NonAuditFeesTotalNetworkFirms	非監査業務に基づく報酬－計、ネットワークファーム	CurrentYearDuration	JPY	145000000
jpcrp_cor:TotalAmountOfRemunerationEtcRemunerationEtcByCategoryOfDirectorsAndOtherOfficers	報酬等の総額、役員区分ごとの報酬等	CurrentYearDuration_DirectorsExcludingOutsideDirectorsMember	JPY	392000000
jpcrp_cor:BaseRemunerationRemunerationEtcByCategoryOfDirectorsAndOtherOfficers	基本報酬、役員区分ごとの報酬等	CurrentYearDuration_DirectorsExcludingOutsideDirectorsMember	JPY	189000000
jpcrp_cor:PerformanceBasedRemunerationRemunerationByCategoryOfDirectorsAndOtherOfficers	業績連動報酬、役員区分ごとの報酬等	CurrentYearDuration_DirectorsExcludingOutsideDirectorsMember	JPY	171000000
jpcrp_cor:RetirementBenefitsRemunerationEtcByCategoryOfDirectorsAndOtherOfficers	退職慰労金、役員区分ごとの報酬等	CurrentYearDuration_DirectorsExcludingOutsideDirectorsMember	JPY	－
jpcrp_cor:NonMonetaryRemunerationRemunerationByCategoryOfDirectorsAndOtherOfficers	非金銭報酬等、役員区分ごとの報酬等	CurrentYearDuration_DirectorsExcludingOutsideDirectorsMember	JPY	31000000
jpcrp_cor:NumberOfDirectorsAndOtherOfficersRemunerationEtcByCategoryOfDirectorsAndOtherOfficers	対象となる役員の員数、役員区分ごとの報酬等	CurrentYearDuration_DirectorsExcludingOutsideDirectorsMember	pure	5
jpcrp_cor:TotalAmountOfRemunerationEtcRemunerationEtcByCategoryOfDirectorsAndOtherOfficers	報酬等の総額、役員区分ごとの報酬等	CurrentYearDuration_CorporateAuditorsExcludingOutsideCorporateAuditorsMember	JPY	27000000
jpcrp_cor:BaseRemunerationRemunerationEtcByCategoryOfDirectorsAndOtherOfficers	基本報酬、役員区分ごとの報酬等	CurrentYearDuration_CorporateAuditorsExcludingOutsideCorporateAuditorsMember	JPY	27000000
jpcrp_cor:PerformanceBasedRemunerationRemunerationByCategoryOfDirectorsAndOtherOfficers	業績連動報酬、役員区分ごとの報酬等	CurrentYearDuration_CorporateAuditorsExcludingOutsideCorporateAuditorsMember	JPY	－
jpcrp_cor:RetirementBenefitsRemunerationEtcByCategoryOfDirectorsAndOtherOfficers	退職慰労金、役員区分ごとの報酬等	CurrentYearDuration_CorporateAuditorsExcludingOutsideCorporateAuditorsMember	JPY	－
jpcrp_cor:NonMonetaryRemunerationRemunerationByCategoryOfDirectorsAndOtherOfficers	非金銭報酬等、役員区分ごとの報酬等	CurrentYearDuration_CorporateAuditorsExcludingOutsideCorporateAuditorsMember	JPY	－
jpcrp_cor:NumberOfDirectorsAndOtherOfficersRemunerationEtcByCategoryOfDirectorsAndOtherOfficers	対象となる役員の員数、役員区分ごとの報酬等	CurrentYearDuration_CorporateAuditorsExcludingOutsideCorporateAuditorsMember	pure	2
jpcrp_cor:TotalAmountOfRemunerationEtcRemunerationEtcByCategoryOfDirectorsAndOtherOfficers	報酬等の総額、役員区分ごとの報酬等	CurrentYearDuration_OutsideDirectorsAndOtherOfficersMember	JPY	62000000
jpcrp_cor:BaseRemunerationRemunerationEtcByCategoryOfDirectorsAndOtherOfficers	基本報酬、役員区分ごとの報酬等	CurrentYearDuration_OutsideDirectorsAndOtherOfficersMember	JPY	62000000
jpcrp_cor:PerformanceBasedRemunerationRemunerationByCategoryOfDirectorsAndOtherOfficers	業績連動報酬、役員区分ごとの報酬等	CurrentYearDuration_OutsideDirectorsAndOtherOfficersMember	JPY	－
jpcrp_cor:RetirementBenefitsRemunerationEtcByCategoryOfDirectorsAndOtherOfficers	退職慰労金、役員区分ごとの報酬等	CurrentYearDuration_OutsideDirectorsAndOtherOfficersMember	JPY	－
jpcrp_cor:NonMonetaryRemunerationRemunerationByCategoryOfDirectorsAndOtherOfficers	非金銭報酬等、役員区分ごとの報酬等	CurrentYearDuration_OutsideDirectorsAndOtherOfficersMember	JPY	－
jpcrp_cor:NumberOfDirectorsAndOtherOfficersRemunerationEtcByCategoryOfDirectorsAndOtherOfficers	対象となる役員の員数、役員区分ごとの報酬等	CurrentYearDuration_OutsideDirectorsAndOtherOfficersMember	pure	7
jpcrp_cor:TotalAmountOfRemunerationEtcPaidByGroupRemunerationEtcPaidByGroupToEachDirectorOrOtherOfficer	連結報酬等の総額、役員ごとの連結報酬等	CurrentYearDuration_jpcrp030000-asr_E01486-000IsobeTsutomuMember	JPY	116000000
jpcrp_cor:TotalAmountOfRemunerationEtcPaidByGroupRemunerationEtcPaidByGroupToEachDirectorOrOtherOfficer	連結報酬等の総額、役員ごとの連結報酬等	CurrentYearDuration_jpcrp030000-asr_E01486-000YamanashiTakaakiMember	JPY	116000000
jpcrp_cor:NumberOfIssuesSharesNotListedInvestmentSharesHeldForPurposesOtherThanPureInvestmentReportingCompany	銘柄数、非上場株式、保有目的が純投資目的以外の目的である投資株式、提出会社	CurrentYearInstant	pure	6
jpcrp_cor:CarryingAmountSharesNotListedInvestmentSharesHeldForPurposesOtherThanPureInvestmentReportingCompany	貸借対照表計上額、非上場株式、保有目的が純投資目的以外の目的である投資株式、提出会社	CurrentYearInstant	JPY	213000000
jpcrp_cor:NumberOfIssuesSharesOtherThanThoseNotListedInvestmentSharesHeldForPurposesOtherThanPureInvestmentReportingCompany	銘柄数、非上場株式以外の株式、保有目的が純投資目的以外の目的である投資株式、提出会社	CurrentYearInstant	pure	1
jpcrp_cor:CarryingAmountSharesOtherThanThoseNotListedInvestmentSharesHeldForPurposesOtherThanPureInvestmentReportingCompany	貸借対照表計上額、非上場株式以外の株式、保有目的が純投資目的以外の目的である投資株式、提出会社	CurrentYearInstant	JPY	430000000
jpcrp_cor:NumberOfIssuesWhoseNumberOfSharesIncreasedSharesNotListedInvestmentSharesHeldForPurposesOtherThanPureInvestmentReportingCompany	株式数が増加した銘柄数、非上場株式、保有目的が純投資目的以外の目的である投資株式、提出会社	CurrentYearDuration	pure	1
jpcrp_cor:TotalAcquisitionCostForIncreasedSharesSharesNotListedInvestmentSharesHeldForPurposesOtherThanPureInvestmentReportingCompany	株式数の増加に係る取得価額の合計額、非上場株式、保有目的が純投資目的以外の目的である投資株式、提出会社	CurrentYearDuration	JPY	96000000
jpcrp_cor:NumberOfIssuesWhoseNumberOfSharesIncreasedSharesOtherThanThoseNotListedInvestmentSharesHeldForPurposesOtherThanPureInvestmentReportingCompany	株式数が増加した銘柄数、非上場株式以外の株式、保有目的が純投資目的以外の目的である投資株式、提出会社	CurrentYearDuration	pure	－
jpcrp_cor:TotalAcquisitionCostForIncreasedSharesSharesOtherThanThoseNotListedInvestmentSharesHeldForPurposesOtherThanPureInvestmentReportingCompany	株式数の増加に係る取得価額の合計額、非上場株式以外の株式、保有目的が純投資目的以外の目的である投資株式、提出会社	CurrentYearDuration	JPY	－
jpcrp_cor:NumberOfIssuesWhoseNumberOfSharesDecreasedSharesNotListedInvestmentSharesHeldForPurposesOtherThanPureInvestmentReportingCompany	株式数が減少した銘柄数、非上場株式、保有目的が純投資目的以外の目的である投資株式、提出会社	CurrentYearDuration	pure	1
jpcrp_cor:TotalSaleAmountForDecreasedSharesSharesNotListedInvestmentSharesHeldForPurposesOtherThanPureInvestmentReportingCompany	株式数の減少に係る売却価額の合計額、非上場株式、保有目的が純投資目的以外の目的である投資株式、提出会社	CurrentYearDuration	JPY	4000000
jpcrp_cor:NumberOfIssuesWhoseNumberOfSharesDecreasedSharesOtherThanThoseNotListedInvestmentSharesHeldForPurposesOtherThanPureInvestmentReportingCompany	株式数が減少した銘柄数、非上場株式以外の株式、保有目的が純投資目的以外の目的である投資株式、提出会社	CurrentYearDuration	pure	2
jpcrp_cor:TotalSaleAmountForDecreasedSharesSharesOtherThanThoseNotListedInvestmentSharesHeldForPurposesOtherThanPureInvestmentReportingCompany	株式数の減少に係る売却価額の合計額、非上場株式以外の株式、保有目的が純投資目的以外の目的である投資株式、提出会社	CurrentYearDuration	JPY	11388000000
jpcrp_cor:NumberOfSharesHeldDetailsOfSpecifiedInvestmentEquitySecuritiesHeldForPurposesOtherThanPureInvestmentReportingCompany	株式数、保有目的が純投資目的以外の目的である特定投資株式の明細、提出会社	CurrentYearInstant_Row1Member	shares	110000
jpcrp_cor:NumberOfSharesHeldDetailsOfSpecifiedInvestmentEquitySecuritiesHeldForPurposesOtherThanPureInvestmentReportingCompany	株式数、保有目的が純投資目的以外の目的である特定投資株式の明細、提出会社	Prior1YearInstant_Row1Member	shares	110000
jpcrp_cor:BookValueDetailsOfSpecifiedInvestmentEquitySecuritiesHeldForPurposesOtherThanPureInvestmentReportingCompany	貸借対照表計上額、保有目的が純投資目的以外の目的である特定投資株式の明細、提出会社	CurrentYearInstant_Row1Member	JPY	430000000
jpcrp_cor:BookValueDetailsOfSpecifiedInvestmentEquitySecuritiesHeldForPurposesOtherThanPureInvestmentReportingCompany	貸借対照表計上額、保有目的が純投資目的以外の目的である特定投資株式の明細、提出会社	Prior1YearInstant_Row1Member	JPY	352000000
jpcrp_cor:NumberOfSharesHeldDetailsOfSpecifiedInvestmentEquitySecuritiesHeldForPurposesOtherThanPureInvestmentReportingCompany	株式数、保有目的が純投資目的以外の目的である特定投資株式の明細、提出会社	CurrentYearInstant_Row2Member	shares	－
jpcrp_cor:NumberOfSharesHeldDetailsOfSpecifiedInvestmentEquitySecuritiesHeldForPurposesOtherThanPureInvestmentReportingCompany	株式数、保有目的が純投資目的以外の目的である特定投資株式の明細、提出会社	Prior1YearInstant_Row2Member	shares	654126
jpcrp_cor:BookValueDetailsOfSpecifiedInvestmentEquitySecuritiesHeldForPurposesOtherThanPureInvestmentReportingCompany	貸借対照表計上額、保有目的が純投資目的以外の目的である特定投資株式の明細、提出会社	CurrentYearInstant_Row2Member	JPY	－
jpcrp_cor:BookValueDetailsOfSpecifiedInvestmentEquitySecuritiesHeldForPurposesOtherThanPureInvestmentReportingCompany	貸借対照表計上額、保有目的が純投資目的以外の目的である特定投資株式の明細、提出会社	Prior1YearInstant_Row2Member	JPY	6097000000
jpcrp_cor:NumberOfSharesHeldDetailsOfSpecifiedInvestmentEquitySecuritiesHeldForPurposesOtherThanPureInvestmentReportingCompany	株式数、保有目的が純投資目的以外の目的である特定投資株式の明細、提出会社	CurrentYearInstant_Row3Member	shares	－
jpcrp_cor:NumberOfSharesHeldDetailsOfSpecifiedInvestmentEquitySecuritiesHeldForPurposesOtherThanPureInvestmentReportingCompany	株式数、保有目的が純投資目的以外の目的である特定投資株式の明細、提出会社	Prior1YearInstant_Row3Member	shares	400
jpcrp_cor:BookValueDetailsOfSpecifiedInvestmentEquitySecuritiesHeldForPurposesOtherThanPureInvestmentReportingCompany	貸借対照表計上額、保有目的が純投資目的以外の目的である特定投資株式の明細、提出会社	CurrentYearInstant_Row3Member	JPY	－
jpcrp_cor:BookValueDetailsOfSpecifiedInvestmentEquitySecuritiesHeldForPurposesOtherThanPureInvestmentReportingCompany	貸借対照表計上額、保有目的が純投資目的以外の目的である特定投資株式の明細、提出会社	Prior1YearInstant_Row3Member	JPY	2000000
jpcrp_cor:NumberOfEmployees	従業員数	CurrentYearInstant_jpcrp030000-asr_E01486-000MetalworkingMachineryReportableSegmentMember	pure	7249
jpcrp_cor:NumberOfEmployees	従業員数	CurrentYearInstant_jpcrp030000-asr_E01486-000MetalworkingMachineToolsReportableSegmentMember	pure	2161
jpcrp_cor:NumberOfEmployees	従業員数	CurrentYearInstant_ReportableSegmentsMember	pure	9410
jpcrp_cor:NumberOfEmployees	従業員数	CurrentYearInstant_OperatingSegmentsNotIncludedInReportableSegmentsAndOtherRevenueGeneratingBusinessActivitiesMember	pure	462
jpcrp_cor:NumberOfEmployees	従業員数	CurrentYearInstant	pure	9872
jpcrp_cor:NumberOfEmployees	従業員数	CurrentYearInstant_NonConsolidatedMember	pure	2842
jpcrp_cor:AverageAgeYearsInformationAboutReportingCompanyInformationAboutEmployees	平均年齢（年）、提出会社の状況、従業員の状況	CurrentYearInstant_NonConsolidatedMember	pure	44.6
jpcrp_cor:AverageLengthOfServiceYearsInformationAboutReportingCompanyInformationAboutEmployees	平均勤続年数（年）、提出会社の状況、従業員の状況	CurrentYearInstant_NonConsolidatedMember	pure	18.5
jpcrp_cor:AverageAnnualSalaryInformationAboutReportingCompanyInformationAboutEmployees	平均年間給与、提出会社の状況、従業員の状況	CurrentYearInstant_NonConsolidatedMember	JPY	7415000
jpcrp030000-asr_E01486-000:ChangeFromPreviousFiscalYearInAverageAnnualSalaryInformationAboutReportingCompanyInformationAboutEmployees		CurrentYearInstant_NonConsolidatedMember	pure	0.009
jpcrp_cor:NumberOfEmployees	従業員数	CurrentYearInstant_NonConsolidatedMember_jpcrp030000-asr_E01486-000MetalworkingMachineryReportableSegmentMember	pure	2678
jpcrp_cor:NumberOfEmployees	従業員数	CurrentYearInstant_NonConsolidatedMember_jpcrp030000-asr_E01486-000MetalworkingMachineToolsReportableSegmentMember	pure	164
jpcrp_cor:NumberOfEmployees	従業員数	CurrentYearInstant_NonConsolidatedMember_ReportableSegmentsMember	pure	2842
jpcrp_cor:NumberOfEmployees	従業員数	CurrentYearInstant_NonConsolidatedMember	pure	2842
jpcrp_cor:AllEmployeesDifferencesInWagesBetweenMaleAndFemaleEmployeesMetricsOfReportingCompany	全労働者、労働者の男女の賃金の差異、提出会社の指標	CurrentYearInstant_NonConsolidatedMember	pure	0.683
jpcrp_cor:RegularEmployeesDifferencesInWagesBetweenMaleAndFemaleEmployeesMetricsOfReportingCompany	正規雇用労働者、労働者の男女の賃金の差異、提出会社の指標	CurrentYearInstant_NonConsolidatedMember	pure	0.736
jpcrp_cor:NonRegularEmployeesDifferencesInWagesBetweenMaleAndFemaleEmployeesMetricsOfReportingCompany	非正規雇用労働者、労働者の男女の賃金の差異、提出会社の指標	CurrentYearInstant_NonConsolidatedMember	pure	0.579
jpcrp_cor:AllEmployeesDifferencesInWagesBetweenMaleAndFemaleEmployeesMetricsOfConsolidatedSubsidiaries	全労働者、労働者の男女の賃金の差異、連結子会社の指標	CurrentYearInstant_Row1Member	pure	0.655
jpcrp_cor:RegularEmployeesDifferencesInWagesBetweenMaleAndFemaleEmployeesMetricsOfConsolidatedSubsidiaries	正規雇用労働者、労働者の男女の賃金の差異、連結子会社の指標	CurrentYearInstant_Row1Member	pure	0.755
jpcrp_cor:NonRegularEmployeesDifferencesInWagesBetweenMaleAndFemaleEmployeesMetricsOfConsolidatedSubsidiaries	非正規雇用労働者、労働者の男女の賃金の差異、連結子会社の指標	CurrentYearInstant_Row1Member	pure	0.851
jpcrp_cor:AllEmployeesDifferencesInWagesBetweenMaleAndFemaleEmployeesMetricsOfConsolidatedSubsidiaries	全労働者、労働者の男女の賃金の差異、連結子会社の指標	CurrentYearInstant_Row2Member	pure	0.725
jpcrp_cor:RegularEmployeesDifferencesInWagesBetweenMaleAndFemaleEmployeesMetricsOfConsolidatedSubsidiaries	正規雇用労働者、労働者の男女の賃金の差異、連結子会社の指標	CurrentYearInstant_Row2Member	pure	0.747
jpcrp_cor:NonRegularEmployeesDifferencesInWagesBetweenMaleAndFemaleEmployeesMetricsOfConsolidatedSubsidiaries	非正規雇用労働者、労働者の男女の賃金の差異、連結子会社の指標	CurrentYearInstant_Row2Member	pure	0.537
jpcrp_cor:AllEmployeesDifferencesInWagesBetweenMaleAndFemaleEmployeesMetricsOfConsolidatedSubsidiaries	全労働者、労働者の男女の賃金の差異、連結子会社の指標	CurrentYearInstant_Row3Member	pure	0.731
jpcrp_cor:RegularEmployeesDifferencesInWagesBetweenMaleAndFemaleEmployeesMetricsOfConsolidatedSubsidiaries	正規雇用労働者、労働者の男女の賃金の差異、連結子会社の指標	CurrentYearInstant_Row3Member	pure	0.779
jpcrp_cor:NonRegularEmployeesDifferencesInWagesBetweenMaleAndFemaleEmployeesMetricsOfConsolidatedSubsidiaries	非正規雇用労働者、労働者の男女の賃金の差異、連結子会社の指標	CurrentYearInstant_Row3Member	pure	0.769
jpcrp_cor:AllEmployeesDifferencesInWagesBetweenMaleAndFemaleEmployeesMetricsOfConsolidatedSubsidiaries	全労働者、労働者の男女の賃金の差異、連結子会社の指標	CurrentYearInstant_Row4Member	pure	0.702
jpcrp_cor:RegularEmployeesDifferencesInWagesBetweenMaleAndFemaleEmployeesMetricsOfConsolidatedSubsidiaries	正規雇用労働者、労働者の男女の賃金の差異、連結子会社の指標	CurrentYearInstant_Row4Member	pure	0.750
jpcrp_cor:NonRegularEmployeesDifferencesInWagesBetweenMaleAndFemaleEmployeesMetricsOfConsolidatedSubsidiaries	非正規雇用労働者、労働者の男女の賃金の差異、連結子会社の指標	CurrentYearInstant_Row4Member	pure	0.496
jpcrp_cor:AllEmployeesDifferencesInWagesBetweenMaleAndFemaleEmployeesMetricsOfConsolidatedSubsidiaries	全労働者、労働者の男女の賃金の差異、連結子会社の指標	CurrentYearInstant_Row5Member	pure	0.756
jpcrp_cor:RegularEmployeesDifferencesInWagesBetweenMaleAndFemaleEmployeesMetricsOfConsolidatedSubsidiaries	正規雇用労働者、労働者の男女の賃金の差異、連結子会社の指標	CurrentYearInstant_Row5Member	pure	0.745
jpcrp_cor:NonRegularEmployeesDifferencesInWagesBetweenMaleAndFemaleEmployeesMetricsOfConsolidatedSubsidiaries	非正規雇用労働者、労働者の男女の賃金の差異、連結子会社の指標	CurrentYearInstant_Row5Member	pure	－
jpigp_cor:CashAndCashEquivalentsIFRS	現金及び現金同等物（IFRS）	Prior1YearInstant	JPY	104841000000
jpigp_cor:CashAndCashEquivalentsIFRS	現金及び現金同等物（IFRS）	CurrentYearInstant	JPY	153626000000
jpigp_cor:TradeAndOtherReceivablesCAIFRS	営業債権及びその他の債権、流動資産（IFRS）	Prior1YearInstant	JPY	142716000000
jpigp_cor:TradeAndOtherReceivablesCAIFRS	営業債権及びその他の債権、流動資産（IFRS）	CurrentYearInstant	JPY	158052000000
jpigp_cor:InventoriesCAIFRS	棚卸資産、流動資産（IFRS）	Prior1YearInstant	JPY	131432000000
jpigp_cor:InventoriesCAIFRS	棚卸資産、流動資産（IFRS）	CurrentYearInstant	JPY	157746000000
jpigp_cor:OtherFinancialAssetsCAIFRS	その他の金融資産、流動資産（IFRS）	Prior1YearInstant	JPY	27707000000
jpigp_cor:OtherFinancialAssetsCAIFRS	その他の金融資産、流動資産（IFRS）	CurrentYearInstant	JPY	10682000000
jpigp_cor:OtherCurrentAssetsCAIFRS	その他の流動資産（IFRS）	Prior1YearInstant	JPY	7814000000
jpigp_cor:OtherCurrentAssetsCAIFRS	その他の流動資産（IFRS）	CurrentYearInstant	JPY	17602000000
jpigp_cor:CurrentAssetsOtherThanAssetsHeldForSaleCAIFRS	売却目的で保有する資産を除く流動資産（IFRS）	Prior1YearInstant	JPY	414511000000
jpigp_cor:CurrentAssetsOtherThanAssetsHeldForSaleCAIFRS	売却目的で保有する資産を除く流動資産（IFRS）	CurrentYearInstant	JPY	497709000000
jpigp_cor:AssetsHeldForSaleIFRS	売却目的で保有する資産（IFRS）	Prior1YearInstant	JPY	－
jpigp_cor:AssetsHeldForSaleIFRS	売却目的で保有する資産（IFRS）	CurrentYearInstant	JPY	324000000
jpigp_cor:CurrentAssetsIFRS	流動資産（IFRS）	Prior1YearInstant	JPY	414511000000
jpigp_cor:CurrentAssetsIFRS	流動資産（IFRS）	CurrentYearInstant	JPY	498034000000
jpigp_cor:PropertyPlantAndEquipmentIFRS	有形固定資産（IFRS）	Prior1YearInstant	JPY	175797000000
jpigp_cor:PropertyPlantAndEquipmentIFRS	有形固定資産（IFRS）	CurrentYearInstant	JPY	182199000000
jpigp_cor:GoodwillIFRS	のれん（IFRS）	Prior1YearInstant	JPY	6748000000
jpigp_cor:GoodwillIFRS	のれん（IFRS）	CurrentYearInstant	JPY	31104000000
jpigp_cor:IntangibleAssetsIFRS	無形資産（IFRS）	Prior1YearInstant	JPY	12270000000
jpigp_cor:IntangibleAssetsIFRS	無形資産（IFRS）	CurrentYearInstant	JPY	24184000000
jpigp_cor:InvestmentsAccountedForUsingEquityMethodIFRS	持分法で会計処理されている投資（IFRS）	Prior1YearInstant	JPY	719000000
jpigp_cor:InvestmentsAccountedForUsingEquityMethodIFRS	持分法で会計処理されている投資（IFRS）	CurrentYearInstant	JPY	951000000
jpigp_cor:OtherFinancialAssetsNCAIFRS	その他の金融資産、非流動資産（IFRS）	Prior1YearInstant	JPY	18033000000
jpigp_cor:OtherFinancialAssetsNCAIFRS	その他の金融資産、非流動資産（IFRS）	CurrentYearInstant	JPY	10879000000
jpigp_cor:DeferredTaxAssetsIFRS	繰延税金資産（IFRS）	Prior1YearInstant	JPY	12564000000
jpigp_cor:DeferredTaxAssetsIFRS	繰延税金資産（IFRS）	CurrentYearInstant	JPY	16044000000
jpigp_cor:OtherNonCurrentAssetsNCAIFRS	その他の非流動資産（IFRS）	Prior1YearInstant	JPY	9246000000
jpigp_cor:OtherNonCurrentAssetsNCAIFRS	その他の非流動資産（IFRS）	CurrentYearInstant	JPY	8710000000
jpigp_cor:NonCurrentAssetsIFRS	非流動資産（IFRS）	Prior1YearInstant	JPY	235380000000
jpigp_cor:NonCurrentAssetsIFRS	非流動資産（IFRS）	CurrentYearInstant	JPY	274074000000
jpigp_cor:AssetsIFRS	資産（IFRS）	Prior1YearInstant	JPY	649891000000
jpigp_cor:AssetsIFRS	資産（IFRS）	CurrentYearInstant	JPY	772109000000
jpigp_cor:TradeAndOtherPayablesCLIFRS	営業債務及びその他の債務、流動負債（IFRS）	Prior1YearInstant	JPY	42320000000
jpigp_cor:TradeAndOtherPayablesCLIFRS	営業債務及びその他の債務、流動負債（IFRS）	CurrentYearInstant	JPY	51809000000
jpigp_cor:BorrowingsCLIFRS	借入金、流動負債（IFRS）	Prior1YearInstant	JPY	10954000000
jpigp_cor:BorrowingsCLIFRS	借入金、流動負債（IFRS）	CurrentYearInstant	JPY	72800000000
jpigp_cor:IncomeTaxesPayableCLIFRS	未払法人所得税、流動負債（IFRS）	Prior1YearInstant	JPY	6850000000
jpigp_cor:IncomeTaxesPayableCLIFRS	未払法人所得税、流動負債（IFRS）	CurrentYearInstant	JPY	12910000000
jpigp_cor:OtherFinancialLiabilitiesCLIFRS	その他の金融負債、流動負債（IFRS）	Prior1YearInstant	JPY	2680000000
jpigp_cor:OtherFinancialLiabilitiesCLIFRS	その他の金融負債、流動負債（IFRS）	CurrentYearInstant	JPY	3703000000
jpigp_cor:ProvisionsCLIFRS	引当金、流動負債（IFRS）	Prior1YearInstant	JPY	2159000000
jpigp_cor:ProvisionsCLIFRS	引当金、流動負債（IFRS）	CurrentYearInstant	JPY	4412000000
jpigp_cor:OtherCurrentLiabilitiesCLIFRS	その他の流動負債（IFRS）	Prior1YearInstant	JPY	41845000000
jpigp_cor:OtherCurrentLiabilitiesCLIFRS	その他の流動負債（IFRS）	CurrentYearInstant	JPY	51489000000
jpigp_cor:TotalCurrentLiabilitiesIFRS	流動負債（IFRS）	Prior1YearInstant	JPY	106809000000
jpigp_cor:TotalCurrentLiabilitiesIFRS	流動負債（IFRS）	CurrentYearInstant	JPY	197125000000
jpigp_cor:BorrowingsNCLIFRS	借入金、非流動負債（IFRS）	Prior1YearInstant	JPY	－
jpigp_cor:BorrowingsNCLIFRS	借入金、非流動負債（IFRS）	CurrentYearInstant	JPY	8000000000
jpigp_cor:OtherFinancialLiabilitiesNCLIFRS	その他の金融負債、非流動負債（IFRS）	Prior1YearInstant	JPY	10684000000
jpigp_cor:OtherFinancialLiabilitiesNCLIFRS	その他の金融負債、非流動負債（IFRS）	CurrentYearInstant	JPY	11999000000
jpigp_cor:RetirementBenefitLiabilityNCLIFRS	退職給付に係る負債、非流動負債（IFRS）	Prior1YearInstant	JPY	3757000000
jpigp_cor:RetirementBenefitLiabilityNCLIFRS	退職給付に係る負債、非流動負債（IFRS）	CurrentYearInstant	JPY	5449000000
jpigp_cor:ProvisionsNCLIFRS	引当金、非流動負債（IFRS）	Prior1YearInstant	JPY	8000000
jpigp_cor:ProvisionsNCLIFRS	引当金、非流動負債（IFRS）	CurrentYearInstant	JPY	175000000
jpigp_cor:DeferredTaxLiabilitiesIFRS	繰延税金負債（IFRS）	Prior1YearInstant	JPY	896000000
jpigp_cor:DeferredTaxLiabilitiesIFRS	繰延税金負債（IFRS）	CurrentYearInstant	JPY	3848000000
jpigp_cor:OtherNonCurrentLiabilitiesNCLIFRS	その他の非流動負債（IFRS）	Prior1YearInstant	JPY	3984000000
jpigp_cor:OtherNonCurrentLiabilitiesNCLIFRS	その他の非流動負債（IFRS）	CurrentYearInstant	JPY	5153000000
jpigp_cor:NonCurrentLabilitiesIFRS	非流動負債（IFRS）	Prior1YearInstant	JPY	19331000000
jpigp_cor:NonCurrentLabilitiesIFRS	非流動負債（IFRS）	CurrentYearInstant	JPY	34625000000
jpigp_cor:LiabilitiesIFRS	負債（IFRS）	Prior1YearInstant	JPY	126141000000
jpigp_cor:LiabilitiesIFRS	負債（IFRS）	CurrentYearInstant	JPY	231751000000
jpigp_cor:ShareCapitalIFRS	資本金（IFRS）	Prior1YearInstant	JPY	54768000000
jpigp_cor:ShareCapitalIFRS	資本金（IFRS）	CurrentYearInstant	JPY	54768000000
jpigp_cor:CapitalSurplusIFRS	資本剰余金（IFRS）	Prior1YearInstant	JPY	101635000000
jpigp_cor:CapitalSurplusIFRS	資本剰余金（IFRS）	CurrentYearInstant	JPY	83588000000
jpigp_cor:RetainedEarningsIFRS	利益剰余金（IFRS）	Prior1YearInstant	JPY	323203000000
jpigp_cor:RetainedEarningsIFRS	利益剰余金（IFRS）	CurrentYearInstant	JPY	339023000000
jpigp_cor:TreasurySharesIFRS	自己株式（IFRS）	Prior1YearInstant	JPY	-10106000000
jpigp_cor:TreasurySharesIFRS	自己株式（IFRS）	CurrentYearInstant	JPY	-11791000000
jpigp_cor:OtherComponentsOfEquityIFRS	その他の資本の構成要素（IFRS）	Prior1YearInstant	JPY	49711000000
jpigp_cor:OtherComponentsOfEquityIFRS	その他の資本の構成要素（IFRS）	CurrentYearInstant	JPY	69878000000
jpigp_cor:EquityAttributableToOwnersOfParentIFRS	親会社の所有者に帰属する持分（IFRS）	Prior1YearInstant	JPY	519212000000
jpigp_cor:EquityAttributableToOwnersOfParentIFRS	親会社の所有者に帰属する持分（IFRS）	CurrentYearInstant	JPY	535467000000
jpigp_cor:NonControllingInterestsIFRS	非支配持分（IFRS）	Prior1YearInstant	JPY	4537000000
jpigp_cor:NonControllingInterestsIFRS	非支配持分（IFRS）	CurrentYearInstant	JPY	4891000000
jpigp_cor:EquityIFRS	資本（IFRS）	Prior1YearInstant	JPY	523750000000
jpigp_cor:EquityIFRS	資本（IFRS）	CurrentYearInstant	JPY	540358000000
jpigp_cor:LiabilitiesAndEquityIFRS	負債及び資本（IFRS）	Prior1YearInstant	JPY	649891000000
jpigp_cor:LiabilitiesAndEquityIFRS	負債及び資本（IFRS）	CurrentYearInstant	JPY	772109000000
jpigp_cor:RevenueIFRS	売上収益（IFRS）	Prior1YearDuration	JPY	396670000000
jpigp_cor:RevenueIFRS	売上収益（IFRS）	CurrentYearDuration	JPY	437372000000
jpigp_cor:CostOfSalesIFRS	売上原価（IFRS）	Prior1YearDuration	JPY	224282000000
jpigp_cor:CostOfSalesIFRS	売上原価（IFRS）	CurrentYearDuration	JPY	259831000000
jpigp_cor:GrossProfitIFRS	売上総利益（IFRS）	Prior1YearDuration	JPY	172388000000
jpigp_cor:GrossProfitIFRS	売上総利益（IFRS）	CurrentYearDuration	JPY	177540000000
jpigp_cor:SellingGeneralAndAdministrativeExpensesIFRS	販売費及び一般管理費（IFRS）	Prior1YearDuration	JPY	124736000000
jpigp_cor:SellingGeneralAndAdministrativeExpensesIFRS	販売費及び一般管理費（IFRS）	CurrentYearDuration	JPY	134177000000
jpigp_cor:OtherIncomeIFRS	その他の収益（IFRS）	Prior1YearDuration	JPY	2601000000
jpigp_cor:OtherIncomeIFRS	その他の収益（IFRS）	CurrentYearDuration	JPY	2150000000
jpigp_cor:OtherExpensesIFRS	その他の費用（IFRS）	Prior1YearDuration	JPY	1177000000
jpigp_cor:OtherExpensesIFRS	その他の費用（IFRS）	CurrentYearDuration	JPY	715000000
jpigp_cor:OperatingProfitLossIFRS	営業利益（△損失）（IFRS）	Prior1YearDuration	JPY	49076000000
jpigp_cor:OperatingProfitLossIFRS	営業利益（△損失）（IFRS）	CurrentYearDuration	JPY	44798000000
jpigp_cor:FinanceIncomeIFRS	金融収益（IFRS）	Prior1YearDuration	JPY	1457000000
jpigp_cor:FinanceIncomeIFRS	金融収益（IFRS）	CurrentYearDuration	JPY	4043000000
jpigp_cor:FinanceCostsIFRS	金融費用（IFRS）	Prior1YearDuration	JPY	1510000000
jpigp_cor:FinanceCostsIFRS	金融費用（IFRS）	CurrentYearDuration	JPY	3344000000
jpigp_cor:ShareOfProfitLossOfInvestmentsAccountedForUsingEquityMethodIFRS	持分法による投資損益（△は損失）（IFRS）	Prior1YearDuration	JPY	134000000
jpigp_cor:ShareOfProfitLossOfInvestmentsAccountedForUsingEquityMethodIFRS	持分法による投資損益（△は損失）（IFRS）	CurrentYearDuration	JPY	209000000
jpigp_cor:ProfitLossBeforeTaxIFRS	継続事業からの税引前利益（△損失）（IFRS）	Prior1YearDuration	JPY	49157000000
jpigp_cor:ProfitLossBeforeTaxIFRS	継続事業からの税引前利益（△損失）（IFRS）	CurrentYearDuration	JPY	45706000000
jpigp_cor:IncomeTaxExpenseIFRS	法人所得税費用（IFRS）	Prior1YearDuration	JPY	16510000000
jpigp_cor:IncomeTaxExpenseIFRS	法人所得税費用（IFRS）	CurrentYearDuration	JPY	14948000000
jpigp_cor:ProfitLossIFRS	当期利益（△損失）（IFRS）	Prior1YearDuration	JPY	32646000000
jpigp_cor:ProfitLossIFRS	当期利益（△損失）（IFRS）	CurrentYearDuration	JPY	30757000000
jpigp_cor:ProfitLossAttributableToOwnersOfParentIFRS	親会社の所有者、当期利益（△損失）（IFRS）	Prior1YearDuration	JPY	32386000000
jpigp_cor:ProfitLossAttributableToOwnersOfParentIFRS	親会社の所有者、当期利益（△損失）（IFRS）	CurrentYearDuration	JPY	30554000000
jpigp_cor:ProfitLossAttributableToNonControllingInterestsIFRS	非支配持分、当期利益（△損失）（IFRS）	Prior1YearDuration	JPY	260000000
jpigp_cor:ProfitLossAttributableToNonControllingInterestsIFRS	非支配持分、当期利益（△損失）（IFRS）	CurrentYearDuration	JPY	203000000
jpigp_cor:ProfitLossIFRS	当期利益（△損失）（IFRS）	Prior1YearDuration	JPY	32646000000
jpigp_cor:ProfitLossIFRS	当期利益（△損失）（IFRS）	CurrentYearDuration	JPY	30757000000
jpigp_cor:BasicEarningsLossPerShareIFRS	基本的１株当たり当期利益（△損失）（IFRS）	Prior1YearDuration	JPYPerShares	98.72
jpigp_cor:BasicEarningsLossPerShareIFRS	基本的１株当たり当期利益（△損失）（IFRS）	CurrentYearDuration	JPYPerShares	96.67
jpigp_cor:DilutedEarningsLossPerShareIFRS	希薄化後１株当たり当期利益（△損失）（IFRS）	Prior1YearDuration	JPYPerShares	－
jpigp_cor:DilutedEarningsLossPerShareIFRS	希薄化後１株当たり当期利益（△損失）（IFRS）	CurrentYearDuration	JPYPerShares	－
jpigp_cor:ProfitLossIFRS	当期利益（△損失）（IFRS）	Prior1YearDuration	JPY	32646000000
jpigp_cor:ProfitLossIFRS	当期利益（△損失）（IFRS）	CurrentYearDuration	JPY	30757000000
jpigp_cor:RemeasurementsOfDefinedBenefitPlansNetOfTaxItemsThatWillNotBeReclassifiedToProfitOrLossOCIIFRS	確定給付制度の再測定（税引後）、純損益に振り替えられることのないその他の包括利益（IFRS）	Prior1YearDuration	JPY	-471000000
jpigp_cor:RemeasurementsOfDefinedBenefitPlansNetOfTaxItemsThatWillNotBeReclassifiedToProfitOrLossOCIIFRS	確定給付制度の再測定（税引後）、純損益に振り替えられることのないその他の包括利益（IFRS）	CurrentYearDuration	JPY	-106000000
jpigp_cor:NetChangeInFairValueOfEquityInstrumentsDesignatedAsMeasuredAtFairValueThroughOtherComprehensiveIncomeNetOfTaxItemsThatWillNotBeReclassifiedToProfitOrLossOCIIFRS	その他の包括利益を通じて公正価値で測定するものとして指定した資本性金融商品の公正価値の純変動額（税引後）、純損益に振り替えられることのないその他の包括利益（IFRS）	Prior1YearDuration	JPY	2391000000
jpigp_cor:NetChangeInFairValueOfEquityInstrumentsDesignatedAsMeasuredAtFairValueThroughOtherComprehensiveIncomeNetOfTaxItemsThatWillNotBeReclassifiedToProfitOrLossOCIIFRS	その他の包括利益を通じて公正価値で測定するものとして指定した資本性金融商品の公正価値の純変動額（税引後）、純損益に振り替えられることのないその他の包括利益（IFRS）	CurrentYearDuration	JPY	3791000000
jpigp_cor:TotalOfItemsThatWillNotBeReclassifiedToProfitOrLossOCIIFRS	純損益に振り替えられることのない項目合計（IFRS）	Prior1YearDuration	JPY	1919000000
jpigp_cor:TotalOfItemsThatWillNotBeReclassifiedToProfitOrLossOCIIFRS	純損益に振り替えられることのない項目合計（IFRS）	CurrentYearDuration	JPY	3684000000
jpigp_cor:ExchangeDifferencesOnTranslationOfForeignOperationsNetOfTaxItemsThatMayBeReclassifiedToProfitOrLossOCIIFRS	在外営業活動体の外貨換算差額（税引後）、純損益に振り替えられる可能性のあるその他の包括利益（IFRS）	Prior1YearDuration	JPY	-2796000000
jpigp_cor:ExchangeDifferencesOnTranslationOfForeignOperationsNetOfTaxItemsThatMayBeReclassifiedToProfitOrLossOCIIFRS	在外営業活動体の外貨換算差額（税引後）、純損益に振り替えられる可能性のあるその他の包括利益（IFRS）	CurrentYearDuration	JPY	21960000000
jpigp_cor:FinancialAssetsMeasuredAtFairValueThroughOtherComprehensiveIncomeNetOfTaxItemsThatMayBeReclassifiedToProfitOrLossOCIIFRS	その他の包括利益を通じて公正価値で測定する金融資産（税引後）、純損益に振り替えられる可能性のあるその他の包括利益（IFRS）	Prior1YearDuration	JPY	1000000
jpigp_cor:FinancialAssetsMeasuredAtFairValueThroughOtherComprehensiveIncomeNetOfTaxItemsThatMayBeReclassifiedToProfitOrLossOCIIFRS	その他の包括利益を通じて公正価値で測定する金融資産（税引後）、純損益に振り替えられる可能性のあるその他の包括利益（IFRS）	CurrentYearDuration	JPY	0
jpigp_cor:ShareOfOtherComprehensiveIncomeOfInvestmentsAccountedForUsingEquityMethodNetOfTaxItemsThatMayBeReclassifiedToProfitOrLossOCIIFRS	持分法によるその他の包括利益（税引後）、純損益に振り替えられる可能性のあるその他の包括利益（IFRS）	Prior1YearDuration	JPY	13000000
jpigp_cor:ShareOfOtherComprehensiveIncomeOfInvestmentsAccountedForUsingEquityMethodNetOfTaxItemsThatMayBeReclassifiedToProfitOrLossOCIIFRS	持分法によるその他の包括利益（税引後）、純損益に振り替えられる可能性のあるその他の包括利益（IFRS）	CurrentYearDuration	JPY	6000000
jpigp_cor:TotalOfItemsThatMayBeReclassifiedToProfitOrLossOCIIFRS	純損益に振り替えられる可能性のある項目合計（IFRS）	Prior1YearDuration	JPY	-2781000000
jpigp_cor:TotalOfItemsThatMayBeReclassifiedToProfitOrLossOCIIFRS	純損益に振り替えられる可能性のある項目合計（IFRS）	CurrentYearDuration	JPY	21967000000
jpigp_cor:OtherComprehensiveIncomeIFRS	その他の包括利益（IFRS）	Prior1YearDuration	JPY	-861000000
jpigp_cor:OtherComprehensiveIncomeIFRS	その他の包括利益（IFRS）	CurrentYearDuration	JPY	25652000000
jpigp_cor:ComprehensiveIncomeIFRS	当期包括利益（IFRS）	Prior1YearDuration	JPY	31785000000
jpigp_cor:ComprehensiveIncomeIFRS	当期包括利益（IFRS）	CurrentYearDuration	JPY	56410000000
jpigp_cor:ComprehensiveIncomeAttributableToOwnersOfParentIFRS	親会社の所有者、当期包括利益（IFRS）	Prior1YearDuration	JPY	31709000000
jpigp_cor:ComprehensiveIncomeAttributableToOwnersOfParentIFRS	親会社の所有者、当期包括利益（IFRS）	CurrentYearDuration	JPY	55775000000
jpigp_cor:ComprehensiveIncomeAttributableToNonControllingInterestsIFRS	非支配持分、当期包括利益（IFRS）	Prior1YearDuration	JPY	75000000
jpigp_cor:ComprehensiveIncomeAttributableToNonControllingInterestsIFRS	非支配持分、当期包括利益（IFRS）	CurrentYearDuration	JPY	634000000
jpigp_cor:ComprehensiveIncomeIFRS	当期包括利益（IFRS）	Prior1YearDuration	JPY	31785000000
jpigp_cor:ComprehensiveIncomeIFRS	当期包括利益（IFRS）	CurrentYearDuration	JPY	56410000000
jpigp_cor:EquityIFRS	資本（IFRS）	Prior2YearInstant_ShareCapitalIFRSMember	JPY	54768000000
jpigp_cor:EquityIFRS	資本（IFRS）	Prior2YearInstant_CapitalSurplusIFRSMember	JPY	120536000000
jpigp_cor:EquityIFRS	資本（IFRS）	Prior2YearInstant_RetainedEarningsIFRSMember	JPY	311076000000
jpigp_cor:EquityIFRS	資本（IFRS）	Prior2YearInstant_TreasurySharesIFRSMember	JPY	-8760000000
jpigp_cor:EquityIFRS	資本（IFRS）	Prior2YearInstant_RemeasurementsOfDefinedBenefitPlansIFRSMember	JPY	－
jpigp_cor:EquityIFRS	資本（IFRS）	Prior2YearInstant_FinancialAssetsMeasuredAtFairValueThroughOtherComprehensiveIncomeIFRSMember	JPY	1418000000
jpigp_cor:EquityIFRS	資本（IFRS）	Prior2YearInstant_ExchangeDifferencesOnTranslationOfForeignOperationsIFRSMember	JPY	50600000000
jpigp_cor:EquityIFRS	資本（IFRS）	Prior2YearInstant_ShareOfOtherComprehensiveIncomeOfInvestmentsAccountedForUsingEquityMethodIFRSMember	JPY	20000000
jpigp_cor:EquityIFRS	資本（IFRS）	Prior2YearInstant_OtherComponentsOfEquityIFRSMember	JPY	52039000000
jpigp_cor:EquityIFRS	資本（IFRS）	Prior2YearInstant_EquityAttributableToOwnersOfParentIFRSMember	JPY	529661000000
jpigp_cor:EquityIFRS	資本（IFRS）	Prior2YearInstant_NonControllingInterestsIFRSMember	JPY	4735000000
jpigp_cor:EquityIFRS	資本（IFRS）	Prior2YearInstant	JPY	534396000000
jpigp_cor:ProfitLossIFRS	当期利益（△損失）（IFRS）	Prior1YearDuration_ShareCapitalIFRSMember	JPY	－
jpigp_cor:ProfitLossIFRS	当期利益（△損失）（IFRS）	Prior1YearDuration_CapitalSurplusIFRSMember	JPY	－
jpigp_cor:ProfitLossIFRS	当期利益（△損失）（IFRS）	Prior1YearDuration_RetainedEarningsIFRSMember	JPY	32386000000
jpigp_cor:ProfitLossIFRS	当期利益（△損失）（IFRS）	Prior1YearDuration_TreasurySharesIFRSMember	JPY	－
jpigp_cor:ProfitLossIFRS	当期利益（△損失）（IFRS）	Prior1YearDuration_RemeasurementsOfDefinedBenefitPlansIFRSMember	JPY	－
jpigp_cor:ProfitLossIFRS	当期利益（△損失）（IFRS）	Prior1YearDuration_FinancialAssetsMeasuredAtFairValueThroughOtherComprehensiveIncomeIFRSMember	JPY	－
jpigp_cor:ProfitLossIFRS	当期利益（△損失）（IFRS）	Prior1YearDuration_ExchangeDifferencesOnTranslationOfForeignOperationsIFRSMember	JPY	－
jpigp_cor:ProfitLossIFRS	当期利益（△損失）（IFRS）	Prior1YearDuration_ShareOfOtherComprehensiveIncomeOfInvestmentsAccountedForUsingEquityMethodIFRSMember	JPY	－
jpigp_cor:ProfitLossIFRS	当期利益（△損失）（IFRS）	Prior1YearDuration_OtherComponentsOfEquityIFRSMember	JPY	－
jpigp_cor:ProfitLossIFRS	当期利益（△損失）（IFRS）	Prior1YearDuration_EquityAttributableToOwnersOfParentIFRSMember	JPY	32386000000
jpigp_cor:ProfitLossIFRS	当期利益（△損失）（IFRS）	Prior1YearDuration_NonControllingInterestsIFRSMember	JPY	260000000
jpigp_cor:ProfitLossIFRS	当期利益（△損失）（IFRS）	Prior1YearDuration	JPY	32646000000
jpigp_cor:OtherComprehensiveIncomeIFRS	その他の包括利益（IFRS）	Prior1YearDuration_ShareCapitalIFRSMember	JPY	－
jpigp_cor:OtherComprehensiveIncomeIFRS	その他の包括利益（IFRS）	Prior1YearDuration_CapitalSurplusIFRSMember	JPY	－
jpigp_cor:OtherComprehensiveIncomeIFRS	その他の包括利益（IFRS）	Prior1YearDuration_RetainedEarningsIFRSMember	JPY	－
jpigp_cor:OtherComprehensiveIncomeIFRS	その他の包括利益（IFRS）	Prior1YearDuration_TreasurySharesIFRSMember	JPY	－
jpigp_cor:OtherComprehensiveIncomeIFRS	その他の包括利益（IFRS）	Prior1YearDuration_RemeasurementsOfDefinedBenefitPlansIFRSMember	JPY	-471000000
jpigp_cor:OtherComprehensiveIncomeIFRS	その他の包括利益（IFRS）	Prior1YearDuration_FinancialAssetsMeasuredAtFairValueThroughOtherComprehensiveIncomeIFRSMember	JPY	2393000000
jpigp_cor:OtherComprehensiveIncomeIFRS	その他の包括利益（IFRS）	Prior1YearDuration_ExchangeDifferencesOnTranslationOfForeignOperationsIFRSMember	JPY	-2612000000
jpigp_cor:OtherComprehensiveIncomeIFRS	その他の包括利益（IFRS）	Prior1YearDuration_ShareOfOtherComprehensiveIncomeOfInvestmentsAccountedForUsingEquityMethodIFRSMember	JPY	13000000
jpigp_cor:OtherComprehensiveIncomeIFRS	その他の包括利益（IFRS）	Prior1YearDuration_OtherComponentsOfEquityIFRSMember	JPY	-677000000
jpigp_cor:OtherComprehensiveIncomeIFRS	その他の包括利益（IFRS）	Prior1YearDuration_EquityAttributableToOwnersOfParentIFRSMember	JPY	-677000000
jpigp_cor:OtherComprehensiveIncomeIFRS	その他の包括利益（IFRS）	Prior1YearDuration_NonControllingInterestsIFRSMember	JPY	-184000000
jpigp_cor:OtherComprehensiveIncomeIFRS	その他の包括利益（IFRS）	Prior1YearDuration	JPY	-861000000
jpigp_cor:ComprehensiveIncomeIFRS	当期包括利益（IFRS）	Prior1YearDuration_ShareCapitalIFRSMember	JPY	－
jpigp_cor:ComprehensiveIncomeIFRS	当期包括利益（IFRS）	Prior1YearDuration_CapitalSurplusIFRSMember	JPY	－
jpigp_cor:ComprehensiveIncomeIFRS	当期包括利益（IFRS）	Prior1YearDuration_RetainedEarningsIFRSMember	JPY	32386000000
jpigp_cor:ComprehensiveIncomeIFRS	当期包括利益（IFRS）	Prior1YearDuration_TreasurySharesIFRSMember	JPY	－
jpigp_cor:ComprehensiveIncomeIFRS	当期包括利益（IFRS）	Prior1YearDuration_RemeasurementsOfDefinedBenefitPlansIFRSMember	JPY	-471000000
jpigp_cor:ComprehensiveIncomeIFRS	当期包括利益（IFRS）	Prior1YearDuration_FinancialAssetsMeasuredAtFairValueThroughOtherComprehensiveIncomeIFRSMember	JPY	2393000000
jpigp_cor:ComprehensiveIncomeIFRS	当期包括利益（IFRS）	Prior1YearDuration_ExchangeDifferencesOnTranslationOfForeignOperationsIFRSMember	JPY	-2612000000
jpigp_cor:ComprehensiveIncomeIFRS	当期包括利益（IFRS）	Prior1YearDuration_ShareOfOtherComprehensiveIncomeOfInvestmentsAccountedForUsingEquityMethodIFRSMember	JPY	13000000
jpigp_cor:ComprehensiveIncomeIFRS	当期包括利益（IFRS）	Prior1YearDuration_OtherComponentsOfEquityIFRSMember	JPY	-677000000
jpigp_cor:ComprehensiveIncomeIFRS	当期包括利益（IFRS）	Prior1YearDuration_EquityAttributableToOwnersOfParentIFRSMember	JPY	31709000000
jpigp_cor:ComprehensiveIncomeIFRS	当期包括利益（IFRS）	Prior1YearDuration_NonControllingInterestsIFRSMember	JPY	75000000
jpigp_cor:ComprehensiveIncomeIFRS	当期包括利益（IFRS）	Prior1YearDuration	JPY	31785000000
jpigp_cor:DividendsSSIFRS	配当金、持分変動計算書（IFRS）	Prior1YearDuration_ShareCapitalIFRSMember	JPY	－
jpigp_cor:DividendsSSIFRS	配当金、持分変動計算書（IFRS）	Prior1YearDuration_CapitalSurplusIFRSMember	JPY	－
jpigp_cor:DividendsSSIFRS	配当金、持分変動計算書（IFRS）	Prior1YearDuration_RetainedEarningsIFRSMember	JPY	-21910000000
jpigp_cor:DividendsSSIFRS	配当金、持分変動計算書（IFRS）	Prior1YearDuration_TreasurySharesIFRSMember	JPY	－
jpigp_cor:DividendsSSIFRS	配当金、持分変動計算書（IFRS）	Prior1YearDuration_RemeasurementsOfDefinedBenefitPlansIFRSMember	JPY	－
jpigp_cor:DividendsSSIFRS	配当金、持分変動計算書（IFRS）	Prior1YearDuration_FinancialAssetsMeasuredAtFairValueThroughOtherComprehensiveIncomeIFRSMember	JPY	－
jpigp_cor:DividendsSSIFRS	配当金、持分変動計算書（IFRS）	Prior1YearDuration_ExchangeDifferencesOnTranslationOfForeignOperationsIFRSMember	JPY	－
jpigp_cor:DividendsSSIFRS	配当金、持分変動計算書（IFRS）	Prior1YearDuration_ShareOfOtherComprehensiveIncomeOfInvestmentsAccountedForUsingEquityMethodIFRSMember	JPY	－
jpigp_cor:DividendsSSIFRS	配当金、持分変動計算書（IFRS）	Prior1YearDuration_OtherComponentsOfEquityIFRSMember	JPY	－
jpigp_cor:DividendsSSIFRS	配当金、持分変動計算書（IFRS）	Prior1YearDuration_EquityAttributableToOwnersOfParentIFRSMember	JPY	-21910000000
jpigp_cor:DividendsSSIFRS	配当金、持分変動計算書（IFRS）	Prior1YearDuration_NonControllingInterestsIFRSMember	JPY	-273000000
jpigp_cor:DividendsSSIFRS	配当金、持分変動計算書（IFRS）	Prior1YearDuration	JPY	-22183000000
jpigp_cor:PurchaseOfTreasurySharesSSIFRS	自己株式の取得、持分変動計算書（IFRS）	Prior1YearDuration_ShareCapitalIFRSMember	JPY	－
jpigp_cor:PurchaseOfTreasurySharesSSIFRS	自己株式の取得、持分変動計算書（IFRS）	Prior1YearDuration_CapitalSurplusIFRSMember	JPY	-3000000
jpigp_cor:PurchaseOfTreasurySharesSSIFRS	自己株式の取得、持分変動計算書（IFRS）	Prior1YearDuration_RetainedEarningsIFRSMember	JPY	－
jpigp_cor:PurchaseOfTreasurySharesSSIFRS	自己株式の取得、持分変動計算書（IFRS）	Prior1YearDuration_TreasurySharesIFRSMember	JPY	-20244000000
jpigp_cor:PurchaseOfTreasurySharesSSIFRS	自己株式の取得、持分変動計算書（IFRS）	Prior1YearDuration_RemeasurementsOfDefinedBenefitPlansIFRSMember	JPY	－
jpigp_cor:PurchaseOfTreasurySharesSSIFRS	自己株式の取得、持分変動計算書（IFRS）	Prior1YearDuration_FinancialAssetsMeasuredAtFairValueThroughOtherComprehensiveIncomeIFRSMember	JPY	－
jpigp_cor:PurchaseOfTreasurySharesSSIFRS	自己株式の取得、持分変動計算書（IFRS）	Prior1YearDuration_ExchangeDifferencesOnTranslationOfForeignOperationsIFRSMember	JPY	－
jpigp_cor:PurchaseOfTreasurySharesSSIFRS	自己株式の取得、持分変動計算書（IFRS）	Prior1YearDuration_ShareOfOtherComprehensiveIncomeOfInvestmentsAccountedForUsingEquityMethodIFRSMember	JPY	－
jpigp_cor:PurchaseOfTreasurySharesSSIFRS	自己株式の取得、持分変動計算書（IFRS）	Prior1YearDuration_OtherComponentsOfEquityIFRSMember	JPY	－
jpigp_cor:PurchaseOfTreasurySharesSSIFRS	自己株式の取得、持分変動計算書（IFRS）	Prior1YearDuration_EquityAttributableToOwnersOfParentIFRSMember	JPY	-20248000000
jpigp_cor:PurchaseOfTreasurySharesSSIFRS	自己株式の取得、持分変動計算書（IFRS）	Prior1YearDuration_NonControllingInterestsIFRSMember	JPY	－
jpigp_cor:PurchaseOfTreasurySharesSSIFRS	自己株式の取得、持分変動計算書（IFRS）	Prior1YearDuration	JPY	-20248000000
jpigp_cor:DisposalOfTreasurySharesSSIFRS	自己株式の処分、持分変動計算書（IFRS）	Prior1YearDuration_ShareCapitalIFRSMember	JPY	－
jpigp_cor:DisposalOfTreasurySharesSSIFRS	自己株式の処分、持分変動計算書（IFRS）	Prior1YearDuration_CapitalSurplusIFRSMember	JPY	0
jpigp_cor:DisposalOfTreasurySharesSSIFRS	自己株式の処分、持分変動計算書（IFRS）	Prior1YearDuration_RetainedEarningsIFRSMember	JPY	－
jpigp_cor:DisposalOfTreasurySharesSSIFRS	自己株式の処分、持分変動計算書（IFRS）	Prior1YearDuration_TreasurySharesIFRSMember	JPY	0
jpigp_cor:DisposalOfTreasurySharesSSIFRS	自己株式の処分、持分変動計算書（IFRS）	Prior1YearDuration_RemeasurementsOfDefinedBenefitPlansIFRSMember	JPY	－
jpigp_cor:DisposalOfTreasurySharesSSIFRS	自己株式の処分、持分変動計算書（IFRS）	Prior1YearDuration_FinancialAssetsMeasuredAtFairValueThroughOtherComprehensiveIncomeIFRSMember	JPY	－
jpigp_cor:DisposalOfTreasurySharesSSIFRS	自己株式の処分、持分変動計算書（IFRS）	Prior1YearDuration_ExchangeDifferencesOnTranslationOfForeignOperationsIFRSMember	JPY	－
jpigp_cor:DisposalOfTreasurySharesSSIFRS	自己株式の処分、持分変動計算書（IFRS）	Prior1YearDuration_ShareOfOtherComprehensiveIncomeOfInvestmentsAccountedForUsingEquityMethodIFRSMember	JPY	－
jpigp_cor:DisposalOfTreasurySharesSSIFRS	自己株式の処分、持分変動計算書（IFRS）	Prior1YearDuration_OtherComponentsOfEquityIFRSMember	JPY	－
jpigp_cor:DisposalOfTreasurySharesSSIFRS	自己株式の処分、持分変動計算書（IFRS）	Prior1YearDuration_EquityAttributableToOwnersOfParentIFRSMember	JPY	0
jpigp_cor:DisposalOfTreasurySharesSSIFRS	自己株式の処分、持分変動計算書（IFRS）	Prior1YearDuration_NonControllingInterestsIFRSMember	JPY	－
jpigp_cor:DisposalOfTreasurySharesSSIFRS	自己株式の処分、持分変動計算書（IFRS）	Prior1YearDuration	JPY	0
jpigp_cor:CancellationOfTreasurySharesSSIFRS	自己株式の消却、持分変動計算書（IFRS）	Prior1YearDuration_ShareCapitalIFRSMember	JPY	－
jpigp_cor:CancellationOfTreasurySharesSSIFRS	自己株式の消却、持分変動計算書（IFRS）	Prior1YearDuration_CapitalSurplusIFRSMember	JPY	-18897000000
jpigp_cor:CancellationOfTreasurySharesSSIFRS	自己株式の消却、持分変動計算書（IFRS）	Prior1YearDuration_RetainedEarningsIFRSMember	JPY	－
jpigp_cor:CancellationOfTreasurySharesSSIFRS	自己株式の消却、持分変動計算書（IFRS）	Prior1YearDuration_TreasurySharesIFRSMember	JPY	18897000000
jpigp_cor:CancellationOfTreasurySharesSSIFRS	自己株式の消却、持分変動計算書（IFRS）	Prior1YearDuration_RemeasurementsOfDefinedBenefitPlansIFRSMember	JPY	－
jpigp_cor:CancellationOfTreasurySharesSSIFRS	自己株式の消却、持分変動計算書（IFRS）	Prior1YearDuration_FinancialAssetsMeasuredAtFairValueThroughOtherComprehensiveIncomeIFRSMember	JPY	－
jpigp_cor:CancellationOfTreasurySharesSSIFRS	自己株式の消却、持分変動計算書（IFRS）	Prior1YearDuration_ExchangeDifferencesOnTranslationOfForeignOperationsIFRSMember	JPY	－
jpigp_cor:CancellationOfTreasurySharesSSIFRS	自己株式の消却、持分変動計算書（IFRS）	Prior1YearDuration_ShareOfOtherComprehensiveIncomeOfInvestmentsAccountedForUsingEquityMethodIFRSMember	JPY	－
jpigp_cor:CancellationOfTreasurySharesSSIFRS	自己株式の消却、持分変動計算書（IFRS）	Prior1YearDuration_OtherComponentsOfEquityIFRSMember	JPY	－
jpigp_cor:CancellationOfTreasurySharesSSIFRS	自己株式の消却、持分変動計算書（IFRS）	Prior1YearDuration_EquityAttributableToOwnersOfParentIFRSMember	JPY	－
jpigp_cor:CancellationOfTreasurySharesSSIFRS	自己株式の消却、持分変動計算書（IFRS）	Prior1YearDuration_NonControllingInterestsIFRSMember	JPY	－
jpigp_cor:CancellationOfTreasurySharesSSIFRS	自己株式の消却、持分変動計算書（IFRS）	Prior1YearDuration	JPY	－
jpigp_cor:TransferFromOtherComponentsOfEquityToRetainedEarningsSSIFRS	その他の資本の構成要素から利益剰余金への振替、持分変動計算書（IFRS）	Prior1YearDuration_ShareCapitalIFRSMember	JPY	－
jpigp_cor:TransferFromOtherComponentsOfEquityToRetainedEarningsSSIFRS	その他の資本の構成要素から利益剰余金への振替、持分変動計算書（IFRS）	Prior1YearDuration_CapitalSurplusIFRSMember	JPY	－
jpigp_cor:TransferFromOtherComponentsOfEquityToRetainedEarningsSSIFRS	その他の資本の構成要素から利益剰余金への振替、持分変動計算書（IFRS）	Prior1YearDuration_RetainedEarningsIFRSMember	JPY	1650000000
jpigp_cor:TransferFromOtherComponentsOfEquityToRetainedEarningsSSIFRS	その他の資本の構成要素から利益剰余金への振替、持分変動計算書（IFRS）	Prior1YearDuration_TreasurySharesIFRSMember	JPY	－
jpigp_cor:TransferFromOtherComponentsOfEquityToRetainedEarningsSSIFRS	その他の資本の構成要素から利益剰余金への振替、持分変動計算書（IFRS）	Prior1YearDuration_RemeasurementsOfDefinedBenefitPlansIFRSMember	JPY	471000000
jpigp_cor:TransferFromOtherComponentsOfEquityToRetainedEarningsSSIFRS	その他の資本の構成要素から利益剰余金への振替、持分変動計算書（IFRS）	Prior1YearDuration_FinancialAssetsMeasuredAtFairValueThroughOtherComprehensiveIncomeIFRSMember	JPY	-2121000000
jpigp_cor:TransferFromOtherComponentsOfEquityToRetainedEarningsSSIFRS	その他の資本の構成要素から利益剰余金への振替、持分変動計算書（IFRS）	Prior1YearDuration_ExchangeDifferencesOnTranslationOfForeignOperationsIFRSMember	JPY	－
jpigp_cor:TransferFromOtherComponentsOfEquityToRetainedEarningsSSIFRS	その他の資本の構成要素から利益剰余金への振替、持分変動計算書（IFRS）	Prior1YearDuration_ShareOfOtherComprehensiveIncomeOfInvestmentsAccountedForUsingEquityMethodIFRSMember	JPY	－
jpigp_cor:TransferFromOtherComponentsOfEquityToRetainedEarningsSSIFRS	その他の資本の構成要素から利益剰余金への振替、持分変動計算書（IFRS）	Prior1YearDuration_OtherComponentsOfEquityIFRSMember	JPY	-1650000000
jpigp_cor:TransferFromOtherComponentsOfEquityToRetainedEarningsSSIFRS	その他の資本の構成要素から利益剰余金への振替、持分変動計算書（IFRS）	Prior1YearDuration_EquityAttributableToOwnersOfParentIFRSMember	JPY	－
jpigp_cor:TransferFromOtherComponentsOfEquityToRetainedEarningsSSIFRS	その他の資本の構成要素から利益剰余金への振替、持分変動計算書（IFRS）	Prior1YearDuration_NonControllingInterestsIFRSMember	JPY	－
jpigp_cor:TransferFromOtherComponentsOfEquityToRetainedEarningsSSIFRS	その他の資本の構成要素から利益剰余金への振替、持分変動計算書（IFRS）	Prior1YearDuration	JPY	－
jpigp_cor:TotalTransactionsWithOwnersIFRS	所有者との取引額（IFRS）	Prior1YearDuration_ShareCapitalIFRSMember	JPY	－
jpigp_cor:TotalTransactionsWithOwnersIFRS	所有者との取引額（IFRS）	Prior1YearDuration_CapitalSurplusIFRSMember	JPY	-18900000000
jpigp_cor:TotalTransactionsWithOwnersIFRS	所有者との取引額（IFRS）	Prior1YearDuration_RetainedEarningsIFRSMember	JPY	-20259000000
jpigp_cor:TotalTransactionsWithOwnersIFRS	所有者との取引額（IFRS）	Prior1YearDuration_TreasurySharesIFRSMember	JPY	-1346000000
jpigp_cor:TotalTransactionsWithOwnersIFRS	所有者との取引額（IFRS）	Prior1YearDuration_RemeasurementsOfDefinedBenefitPlansIFRSMember	JPY	471000000
jpigp_cor:TotalTransactionsWithOwnersIFRS	所有者との取引額（IFRS）	Prior1YearDuration_FinancialAssetsMeasuredAtFairValueThroughOtherComprehensiveIncomeIFRSMember	JPY	-2121000000
jpigp_cor:TotalTransactionsWithOwnersIFRS	所有者との取引額（IFRS）	Prior1YearDuration_ExchangeDifferencesOnTranslationOfForeignOperationsIFRSMember	JPY	－
jpigp_cor:TotalTransactionsWithOwnersIFRS	所有者との取引額（IFRS）	Prior1YearDuration_ShareOfOtherComprehensiveIncomeOfInvestmentsAccountedForUsingEquityMethodIFRSMember	JPY	－
jpigp_cor:TotalTransactionsWithOwnersIFRS	所有者との取引額（IFRS）	Prior1YearDuration_OtherComponentsOfEquityIFRSMember	JPY	-1650000000
jpigp_cor:TotalTransactionsWithOwnersIFRS	所有者との取引額（IFRS）	Prior1YearDuration_EquityAttributableToOwnersOfParentIFRSMember	JPY	-42157000000
jpigp_cor:TotalTransactionsWithOwnersIFRS	所有者との取引額（IFRS）	Prior1YearDuration_NonControllingInterestsIFRSMember	JPY	-273000000
jpigp_cor:TotalTransactionsWithOwnersIFRS	所有者との取引額（IFRS）	Prior1YearDuration	JPY	-42431000000
jpigp_cor:EquityIFRS	資本（IFRS）	Prior1YearInstant_ShareCapitalIFRSMember	JPY	54768000000
jpigp_cor:EquityIFRS	資本（IFRS）	Prior1YearInstant_CapitalSurplusIFRSMember	JPY	101635000000
jpigp_cor:EquityIFRS	資本（IFRS）	Prior1YearInstant_RetainedEarningsIFRSMember	JPY	323203000000
jpigp_cor:EquityIFRS	資本（IFRS）	Prior1YearInstant_TreasurySharesIFRSMember	JPY	-10106000000
jpigp_cor:EquityIFRS	資本（IFRS）	Prior1YearInstant_RemeasurementsOfDefinedBenefitPlansIFRSMember	JPY	－
jpigp_cor:EquityIFRS	資本（IFRS）	Prior1YearInstant_FinancialAssetsMeasuredAtFairValueThroughOtherComprehensiveIncomeIFRSMember	JPY	1690000000
jpigp_cor:EquityIFRS	資本（IFRS）	Prior1YearInstant_ExchangeDifferencesOnTranslationOfForeignOperationsIFRSMember	JPY	47988000000
jpigp_cor:EquityIFRS	資本（IFRS）	Prior1YearInstant_ShareOfOtherComprehensiveIncomeOfInvestmentsAccountedForUsingEquityMethodIFRSMember	JPY	33000000
jpigp_cor:EquityIFRS	資本（IFRS）	Prior1YearInstant_OtherComponentsOfEquityIFRSMember	JPY	49711000000
jpigp_cor:EquityIFRS	資本（IFRS）	Prior1YearInstant_EquityAttributableToOwnersOfParentIFRSMember	JPY	519212000000
jpigp_cor:EquityIFRS	資本（IFRS）	Prior1YearInstant_NonControllingInterestsIFRSMember	JPY	4537000000
jpigp_cor:EquityIFRS	資本（IFRS）	Prior1YearInstant	JPY	523750000000
jpigp_cor:EquityIFRS	資本（IFRS）	Prior1YearInstant_ShareCapitalIFRSMember	JPY	54768000000
jpigp_cor:EquityIFRS	資本（IFRS）	Prior1YearInstant_CapitalSurplusIFRSMember	JPY	101635000000
jpigp_cor:EquityIFRS	資本（IFRS）	Prior1YearInstant_RetainedEarningsIFRSMember	JPY	323203000000
jpigp_cor:EquityIFRS	資本（IFRS）	Prior1YearInstant_TreasurySharesIFRSMember	JPY	-10106000000
jpigp_cor:EquityIFRS	資本（IFRS）	Prior1YearInstant_RemeasurementsOfDefinedBenefitPlansIFRSMember	JPY	－
jpigp_cor:EquityIFRS	資本（IFRS）	Prior1YearInstant_FinancialAssetsMeasuredAtFairValueThroughOtherComprehensiveIncomeIFRSMember	JPY	1690000000
jpigp_cor:EquityIFRS	資本（IFRS）	Prior1YearInstant_ExchangeDifferencesOnTranslationOfForeignOperationsIFRSMember	JPY	47988000000
jpigp_cor:EquityIFRS	資本（IFRS）	Prior1YearInstant_ShareOfOtherComprehensiveIncomeOfInvestmentsAccountedForUsingEquityMethodIFRSMember	JPY	33000000
jpigp_cor:EquityIFRS	資本（IFRS）	Prior1YearInstant_OtherComponentsOfEquityIFRSMember	JPY	49711000000
jpigp_cor:EquityIFRS	資本（IFRS）	Prior1YearInstant_EquityAttributableToOwnersOfParentIFRSMember	JPY	519212000000
jpigp_cor:EquityIFRS	資本（IFRS）	Prior1YearInstant_NonControllingInterestsIFRSMember	JPY	4537000000
jpigp_cor:EquityIFRS	資本（IFRS）	Prior1YearInstant	JPY	523750000000
jpigp_cor:ProfitLossIFRS	当期利益（△損失）（IFRS）	CurrentYearDuration_ShareCapitalIFRSMember	JPY	－
jpigp_cor:ProfitLossIFRS	当期利益（△損失）（IFRS）	CurrentYearDuration_CapitalSurplusIFRSMember	JPY	－
jpigp_cor:ProfitLossIFRS	当期利益（△損失）（IFRS）	CurrentYearDuration_RetainedEarningsIFRSMember	JPY	30554000000
jpigp_cor:ProfitLossIFRS	当期利益（△損失）（IFRS）	CurrentYearDuration_TreasurySharesIFRSMember	JPY	－
jpigp_cor:ProfitLossIFRS	当期利益（△損失）（IFRS）	CurrentYearDuration_RemeasurementsOfDefinedBenefitPlansIFRSMember	JPY	－
jpigp_cor:ProfitLossIFRS	当期利益（△損失）（IFRS）	CurrentYearDuration_FinancialAssetsMeasuredAtFairValueThroughOtherComprehensiveIncomeIFRSMember	JPY	－
jpigp_cor:ProfitLossIFRS	当期利益（△損失）（IFRS）	CurrentYearDuration_ExchangeDifferencesOnTranslationOfForeignOperationsIFRSMember	JPY	－
jpigp_cor:ProfitLossIFRS	当期利益（△損失）（IFRS）	CurrentYearDuration_ShareOfOtherComprehensiveIncomeOfInvestmentsAccountedForUsingEquityMethodIFRSMember	JPY	－
jpigp_cor:ProfitLossIFRS	当期利益（△損失）（IFRS）	CurrentYearDuration_OtherComponentsOfEquityIFRSMember	JPY	－
jpigp_cor:ProfitLossIFRS	当期利益（△損失）（IFRS）	CurrentYearDuration_EquityAttributableToOwnersOfParentIFRSMember	JPY	30554000000
jpigp_cor:ProfitLossIFRS	当期利益（△損失）（IFRS）	CurrentYearDuration_NonControllingInterestsIFRSMember	JPY	203000000
jpigp_cor:ProfitLossIFRS	当期利益（△損失）（IFRS）	CurrentYearDuration	JPY	30757000000
jpigp_cor:OtherComprehensiveIncomeIFRS	その他の包括利益（IFRS）	CurrentYearDuration_ShareCapitalIFRSMember	JPY	－
jpigp_cor:OtherComprehensiveIncomeIFRS	その他の包括利益（IFRS）	CurrentYearDuration_CapitalSurplusIFRSMember	JPY	－
jpigp_cor:OtherComprehensiveIncomeIFRS	その他の包括利益（IFRS）	CurrentYearDuration_RetainedEarningsIFRSMember	JPY	－
jpigp_cor:OtherComprehensiveIncomeIFRS	その他の包括利益（IFRS）	CurrentYearDuration_TreasurySharesIFRSMember	JPY	－
jpigp_cor:OtherComprehensiveIncomeIFRS	その他の包括利益（IFRS）	CurrentYearDuration_RemeasurementsOfDefinedBenefitPlansIFRSMember	JPY	-106000000
jpigp_cor:OtherComprehensiveIncomeIFRS	その他の包括利益（IFRS）	CurrentYearDuration_FinancialAssetsMeasuredAtFairValueThroughOtherComprehensiveIncomeIFRSMember	JPY	3792000000
jpigp_cor:OtherComprehensiveIncomeIFRS	その他の包括利益（IFRS）	CurrentYearDuration_ExchangeDifferencesOnTranslationOfForeignOperationsIFRSMember	JPY	21529000000
jpigp_cor:OtherComprehensiveIncomeIFRS	その他の包括利益（IFRS）	CurrentYearDuration_ShareOfOtherComprehensiveIncomeOfInvestmentsAccountedForUsingEquityMethodIFRSMember	JPY	6000000
jpigp_cor:OtherComprehensiveIncomeIFRS	その他の包括利益（IFRS）	CurrentYearDuration_OtherComponentsOfEquityIFRSMember	JPY	25221000000
jpigp_cor:OtherComprehensiveIncomeIFRS	その他の包括利益（IFRS）	CurrentYearDuration_EquityAttributableToOwnersOfParentIFRSMember	JPY	25221000000
jpigp_cor:OtherComprehensiveIncomeIFRS	その他の包括利益（IFRS）	CurrentYearDuration_NonControllingInterestsIFRSMember	JPY	431000000
jpigp_cor:OtherComprehensiveIncomeIFRS	その他の包括利益（IFRS）	CurrentYearDuration	JPY	25652000000
jpigp_cor:ComprehensiveIncomeIFRS	当期包括利益（IFRS）	CurrentYearDuration_ShareCapitalIFRSMember	JPY	－
jpigp_cor:ComprehensiveIncomeIFRS	当期包括利益（IFRS）	CurrentYearDuration_CapitalSurplusIFRSMember	JPY	－
jpigp_cor:ComprehensiveIncomeIFRS	当期包括利益（IFRS）	CurrentYearDuration_RetainedEarningsIFRSMember	JPY	30554000000
jpigp_cor:ComprehensiveIncomeIFRS	当期包括利益（IFRS）	CurrentYearDuration_TreasurySharesIFRSMember	JPY	－
jpigp_cor:ComprehensiveIncomeIFRS	当期包括利益（IFRS）	CurrentYearDuration_RemeasurementsOfDefinedBenefitPlansIFRSMember	JPY	-106000000
jpigp_cor:ComprehensiveIncomeIFRS	当期包括利益（IFRS）	CurrentYearDuration_FinancialAssetsMeasuredAtFairValueThroughOtherComprehensiveIncomeIFRSMember	JPY	3792000000
jpigp_cor:ComprehensiveIncomeIFRS	当期包括利益（IFRS）	CurrentYearDuration_ExchangeDifferencesOnTranslationOfForeignOperationsIFRSMember	JPY	21529000000
jpigp_cor:ComprehensiveIncomeIFRS	当期包括利益（IFRS）	CurrentYearDuration_ShareOfOtherComprehensiveIncomeOfInvestmentsAccountedForUsingEquityMethodIFRSMember	JPY	6000000
jpigp_cor:ComprehensiveIncomeIFRS	当期包括利益（IFRS）	CurrentYearDuration_OtherComponentsOfEquityIFRSMember	JPY	25221000000
jpigp_cor:ComprehensiveIncomeIFRS	当期包括利益（IFRS）	CurrentYearDuration_EquityAttributableToOwnersOfParentIFRSMember	JPY	55775000000
jpigp_cor:ComprehensiveIncomeIFRS	当期包括利益（IFRS）	CurrentYearDuration_NonControllingInterestsIFRSMember	JPY	634000000
jpigp_cor:ComprehensiveIncomeIFRS	当期包括利益（IFRS）	CurrentYearDuration	JPY	56410000000
jpigp_cor:DividendsSSIFRS	配当金、持分変動計算書（IFRS）	CurrentYearDuration_ShareCapitalIFRSMember	JPY	－
jpigp_cor:DividendsSSIFRS	配当金、持分変動計算書（IFRS）	CurrentYearDuration_CapitalSurplusIFRSMember	JPY	－
jpigp_cor:DividendsSSIFRS	配当金、持分変動計算書（IFRS）	CurrentYearDuration_RetainedEarningsIFRSMember	JPY	-19788000000
jpigp_cor:DividendsSSIFRS	配当金、持分変動計算書（IFRS）	CurrentYearDuration_TreasurySharesIFRSMember	JPY	－
jpigp_cor:DividendsSSIFRS	配当金、持分変動計算書（IFRS）	CurrentYearDuration_RemeasurementsOfDefinedBenefitPlansIFRSMember	JPY	－
jpigp_cor:DividendsSSIFRS	配当金、持分変動計算書（IFRS）	CurrentYearDuration_FinancialAssetsMeasuredAtFairValueThroughOtherComprehensiveIncomeIFRSMember	JPY	－
jpigp_cor:DividendsSSIFRS	配当金、持分変動計算書（IFRS）	CurrentYearDuration_ExchangeDifferencesOnTranslationOfForeignOperationsIFRSMember	JPY	－
jpigp_cor:DividendsSSIFRS	配当金、持分変動計算書（IFRS）	CurrentYearDuration_ShareOfOtherComprehensiveIncomeOfInvestmentsAccountedForUsingEquityMethodIFRSMember	JPY	－
jpigp_cor:DividendsSSIFRS	配当金、持分変動計算書（IFRS）	CurrentYearDuration_OtherComponentsOfEquityIFRSMember	JPY	－
jpigp_cor:DividendsSSIFRS	配当金、持分変動計算書（IFRS）	CurrentYearDuration_EquityAttributableToOwnersOfParentIFRSMember	JPY	-19788000000
jpigp_cor:DividendsSSIFRS	配当金、持分変動計算書（IFRS）	CurrentYearDuration_NonControllingInterestsIFRSMember	JPY	-235000000
jpigp_cor:DividendsSSIFRS	配当金、持分変動計算書（IFRS）	CurrentYearDuration	JPY	-20024000000
jpigp_cor:ShareBasedPaymentTransactionsSSIFRS	株式報酬取引、持分変動計算書（IFRS）	CurrentYearDuration_ShareCapitalIFRSMember	JPY	－
jpigp_cor:ShareBasedPaymentTransactionsSSIFRS	株式報酬取引、持分変動計算書（IFRS）	CurrentYearDuration_CapitalSurplusIFRSMember	JPY	56000000
jpigp_cor:ShareBasedPaymentTransactionsSSIFRS	株式報酬取引、持分変動計算書（IFRS）	CurrentYearDuration_RetainedEarningsIFRSMember	JPY	－
jpigp_cor:ShareBasedPaymentTransactionsSSIFRS	株式報酬取引、持分変動計算書（IFRS）	CurrentYearDuration_TreasurySharesIFRSMember	JPY	－
jpigp_cor:ShareBasedPaymentTransactionsSSIFRS	株式報酬取引、持分変動計算書（IFRS）	CurrentYearDuration_RemeasurementsOfDefinedBenefitPlansIFRSMember	JPY	－
jpigp_cor:ShareBasedPaymentTransactionsSSIFRS	株式報酬取引、持分変動計算書（IFRS）	CurrentYearDuration_FinancialAssetsMeasuredAtFairValueThroughOtherComprehensiveIncomeIFRSMember	JPY	－
jpigp_cor:ShareBasedPaymentTransactionsSSIFRS	株式報酬取引、持分変動計算書（IFRS）	CurrentYearDuration_ExchangeDifferencesOnTranslationOfForeignOperationsIFRSMember	JPY	－
jpigp_cor:ShareBasedPaymentTransactionsSSIFRS	株式報酬取引、持分変動計算書（IFRS）	CurrentYearDuration_ShareOfOtherComprehensiveIncomeOfInvestmentsAccountedForUsingEquityMethodIFRSMember	JPY	－
jpigp_cor:ShareBasedPaymentTransactionsSSIFRS	株式報酬取引、持分変動計算書（IFRS）	CurrentYearDuration_OtherComponentsOfEquityIFRSMember	JPY	－
jpigp_cor:ShareBasedPaymentTransactionsSSIFRS	株式報酬取引、持分変動計算書（IFRS）	CurrentYearDuration_EquityAttributableToOwnersOfParentIFRSMember	JPY	56000000
jpigp_cor:ShareBasedPaymentTransactionsSSIFRS	株式報酬取引、持分変動計算書（IFRS）	CurrentYearDuration_NonControllingInterestsIFRSMember	JPY	－
jpigp_cor:ShareBasedPaymentTransactionsSSIFRS	株式報酬取引、持分変動計算書（IFRS）	CurrentYearDuration	JPY	56000000
jpigp_cor:PurchaseOfTreasurySharesSSIFRS	自己株式の取得、持分変動計算書（IFRS）	CurrentYearDuration_ShareCapitalIFRSMember	JPY	－
jpigp_cor:PurchaseOfTreasurySharesSSIFRS	自己株式の取得、持分変動計算書（IFRS）	CurrentYearDuration_CapitalSurplusIFRSMember	JPY	-3000000
jpigp_cor:PurchaseOfTreasurySharesSSIFRS	自己株式の取得、持分変動計算書（IFRS）	CurrentYearDuration_RetainedEarningsIFRSMember	JPY	－
jpigp_cor:PurchaseOfTreasurySharesSSIFRS	自己株式の取得、持分変動計算書（IFRS）	CurrentYearDuration_TreasurySharesIFRSMember	JPY	-20005000000
jpigp_cor:PurchaseOfTreasurySharesSSIFRS	自己株式の取得、持分変動計算書（IFRS）	CurrentYearDuration_RemeasurementsOfDefinedBenefitPlansIFRSMember	JPY	－
jpigp_cor:PurchaseOfTreasurySharesSSIFRS	自己株式の取得、持分変動計算書（IFRS）	CurrentYearDuration_FinancialAssetsMeasuredAtFairValueThroughOtherComprehensiveIncomeIFRSMember	JPY	－
jpigp_cor:PurchaseOfTreasurySharesSSIFRS	自己株式の取得、持分変動計算書（IFRS）	CurrentYearDuration_ExchangeDifferencesOnTranslationOfForeignOperationsIFRSMember	JPY	－
jpigp_cor:PurchaseOfTreasurySharesSSIFRS	自己株式の取得、持分変動計算書（IFRS）	CurrentYearDuration_ShareOfOtherComprehensiveIncomeOfInvestmentsAccountedForUsingEquityMethodIFRSMember	JPY	－
jpigp_cor:PurchaseOfTreasurySharesSSIFRS	自己株式の取得、持分変動計算書（IFRS）	CurrentYearDuration_OtherComponentsOfEquityIFRSMember	JPY	－
jpigp_cor:PurchaseOfTreasurySharesSSIFRS	自己株式の取得、持分変動計算書（IFRS）	CurrentYearDuration_EquityAttributableToOwnersOfParentIFRSMember	JPY	-20009000000
jpigp_cor:PurchaseOfTreasurySharesSSIFRS	自己株式の取得、持分変動計算書（IFRS）	CurrentYearDuration_NonControllingInterestsIFRSMember	JPY	－
jpigp_cor:PurchaseOfTreasurySharesSSIFRS	自己株式の取得、持分変動計算書（IFRS）	CurrentYearDuration	JPY	-20009000000
jpigp_cor:DisposalOfTreasurySharesSSIFRS	自己株式の処分、持分変動計算書（IFRS）	CurrentYearDuration_ShareCapitalIFRSMember	JPY	－
jpigp_cor:DisposalOfTreasurySharesSSIFRS	自己株式の処分、持分変動計算書（IFRS）	CurrentYearDuration_CapitalSurplusIFRSMember	JPY	0
jpigp_cor:DisposalOfTreasurySharesSSIFRS	自己株式の処分、持分変動計算書（IFRS）	CurrentYearDuration_RetainedEarningsIFRSMember	JPY	－
jpigp_cor:DisposalOfTreasurySharesSSIFRS	自己株式の処分、持分変動計算書（IFRS）	CurrentYearDuration_TreasurySharesIFRSMember	JPY	0
jpigp_cor:DisposalOfTreasurySharesSSIFRS	自己株式の処分、持分変動計算書（IFRS）	CurrentYearDuration_RemeasurementsOfDefinedBenefitPlansIFRSMember	JPY	－
jpigp_cor:DisposalOfTreasurySharesSSIFRS	自己株式の処分、持分変動計算書（IFRS）	CurrentYearDuration_FinancialAssetsMeasuredAtFairValueThroughOtherComprehensiveIncomeIFRSMember	JPY	－
jpigp_cor:DisposalOfTreasurySharesSSIFRS	自己株式の処分、持分変動計算書（IFRS）	CurrentYearDuration_ExchangeDifferencesOnTranslationOfForeignOperationsIFRSMember	JPY	－
jpigp_cor:DisposalOfTreasurySharesSSIFRS	自己株式の処分、持分変動計算書（IFRS）	CurrentYearDuration_ShareOfOtherComprehensiveIncomeOfInvestmentsAccountedForUsingEquityMethodIFRSMember	JPY	－
jpigp_cor:DisposalOfTreasurySharesSSIFRS	自己株式の処分、持分変動計算書（IFRS）	CurrentYearDuration_OtherComponentsOfEquityIFRSMember	JPY	－
jpigp_cor:DisposalOfTreasurySharesSSIFRS	自己株式の処分、持分変動計算書（IFRS）	CurrentYearDuration_EquityAttributableToOwnersOfParentIFRSMember	JPY	0
jpigp_cor:DisposalOfTreasurySharesSSIFRS	自己株式の処分、持分変動計算書（IFRS）	CurrentYearDuration_NonControllingInterestsIFRSMember	JPY	－
jpigp_cor:DisposalOfTreasurySharesSSIFRS	自己株式の処分、持分変動計算書（IFRS）	CurrentYearDuration	JPY	0
jpigp_cor:CancellationOfTreasurySharesSSIFRS	自己株式の消却、持分変動計算書（IFRS）	CurrentYearDuration_ShareCapitalIFRSMember	JPY	－
jpigp_cor:CancellationOfTreasurySharesSSIFRS	自己株式の消却、持分変動計算書（IFRS）	CurrentYearDuration_CapitalSurplusIFRSMember	JPY	-18320000000
jpigp_cor:CancellationOfTreasurySharesSSIFRS	自己株式の消却、持分変動計算書（IFRS）	CurrentYearDuration_RetainedEarningsIFRSMember	JPY	－
jpigp_cor:CancellationOfTreasurySharesSSIFRS	自己株式の消却、持分変動計算書（IFRS）	CurrentYearDuration_TreasurySharesIFRSMember	JPY	18320000000
jpigp_cor:CancellationOfTreasurySharesSSIFRS	自己株式の消却、持分変動計算書（IFRS）	CurrentYearDuration_RemeasurementsOfDefinedBenefitPlansIFRSMember	JPY	－
jpigp_cor:CancellationOfTreasurySharesSSIFRS	自己株式の消却、持分変動計算書（IFRS）	CurrentYearDuration_FinancialAssetsMeasuredAtFairValueThroughOtherComprehensiveIncomeIFRSMember	JPY	－
jpigp_cor:CancellationOfTreasurySharesSSIFRS	自己株式の消却、持分変動計算書（IFRS）	CurrentYearDuration_ExchangeDifferencesOnTranslationOfForeignOperationsIFRSMember	JPY	－
jpigp_cor:CancellationOfTreasurySharesSSIFRS	自己株式の消却、持分変動計算書（IFRS）	CurrentYearDuration_ShareOfOtherComprehensiveIncomeOfInvestmentsAccountedForUsingEquityMethodIFRSMember	JPY	－
jpigp_cor:CancellationOfTreasurySharesSSIFRS	自己株式の消却、持分変動計算書（IFRS）	CurrentYearDuration_OtherComponentsOfEquityIFRSMember	JPY	－
jpigp_cor:CancellationOfTreasurySharesSSIFRS	自己株式の消却、持分変動計算書（IFRS）	CurrentYearDuration_EquityAttributableToOwnersOfParentIFRSMember	JPY	－
jpigp_cor:CancellationOfTreasurySharesSSIFRS	自己株式の消却、持分変動計算書（IFRS）	CurrentYearDuration_NonControllingInterestsIFRSMember	JPY	－
jpigp_cor:CancellationOfTreasurySharesSSIFRS	自己株式の消却、持分変動計算書（IFRS）	CurrentYearDuration	JPY	－
jpigp_cor:TransferFromOtherComponentsOfEquityToRetainedEarningsSSIFRS	その他の資本の構成要素から利益剰余金への振替、持分変動計算書（IFRS）	CurrentYearDuration_ShareCapitalIFRSMember	JPY	－
jpigp_cor:TransferFromOtherComponentsOfEquityToRetainedEarningsSSIFRS	その他の資本の構成要素から利益剰余金への振替、持分変動計算書（IFRS）	CurrentYearDuration_CapitalSurplusIFRSMember	JPY	－
jpigp_cor:TransferFromOtherComponentsOfEquityToRetainedEarningsSSIFRS	その他の資本の構成要素から利益剰余金への振替、持分変動計算書（IFRS）	CurrentYearDuration_RetainedEarningsIFRSMember	JPY	5055000000
jpigp_cor:TransferFromOtherComponentsOfEquityToRetainedEarningsSSIFRS	その他の資本の構成要素から利益剰余金への振替、持分変動計算書（IFRS）	CurrentYearDuration_TreasurySharesIFRSMember	JPY	－
jpigp_cor:TransferFromOtherComponentsOfEquityToRetainedEarningsSSIFRS	その他の資本の構成要素から利益剰余金への振替、持分変動計算書（IFRS）	CurrentYearDuration_RemeasurementsOfDefinedBenefitPlansIFRSMember	JPY	106000000
jpigp_cor:TransferFromOtherComponentsOfEquityToRetainedEarningsSSIFRS	その他の資本の構成要素から利益剰余金への振替、持分変動計算書（IFRS）	CurrentYearDuration_FinancialAssetsMeasuredAtFairValueThroughOtherComprehensiveIncomeIFRSMember	JPY	-5161000000
jpigp_cor:TransferFromOtherComponentsOfEquityToRetainedEarningsSSIFRS	その他の資本の構成要素から利益剰余金への振替、持分変動計算書（IFRS）	CurrentYearDuration_ExchangeDifferencesOnTranslationOfForeignOperationsIFRSMember	JPY	－
jpigp_cor:TransferFromOtherComponentsOfEquityToRetainedEarningsSSIFRS	その他の資本の構成要素から利益剰余金への振替、持分変動計算書（IFRS）	CurrentYearDuration_ShareOfOtherComprehensiveIncomeOfInvestmentsAccountedForUsingEquityMethodIFRSMember	JPY	－
jpigp_cor:TransferFromOtherComponentsOfEquityToRetainedEarningsSSIFRS	その他の資本の構成要素から利益剰余金への振替、持分変動計算書（IFRS）	CurrentYearDuration_OtherComponentsOfEquityIFRSMember	JPY	-5055000000
jpigp_cor:TransferFromOtherComponentsOfEquityToRetainedEarningsSSIFRS	その他の資本の構成要素から利益剰余金への振替、持分変動計算書（IFRS）	CurrentYearDuration_EquityAttributableToOwnersOfParentIFRSMember	JPY	－
jpigp_cor:TransferFromOtherComponentsOfEquityToRetainedEarningsSSIFRS	その他の資本の構成要素から利益剰余金への振替、持分変動計算書（IFRS）	CurrentYearDuration_NonControllingInterestsIFRSMember	JPY	－
jpigp_cor:TransferFromOtherComponentsOfEquityToRetainedEarningsSSIFRS	その他の資本の構成要素から利益剰余金への振替、持分変動計算書（IFRS）	CurrentYearDuration	JPY	－
jpcrp030000-asr_E01486-000:OtherChangesIFRS		CurrentYearDuration_ShareCapitalIFRSMember	JPY	－
jpcrp030000-asr_E01486-000:OtherChangesIFRS		CurrentYearDuration_CapitalSurplusIFRSMember	JPY	219000000
jpcrp030000-asr_E01486-000:OtherChangesIFRS		CurrentYearDuration_RetainedEarningsIFRSMember	JPY	－
jpcrp030000-asr_E01486-000:OtherChangesIFRS		CurrentYearDuration_TreasurySharesIFRSMember	JPY	－
jpcrp030000-asr_E01486-000:OtherChangesIFRS		CurrentYearDuration_RemeasurementsOfDefinedBenefitPlansIFRSMember	JPY	－
jpcrp030000-asr_E01486-000:OtherChangesIFRS		CurrentYearDuration_FinancialAssetsMeasuredAtFairValueThroughOtherComprehensiveIncomeIFRSMember	JPY	－
jpcrp030000-asr_E01486-000:OtherChangesIFRS		CurrentYearDuration_ExchangeDifferencesOnTranslationOfForeignOperationsIFRSMember	JPY	－
jpcrp030000-asr_E01486-000:OtherChangesIFRS		CurrentYearDuration_ShareOfOtherComprehensiveIncomeOfInvestmentsAccountedForUsingEquityMethodIFRSMember	JPY	－
jpcrp030000-asr_E01486-000:OtherChangesIFRS		CurrentYearDuration_OtherComponentsOfEquityIFRSMember	JPY	－
jpcrp030000-asr_E01486-000:OtherChangesIFRS		CurrentYearDuration_EquityAttributableToOwnersOfParentIFRSMember	JPY	219000000
jpcrp030000-asr_E01486-000:OtherChangesIFRS		CurrentYearDuration_NonControllingInterestsIFRSMember	JPY	-45000000
jpcrp030000-asr_E01486-000:OtherChangesIFRS		CurrentYearDuration	JPY	174000000
jpigp_cor:TotalTransactionsWithOwnersIFRS	所有者との取引額（IFRS）	CurrentYearDuration_ShareCapitalIFRSMember	JPY	－
jpigp_cor:TotalTransactionsWithOwnersIFRS	所有者との取引額（IFRS）	CurrentYearDuration_CapitalSurplusIFRSMember	JPY	-18047000000
jpigp_cor:TotalTransactionsWithOwnersIFRS	所有者との取引額（IFRS）	CurrentYearDuration_RetainedEarningsIFRSMember	JPY	-14733000000
jpigp_cor:TotalTransactionsWithOwnersIFRS	所有者との取引額（IFRS）	CurrentYearDuration_TreasurySharesIFRSMember	JPY	-1684000000
jpigp_cor:TotalTransactionsWithOwnersIFRS	所有者との取引額（IFRS）	CurrentYearDuration_RemeasurementsOfDefinedBenefitPlansIFRSMember	JPY	106000000
jpigp_cor:TotalTransactionsWithOwnersIFRS	所有者との取引額（IFRS）	CurrentYearDuration_FinancialAssetsMeasuredAtFairValueThroughOtherComprehensiveIncomeIFRSMember	JPY	-5161000000
jpigp_cor:TotalTransactionsWithOwnersIFRS	所有者との取引額（IFRS）	CurrentYearDuration_ExchangeDifferencesOnTranslationOfForeignOperationsIFRSMember	JPY	－
jpigp_cor:TotalTransactionsWithOwnersIFRS	所有者との取引額（IFRS）	CurrentYearDuration_ShareOfOtherComprehensiveIncomeOfInvestmentsAccountedForUsingEquityMethodIFRSMember	JPY	－
jpigp_cor:TotalTransactionsWithOwnersIFRS	所有者との取引額（IFRS）	CurrentYearDuration_OtherComponentsOfEquityIFRSMember	JPY	-5055000000
jpigp_cor:TotalTransactionsWithOwnersIFRS	所有者との取引額（IFRS）	CurrentYearDuration_EquityAttributableToOwnersOfParentIFRSMember	JPY	-39520000000
jpigp_cor:TotalTransactionsWithOwnersIFRS	所有者との取引額（IFRS）	CurrentYearDuration_NonControllingInterestsIFRSMember	JPY	-281000000
jpigp_cor:TotalTransactionsWithOwnersIFRS	所有者との取引額（IFRS）	CurrentYearDuration	JPY	-39802000000
jpigp_cor:EquityIFRS	資本（IFRS）	CurrentYearInstant_ShareCapitalIFRSMember	JPY	54768000000
jpigp_cor:EquityIFRS	資本（IFRS）	CurrentYearInstant_CapitalSurplusIFRSMember	JPY	83588000000
jpigp_cor:EquityIFRS	資本（IFRS）	CurrentYearInstant_RetainedEarningsIFRSMember	JPY	339023000000
jpigp_cor:EquityIFRS	資本（IFRS）	CurrentYearInstant_TreasurySharesIFRSMember	JPY	-11791000000
jpigp_cor:EquityIFRS	資本（IFRS）	CurrentYearInstant_RemeasurementsOfDefinedBenefitPlansIFRSMember	JPY	－
jpigp_cor:EquityIFRS	資本（IFRS）	CurrentYearInstant_FinancialAssetsMeasuredAtFairValueThroughOtherComprehensiveIncomeIFRSMember	JPY	320000000
jpigp_cor:EquityIFRS	資本（IFRS）	CurrentYearInstant_ExchangeDifferencesOnTranslationOfForeignOperationsIFRSMember	JPY	69517000000
jpigp_cor:EquityIFRS	資本（IFRS）	CurrentYearInstant_ShareOfOtherComprehensiveIncomeOfInvestmentsAccountedForUsingEquityMethodIFRSMember	JPY	39000000
jpigp_cor:EquityIFRS	資本（IFRS）	CurrentYearInstant_OtherComponentsOfEquityIFRSMember	JPY	69878000000
jpigp_cor:EquityIFRS	資本（IFRS）	CurrentYearInstant_EquityAttributableToOwnersOfParentIFRSMember	JPY	535467000000
jpigp_cor:EquityIFRS	資本（IFRS）	CurrentYearInstant_NonControllingInterestsIFRSMember	JPY	4891000000
jpigp_cor:EquityIFRS	資本（IFRS）	CurrentYearInstant	JPY	540358000000
jpigp_cor:ProfitLossBeforeTaxIFRS	継続事業からの税引前利益（△損失）（IFRS）	Prior1YearDuration	JPY	49157000000
jpigp_cor:ProfitLossBeforeTaxIFRS	継続事業からの税引前利益（△損失）（IFRS）	CurrentYearDuration	JPY	45706000000
jpigp_cor:DepreciationAndAmortizationOpeCFIFRS	減価償却費及び償却費、営業活動によるキャッシュ・フロー（IFRS）	Prior1YearDuration	JPY	19359000000
jpigp_cor:DepreciationAndAmortizationOpeCFIFRS	減価償却費及び償却費、営業活動によるキャッシュ・フロー（IFRS）	CurrentYearDuration	JPY	22843000000
jpigp_cor:ShareBasedPaymentExpensesOpeCFIFRS	株式報酬費用、営業活動によるキャッシュ・フロー（IFRS）	Prior1YearDuration	JPY	－
jpigp_cor:ShareBasedPaymentExpensesOpeCFIFRS	株式報酬費用、営業活動によるキャッシュ・フロー（IFRS）	CurrentYearDuration	JPY	56000000
jpigp_cor:FinanceIncomeAndFinanceCostsOpeCFIFRS	金融収益及び金融費用、営業活動によるキャッシュ・フロー（IFRS）	Prior1YearDuration	JPY	-777000000
jpigp_cor:FinanceIncomeAndFinanceCostsOpeCFIFRS	金融収益及び金融費用、営業活動によるキャッシュ・フロー（IFRS）	CurrentYearDuration	JPY	1958000000
jpigp_cor:ShareOfLossProfitOfInvestmentsAccountedForUsingEquityMethodOpeCFIFRS	持分法による投資損益（△は益）、営業活動によるキャッシュ・フロー（IFRS）	Prior1YearDuration	JPY	-134000000
jpigp_cor:ShareOfLossProfitOfInvestmentsAccountedForUsingEquityMethodOpeCFIFRS	持分法による投資損益（△は益）、営業活動によるキャッシュ・フロー（IFRS）	CurrentYearDuration	JPY	-209000000
jpigp_cor:LossGainOnSaleAndRetirementOfFixedAssetsOpeCFIFRS	固定資産除売却損益（△は益）、営業活動によるキャッシュ・フロー（IFRS）	Prior1YearDuration	JPY	-924000000
jpigp_cor:LossGainOnSaleAndRetirementOfFixedAssetsOpeCFIFRS	固定資産除売却損益（△は益）、営業活動によるキャッシュ・フロー（IFRS）	CurrentYearDuration	JPY	9000000
jpigp_cor:DecreaseIncreaseInInventoriesOpeCFIFRS	棚卸資産の増減額（△は増加）、営業活動によるキャッシュ・フロー（IFRS）	Prior1YearDuration	JPY	13043000000
jpigp_cor:DecreaseIncreaseInInventoriesOpeCFIFRS	棚卸資産の増減額（△は増加）、営業活動によるキャッシュ・フロー（IFRS）	CurrentYearDuration	JPY	373000000
jpigp_cor:DecreaseIncreaseInTradeAndOtherReceivablesOpeCFIFRS	営業債権及びその他の債権の増減額（△は増加）、営業活動によるキャッシュ・フロー（IFRS）	Prior1YearDuration	JPY	1650000000
jpigp_cor:DecreaseIncreaseInTradeAndOtherReceivablesOpeCFIFRS	営業債権及びその他の債権の増減額（△は増加）、営業活動によるキャッシュ・フロー（IFRS）	CurrentYearDuration	JPY	4387000000
jpigp_cor:IncreaseDecreaseInTradeAndOtherPayablesOpeCFIFRS	営業債務及びその他の債務の増減額（△は減少）、営業活動によるキャッシュ・フロー（IFRS）	Prior1YearDuration	JPY	-19034000000
jpigp_cor:IncreaseDecreaseInTradeAndOtherPayablesOpeCFIFRS	営業債務及びその他の債務の増減額（△は減少）、営業活動によるキャッシュ・フロー（IFRS）	CurrentYearDuration	JPY	-2426000000
jpigp_cor:IncreaseDecreaseInRetirementBenefitLiabilityOpeCFIFRS	退職給付に係る負債の増減額（△は減少）、営業活動によるキャッシュ・フロー（IFRS）	Prior1YearDuration	JPY	392000000
jpigp_cor:IncreaseDecreaseInRetirementBenefitLiabilityOpeCFIFRS	退職給付に係る負債の増減額（△は減少）、営業活動によるキャッシュ・フロー（IFRS）	CurrentYearDuration	JPY	-541000000
jpigp_cor:IncreaseDecreaseInProvisionsOpeCFIFRS	引当金の増減額（△は減少）、営業活動によるキャッシュ・フロー（IFRS）	Prior1YearDuration	JPY	69000000
jpigp_cor:IncreaseDecreaseInProvisionsOpeCFIFRS	引当金の増減額（△は減少）、営業活動によるキャッシュ・フロー（IFRS）	CurrentYearDuration	JPY	554000000
jpigp_cor:OtherChangesInWorkingCapitalOpeCFIFRS	その他、運転資本の増減、営業活動によるキャッシュ・フロー（IFRS）	Prior1YearDuration	JPY	-243000000
jpigp_cor:OtherChangesInWorkingCapitalOpeCFIFRS	その他、運転資本の増減、営業活動によるキャッシュ・フロー（IFRS）	CurrentYearDuration	JPY	1910000000
jpigp_cor:SubtotalOpeCFIFRS	小計、営業活動によるキャッシュ・フロー（IFRS）	Prior1YearDuration	JPY	62558000000
jpigp_cor:SubtotalOpeCFIFRS	小計、営業活動によるキャッシュ・フロー（IFRS）	CurrentYearDuration	JPY	74623000000
jpigp_cor:InterestReceivedOpeCFIFRS	利息の受取額、営業活動によるキャッシュ・フロー（IFRS）	Prior1YearDuration	JPY	1176000000
jpigp_cor:InterestReceivedOpeCFIFRS	利息の受取額、営業活動によるキャッシュ・フロー（IFRS）	CurrentYearDuration	JPY	1198000000
jpigp_cor:DividendsReceivedOpeCFIFRS	配当金の受取額、営業活動によるキャッシュ・フロー（IFRS）	Prior1YearDuration	JPY	49000000
jpigp_cor:DividendsReceivedOpeCFIFRS	配当金の受取額、営業活動によるキャッシュ・フロー（IFRS）	CurrentYearDuration	JPY	65000000
jpigp_cor:InterestPaidOpeCFIFRS	利息の支払額、営業活動によるキャッシュ・フロー（IFRS）	Prior1YearDuration	JPY	-207000000
jpigp_cor:InterestPaidOpeCFIFRS	利息の支払額、営業活動によるキャッシュ・フロー（IFRS）	CurrentYearDuration	JPY	-673000000
jpigp_cor:IncomeTaxesPaidOpeCFIFRS	法人所得税の支払額、営業活動によるキャッシュ・フロー（IFRS）	Prior1YearDuration	JPY	-17384000000
jpigp_cor:IncomeTaxesPaidOpeCFIFRS	法人所得税の支払額、営業活動によるキャッシュ・フロー（IFRS）	CurrentYearDuration	JPY	-17149000000
jpigp_cor:NetCashProvidedByUsedInOperatingActivitiesIFRS	営業活動によるキャッシュ・フロー（IFRS）	Prior1YearDuration	JPY	46192000000
jpigp_cor:NetCashProvidedByUsedInOperatingActivitiesIFRS	営業活動によるキャッシュ・フロー（IFRS）	CurrentYearDuration	JPY	58065000000
jpigp_cor:NetDecreaseIncreaseInTimeDepositsInvCFIFRS	定期預金の純増減額（△は増加）、投資活動によるキャッシュ・フロー（IFRS）	Prior1YearDuration	JPY	3567000000
jpigp_cor:NetDecreaseIncreaseInTimeDepositsInvCFIFRS	定期預金の純増減額（△は増加）、投資活動によるキャッシュ・フロー（IFRS）	CurrentYearDuration	JPY	10206000000
jpigp_cor:PurchaseOfMarketableSecuritiesInvCFIFRS	有価証券の取得による支出、投資活動によるキャッシュ・フロー（IFRS）	Prior1YearDuration	JPY	-18000000000
jpigp_cor:PurchaseOfMarketableSecuritiesInvCFIFRS	有価証券の取得による支出、投資活動によるキャッシュ・フロー（IFRS）	CurrentYearDuration	JPY	-4000000000
jpcrp030000-asr_E01486-000:ProceedsFromSalesAndRedemptionOfMarketableSecuritiesInvCFIFRS		Prior1YearDuration	JPY	20300000000
jpcrp030000-asr_E01486-000:ProceedsFromSalesAndRedemptionOfMarketableSecuritiesInvCFIFRS		CurrentYearDuration	JPY	13000000000
jpigp_cor:PurchaseOfInvestmentSecuritiesInvCFIFRS	投資有価証券の取得による支出、投資活動によるキャッシュ・フロー（IFRS）	Prior1YearDuration	JPY	-32000000
jpigp_cor:PurchaseOfInvestmentSecuritiesInvCFIFRS	投資有価証券の取得による支出、投資活動によるキャッシュ・フロー（IFRS）	CurrentYearDuration	JPY	-156000000
jpcrp030000-asr_E01486-000:ProceedsFromSalesAndRedemptionOfInvestmentSecuritiesInvCFIFRS		Prior1YearDuration	JPY	11505000000
jpcrp030000-asr_E01486-000:ProceedsFromSalesAndRedemptionOfInvestmentSecuritiesInvCFIFRS		CurrentYearDuration	JPY	14180000000
jpigp_cor:PurchaseOfPropertyPlantAndEquipmentInvCFIFRS	有形固定資産の取得による支出、投資活動によるキャッシュ・フロー（IFRS）	Prior1YearDuration	JPY	-6787000000
jpigp_cor:PurchaseOfPropertyPlantAndEquipmentInvCFIFRS	有形固定資産の取得による支出、投資活動によるキャッシュ・フロー（IFRS）	CurrentYearDuration	JPY	-5578000000
jpigp_cor:ProceedsFromSaleOfPropertyPlantAndEquipmentInvCFIFRS	有形固定資産の売却による収入、投資活動によるキャッシュ・フロー（IFRS）	Prior1YearDuration	JPY	1607000000
jpigp_cor:ProceedsFromSaleOfPropertyPlantAndEquipmentInvCFIFRS	有形固定資産の売却による収入、投資活動によるキャッシュ・フロー（IFRS）	CurrentYearDuration	JPY	550000000
jpigp_cor:PurchaseOfIntangibleAssetsInvCFIFRS	無形資産の取得による支出、投資活動によるキャッシュ・フロー（IFRS）	Prior1YearDuration	JPY	-4414000000
jpigp_cor:PurchaseOfIntangibleAssetsInvCFIFRS	無形資産の取得による支出、投資活動によるキャッシュ・フロー（IFRS）	CurrentYearDuration	JPY	-4021000000
jpigp_cor:PaymentsForAcquisitionOfSubsidiariesInvCFIFRS	子会社の取得による支出、投資活動によるキャッシュ・フロー（IFRS）	Prior1YearDuration	JPY	－
jpigp_cor:PaymentsForAcquisitionOfSubsidiariesInvCFIFRS	子会社の取得による支出、投資活動によるキャッシュ・フロー（IFRS）	CurrentYearDuration	JPY	-49866000000
jpigp_cor:OtherInvCFIFRS	その他、投資活動によるキャッシュ・フロー（IFRS）	Prior1YearDuration	JPY	105000000
jpigp_cor:OtherInvCFIFRS	その他、投資活動によるキャッシュ・フロー（IFRS）	CurrentYearDuration	JPY	517000000
jpigp_cor:NetCashProvidedByUsedInInvestingActivitiesIFRS	投資活動によるキャッシュ・フロー（IFRS）	Prior1YearDuration	JPY	7851000000
jpigp_cor:NetCashProvidedByUsedInInvestingActivitiesIFRS	投資活動によるキャッシュ・フロー（IFRS）	CurrentYearDuration	JPY	-25168000000
jpigp_cor:ProceedsFromShortTermBorrowingsFinCFIFRS	短期借入れによる収入、財務活動によるキャッシュ・フロー（IFRS）	Prior1YearDuration	JPY	1340000000
jpigp_cor:ProceedsFromShortTermBorrowingsFinCFIFRS	短期借入れによる収入、財務活動によるキャッシュ・フロー（IFRS）	CurrentYearDuration	JPY	63100000000
jpigp_cor:RepaymentsOfShortTermBorrowingsFinCFIFRS	短期借入金の返済による支出、財務活動によるキャッシュ・フロー（IFRS）	Prior1YearDuration	JPY	-1503000000
jpigp_cor:RepaymentsOfShortTermBorrowingsFinCFIFRS	短期借入金の返済による支出、財務活動によるキャッシュ・フロー（IFRS）	CurrentYearDuration	JPY	-64799000000
jpigp_cor:NetIncreaseDecreaseInShortTermBorrowingsFinCFIFRS	短期借入金の純増減額（△は減少）、財務活動によるキャッシュ・フロー（IFRS）	Prior1YearDuration	JPY	3814000000
jpigp_cor:NetIncreaseDecreaseInShortTermBorrowingsFinCFIFRS	短期借入金の純増減額（△は減少）、財務活動によるキャッシュ・フロー（IFRS）	CurrentYearDuration	JPY	59391000000
jpigp_cor:ProceedsFromLongTermBorrowingsFinCFIFRS	長期借入れによる収入、財務活動によるキャッシュ・フロー（IFRS）	Prior1YearDuration	JPY	－
jpigp_cor:ProceedsFromLongTermBorrowingsFinCFIFRS	長期借入れによる収入、財務活動によるキャッシュ・フロー（IFRS）	CurrentYearDuration	JPY	10000000000
jpigp_cor:RepaymentsOfLongTermBorrowingsFinCFIFRS	長期借入金の返済による支出、財務活動によるキャッシュ・フロー（IFRS）	Prior1YearDuration	JPY	-762000000
jpigp_cor:RepaymentsOfLongTermBorrowingsFinCFIFRS	長期借入金の返済による支出、財務活動によるキャッシュ・フロー（IFRS）	CurrentYearDuration	JPY	-10678000000
jpigp_cor:RepaymentsOfLeaseObligationsFinCFIFRS	リース負債の返済による支出、財務活動によるキャッシュ・フロー（IFRS）	Prior1YearDuration	JPY	-2926000000
jpigp_cor:RepaymentsOfLeaseObligationsFinCFIFRS	リース負債の返済による支出、財務活動によるキャッシュ・フロー（IFRS）	CurrentYearDuration	JPY	-3276000000
jpigp_cor:PaymentsForPurchaseOfTreasurySharesFinCFIFRS	自己株式の取得による支出、財務活動によるキャッシュ・フロー（IFRS）	Prior1YearDuration	JPY	-20244000000
jpigp_cor:PaymentsForPurchaseOfTreasurySharesFinCFIFRS	自己株式の取得による支出、財務活動によるキャッシュ・フロー（IFRS）	CurrentYearDuration	JPY	-20005000000
jpigp_cor:DividendsPaidFinCFIFRS	配当金の支払額、財務活動によるキャッシュ・フロー（IFRS）	Prior1YearDuration	JPY	-21865000000
jpigp_cor:DividendsPaidFinCFIFRS	配当金の支払額、財務活動によるキャッシュ・フロー（IFRS）	CurrentYearDuration	JPY	-19754000000
jpigp_cor:DividendsPaidToNonControllingInterestsFinCFIFRS	非支配持分への配当金の支払額、財務活動によるキャッシュ・フロー（IFRS）	Prior1YearDuration	JPY	-273000000
jpigp_cor:DividendsPaidToNonControllingInterestsFinCFIFRS	非支配持分への配当金の支払額、財務活動によるキャッシュ・フロー（IFRS）	CurrentYearDuration	JPY	-235000000
jpigp_cor:OtherFinCFIFRS	その他、財務活動によるキャッシュ・フロー（IFRS）	Prior1YearDuration	JPY	0
jpigp_cor:OtherFinCFIFRS	その他、財務活動によるキャッシュ・フロー（IFRS）	CurrentYearDuration	JPY	0
jpigp_cor:NetCashProvidedByUsedInFinancingActivitiesIFRS	財務活動によるキャッシュ・フロー（IFRS）	Prior1YearDuration	JPY	-42420000000
jpigp_cor:NetCashProvidedByUsedInFinancingActivitiesIFRS	財務活動によるキャッシュ・フロー（IFRS）	CurrentYearDuration	JPY	13741000000
jpigp_cor:EffectOfExchangeRateChangesOnCashAndCashEquivalentsIFRS	現金及び現金同等物の為替変動による影響（IFRS）	Prior1YearDuration	JPY	-203000000
jpigp_cor:EffectOfExchangeRateChangesOnCashAndCashEquivalentsIFRS	現金及び現金同等物の為替変動による影響（IFRS）	CurrentYearDuration	JPY	2146000000
jpigp_cor:NetIncreaseDecreaseInCashAndCashEquivalentsIFRS	現金及び現金同等物の増減額（△は減少）（IFRS）	Prior1YearDuration	JPY	11420000000
jpigp_cor:NetIncreaseDecreaseInCashAndCashEquivalentsIFRS	現金及び現金同等物の増減額（△は減少）（IFRS）	CurrentYearDuration	JPY	48785000000
jpigp_cor:CashAndCashEquivalentsIFRS	現金及び現金同等物（IFRS）	Prior2YearInstant	JPY	93420000000
jpigp_cor:CashAndCashEquivalentsIFRS	現金及び現金同等物（IFRS）	Prior1YearInstant	JPY	104841000000
jpigp_cor:CashAndCashEquivalentsIFRS	現金及び現金同等物（IFRS）	Prior1YearInstant	JPY	104841000000
jpigp_cor:CashAndCashEquivalentsIFRS	現金及び現金同等物（IFRS）	CurrentYearInstant	JPY	153626000000
jpigp_cor:RevenueFromExternalCustomersIFRS	外部顧客への売上収益（IFRS）	Prior1YearDuration_jpcrp030000-asr_E01486-000MetalworkingMachineryReportableSegmentMember	JPY	330201000000
jpigp_cor:RevenueFromExternalCustomersIFRS	外部顧客への売上収益（IFRS）	Prior1YearDuration_jpcrp030000-asr_E01486-000MetalworkingMachineToolsReportableSegmentMember	JPY	65213000000
jpigp_cor:RevenueFromExternalCustomersIFRS	外部顧客への売上収益（IFRS）	Prior1YearDuration_OperatingSegmentsNotIncludedInReportableSegmentsAndOtherRevenueGeneratingBusinessActivitiesMember	JPY	1255000000
jpigp_cor:RevenueFromExternalCustomersIFRS	外部顧客への売上収益（IFRS）	Prior1YearDuration_TotalOfReportableSegmentsAndOthersMember	JPY	396670000000
jpigp_cor:RevenueFromExternalCustomersIFRS	外部顧客への売上収益（IFRS）	Prior1YearDuration_ReconcilingItemsMember	JPY	－
jpigp_cor:RevenueFromExternalCustomersIFRS	外部顧客への売上収益（IFRS）	Prior1YearDuration	JPY	396670000000
jpigp_cor:IntersegmentRevenueIFRS	セグメント間の売上収益（IFRS）	Prior1YearDuration_jpcrp030000-asr_E01486-000MetalworkingMachineryReportableSegmentMember	JPY	－
jpigp_cor:IntersegmentRevenueIFRS	セグメント間の売上収益（IFRS）	Prior1YearDuration_jpcrp030000-asr_E01486-000MetalworkingMachineToolsReportableSegmentMember	JPY	－
jpigp_cor:IntersegmentRevenueIFRS	セグメント間の売上収益（IFRS）	Prior1YearDuration_OperatingSegmentsNotIncludedInReportableSegmentsAndOtherRevenueGeneratingBusinessActivitiesMember	JPY	－
jpigp_cor:IntersegmentRevenueIFRS	セグメント間の売上収益（IFRS）	Prior1YearDuration_TotalOfReportableSegmentsAndOthersMember	JPY	－
jpigp_cor:IntersegmentRevenueIFRS	セグメント間の売上収益（IFRS）	Prior1YearDuration_ReconcilingItemsMember	JPY	－
jpigp_cor:IntersegmentRevenueIFRS	セグメント間の売上収益（IFRS）	Prior1YearDuration	JPY	－
jpigp_cor:RevenueIFRS	売上収益（IFRS）	Prior1YearDuration_jpcrp030000-asr_E01486-000MetalworkingMachineryReportableSegmentMember	JPY	330201000000
jpigp_cor:RevenueIFRS	売上収益（IFRS）	Prior1YearDuration_jpcrp030000-asr_E01486-000MetalworkingMachineToolsReportableSegmentMember	JPY	65213000000
jpigp_cor:RevenueIFRS	売上収益（IFRS）	Prior1YearDuration_OperatingSegmentsNotIncludedInReportableSegmentsAndOtherRevenueGeneratingBusinessActivitiesMember	JPY	1255000000
jpigp_cor:RevenueIFRS	売上収益（IFRS）	Prior1YearDuration_TotalOfReportableSegmentsAndOthersMember	JPY	396670000000
jpigp_cor:RevenueIFRS	売上収益（IFRS）	Prior1YearDuration_ReconcilingItemsMember	JPY	－
jpigp_cor:RevenueIFRS	売上収益（IFRS）	Prior1YearDuration	JPY	396670000000
jpigp_cor:OperatingProfitLossIFRS	営業利益（△損失）（IFRS）	Prior1YearDuration_jpcrp030000-asr_E01486-000MetalworkingMachineryReportableSegmentMember	JPY	40396000000
jpigp_cor:OperatingProfitLossIFRS	営業利益（△損失）（IFRS）	Prior1YearDuration_jpcrp030000-asr_E01486-000MetalworkingMachineToolsReportableSegmentMember	JPY	6899000000
jpigp_cor:OperatingProfitLossIFRS	営業利益（△損失）（IFRS）	Prior1YearDuration_OperatingSegmentsNotIncludedInReportableSegmentsAndOtherRevenueGeneratingBusinessActivitiesMember	JPY	1780000000
jpigp_cor:OperatingProfitLossIFRS	営業利益（△損失）（IFRS）	Prior1YearDuration_TotalOfReportableSegmentsAndOthersMember	JPY	49076000000
jpigp_cor:OperatingProfitLossIFRS	営業利益（△損失）（IFRS）	Prior1YearDuration_ReconcilingItemsMember	JPY	－
jpigp_cor:OperatingProfitLossIFRS	営業利益（△損失）（IFRS）	Prior1YearDuration	JPY	49076000000
jpigp_cor:FinanceIncomeIFRS	金融収益（IFRS）	Prior1YearDuration	JPY	1457000000
jpigp_cor:FinanceCostsIFRS	金融費用（IFRS）	Prior1YearDuration	JPY	1510000000
jpigp_cor:ShareOfProfitLossOfInvestmentsAccountedForUsingEquityMethodIFRS	持分法による投資損益（△は損失）（IFRS）	Prior1YearDuration	JPY	134000000
jpigp_cor:ProfitLossBeforeTaxIFRS	継続事業からの税引前利益（△損失）（IFRS）	Prior1YearDuration	JPY	49157000000
jpigp_cor:AssetsIFRS	資産（IFRS）	Prior1YearInstant_jpcrp030000-asr_E01486-000MetalworkingMachineryReportableSegmentMember	JPY	469080000000
jpigp_cor:AssetsIFRS	資産（IFRS）	Prior1YearInstant_jpcrp030000-asr_E01486-000MetalworkingMachineToolsReportableSegmentMember	JPY	68868000000
jpigp_cor:AssetsIFRS	資産（IFRS）	Prior1YearInstant_OperatingSegmentsNotIncludedInReportableSegmentsAndOtherRevenueGeneratingBusinessActivitiesMember	JPY	8517000000
jpigp_cor:AssetsIFRS	資産（IFRS）	Prior1YearInstant_TotalOfReportableSegmentsAndOthersMember	JPY	546465000000
jpigp_cor:AssetsIFRS	資産（IFRS）	Prior1YearInstant_ReconcilingItemsMember	JPY	103426000000
jpigp_cor:AssetsIFRS	資産（IFRS）	Prior1YearInstant	JPY	649891000000
jpigp_cor:DepreciationAndAmortizationOperatingExpensesIFRS	減価償却費及び償却費、営業費用（IFRS）	Prior1YearDuration_jpcrp030000-asr_E01486-000MetalworkingMachineryReportableSegmentMember	JPY	15775000000
jpigp_cor:DepreciationAndAmortizationOperatingExpensesIFRS	減価償却費及び償却費、営業費用（IFRS）	Prior1YearDuration_jpcrp030000-asr_E01486-000MetalworkingMachineToolsReportableSegmentMember	JPY	2244000000
jpigp_cor:DepreciationAndAmortizationOperatingExpensesIFRS	減価償却費及び償却費、営業費用（IFRS）	Prior1YearDuration_OperatingSegmentsNotIncludedInReportableSegmentsAndOtherRevenueGeneratingBusinessActivitiesMember	JPY	8000000
jpigp_cor:DepreciationAndAmortizationOperatingExpensesIFRS	減価償却費及び償却費、営業費用（IFRS）	Prior1YearDuration_TotalOfReportableSegmentsAndOthersMember	JPY	18028000000
jpigp_cor:DepreciationAndAmortizationOperatingExpensesIFRS	減価償却費及び償却費、営業費用（IFRS）	Prior1YearDuration_ReconcilingItemsMember	JPY	1330000000
jpigp_cor:DepreciationAndAmortizationOperatingExpensesIFRS	減価償却費及び償却費、営業費用（IFRS）	Prior1YearDuration	JPY	19359000000
jpigp_cor:InvestmentsAccountedForUsingEquityMethodIFRS	持分法で会計処理されている投資（IFRS）	Prior1YearInstant_jpcrp030000-asr_E01486-000MetalworkingMachineryReportableSegmentMember	JPY	559000000
jpigp_cor:InvestmentsAccountedForUsingEquityMethodIFRS	持分法で会計処理されている投資（IFRS）	Prior1YearInstant_jpcrp030000-asr_E01486-000MetalworkingMachineToolsReportableSegmentMember	JPY	159000000
jpigp_cor:InvestmentsAccountedForUsingEquityMethodIFRS	持分法で会計処理されている投資（IFRS）	Prior1YearInstant_OperatingSegmentsNotIncludedInReportableSegmentsAndOtherRevenueGeneratingBusinessActivitiesMember	JPY	－
jpigp_cor:InvestmentsAccountedForUsingEquityMethodIFRS	持分法で会計処理されている投資（IFRS）	Prior1YearInstant_TotalOfReportableSegmentsAndOthersMember	JPY	719000000
jpigp_cor:InvestmentsAccountedForUsingEquityMethodIFRS	持分法で会計処理されている投資（IFRS）	Prior1YearInstant_ReconcilingItemsMember	JPY	－
jpigp_cor:InvestmentsAccountedForUsingEquityMethodIFRS	持分法で会計処理されている投資（IFRS）	Prior1YearInstant	JPY	719000000
jpcrp030000-asr_E01486-000:IncreaseInPropertyPlantAndEquipmentAndIntangibleAssetsIFRS		Prior1YearDuration_jpcrp030000-asr_E01486-000MetalworkingMachineryReportableSegmentMember	JPY	9060000000
jpcrp030000-asr_E01486-000:IncreaseInPropertyPlantAndEquipmentAndIntangibleAssetsIFRS		Prior1YearDuration_jpcrp030000-asr_E01486-000MetalworkingMachineToolsReportableSegmentMember	JPY	953000000
jpcrp030000-asr_E01486-000:IncreaseInPropertyPlantAndEquipmentAndIntangibleAssetsIFRS		Prior1YearDuration_OperatingSegmentsNotIncludedInReportableSegmentsAndOtherRevenueGeneratingBusinessActivitiesMember	JPY	－
jpcrp030000-asr_E01486-000:IncreaseInPropertyPlantAndEquipmentAndIntangibleAssetsIFRS		Prior1YearDuration_TotalOfReportableSegmentsAndOthersMember	JPY	10014000000
jpcrp030000-asr_E01486-000:IncreaseInPropertyPlantAndEquipmentAndIntangibleAssetsIFRS		Prior1YearDuration_ReconcilingItemsMember	JPY	92000000
jpcrp030000-asr_E01486-000:IncreaseInPropertyPlantAndEquipmentAndIntangibleAssetsIFRS		Prior1YearDuration	JPY	10106000000
jpigp_cor:RevenueFromExternalCustomersIFRS	外部顧客への売上収益（IFRS）	CurrentYearDuration_jpcrp030000-asr_E01486-000MetalworkingMachineryReportableSegmentMember	JPY	326485000000
jpigp_cor:RevenueFromExternalCustomersIFRS	外部顧客への売上収益（IFRS）	CurrentYearDuration_jpcrp030000-asr_E01486-000MetalworkingMachineToolsReportableSegmentMember	JPY	88345000000
jpigp_cor:RevenueFromExternalCustomersIFRS	外部顧客への売上収益（IFRS）	CurrentYearDuration_OperatingSegmentsNotIncludedInReportableSegmentsAndOtherRevenueGeneratingBusinessActivitiesMember	JPY	22541000000
jpigp_cor:RevenueFromExternalCustomersIFRS	外部顧客への売上収益（IFRS）	CurrentYearDuration_TotalOfReportableSegmentsAndOthersMember	JPY	437372000000
jpigp_cor:RevenueFromExternalCustomersIFRS	外部顧客への売上収益（IFRS）	CurrentYearDuration_ReconcilingItemsMember	JPY	－
jpigp_cor:RevenueFromExternalCustomersIFRS	外部顧客への売上収益（IFRS）	CurrentYearDuration	JPY	437372000000
jpigp_cor:IntersegmentRevenueIFRS	セグメント間の売上収益（IFRS）	CurrentYearDuration_jpcrp030000-asr_E01486-000MetalworkingMachineryReportableSegmentMember	JPY	－
jpigp_cor:IntersegmentRevenueIFRS	セグメント間の売上収益（IFRS）	CurrentYearDuration_jpcrp030000-asr_E01486-000MetalworkingMachineToolsReportableSegmentMember	JPY	－
jpigp_cor:IntersegmentRevenueIFRS	セグメント間の売上収益（IFRS）	CurrentYearDuration_OperatingSegmentsNotIncludedInReportableSegmentsAndOtherRevenueGeneratingBusinessActivitiesMember	JPY	－
jpigp_cor:IntersegmentRevenueIFRS	セグメント間の売上収益（IFRS）	CurrentYearDuration_TotalOfReportableSegmentsAndOthersMember	JPY	－
jpigp_cor:IntersegmentRevenueIFRS	セグメント間の売上収益（IFRS）	CurrentYearDuration_ReconcilingItemsMember	JPY	－
jpigp_cor:IntersegmentRevenueIFRS	セグメント間の売上収益（IFRS）	CurrentYearDuration	JPY	－
jpigp_cor:RevenueIFRS	売上収益（IFRS）	CurrentYearDuration_jpcrp030000-asr_E01486-000MetalworkingMachineryReportableSegmentMember	JPY	326485000000
jpigp_cor:RevenueIFRS	売上収益（IFRS）	CurrentYearDuration_jpcrp030000-asr_E01486-000MetalworkingMachineToolsReportableSegmentMember	JPY	88345000000
jpigp_cor:RevenueIFRS	売上収益（IFRS）	CurrentYearDuration_OperatingSegmentsNotIncludedInReportableSegmentsAndOtherRevenueGeneratingBusinessActivitiesMember	JPY	22541000000
jpigp_cor:RevenueIFRS	売上収益（IFRS）	CurrentYearDuration_TotalOfReportableSegmentsAndOthersMember	JPY	437372000000
jpigp_cor:RevenueIFRS	売上収益（IFRS）	CurrentYearDuration_ReconcilingItemsMember	JPY	－
jpigp_cor:RevenueIFRS	売上収益（IFRS）	CurrentYearDuration	JPY	437372000000
jpigp_cor:OperatingProfitLossIFRS	営業利益（△損失）（IFRS）	CurrentYearDuration_jpcrp030000-asr_E01486-000MetalworkingMachineryReportableSegmentMember	JPY	37333000000
jpigp_cor:OperatingProfitLossIFRS	営業利益（△損失）（IFRS）	CurrentYearDuration_jpcrp030000-asr_E01486-000MetalworkingMachineToolsReportableSegmentMember	JPY	9161000000
jpigp_cor:OperatingProfitLossIFRS	営業利益（△損失）（IFRS）	CurrentYearDuration_OperatingSegmentsNotIncludedInReportableSegmentsAndOtherRevenueGeneratingBusinessActivitiesMember	JPY	-1696000000
jpigp_cor:OperatingProfitLossIFRS	営業利益（△損失）（IFRS）	CurrentYearDuration_TotalOfReportableSegmentsAndOthersMember	JPY	44798000000
jpigp_cor:OperatingProfitLossIFRS	営業利益（△損失）（IFRS）	CurrentYearDuration_ReconcilingItemsMember	JPY	－
jpigp_cor:OperatingProfitLossIFRS	営業利益（△損失）（IFRS）	CurrentYearDuration	JPY	44798000000
jpigp_cor:FinanceIncomeIFRS	金融収益（IFRS）	CurrentYearDuration	JPY	4043000000
jpigp_cor:FinanceCostsIFRS	金融費用（IFRS）	CurrentYearDuration	JPY	3344000000
jpigp_cor:ShareOfProfitLossOfInvestmentsAccountedForUsingEquityMethodIFRS	持分法による投資損益（△は損失）（IFRS）	CurrentYearDuration	JPY	209000000
jpigp_cor:ProfitLossBeforeTaxIFRS	継続事業からの税引前利益（△損失）（IFRS）	CurrentYearDuration	JPY	45706000000
jpigp_cor:AssetsIFRS	資産（IFRS）	CurrentYearInstant_jpcrp030000-asr_E01486-000MetalworkingMachineryReportableSegmentMember	JPY	500926000000
jpigp_cor:AssetsIFRS	資産（IFRS）	CurrentYearInstant_jpcrp030000-asr_E01486-000MetalworkingMachineToolsReportableSegmentMember	JPY	86911000000
jpigp_cor:AssetsIFRS	資産（IFRS）	CurrentYearInstant_OperatingSegmentsNotIncludedInReportableSegmentsAndOtherRevenueGeneratingBusinessActivitiesMember	JPY	83634000000
jpigp_cor:AssetsIFRS	資産（IFRS）	CurrentYearInstant_TotalOfReportableSegmentsAndOthersMember	JPY	671472000000
jpigp_cor:AssetsIFRS	資産（IFRS）	CurrentYearInstant_ReconcilingItemsMember	JPY	100636000000
jpigp_cor:AssetsIFRS	資産（IFRS）	CurrentYearInstant	JPY	772109000000
jpigp_cor:DepreciationAndAmortizationOperatingExpensesIFRS	減価償却費及び償却費、営業費用（IFRS）	CurrentYearDuration_jpcrp030000-asr_E01486-000MetalworkingMachineryReportableSegmentMember	JPY	16384000000
jpigp_cor:DepreciationAndAmortizationOperatingExpensesIFRS	減価償却費及び償却費、営業費用（IFRS）	CurrentYearDuration_jpcrp030000-asr_E01486-000MetalworkingMachineToolsReportableSegmentMember	JPY	2687000000
jpigp_cor:DepreciationAndAmortizationOperatingExpensesIFRS	減価償却費及び償却費、営業費用（IFRS）	CurrentYearDuration_OperatingSegmentsNotIncludedInReportableSegmentsAndOtherRevenueGeneratingBusinessActivitiesMember	JPY	2418000000
jpigp_cor:DepreciationAndAmortizationOperatingExpensesIFRS	減価償却費及び償却費、営業費用（IFRS）	CurrentYearDuration_TotalOfReportableSegmentsAndOthersMember	JPY	21490000000
jpigp_cor:DepreciationAndAmortizationOperatingExpensesIFRS	減価償却費及び償却費、営業費用（IFRS）	CurrentYearDuration_ReconcilingItemsMember	JPY	1353000000
jpigp_cor:DepreciationAndAmortizationOperatingExpensesIFRS	減価償却費及び償却費、営業費用（IFRS）	CurrentYearDuration	JPY	22843000000
jpigp_cor:InvestmentsAccountedForUsingEquityMethodIFRS	持分法で会計処理されている投資（IFRS）	CurrentYearInstant_jpcrp030000-asr_E01486-000MetalworkingMachineryReportableSegmentMember	JPY	768000000
jpigp_cor:InvestmentsAccountedForUsingEquityMethodIFRS	持分法で会計処理されている投資（IFRS）	CurrentYearInstant_jpcrp030000-asr_E01486-000MetalworkingMachineToolsReportableSegmentMember	JPY	182000000
jpigp_cor:InvestmentsAccountedForUsingEquityMethodIFRS	持分法で会計処理されている投資（IFRS）	CurrentYearInstant_OperatingSegmentsNotIncludedInReportableSegmentsAndOtherRevenueGeneratingBusinessActivitiesMember	JPY	－
jpigp_cor:InvestmentsAccountedForUsingEquityMethodIFRS	持分法で会計処理されている投資（IFRS）	CurrentYearInstant_TotalOfReportableSegmentsAndOthersMember	JPY	951000000
jpigp_cor:InvestmentsAccountedForUsingEquityMethodIFRS	持分法で会計処理されている投資（IFRS）	CurrentYearInstant_ReconcilingItemsMember	JPY	－
jpigp_cor:InvestmentsAccountedForUsingEquityMethodIFRS	持分法で会計処理されている投資（IFRS）	CurrentYearInstant	JPY	951000000
jpcrp030000-asr_E01486-000:IncreaseInPropertyPlantAndEquipmentAndIntangibleAssetsIFRS		CurrentYearDuration_jpcrp030000-asr_E01486-000MetalworkingMachineryReportableSegmentMember	JPY	8606000000
jpcrp030000-asr_E01486-000:IncreaseInPropertyPlantAndEquipmentAndIntangibleAssetsIFRS		CurrentYearDuration_jpcrp030000-asr_E01486-000MetalworkingMachineToolsReportableSegmentMember	JPY	607000000
jpcrp030000-asr_E01486-000:IncreaseInPropertyPlantAndEquipmentAndIntangibleAssetsIFRS		CurrentYearDuration_OperatingSegmentsNotIncludedInReportableSegmentsAndOtherRevenueGeneratingBusinessActivitiesMember	JPY	791000000
jpcrp030000-asr_E01486-000:IncreaseInPropertyPlantAndEquipmentAndIntangibleAssetsIFRS		CurrentYearDuration_TotalOfReportableSegmentsAndOthersMember	JPY	10006000000
jpcrp030000-asr_E01486-000:IncreaseInPropertyPlantAndEquipmentAndIntangibleAssetsIFRS		CurrentYearDuration_ReconcilingItemsMember	JPY	31000000
jpcrp030000-asr_E01486-000:IncreaseInPropertyPlantAndEquipmentAndIntangibleAssetsIFRS		CurrentYearDuration	JPY	10037000000
jpigp_cor:MerchandiseAndFinishedGoodsCAIFRS	商品及び製品、流動資産（IFRS）	Prior1YearInstant	JPY	85831000000
jpigp_cor:MerchandiseAndFinishedGoodsCAIFRS	商品及び製品、流動資産（IFRS）	CurrentYearInstant	JPY	97470000000
jpigp_cor:WorkInProcessCAIFRS	仕掛品、流動資産（IFRS）	Prior1YearInstant	JPY	13396000000
jpigp_cor:WorkInProcessCAIFRS	仕掛品、流動資産（IFRS）	CurrentYearInstant	JPY	20720000000
jpigp_cor:RawMaterialsAndSuppliesCAIFRS	原材料及び貯蔵品、流動資産（IFRS）	Prior1YearInstant	JPY	32203000000
jpigp_cor:RawMaterialsAndSuppliesCAIFRS	原材料及び貯蔵品、流動資産（IFRS）	CurrentYearInstant	JPY	39555000000
jpigp_cor:InventoriesCAIFRS	棚卸資産、流動資産（IFRS）	Prior1YearInstant	JPY	131432000000
jpigp_cor:InventoriesCAIFRS	棚卸資産、流動資産（IFRS）	CurrentYearInstant	JPY	157746000000
jpigp_cor:BuildingsAndStructuresAcquisitionCostIFRS	建物及び構築物、取得原価（IFRS）	Prior1YearInstant	JPY	211533000000
jpigp_cor:MachineryAndVehiclesAcquisitionCostIFRS	機械装置及び運搬具、取得原価（IFRS）	Prior1YearInstant	JPY	67682000000
jpigp_cor:ToolsFurnitureAndFixturesAcquisitionCostIFRS	工具、器具及び備品、取得原価（IFRS）	Prior1YearInstant	JPY	24610000000
jpcrp030000-asr_E01486-000:RentalServiceAssetsAcquisitionCostIFRS		Prior1YearInstant	JPY	1067000000
jpigp_cor:RightOfUseAssetsAcquisitionCostIFRS	使用権資産、取得原価（IFRS）	Prior1YearInstant	JPY	17306000000
jpigp_cor:LandAcquisitionCostIFRS	土地、取得原価（IFRS）	Prior1YearInstant	JPY	37742000000
jpigp_cor:ConstructionInProgressAcquisitionCostIFRS	建設仮勘定、取得原価（IFRS）	Prior1YearInstant	JPY	2374000000
jpigp_cor:PropertyPlantAndEquipmentAcquisitionCostIFRS	有形固定資産、取得原価（IFRS）	Prior1YearInstant	JPY	362316000000
jpigp_cor:BuildingsAndStructuresAcquisitionCostIFRS	建物及び構築物、取得原価（IFRS）	CurrentYearInstant	JPY	223196000000
jpigp_cor:MachineryAndVehiclesAcquisitionCostIFRS	機械装置及び運搬具、取得原価（IFRS）	CurrentYearInstant	JPY	75011000000
jpigp_cor:ToolsFurnitureAndFixturesAcquisitionCostIFRS	工具、器具及び備品、取得原価（IFRS）	CurrentYearInstant	JPY	26827000000
jpcrp030000-asr_E01486-000:RentalServiceAssetsAcquisitionCostIFRS		CurrentYearInstant	JPY	1273000000
jpigp_cor:RightOfUseAssetsAcquisitionCostIFRS	使用権資産、取得原価（IFRS）	CurrentYearInstant	JPY	21499000000
jpigp_cor:LandAcquisitionCostIFRS	土地、取得原価（IFRS）	CurrentYearInstant	JPY	39425000000
jpigp_cor:ConstructionInProgressAcquisitionCostIFRS	建設仮勘定、取得原価（IFRS）	CurrentYearInstant	JPY	975000000
jpigp_cor:PropertyPlantAndEquipmentAcquisitionCostIFRS	有形固定資産、取得原価（IFRS）	CurrentYearInstant	JPY	388209000000
jpigp_cor:BuildingsAndStructuresAccumulatedDepreciationAndImpairmentLossesIFRS	建物及び構築物、減価償却累計額及び減損損失累計額（IFRS）	Prior1YearInstant	JPY	-109471000000
jpigp_cor:MachineryAndVehiclesAccumulatedDepreciationAndImpairmentLossesIFRS	機械装置及び運搬具、減価償却累計額及び減損損失累計額（IFRS）	Prior1YearInstant	JPY	-50225000000
jpigp_cor:ToolsFurnitureAndFixturesAccumulatedDepreciationAndImpairmentLossesIFRS	工具、器具及び備品、減価償却累計額及び減損損失累計額（IFRS）	Prior1YearInstant	JPY	-18939000000
jpcrp030000-asr_E01486-000:RentalServiceAssetsAccumulatedDepreciationAndImpairmentIFRS		Prior1YearInstant	JPY	-233000000
jpigp_cor:RightOfUseAssetsAccumulatedDepreciationAndImpairmentIFRS	使用権資産、減価償却累計額及び減損損失累計額（IFRS）	Prior1YearInstant	JPY	-7153000000
jpigp_cor:LandAccumulatedImpairmentLossesIFRS	土地、減損損失累計額（IFRS）	Prior1YearInstant	JPY	-494000000
jpigp_cor:ConstructionInProgressAccumulatedImpairmentLossesIFRS	建設仮勘定、減損損失累計額（IFRS）	Prior1YearInstant	JPY	－
jpigp_cor:PropertyPlantAndEquipmentAccumulatedDepreciationAndImpairmentLossesIFRS	有形固定資産、減価償却累計額及び減損損失累計額（IFRS）	Prior1YearInstant	JPY	-186518000000
jpigp_cor:BuildingsAndStructuresAccumulatedDepreciationAndImpairmentLossesIFRS	建物及び構築物、減価償却累計額及び減損損失累計額（IFRS）	CurrentYearInstant	JPY	-119528000000
jpigp_cor:MachineryAndVehiclesAccumulatedDepreciationAndImpairmentLossesIFRS	機械装置及び運搬具、減価償却累計額及び減損損失累計額（IFRS）	CurrentYearInstant	JPY	-55088000000
jpigp_cor:ToolsFurnitureAndFixturesAccumulatedDepreciationAndImpairmentLossesIFRS	工具、器具及び備品、減価償却累計額及び減損損失累計額（IFRS）	CurrentYearInstant	JPY	-21088000000
jpcrp030000-asr_E01486-000:RentalServiceAssetsAccumulatedDepreciationAndImpairmentIFRS		CurrentYearInstant	JPY	-393000000
jpigp_cor:RightOfUseAssetsAccumulatedDepreciationAndImpairmentIFRS	使用権資産、減価償却累計額及び減損損失累計額（IFRS）	CurrentYearInstant	JPY	-9403000000
jpigp_cor:LandAccumulatedImpairmentLossesIFRS	土地、減損損失累計額（IFRS）	CurrentYearInstant	JPY	-506000000
jpigp_cor:ConstructionInProgressAccumulatedImpairmentLossesIFRS	建設仮勘定、減損損失累計額（IFRS）	CurrentYearInstant	JPY	－
jpigp_cor:PropertyPlantAndEquipmentAccumulatedDepreciationAndImpairmentLossesIFRS	有形固定資産、減価償却累計額及び減損損失累計額（IFRS）	CurrentYearInstant	JPY	-206009000000
jpigp_cor:BuildingsAndStructuresIFRS	建物及び構築物（IFRS）	Prior1YearInstant	JPY	102061000000
jpigp_cor:MachineryAndVehiclesIFRS	機械装置及び運搬具（IFRS）	Prior1YearInstant	JPY	17456000000
jpigp_cor:ToolsFurnitureAndFixturesIFRS	工具、器具及び備品（IFRS）	Prior1YearInstant	JPY	5670000000
jpcrp030000-asr_E01486-000:RentalServiceAssetsIFRS		Prior1YearInstant	JPY	834000000
jpcrp030000-asr_E01486-000:RightOfUseAssetsComponentsOfPropertyPlantAndEquipmentIFRS		Prior1YearInstant	JPY	10152000000
jpigp_cor:LandIFRS	土地（IFRS）	Prior1YearInstant	JPY	37247000000
jpigp_cor:ConstructionInProgressIFRS	建設仮勘定（IFRS）	Prior1YearInstant	JPY	2374000000
jpigp_cor:PropertyPlantAndEquipmentIFRS	有形固定資産（IFRS）	Prior1YearInstant	JPY	175797000000
jpigp_cor:BuildingsAndStructuresIFRS	建物及び構築物（IFRS）	CurrentYearInstant	JPY	103667000000
jpigp_cor:MachineryAndVehiclesIFRS	機械装置及び運搬具（IFRS）	CurrentYearInstant	JPY	19923000000
jpigp_cor:ToolsFurnitureAndFixturesIFRS	工具、器具及び備品（IFRS）	CurrentYearInstant	JPY	5738000000
jpcrp030000-asr_E01486-000:RentalServiceAssetsIFRS		CurrentYearInstant	JPY	880000000
jpcrp030000-asr_E01486-000:RightOfUseAssetsComponentsOfPropertyPlantAndEquipmentIFRS		CurrentYearInstant	JPY	12096000000
jpigp_cor:LandIFRS	土地（IFRS）	CurrentYearInstant	JPY	38918000000
jpigp_cor:ConstructionInProgressIFRS	建設仮勘定（IFRS）	CurrentYearInstant	JPY	975000000
jpigp_cor:PropertyPlantAndEquipmentIFRS	有形固定資産（IFRS）	CurrentYearInstant	JPY	182199000000
jpigp_cor:GoodwillAcquisitionCostIFRS	のれん、取得原価（IFRS）	Prior1YearInstant	JPY	6980000000
jpigp_cor:SoftwareAcquisitionCostIFRS	ソフトウエア、取得原価（IFRS）	Prior1YearInstant	JPY	26827000000
jpigp_cor:CustomerRelatedAssetsAcquisitionCostIFRS	顧客関連資産、取得原価（IFRS）	Prior1YearInstant	JPY	3114000000
jpigp_cor:OtherComponentsOfIntangibleAssetsAcquisitionCostIFRS	その他、無形資産の内訳、取得原価（IFRS）	Prior1YearInstant	JPY	3659000000
jpigp_cor:GoodwillAndIntangibleAssetsAcquisitionCostIFRS	のれん及び無形資産、取得原価（IFRS）	Prior1YearInstant	JPY	33601000000
jpigp_cor:GoodwillAcquisitionCostIFRS	のれん、取得原価（IFRS）	CurrentYearInstant	JPY	31338000000
jpigp_cor:SoftwareAcquisitionCostIFRS	ソフトウエア、取得原価（IFRS）	CurrentYearInstant	JPY	27965000000
jpigp_cor:CustomerRelatedAssetsAcquisitionCostIFRS	顧客関連資産、取得原価（IFRS）	CurrentYearInstant	JPY	12794000000
jpigp_cor:OtherComponentsOfIntangibleAssetsAcquisitionCostIFRS	その他、無形資産の内訳、取得原価（IFRS）	CurrentYearInstant	JPY	8657000000
jpigp_cor:GoodwillAndIntangibleAssetsAcquisitionCostIFRS	のれん及び無形資産、取得原価（IFRS）	CurrentYearInstant	JPY	49417000000
jpigp_cor:GoodwillAccumulatedImpairmentLossesIFRS	のれん、減損損失累計額（IFRS）	Prior1YearInstant	JPY	-232000000
jpigp_cor:SoftwareAccumulatedAmortizationAndImpairmentLossesIFRS	ソフトウエア、償却累計額及び減損損失累計額（IFRS）	Prior1YearInstant	JPY	-17512000000
jpigp_cor:CustomerRelatedAssetsAccumulatedAmortizationAndImpairmentLossesIFRS	顧客関連資産、償却累計額及び減損損失累計額（IFRS）	Prior1YearInstant	JPY	-1651000000
jpigp_cor:OtherComponentsOfIntangibleAssetsAccumulatedAmortizationAndImpairmentLossesIFRS	その他、無形資産の内訳、償却累計額及び減損損失累計額（IFRS）	Prior1YearInstant	JPY	-2166000000
jpigp_cor:GoodwillAndIntangibleAssetsAccumulatedAmortizationAndImpairmentLossesIFRS	のれん及び無形資産、償却累計額及び減損損失累計額（IFRS）	Prior1YearInstant	JPY	-21331000000
jpigp_cor:GoodwillAccumulatedImpairmentLossesIFRS	のれん、減損損失累計額（IFRS）	CurrentYearInstant	JPY	-234000000
jpigp_cor:SoftwareAccumulatedAmortizationAndImpairmentLossesIFRS	ソフトウエア、償却累計額及び減損損失累計額（IFRS）	CurrentYearInstant	JPY	-18860000000
jpigp_cor:CustomerRelatedAssetsAccumulatedAmortizationAndImpairmentLossesIFRS	顧客関連資産、償却累計額及び減損損失累計額（IFRS）	CurrentYearInstant	JPY	-2390000000
jpigp_cor:OtherComponentsOfIntangibleAssetsAccumulatedAmortizationAndImpairmentLossesIFRS	その他、無形資産の内訳、償却累計額及び減損損失累計額（IFRS）	CurrentYearInstant	JPY	-3981000000
jpigp_cor:GoodwillAndIntangibleAssetsAccumulatedAmortizationAndImpairmentLossesIFRS	のれん及び無形資産、償却累計額及び減損損失累計額（IFRS）	CurrentYearInstant	JPY	-25232000000
jpigp_cor:GoodwillIFRS	のれん（IFRS）	Prior1YearInstant	JPY	6748000000
jpigp_cor:SoftwareIFRS	ソフトウエア（IFRS）	Prior1YearInstant	JPY	9314000000
jpigp_cor:CustomerRelatedAssetsIFRS	顧客関連資産（IFRS）	Prior1YearInstant	JPY	1462000000
jpigp_cor:OtherComponentsOfIntangibleAssetsIFRS	その他、無形資産の内訳（IFRS）	Prior1YearInstant	JPY	1492000000
jpigp_cor:IntangibleAssetsIFRS	無形資産（IFRS）	Prior1YearInstant	JPY	12270000000
jpigp_cor:GoodwillIFRS	のれん（IFRS）	CurrentYearInstant	JPY	31104000000
jpigp_cor:SoftwareIFRS	ソフトウエア（IFRS）	CurrentYearInstant	JPY	9105000000
jpigp_cor:CustomerRelatedAssetsIFRS	顧客関連資産（IFRS）	CurrentYearInstant	JPY	10403000000
jpigp_cor:OtherComponentsOfIntangibleAssetsIFRS	その他、無形資産の内訳（IFRS）	CurrentYearInstant	JPY	4675000000
jpigp_cor:IntangibleAssetsIFRS	無形資産（IFRS）	CurrentYearInstant	JPY	24184000000
jpigp_cor:EmployeeBenefitExpensesSGAIFRS	従業員給付費用、販売費及び一般管理費（IFRS）	Prior1YearDuration	JPY	58484000000
jpigp_cor:EmployeeBenefitExpensesSGAIFRS	従業員給付費用、販売費及び一般管理費（IFRS）	CurrentYearDuration	JPY	62926000000
jpigp_cor:SalesCommissionsIFRS	販売手数料（IFRS）	Prior1YearDuration	JPY	4684000000
jpigp_cor:SalesCommissionsIFRS	販売手数料（IFRS）	CurrentYearDuration	JPY	4387000000
jpigp_cor:PackingAndTransportationExpensesIFRS	荷造運搬費（IFRS）	Prior1YearDuration	JPY	12583000000
jpigp_cor:PackingAndTransportationExpensesIFRS	荷造運搬費（IFRS）	CurrentYearDuration	JPY	14118000000
jpigp_cor:DepreciationAndAmortizationSGAIFRS	減価償却費及び償却費、販売費及び一般管理費（IFRS）	Prior1YearDuration	JPY	11179000000
jpigp_cor:DepreciationAndAmortizationSGAIFRS	減価償却費及び償却費、販売費及び一般管理費（IFRS）	CurrentYearDuration	JPY	13639000000
jpigp_cor:ResearchAndDevelopmentExpenditureRecognizedAsExpenseDuringPeriodIFRS	当期に費用認識した研究開発費（IFRS）	Prior1YearDuration	JPY	6207000000
jpigp_cor:ResearchAndDevelopmentExpenditureRecognizedAsExpenseDuringPeriodIFRS	当期に費用認識した研究開発費（IFRS）	CurrentYearDuration	JPY	6784000000
jpigp_cor:OtherSGAIFRS	その他、販売費及び一般管理費（IFRS）	Prior1YearDuration	JPY	31596000000
jpigp_cor:OtherSGAIFRS	その他、販売費及び一般管理費（IFRS）	CurrentYearDuration	JPY	32321000000
jpigp_cor:SellingGeneralAndAdministrativeExpensesIFRS	販売費及び一般管理費（IFRS）	Prior1YearDuration	JPY	124736000000
jpigp_cor:SellingGeneralAndAdministrativeExpensesIFRS	販売費及び一般管理費（IFRS）	CurrentYearDuration	JPY	134177000000
jpigp_cor:GainOnSaleOfFixedAssetsIFRS	固定資産売却益（IFRS）	Prior1YearDuration	JPY	1139000000
jpigp_cor:GainOnSaleOfFixedAssetsIFRS	固定資産売却益（IFRS）	CurrentYearDuration	JPY	438000000
jpigp_cor:OtherOtherIncomeIFRS	その他、その他の収益（IFRS）	Prior1YearDuration	JPY	1462000000
jpigp_cor:OtherOtherIncomeIFRS	その他、その他の収益（IFRS）	CurrentYearDuration	JPY	1711000000
jpigp_cor:OtherIncomeIFRS	その他の収益（IFRS）	Prior1YearDuration	JPY	2601000000
jpigp_cor:OtherIncomeIFRS	その他の収益（IFRS）	CurrentYearDuration	JPY	2150000000
jpigp_cor:LossOnRetirementOfFixedAssetsIFRS	固定資産除却損（IFRS）	Prior1YearDuration	JPY	176000000
jpigp_cor:LossOnRetirementOfFixedAssetsIFRS	固定資産除却損（IFRS）	CurrentYearDuration	JPY	434000000
jpigp_cor:LossOnSaleOfFixedAssetsIFRS	固定資産売却損（IFRS）	Prior1YearDuration	JPY	39000000
jpigp_cor:LossOnSaleOfFixedAssetsIFRS	固定資産売却損（IFRS）	CurrentYearDuration	JPY	13000000
jpigp_cor:OtherOtherExpensesIFRS	その他、その他の費用（IFRS）	Prior1YearDuration	JPY	962000000
jpigp_cor:OtherOtherExpensesIFRS	その他、その他の費用（IFRS）	CurrentYearDuration	JPY	267000000
jpigp_cor:OtherExpensesIFRS	その他の費用（IFRS）	Prior1YearDuration	JPY	1177000000
jpigp_cor:OtherExpensesIFRS	その他の費用（IFRS）	CurrentYearDuration	JPY	715000000
jpigp_cor:FinancialAssetsMeasuredAtAmortizedCostInterestIncomeIFRS	償却原価で測定する金融資産、受取利息（IFRS）	Prior1YearDuration	JPY	1035000000
jpigp_cor:FinancialAssetsMeasuredAtAmortizedCostInterestIncomeIFRS	償却原価で測定する金融資産、受取利息（IFRS）	CurrentYearDuration	JPY	1083000000
jpigp_cor:FinancialAssetsMeasuredAtFairValueThroughOtherComprehensiveIncomeInterestIncomeIFRS	その他の包括利益を通じて公正価値で測定する金融資産、受取利息（IFRS）	Prior1YearDuration	JPY	6000000
jpigp_cor:FinancialAssetsMeasuredAtFairValueThroughOtherComprehensiveIncomeInterestIncomeIFRS	その他の包括利益を通じて公正価値で測定する金融資産、受取利息（IFRS）	CurrentYearDuration	JPY	2000000
jpigp_cor:FinancialAssetsMeasuredAtFairValueThroughProfitOrLossInterestIncomeIFRS	純損益を通じて公正価値で測定する金融資産、受取利息（IFRS）	Prior1YearDuration	JPY	99000000
jpigp_cor:FinancialAssetsMeasuredAtFairValueThroughProfitOrLossInterestIncomeIFRS	純損益を通じて公正価値で測定する金融資産、受取利息（IFRS）	CurrentYearDuration	JPY	87000000
jpigp_cor:FinancialAssetsMeasuredAtFairValueThroughOtherComprehensiveIncomeDividendIncomeIFRS	その他の包括利益を通じて公正価値で測定する金融資産、受取配当金（IFRS）	Prior1YearDuration	JPY	45000000
jpigp_cor:FinancialAssetsMeasuredAtFairValueThroughOtherComprehensiveIncomeDividendIncomeIFRS	その他の包括利益を通じて公正価値で測定する金融資産、受取配当金（IFRS）	CurrentYearDuration	JPY	60000000
jpigp_cor:FinancialAssetsMeasuredAtFairValueThroughProfitOrLossDividendIncomeIFRS	純損益を通じて公正価値で測定する金融資産、受取配当金（IFRS）	Prior1YearDuration	JPY	4000000
jpigp_cor:FinancialAssetsMeasuredAtFairValueThroughProfitOrLossDividendIncomeIFRS	純損益を通じて公正価値で測定する金融資産、受取配当金（IFRS）	CurrentYearDuration	JPY	5000000
jpigp_cor:FinancialAssetsMeasuredAtFairValueThroughProfitOrLossGainOnInvestmentsInSecuritiesIFRS	純損益を通じて公正価値で測定する金融資産、有価証券関連利益（IFRS）	Prior1YearDuration	JPY	227000000
jpigp_cor:FinancialAssetsMeasuredAtFairValueThroughProfitOrLossGainOnInvestmentsInSecuritiesIFRS	純損益を通じて公正価値で測定する金融資産、有価証券関連利益（IFRS）	CurrentYearDuration	JPY	－
jpigp_cor:ForeignExchangeGainIFRS	為替差益（IFRS）	Prior1YearDuration	JPY	－
jpigp_cor:ForeignExchangeGainIFRS	為替差益（IFRS）	CurrentYearDuration	JPY	2804000000
jpigp_cor:OtherFinanceIncomeIFRS	その他、金融収益（IFRS）	Prior1YearDuration	JPY	37000000
jpigp_cor:OtherFinanceIncomeIFRS	その他、金融収益（IFRS）	CurrentYearDuration	JPY	－
jpigp_cor:FinanceIncomeIFRS	金融収益（IFRS）	Prior1YearDuration	JPY	1457000000
jpigp_cor:FinanceIncomeIFRS	金融収益（IFRS）	CurrentYearDuration	JPY	4043000000
jpigp_cor:FinancialLiabilitiesMeasuredAtAmortizedCostInterestExpensesIFRS	償却原価で測定する金融負債、支払利息（IFRS）	Prior1YearDuration	JPY	122000000
jpigp_cor:FinancialLiabilitiesMeasuredAtAmortizedCostInterestExpensesIFRS	償却原価で測定する金融負債、支払利息（IFRS）	CurrentYearDuration	JPY	587000000
jpigp_cor:LeaseObligationsInterestExpensesIFRS	リース負債、支払利息（IFRS）	Prior1YearDuration	JPY	82000000
jpigp_cor:LeaseObligationsInterestExpensesIFRS	リース負債、支払利息（IFRS）	CurrentYearDuration	JPY	105000000
jpigp_cor:FinancialAssetsMeasuredAtFairValueThroughProfitOrLossLossOnInvestmentsInSecuritiesIFRS	純損益を通じて公正価値で測定する金融資産、有価証券関連損失（IFRS）	Prior1YearDuration	JPY	64000000
jpigp_cor:FinancialAssetsMeasuredAtFairValueThroughProfitOrLossLossOnInvestmentsInSecuritiesIFRS	純損益を通じて公正価値で測定する金融資産、有価証券関連損失（IFRS）	CurrentYearDuration	JPY	16000000
jpcrp030000-asr_E01486-000:FinancialAssetsLiabilitiesMeasuredAtFairValueThroughProfitOrLossLossOnChangesInFairValueIFRS		Prior1YearDuration	JPY	292000000
jpcrp030000-asr_E01486-000:FinancialAssetsLiabilitiesMeasuredAtFairValueThroughProfitOrLossLossOnChangesInFairValueIFRS		CurrentYearDuration	JPY	2588000000
jpigp_cor:ForeignExchangeLossIFRS	為替差損（IFRS）	Prior1YearDuration	JPY	948000000
jpigp_cor:ForeignExchangeLossIFRS	為替差損（IFRS）	CurrentYearDuration	JPY	－
jpigp_cor:OtherFinanceCostsIFRS	その他、金融費用（IFRS）	Prior1YearDuration	JPY	－
jpigp_cor:OtherFinanceCostsIFRS	その他、金融費用（IFRS）	CurrentYearDuration	JPY	46000000
jpigp_cor:FinanceCostsIFRS	金融費用（IFRS）	Prior1YearDuration	JPY	1510000000
jpigp_cor:FinanceCostsIFRS	金融費用（IFRS）	CurrentYearDuration	JPY	3344000000
jppfs_cor:CashAndDeposits	現金及び預金	Prior1YearInstant_NonConsolidatedMember	JPY	54642000000
jppfs_cor:CashAndDeposits	現金及び預金	CurrentYearInstant_NonConsolidatedMember	JPY	66666000000
jppfs_cor:NotesReceivableTrade	受取手形	Prior1YearInstant_NonConsolidatedMember	JPY	5927000000
jppfs_cor:NotesReceivableTrade	受取手形	CurrentYearInstant_NonConsolidatedMember	JPY	5857000000
jppfs_cor:AccountsReceivableTrade	売掛金	Prior1YearInstant_NonConsolidatedMember	JPY	51962000000
jppfs_cor:AccountsReceivableTrade	売掛金	CurrentYearInstant_NonConsolidatedMember	JPY	59763000000
jppfs_cor:ShortTermInvestmentSecurities	有価証券	Prior1YearInstant_NonConsolidatedMember	JPY	14300000000
jppfs_cor:ShortTermInvestmentSecurities	有価証券	CurrentYearInstant_NonConsolidatedMember	JPY	9199000000
jppfs_cor:MerchandiseAndFinishedGoods	商品及び製品	Prior1YearInstant_NonConsolidatedMember	JPY	26904000000
jppfs_cor:MerchandiseAndFinishedGoods	商品及び製品	CurrentYearInstant_NonConsolidatedMember	JPY	28722000000
jppfs_cor:WorkInProcess	仕掛品	Prior1YearInstant_NonConsolidatedMember	JPY	3763000000
jppfs_cor:WorkInProcess	仕掛品	CurrentYearInstant_NonConsolidatedMember	JPY	3671000000
jppfs_cor:RawMaterialsAndSupplies	原材料及び貯蔵品	Prior1YearInstant_NonConsolidatedMember	JPY	15072000000
jppfs_cor:RawMaterialsAndSupplies	原材料及び貯蔵品	CurrentYearInstant_NonConsolidatedMember	JPY	15242000000
jppfs_cor:PrepaidExpenses	前払費用	Prior1YearInstant_NonConsolidatedMember	JPY	394000000
jppfs_cor:PrepaidExpenses	前払費用	CurrentYearInstant_NonConsolidatedMember	JPY	331000000
jppfs_cor:ShortTermLoansReceivable	短期貸付金	Prior1YearInstant_NonConsolidatedMember	JPY	2857000000
jppfs_cor:ShortTermLoansReceivable	短期貸付金	CurrentYearInstant_NonConsolidatedMember	JPY	6199000000
jppfs_cor:AccountsReceivableOther	未収入金	Prior1YearInstant_NonConsolidatedMember	JPY	2299000000
jppfs_cor:AccountsReceivableOther	未収入金	CurrentYearInstant_NonConsolidatedMember	JPY	3229000000
jppfs_cor:OtherCA	その他、流動資産	Prior1YearInstant_NonConsolidatedMember	JPY	1350000000
jppfs_cor:OtherCA	その他、流動資産	CurrentYearInstant_NonConsolidatedMember	JPY	558000000
jppfs_cor:AllowanceForDoubtfulAccountsCA	貸倒引当金、流動資産、一括控除	Prior1YearInstant_NonConsolidatedMember	JPY	-795000000
jppfs_cor:AllowanceForDoubtfulAccountsCA	貸倒引当金、流動資産、一括控除	CurrentYearInstant_NonConsolidatedMember	JPY	-851000000
jppfs_cor:CurrentAssets	流動資産	Prior1YearInstant_NonConsolidatedMember	JPY	178680000000
jppfs_cor:CurrentAssets	流動資産	CurrentYearInstant_NonConsolidatedMember	JPY	198590000000
jppfs_cor:BuildingsNet	建物（純額）	Prior1YearInstant_NonConsolidatedMember	JPY	63519000000
jppfs_cor:BuildingsNet	建物（純額）	CurrentYearInstant_NonConsolidatedMember	JPY	61121000000
jppfs_cor:StructuresNet	構築物（純額）	Prior1YearInstant_NonConsolidatedMember	JPY	5699000000
jppfs_cor:StructuresNet	構築物（純額）	CurrentYearInstant_NonConsolidatedMember	JPY	5215000000
jppfs_cor:MachineryAndEquipmentNet	機械及び装置（純額）	Prior1YearInstant_NonConsolidatedMember	JPY	7762000000
jppfs_cor:MachineryAndEquipmentNet	機械及び装置（純額）	CurrentYearInstant_NonConsolidatedMember	JPY	7199000000
jppfs_cor:VehiclesNet	車両運搬具（純額）	Prior1YearInstant_NonConsolidatedMember	JPY	110000000
jppfs_cor:VehiclesNet	車両運搬具（純額）	CurrentYearInstant_NonConsolidatedMember	JPY	68000000
jppfs_cor:ToolsFurnitureAndFixturesNet	工具、器具及び備品（純額）	Prior1YearInstant_NonConsolidatedMember	JPY	3117000000
jppfs_cor:ToolsFurnitureAndFixturesNet	工具、器具及び備品（純額）	CurrentYearInstant_NonConsolidatedMember	JPY	2522000000
jppfs_cor:AssetsForRentNet	貸与資産（純額）	Prior1YearInstant_NonConsolidatedMember	JPY	5296000000
jppfs_cor:AssetsForRentNet	貸与資産（純額）	CurrentYearInstant_NonConsolidatedMember	JPY	5021000000
jppfs_cor:Land	土地	Prior1YearInstant_NonConsolidatedMember	JPY	32634000000
jppfs_cor:Land	土地	CurrentYearInstant_NonConsolidatedMember	JPY	32606000000
jppfs_cor:LeaseAssetsNetPPE	リース資産（純額）、有形固定資産	Prior1YearInstant_NonConsolidatedMember	JPY	12000000
jppfs_cor:LeaseAssetsNetPPE	リース資産（純額）、有形固定資産	CurrentYearInstant_NonConsolidatedMember	JPY	4000000
jppfs_cor:ConstructionInProgress	建設仮勘定	Prior1YearInstant_NonConsolidatedMember	JPY	893000000
jppfs_cor:ConstructionInProgress	建設仮勘定	CurrentYearInstant_NonConsolidatedMember	JPY	145000000
jppfs_cor:PropertyPlantAndEquipment	有形固定資産	Prior1YearInstant_NonConsolidatedMember	JPY	119046000000
jppfs_cor:PropertyPlantAndEquipment	有形固定資産	CurrentYearInstant_NonConsolidatedMember	JPY	113904000000
jppfs_cor:PatentRight	特許権	Prior1YearInstant_NonConsolidatedMember	JPY	2000000
jppfs_cor:PatentRight	特許権	CurrentYearInstant_NonConsolidatedMember	JPY	2000000
jppfs_cor:LeaseholdRight	借地権	Prior1YearInstant_NonConsolidatedMember	JPY	130000000
jppfs_cor:LeaseholdRight	借地権	CurrentYearInstant_NonConsolidatedMember	JPY	130000000
jppfs_cor:Software	ソフトウエア	Prior1YearInstant_NonConsolidatedMember	JPY	8828000000
jppfs_cor:Software	ソフトウエア	CurrentYearInstant_NonConsolidatedMember	JPY	8551000000
jppfs_cor:TelephoneSubscriptionRight	電話加入権	Prior1YearInstant_NonConsolidatedMember	JPY	114000000
jppfs_cor:TelephoneSubscriptionRight	電話加入権	CurrentYearInstant_NonConsolidatedMember	JPY	114000000
jppfs_cor:OtherIA	その他、無形固定資産	Prior1YearInstant_NonConsolidatedMember	JPY	6000000
jppfs_cor:OtherIA	その他、無形固定資産	CurrentYearInstant_NonConsolidatedMember	JPY	5000000
jppfs_cor:IntangibleAssets	無形固定資産	Prior1YearInstant_NonConsolidatedMember	JPY	9083000000
jppfs_cor:IntangibleAssets	無形固定資産	CurrentYearInstant_NonConsolidatedMember	JPY	8804000000
jppfs_cor:InvestmentSecurities	投資有価証券	Prior1YearInstant_NonConsolidatedMember	JPY	16603000000
jppfs_cor:InvestmentSecurities	投資有価証券	CurrentYearInstant_NonConsolidatedMember	JPY	7998000000
jppfs_cor:StocksOfSubsidiariesAndAffiliates	関係会社株式	Prior1YearInstant_NonConsolidatedMember	JPY	63964000000
jppfs_cor:StocksOfSubsidiariesAndAffiliates	関係会社株式	CurrentYearInstant_NonConsolidatedMember	JPY	133524000000
jppfs_cor:InvestmentsInCapitalOfSubsidiariesAndAffiliates	関係会社出資金	Prior1YearInstant_NonConsolidatedMember	JPY	23097000000
jppfs_cor:InvestmentsInCapitalOfSubsidiariesAndAffiliates	関係会社出資金	CurrentYearInstant_NonConsolidatedMember	JPY	23097000000
jppfs_cor:LongTermLoansReceivable	長期貸付金	Prior1YearInstant_NonConsolidatedMember	JPY	710000000
jppfs_cor:LongTermLoansReceivable	長期貸付金	CurrentYearInstant_NonConsolidatedMember	JPY	8664000000
jppfs_cor:LongTermPrepaidExpenses	長期前払費用	Prior1YearInstant_NonConsolidatedMember	JPY	880000000
jppfs_cor:LongTermPrepaidExpenses	長期前払費用	CurrentYearInstant_NonConsolidatedMember	JPY	618000000
jppfs_cor:PrepaidPensionCostIOA	前払年金費用、投資その他の資産	Prior1YearInstant_NonConsolidatedMember	JPY	8909000000
jppfs_cor:PrepaidPensionCostIOA	前払年金費用、投資その他の資産	CurrentYearInstant_NonConsolidatedMember	JPY	10136000000
jppfs_cor:DeferredTaxAssets	繰延税金資産	Prior1YearInstant_NonConsolidatedMember	JPY	1398000000
jppfs_cor:DeferredTaxAssets	繰延税金資産	CurrentYearInstant_NonConsolidatedMember	JPY	2424000000
jpcrp030000-asr_E01486-000:RealEstateLeaseInvestmentPropertyIOA		Prior1YearInstant_NonConsolidatedMember	JPY	441000000
jpcrp030000-asr_E01486-000:RealEstateLeaseInvestmentPropertyIOA		CurrentYearInstant_NonConsolidatedMember	JPY	217000000
jppfs_cor:OtherIOA	その他、投資その他の資産	Prior1YearInstant_NonConsolidatedMember	JPY	960000000
jppfs_cor:OtherIOA	その他、投資その他の資産	CurrentYearInstant_NonConsolidatedMember	JPY	885000000
jppfs_cor:AllowanceForDoubtfulAccountsIOAByGroup	貸倒引当金、投資その他の資産、一括控除	Prior1YearInstant_NonConsolidatedMember	JPY	-666000000
jppfs_cor:AllowanceForDoubtfulAccountsIOAByGroup	貸倒引当金、投資その他の資産、一括控除	CurrentYearInstant_NonConsolidatedMember	JPY	-591000000
jppfs_cor:InvestmentsAndOtherAssets	投資その他の資産	Prior1YearInstant_NonConsolidatedMember	JPY	116299000000
jppfs_cor:InvestmentsAndOtherAssets	投資その他の資産	CurrentYearInstant_NonConsolidatedMember	JPY	186976000000
jppfs_cor:NoncurrentAssets	固定資産	Prior1YearInstant_NonConsolidatedMember	JPY	244429000000
jppfs_cor:NoncurrentAssets	固定資産	CurrentYearInstant_NonConsolidatedMember	JPY	309685000000
jppfs_cor:Assets	資産	Prior1YearInstant_NonConsolidatedMember	JPY	423110000000
jppfs_cor:Assets	資産	CurrentYearInstant_NonConsolidatedMember	JPY	508276000000
jppfs_cor:NotesPayableTrade	支払手形	Prior1YearInstant_NonConsolidatedMember	JPY	350000000
jppfs_cor:NotesPayableTrade	支払手形	CurrentYearInstant_NonConsolidatedMember	JPY	1000000
jppfs_cor:AccountsPayableTrade	買掛金	Prior1YearInstant_NonConsolidatedMember	JPY	10887000000
jppfs_cor:AccountsPayableTrade	買掛金	CurrentYearInstant_NonConsolidatedMember	JPY	11696000000
jppfs_cor:ElectronicallyRecordedObligationsOperatingCL	電子記録債務、流動負債	Prior1YearInstant_NonConsolidatedMember	JPY	6296000000
jppfs_cor:ElectronicallyRecordedObligationsOperatingCL	電子記録債務、流動負債	CurrentYearInstant_NonConsolidatedMember	JPY	5458000000
jppfs_cor:ShortTermLoansPayable	短期借入金	Prior1YearInstant_NonConsolidatedMember	JPY	－
jppfs_cor:ShortTermLoansPayable	短期借入金	CurrentYearInstant_NonConsolidatedMember	JPY	60600000000
jppfs_cor:CurrentPortionOfLongTermLoansPayable	１年内返済予定の長期借入金	Prior1YearInstant_NonConsolidatedMember	JPY	－
jppfs_cor:CurrentPortionOfLongTermLoansPayable	１年内返済予定の長期借入金	CurrentYearInstant_NonConsolidatedMember	JPY	2000000000
jppfs_cor:LeaseObligationsCL	リース負債、流動負債	Prior1YearInstant_NonConsolidatedMember	JPY	70000000
jppfs_cor:LeaseObligationsCL	リース負債、流動負債	CurrentYearInstant_NonConsolidatedMember	JPY	61000000
jppfs_cor:AccountsPayableOther	未払金	Prior1YearInstant_NonConsolidatedMember	JPY	1121000000
jppfs_cor:AccountsPayableOther	未払金	CurrentYearInstant_NonConsolidatedMember	JPY	1033000000
jppfs_cor:AccruedExpenses	未払費用	Prior1YearInstant_NonConsolidatedMember	JPY	4734000000
jppfs_cor:AccruedExpenses	未払費用	CurrentYearInstant_NonConsolidatedMember	JPY	3931000000
jppfs_cor:IncomeTaxesPayable	未払法人税等	Prior1YearInstant_NonConsolidatedMember	JPY	3811000000
jppfs_cor:IncomeTaxesPayable	未払法人税等	CurrentYearInstant_NonConsolidatedMember	JPY	7483000000
jppfs_cor:ContractLiabilities	契約負債	Prior1YearInstant_NonConsolidatedMember	JPY	3835000000
jppfs_cor:ContractLiabilities	契約負債	CurrentYearInstant_NonConsolidatedMember	JPY	4435000000
jppfs_cor:DepositsReceived	預り金	Prior1YearInstant_NonConsolidatedMember	JPY	19270000000
jppfs_cor:DepositsReceived	預り金	CurrentYearInstant_NonConsolidatedMember	JPY	29422000000
jppfs_cor:ProvisionForProductWarranties	製品保証引当金	Prior1YearInstant_NonConsolidatedMember	JPY	449000000
jppfs_cor:ProvisionForProductWarranties	製品保証引当金	CurrentYearInstant_NonConsolidatedMember	JPY	514000000
jppfs_cor:ProvisionForBonuses	賞与引当金	Prior1YearInstant_NonConsolidatedMember	JPY	2750000000
jppfs_cor:ProvisionForBonuses	賞与引当金	CurrentYearInstant_NonConsolidatedMember	JPY	2799000000
jppfs_cor:ProvisionForDirectorsBonuses	役員賞与引当金	Prior1YearInstant_NonConsolidatedMember	JPY	195000000
jppfs_cor:ProvisionForDirectorsBonuses	役員賞与引当金	CurrentYearInstant_NonConsolidatedMember	JPY	178000000
jppfs_cor:OtherCL	その他、流動負債	Prior1YearInstant_NonConsolidatedMember	JPY	66000000
jppfs_cor:OtherCL	その他、流動負債	CurrentYearInstant_NonConsolidatedMember	JPY	46000000
jppfs_cor:CurrentLiabilities	流動負債	Prior1YearInstant_NonConsolidatedMember	JPY	53840000000
jppfs_cor:CurrentLiabilities	流動負債	CurrentYearInstant_NonConsolidatedMember	JPY	129664000000
jppfs_cor:LongTermLoansPayable	長期借入金	Prior1YearInstant_NonConsolidatedMember	JPY	－
jppfs_cor:LongTermLoansPayable	長期借入金	CurrentYearInstant_NonConsolidatedMember	JPY	8000000000
jppfs_cor:LeaseObligationsNCL	リース負債、固定負債	Prior1YearInstant_NonConsolidatedMember	JPY	4000000
jppfs_cor:LeaseObligationsNCL	リース負債、固定負債	CurrentYearInstant_NonConsolidatedMember	JPY	1000000
jppfs_cor:DeferredTaxLiabilitiesForLandRevaluation	再評価に係る繰延税金負債	Prior1YearInstant_NonConsolidatedMember	JPY	491000000
jppfs_cor:DeferredTaxLiabilitiesForLandRevaluation	再評価に係る繰延税金負債	CurrentYearInstant_NonConsolidatedMember	JPY	468000000
jppfs_cor:ProvisionForRetirementBenefits	退職給付引当金	Prior1YearInstant_NonConsolidatedMember	JPY	157000000
jppfs_cor:ProvisionForRetirementBenefits	退職給付引当金	CurrentYearInstant_NonConsolidatedMember	JPY	174000000
jppfs_cor:ProvisionForShareBasedPaymentsNCL	株式報酬引当金、固定負債	Prior1YearInstant_NonConsolidatedMember	JPY	－
jppfs_cor:ProvisionForShareBasedPaymentsNCL	株式報酬引当金、固定負債	CurrentYearInstant_NonConsolidatedMember	JPY	56000000
jppfs_cor:AssetRetirementObligationsNCL	資産除去債務、固定負債	Prior1YearInstant_NonConsolidatedMember	JPY	8000000
jppfs_cor:AssetRetirementObligationsNCL	資産除去債務、固定負債	CurrentYearInstant_NonConsolidatedMember	JPY	8000000
jppfs_cor:LongTermGuaranteeDeposited	長期預り保証金	Prior1YearInstant_NonConsolidatedMember	JPY	802000000
jppfs_cor:LongTermGuaranteeDeposited	長期預り保証金	CurrentYearInstant_NonConsolidatedMember	JPY	786000000
jppfs_cor:OtherNCL	その他、固定負債	Prior1YearInstant_NonConsolidatedMember	JPY	508000000
jppfs_cor:OtherNCL	その他、固定負債	CurrentYearInstant_NonConsolidatedMember	JPY	381000000
jppfs_cor:NoncurrentLiabilities	固定負債	Prior1YearInstant_NonConsolidatedMember	JPY	1973000000
jppfs_cor:NoncurrentLiabilities	固定負債	CurrentYearInstant_NonConsolidatedMember	JPY	9878000000
jppfs_cor:Liabilities	負債	Prior1YearInstant_NonConsolidatedMember	JPY	55814000000
jppfs_cor:Liabilities	負債	CurrentYearInstant_NonConsolidatedMember	JPY	139542000000
jppfs_cor:CapitalStock	資本金	Prior1YearInstant_NonConsolidatedMember	JPY	54768000000
jppfs_cor:CapitalStock	資本金	CurrentYearInstant_NonConsolidatedMember	JPY	54768000000
jppfs_cor:LegalCapitalSurplus	資本準備金	Prior1YearInstant_NonConsolidatedMember	JPY	163199000000
jppfs_cor:LegalCapitalSurplus	資本準備金	CurrentYearInstant_NonConsolidatedMember	JPY	163199000000
jppfs_cor:CapitalSurplus	資本剰余金	Prior1YearInstant_NonConsolidatedMember	JPY	163199000000
jppfs_cor:CapitalSurplus	資本剰余金	CurrentYearInstant_NonConsolidatedMember	JPY	163199000000
jppfs_cor:LegalRetainedEarnings	利益準備金	Prior1YearInstant_NonConsolidatedMember	JPY	9126000000
jppfs_cor:LegalRetainedEarnings	利益準備金	CurrentYearInstant_NonConsolidatedMember	JPY	9126000000
jppfs_cor:ReserveForReductionEntryOfLand	土地圧縮積立金	Prior1YearInstant_NonConsolidatedMember	JPY	402000000
jppfs_cor:ReserveForReductionEntryOfLand	土地圧縮積立金	CurrentYearInstant_NonConsolidatedMember	JPY	314000000
jppfs_cor:ReserveForReductionEntryOfDepreciableAssets	償却資産圧縮積立金	Prior1YearInstant_NonConsolidatedMember	JPY	4569000000
jppfs_cor:ReserveForReductionEntryOfDepreciableAssets	償却資産圧縮積立金	CurrentYearInstant_NonConsolidatedMember	JPY	4254000000
jppfs_cor:GeneralReserve	別途積立金	Prior1YearInstant_NonConsolidatedMember	JPY	111852000000
jppfs_cor:GeneralReserve	別途積立金	CurrentYearInstant_NonConsolidatedMember	JPY	111852000000
jppfs_cor:RetainedEarningsBroughtForward	繰越利益剰余金	Prior1YearInstant_NonConsolidatedMember	JPY	38991000000
jppfs_cor:RetainedEarningsBroughtForward	繰越利益剰余金	CurrentYearInstant_NonConsolidatedMember	JPY	45811000000
jppfs_cor:RetainedEarnings	利益剰余金	Prior1YearInstant_NonConsolidatedMember	JPY	164942000000
jppfs_cor:RetainedEarnings	利益剰余金	CurrentYearInstant_NonConsolidatedMember	JPY	171359000000
jppfs_cor:TreasuryStock	自己株式	Prior1YearInstant_NonConsolidatedMember	JPY	-10106000000
jppfs_cor:TreasuryStock	自己株式	CurrentYearInstant_NonConsolidatedMember	JPY	-11791000000
jppfs_cor:ShareholdersEquity	株主資本	Prior1YearInstant_NonConsolidatedMember	JPY	372802000000
jppfs_cor:ShareholdersEquity	株主資本	CurrentYearInstant_NonConsolidatedMember	JPY	377534000000
jppfs_cor:ValuationDifferenceOnAvailableForSaleSecurities	その他有価証券評価差額金	Prior1YearInstant_NonConsolidatedMember	JPY	3259000000
jppfs_cor:ValuationDifferenceOnAvailableForSaleSecurities	その他有価証券評価差額金	CurrentYearInstant_NonConsolidatedMember	JPY	16000000
jppfs_cor:RevaluationReserveForLand	土地再評価差額金	Prior1YearInstant_NonConsolidatedMember	JPY	-8766000000
jppfs_cor:RevaluationReserveForLand	土地再評価差額金	CurrentYearInstant_NonConsolidatedMember	JPY	-8817000000
jppfs_cor:ValuationAndTranslationAdjustments	評価・換算差額等	Prior1YearInstant_NonConsolidatedMember	JPY	-5507000000
jppfs_cor:ValuationAndTranslationAdjustments	評価・換算差額等	CurrentYearInstant_NonConsolidatedMember	JPY	-8800000000
jppfs_cor:NetAssets	純資産	Prior1YearInstant_NonConsolidatedMember	JPY	367295000000
jppfs_cor:NetAssets	純資産	CurrentYearInstant_NonConsolidatedMember	JPY	368734000000
jppfs_cor:LiabilitiesAndNetAssets	負債純資産	Prior1YearInstant_NonConsolidatedMember	JPY	423110000000
jppfs_cor:LiabilitiesAndNetAssets	負債純資産	CurrentYearInstant_NonConsolidatedMember	JPY	508276000000
jppfs_cor:NetSales	売上高	Prior1YearDuration_NonConsolidatedMember	JPY	189498000000
jppfs_cor:NetSales	売上高	CurrentYearDuration_NonConsolidatedMember	JPY	195316000000
jppfs_cor:CostOfSales	売上原価	Prior1YearDuration_NonConsolidatedMember	JPY	127922000000
jppfs_cor:CostOfSales	売上原価	CurrentYearDuration_NonConsolidatedMember	JPY	128750000000
jppfs_cor:GrossProfit	売上総利益又は売上総損失（△）	Prior1YearDuration_NonConsolidatedMember	JPY	61576000000
jppfs_cor:GrossProfit	売上総利益又は売上総損失（△）	CurrentYearDuration_NonConsolidatedMember	JPY	66566000000
jppfs_cor:SalesCommissionSGA	販売手数料、販売費及び一般管理費	Prior1YearDuration_NonConsolidatedMember	JPY	1907000000
jppfs_cor:SalesCommissionSGA	販売手数料、販売費及び一般管理費	CurrentYearDuration_NonConsolidatedMember	JPY	1926000000
jppfs_cor:PackingAndTransportationExpensesSGA	荷造運搬費、販売費及び一般管理費	Prior1YearDuration_NonConsolidatedMember	JPY	7448000000
jppfs_cor:PackingAndTransportationExpensesSGA	荷造運搬費、販売費及び一般管理費	CurrentYearDuration_NonConsolidatedMember	JPY	8202000000
jppfs_cor:DepreciationSGA	減価償却費、販売費及び一般管理費	Prior1YearDuration_NonConsolidatedMember	JPY	5018000000
jppfs_cor:DepreciationSGA	減価償却費、販売費及び一般管理費	CurrentYearDuration_NonConsolidatedMember	JPY	5257000000
jppfs_cor:SalariesAndAllowancesSGA	給料及び手当、販売費及び一般管理費	Prior1YearDuration_NonConsolidatedMember	JPY	9282000000
jppfs_cor:SalariesAndAllowancesSGA	給料及び手当、販売費及び一般管理費	CurrentYearDuration_NonConsolidatedMember	JPY	9294000000
jppfs_cor:CommissionFeeSGA	支払手数料、販売費及び一般管理費	Prior1YearDuration_NonConsolidatedMember	JPY	3767000000
jppfs_cor:CommissionFeeSGA	支払手数料、販売費及び一般管理費	CurrentYearDuration_NonConsolidatedMember	JPY	3984000000
jppfs_cor:ResearchAndDevelopmentExpensesSGA	研究開発費、販売費及び一般管理費	Prior1YearDuration_NonConsolidatedMember	JPY	5188000000
jppfs_cor:ResearchAndDevelopmentExpensesSGA	研究開発費、販売費及び一般管理費	CurrentYearDuration_NonConsolidatedMember	JPY	5093000000
jppfs_cor:OtherSGA	その他、販売費及び一般管理費	Prior1YearDuration_NonConsolidatedMember	JPY	12222000000
jppfs_cor:OtherSGA	その他、販売費及び一般管理費	CurrentYearDuration_NonConsolidatedMember	JPY	11864000000
jppfs_cor:SellingGeneralAndAdministrativeExpenses	販売費及び一般管理費	Prior1YearDuration_NonConsolidatedMember	JPY	44835000000
jppfs_cor:SellingGeneralAndAdministrativeExpenses	販売費及び一般管理費	CurrentYearDuration_NonConsolidatedMember	JPY	45621000000
jppfs_cor:OperatingIncome	営業利益又は営業損失（△）	Prior1YearDuration_NonConsolidatedMember	JPY	16740000000
jppfs_cor:OperatingIncome	営業利益又は営業損失（△）	CurrentYearDuration_NonConsolidatedMember	JPY	20944000000
jppfs_cor:InterestIncomeNOI	受取利息、営業外収益	Prior1YearDuration_NonConsolidatedMember	JPY	195000000
jppfs_cor:InterestIncomeNOI	受取利息、営業外収益	CurrentYearDuration_NonConsolidatedMember	JPY	299000000
jppfs_cor:InterestOnSecuritiesNOI	有価証券利息、営業外収益	Prior1YearDuration_NonConsolidatedMember	JPY	122000000
jppfs_cor:InterestOnSecuritiesNOI	有価証券利息、営業外収益	CurrentYearDuration_NonConsolidatedMember	JPY	142000000
jppfs_cor:DividendsIncomeNOI	受取配当金、営業外収益	Prior1YearDuration_NonConsolidatedMember	JPY	20801000000
jppfs_cor:DividendsIncomeNOI	受取配当金、営業外収益	CurrentYearDuration_NonConsolidatedMember	JPY	23029000000
jppfs_cor:GainOnSalesOfInvestmentSecuritiesNOI	投資有価証券売却益、営業外収益	Prior1YearDuration_NonConsolidatedMember	JPY	5393000000
jppfs_cor:GainOnSalesOfInvestmentSecuritiesNOI	投資有価証券売却益、営業外収益	CurrentYearDuration_NonConsolidatedMember	JPY	9376000000
jppfs_cor:CommissionFeeNOI	受取手数料、営業外収益	Prior1YearDuration_NonConsolidatedMember	JPY	433000000
jppfs_cor:CommissionFeeNOI	受取手数料、営業外収益	CurrentYearDuration_NonConsolidatedMember	JPY	433000000
jppfs_cor:ForeignExchangeGainsNOI	為替差益、営業外収益	Prior1YearDuration_NonConsolidatedMember	JPY	－
jppfs_cor:ForeignExchangeGainsNOI	為替差益、営業外収益	CurrentYearDuration_NonConsolidatedMember	JPY	1061000000
jppfs_cor:OtherNOI	その他、営業外収益	Prior1YearDuration_NonConsolidatedMember	JPY	832000000
jppfs_cor:OtherNOI	その他、営業外収益	CurrentYearDuration_NonConsolidatedMember	JPY	802000000
jppfs_cor:NonOperatingIncome	営業外収益	Prior1YearDuration_NonConsolidatedMember	JPY	27778000000
jppfs_cor:NonOperatingIncome	営業外収益	CurrentYearDuration_NonConsolidatedMember	JPY	35144000000
jppfs_cor:InterestExpensesNOE	支払利息、営業外費用	Prior1YearDuration_NonConsolidatedMember	JPY	6000000
jppfs_cor:InterestExpensesNOE	支払利息、営業外費用	CurrentYearDuration_NonConsolidatedMember	JPY	569000000
jppfs_cor:LossOnSalesOfInvestmentSecuritiesNOE	投資有価証券売却損、営業外費用	Prior1YearDuration_NonConsolidatedMember	JPY	－
jppfs_cor:LossOnSalesOfInvestmentSecuritiesNOE	投資有価証券売却損、営業外費用	CurrentYearDuration_NonConsolidatedMember	JPY	112000000
jppfs_cor:LossOnValuationOfDerivativesNOE	デリバティブ評価損、営業外費用	Prior1YearDuration_NonConsolidatedMember	JPY	2000000
jppfs_cor:LossOnValuationOfDerivativesNOE	デリバティブ評価損、営業外費用	CurrentYearDuration_NonConsolidatedMember	JPY	99000000
jppfs_cor:ForeignExchangeLossesNOE	為替差損、営業外費用	Prior1YearDuration_NonConsolidatedMember	JPY	1203000000
jppfs_cor:ForeignExchangeLossesNOE	為替差損、営業外費用	CurrentYearDuration_NonConsolidatedMember	JPY	－
jppfs_cor:OtherNOE	その他、営業外費用	Prior1YearDuration_NonConsolidatedMember	JPY	24000000
jppfs_cor:OtherNOE	その他、営業外費用	CurrentYearDuration_NonConsolidatedMember	JPY	47000000
jppfs_cor:NonOperatingExpenses	営業外費用	Prior1YearDuration_NonConsolidatedMember	JPY	1236000000
jppfs_cor:NonOperatingExpenses	営業外費用	CurrentYearDuration_NonConsolidatedMember	JPY	829000000
jppfs_cor:OrdinaryIncome	経常利益又は経常損失（△）	Prior1YearDuration_NonConsolidatedMember	JPY	43282000000
jppfs_cor:OrdinaryIncome	経常利益又は経常損失（△）	CurrentYearDuration_NonConsolidatedMember	JPY	55258000000
jppfs_cor:GainOnSalesOfNoncurrentAssetsEI	固定資産売却益、特別利益	Prior1YearDuration_NonConsolidatedMember	JPY	1132000000
jppfs_cor:GainOnSalesOfNoncurrentAssetsEI	固定資産売却益、特別利益	CurrentYearDuration_NonConsolidatedMember	JPY	0
jppfs_cor:GainOnSalesOfSubsidiariesAndAffiliatesStocksEI	関係会社株式売却益、特別利益	Prior1YearDuration_NonConsolidatedMember	JPY	193000000
jppfs_cor:GainOnSalesOfSubsidiariesAndAffiliatesStocksEI	関係会社株式売却益、特別利益	CurrentYearDuration_NonConsolidatedMember	JPY	－
jppfs_cor:GainOnExtinguishmentOfTieInSharesEI	抱合せ株式消滅差益、特別利益	Prior1YearDuration_NonConsolidatedMember	JPY	5250000000
jppfs_cor:GainOnExtinguishmentOfTieInSharesEI	抱合せ株式消滅差益、特別利益	CurrentYearDuration_NonConsolidatedMember	JPY	－
jpcrp030000-asr_E01486-000:IncomeFromRecoveryOfBadDebtsEI		Prior1YearDuration_NonConsolidatedMember	JPY	227000000
jpcrp030000-asr_E01486-000:IncomeFromRecoveryOfBadDebtsEI		CurrentYearDuration_NonConsolidatedMember	JPY	－
jppfs_cor:ExtraordinaryIncome	特別利益	Prior1YearDuration_NonConsolidatedMember	JPY	6803000000
jppfs_cor:ExtraordinaryIncome	特別利益	CurrentYearDuration_NonConsolidatedMember	JPY	0
jppfs_cor:LossOnRetirementOfNoncurrentAssetsEL	固定資産除却損、特別損失	Prior1YearDuration_NonConsolidatedMember	JPY	126000000
jppfs_cor:LossOnRetirementOfNoncurrentAssetsEL	固定資産除却損、特別損失	CurrentYearDuration_NonConsolidatedMember	JPY	383000000
jppfs_cor:LossOnRevisionOfRetirementBenefitPlanEL	退職給付制度改定損、特別損失	Prior1YearDuration_NonConsolidatedMember	JPY	－
jppfs_cor:LossOnRevisionOfRetirementBenefitPlanEL	退職給付制度改定損、特別損失	CurrentYearDuration_NonConsolidatedMember	JPY	59000000
jppfs_cor:OtherEL	その他、特別損失	Prior1YearDuration_NonConsolidatedMember	JPY	7000000
jppfs_cor:OtherEL	その他、特別損失	CurrentYearDuration_NonConsolidatedMember	JPY	79000000
jppfs_cor:ExtraordinaryLoss	特別損失	Prior1YearDuration_NonConsolidatedMember	JPY	134000000
jppfs_cor:ExtraordinaryLoss	特別損失	CurrentYearDuration_NonConsolidatedMember	JPY	522000000
jppfs_cor:IncomeBeforeIncomeTaxes	税引前当期純利益又は税引前当期純損失（△）	Prior1YearDuration_NonConsolidatedMember	JPY	49951000000
jppfs_cor:IncomeBeforeIncomeTaxes	税引前当期純利益又は税引前当期純損失（△）	CurrentYearDuration_NonConsolidatedMember	JPY	54736000000
jppfs_cor:IncomeTaxesCurrent	法人税、住民税及び事業税	Prior1YearDuration_NonConsolidatedMember	JPY	6674000000
jppfs_cor:IncomeTaxesCurrent	法人税、住民税及び事業税	CurrentYearDuration_NonConsolidatedMember	JPY	10671000000
jppfs_cor:IncomeTaxesDeferred	法人税等調整額	Prior1YearDuration_NonConsolidatedMember	JPY	347000000
jppfs_cor:IncomeTaxesDeferred	法人税等調整額	CurrentYearDuration_NonConsolidatedMember	JPY	-410000000
jppfs_cor:IncomeTaxes	法人税等	Prior1YearDuration_NonConsolidatedMember	JPY	7021000000
jppfs_cor:IncomeTaxes	法人税等	CurrentYearDuration_NonConsolidatedMember	JPY	10261000000
jppfs_cor:ProfitLoss	当期純利益又は当期純損失（△）（平成26年3月28日財規等改正後）	Prior1YearDuration_NonConsolidatedMember	JPY	42929000000
jppfs_cor:ProfitLoss	当期純利益又は当期純損失（△）（平成26年3月28日財規等改正後）	CurrentYearDuration_NonConsolidatedMember	JPY	44475000000
jppfs_cor:NetAssets	純資産	Prior2YearInstant_NonConsolidatedMember_CapitalStockMember	JPY	54768000000
jppfs_cor:NetAssets	純資産	Prior2YearInstant_NonConsolidatedMember_LegalCapitalSurplusMember	JPY	163199000000
jppfs_cor:NetAssets	純資産	Prior2YearInstant_NonConsolidatedMember_OtherCapitalSurplusMember	JPY	－
jppfs_cor:NetAssets	純資産	Prior2YearInstant_NonConsolidatedMember_CapitalSurplusMember	JPY	163199000000
jppfs_cor:NetAssets	純資産	Prior2YearInstant_NonConsolidatedMember_LegalRetainedEarningsMember	JPY	9126000000
jppfs_cor:NetAssets	純資産	Prior2YearInstant_NonConsolidatedMember_ReserveForReductionEntryOfLandMember	JPY	408000000
jppfs_cor:NetAssets	純資産	Prior2YearInstant_NonConsolidatedMember_ReserveForReductionEntryOfDepreciableAssetsMember	JPY	4943000000
jppfs_cor:NetAssets	純資産	Prior2YearInstant_NonConsolidatedMember_GeneralReserveMember	JPY	111852000000
jppfs_cor:NetAssets	純資産	Prior2YearInstant_NonConsolidatedMember_RetainedEarningsBroughtForwardMember	JPY	36928000000
jppfs_cor:NetAssets	純資産	Prior2YearInstant_NonConsolidatedMember_RetainedEarningsMember	JPY	163259000000
jppfs_cor:AdjustmentToReserveDueToChangeInTaxRate	税率変更による積立金の調整額	Prior1YearDuration_NonConsolidatedMember_ReserveForReductionEntryOfLandMember	JPY	-5000000
jppfs_cor:AdjustmentToReserveDueToChangeInTaxRate	税率変更による積立金の調整額	Prior1YearDuration_NonConsolidatedMember_ReserveForReductionEntryOfDepreciableAssetsMember	JPY	-55000000
jppfs_cor:AdjustmentToReserveDueToChangeInTaxRate	税率変更による積立金の調整額	Prior1YearDuration_NonConsolidatedMember_RetainedEarningsBroughtForwardMember	JPY	61000000
jppfs_cor:AdjustmentToReserveDueToChangeInTaxRate	税率変更による積立金の調整額	Prior1YearDuration_NonConsolidatedMember_RetainedEarningsMember	JPY	－
jppfs_cor:ReversalOfReserveForReductionEntryOfDepreciableAssets	償却資産圧縮積立金の取崩	Prior1YearDuration_NonConsolidatedMember_ReserveForReductionEntryOfDepreciableAssetsMember	JPY	-317000000
jppfs_cor:ReversalOfReserveForReductionEntryOfDepreciableAssets	償却資産圧縮積立金の取崩	Prior1YearDuration_NonConsolidatedMember_RetainedEarningsBroughtForwardMember	JPY	317000000
jppfs_cor:ReversalOfReserveForReductionEntryOfDepreciableAssets	償却資産圧縮積立金の取崩	Prior1YearDuration_NonConsolidatedMember_RetainedEarningsMember	JPY	－
jppfs_cor:DividendsFromSurplus	剰余金の配当	Prior1YearDuration_NonConsolidatedMember_RetainedEarningsBroughtForwardMember	JPY	-21910000000
jppfs_cor:DividendsFromSurplus	剰余金の配当	Prior1YearDuration_NonConsolidatedMember_RetainedEarningsMember	JPY	-21910000000
jppfs_cor:ProfitLoss	当期純利益又は当期純損失（△）（平成26年3月28日財規等改正後）	Prior1YearDuration_NonConsolidatedMember_RetainedEarningsBroughtForwardMember	JPY	42929000000
jppfs_cor:ProfitLoss	当期純利益又は当期純損失（△）（平成26年3月28日財規等改正後）	Prior1YearDuration_NonConsolidatedMember_RetainedEarningsMember	JPY	42929000000
jppfs_cor:DisposalOfTreasuryStock	自己株式の処分	Prior1YearDuration_NonConsolidatedMember_OtherCapitalSurplusMember	JPY	0
jppfs_cor:DisposalOfTreasuryStock	自己株式の処分	Prior1YearDuration_NonConsolidatedMember_CapitalSurplusMember	JPY	0
jppfs_cor:RetirementOfTreasuryStock	自己株式の消却	Prior1YearDuration_NonConsolidatedMember_OtherCapitalSurplusMember	JPY	-18897000000
jppfs_cor:RetirementOfTreasuryStock	自己株式の消却	Prior1YearDuration_NonConsolidatedMember_CapitalSurplusMember	JPY	-18897000000
jpcrp030000-asr_E01486-000:TransferToOtherRetainedEarningsFromNegativeOtherCapitalSurplus		Prior1YearDuration_NonConsolidatedMember_OtherCapitalSurplusMember	JPY	18897000000
jpcrp030000-asr_E01486-000:TransferToOtherRetainedEarningsFromNegativeOtherCapitalSurplus		Prior1YearDuration_NonConsolidatedMember_CapitalSurplusMember	JPY	18897000000
jpcrp030000-asr_E01486-000:TransferToOtherRetainedEarningsFromNegativeOtherCapitalSurplus		Prior1YearDuration_NonConsolidatedMember_RetainedEarningsBroughtForwardMember	JPY	-18897000000
jpcrp030000-asr_E01486-000:TransferToOtherRetainedEarningsFromNegativeOtherCapitalSurplus		Prior1YearDuration_NonConsolidatedMember_RetainedEarningsMember	JPY	-18897000000
jppfs_cor:ReversalOfRevaluationReserveForLand	土地再評価差額金の取崩	Prior1YearDuration_NonConsolidatedMember_RetainedEarningsBroughtForwardMember	JPY	-438000000
jppfs_cor:ReversalOfRevaluationReserveForLand	土地再評価差額金の取崩	Prior1YearDuration_NonConsolidatedMember_RetainedEarningsMember	JPY	-438000000
jppfs_cor:TotalChangesOfItemsDuringThePeriod	当期変動額合計	Prior1YearDuration_NonConsolidatedMember_CapitalStockMember	JPY	－
jppfs_cor:TotalChangesOfItemsDuringThePeriod	当期変動額合計	Prior1YearDuration_NonConsolidatedMember_LegalCapitalSurplusMember	JPY	－
jppfs_cor:TotalChangesOfItemsDuringThePeriod	当期変動額合計	Prior1YearDuration_NonConsolidatedMember_OtherCapitalSurplusMember	JPY	－
jppfs_cor:TotalChangesOfItemsDuringThePeriod	当期変動額合計	Prior1YearDuration_NonConsolidatedMember_CapitalSurplusMember	JPY	－
jppfs_cor:TotalChangesOfItemsDuringThePeriod	当期変動額合計	Prior1YearDuration_NonConsolidatedMember_LegalRetainedEarningsMember	JPY	－
jppfs_cor:TotalChangesOfItemsDuringThePeriod	当期変動額合計	Prior1YearDuration_NonConsolidatedMember_ReserveForReductionEntryOfLandMember	JPY	-5000000
jppfs_cor:TotalChangesOfItemsDuringThePeriod	当期変動額合計	Prior1YearDuration_NonConsolidatedMember_ReserveForReductionEntryOfDepreciableAssetsMember	JPY	-373000000
jppfs_cor:TotalChangesOfItemsDuringThePeriod	当期変動額合計	Prior1YearDuration_NonConsolidatedMember_GeneralReserveMember	JPY	－
jppfs_cor:TotalChangesOfItemsDuringThePeriod	当期変動額合計	Prior1YearDuration_NonConsolidatedMember_RetainedEarningsBroughtForwardMember	JPY	2062000000
jppfs_cor:TotalChangesOfItemsDuringThePeriod	当期変動額合計	Prior1YearDuration_NonConsolidatedMember_RetainedEarningsMember	JPY	1683000000
jppfs_cor:NetAssets	純資産	Prior1YearInstant_NonConsolidatedMember_CapitalStockMember	JPY	54768000000
jppfs_cor:NetAssets	純資産	Prior1YearInstant_NonConsolidatedMember_LegalCapitalSurplusMember	JPY	163199000000
jppfs_cor:NetAssets	純資産	Prior1YearInstant_NonConsolidatedMember_OtherCapitalSurplusMember	JPY	－
jppfs_cor:NetAssets	純資産	Prior1YearInstant_NonConsolidatedMember_CapitalSurplusMember	JPY	163199000000
jppfs_cor:NetAssets	純資産	Prior1YearInstant_NonConsolidatedMember_LegalRetainedEarningsMember	JPY	9126000000
jppfs_cor:NetAssets	純資産	Prior1YearInstant_NonConsolidatedMember_ReserveForReductionEntryOfLandMember	JPY	402000000
jppfs_cor:NetAssets	純資産	Prior1YearInstant_NonConsolidatedMember_ReserveForReductionEntryOfDepreciableAssetsMember	JPY	4569000000
jppfs_cor:NetAssets	純資産	Prior1YearInstant_NonConsolidatedMember_GeneralReserveMember	JPY	111852000000
jppfs_cor:NetAssets	純資産	Prior1YearInstant_NonConsolidatedMember_RetainedEarningsBroughtForwardMember	JPY	38991000000
jppfs_cor:NetAssets	純資産	Prior1YearInstant_NonConsolidatedMember_RetainedEarningsMember	JPY	164942000000
jppfs_cor:NetAssets	純資産	Prior2YearInstant_NonConsolidatedMember_TreasuryStockMember	JPY	-8760000000
jppfs_cor:NetAssets	純資産	Prior2YearInstant_NonConsolidatedMember_ShareholdersEquityMember	JPY	372466000000
jppfs_cor:NetAssets	純資産	Prior2YearInstant_NonConsolidatedMember_ValuationDifferenceOnAvailableForSaleSecuritiesMember	JPY	5315000000
jppfs_cor:NetAssets	純資産	Prior2YearInstant_NonConsolidatedMember_RevaluationReserveForLandMember	JPY	-9191000000
jppfs_cor:NetAssets	純資産	Prior2YearInstant_NonConsolidatedMember_ValuationAndTranslationAdjustmentsMember	JPY	-3876000000
jppfs_cor:NetAssets	純資産	Prior2YearInstant_NonConsolidatedMember	JPY	368589000000
jppfs_cor:AdjustmentToReserveDueToChangeInTaxRate	税率変更による積立金の調整額	Prior1YearDuration_NonConsolidatedMember_ShareholdersEquityMember	JPY	－
jppfs_cor:AdjustmentToReserveDueToChangeInTaxRate	税率変更による積立金の調整額	Prior1YearDuration_NonConsolidatedMember	JPY	－
jppfs_cor:ReversalOfReserveForReductionEntryOfDepreciableAssets	償却資産圧縮積立金の取崩	Prior1YearDuration_NonConsolidatedMember_ShareholdersEquityMember	JPY	－
jppfs_cor:ReversalOfReserveForReductionEntryOfDepreciableAssets	償却資産圧縮積立金の取崩	Prior1YearDuration_NonConsolidatedMember	JPY	－
jppfs_cor:DividendsFromSurplus	剰余金の配当	Prior1YearDuration_NonConsolidatedMember_ShareholdersEquityMember	JPY	-21910000000
jppfs_cor:DividendsFromSurplus	剰余金の配当	Prior1YearDuration_NonConsolidatedMember	JPY	-21910000000
jppfs_cor:ProfitLoss	当期純利益又は当期純損失（△）（平成26年3月28日財規等改正後）	Prior1YearDuration_NonConsolidatedMember_ShareholdersEquityMember	JPY	42929000000
jppfs_cor:ProfitLoss	当期純利益又は当期純損失（△）（平成26年3月28日財規等改正後）	Prior1YearDuration_NonConsolidatedMember	JPY	42929000000
jppfs_cor:PurchaseOfTreasuryStock	自己株式の取得	Prior1YearDuration_NonConsolidatedMember_TreasuryStockMember	JPY	-20244000000
jppfs_cor:PurchaseOfTreasuryStock	自己株式の取得	Prior1YearDuration_NonConsolidatedMember_ShareholdersEquityMember	JPY	-20244000000
jppfs_cor:PurchaseOfTreasuryStock	自己株式の取得	Prior1YearDuration_NonConsolidatedMember	JPY	-20244000000
jppfs_cor:DisposalOfTreasuryStock	自己株式の処分	Prior1YearDuration_NonConsolidatedMember_TreasuryStockMember	JPY	0
jppfs_cor:DisposalOfTreasuryStock	自己株式の処分	Prior1YearDuration_NonConsolidatedMember_ShareholdersEquityMember	JPY	0
jppfs_cor:DisposalOfTreasuryStock	自己株式の処分	Prior1YearDuration_NonConsolidatedMember	JPY	0
jppfs_cor:RetirementOfTreasuryStock	自己株式の消却	Prior1YearDuration_NonConsolidatedMember_TreasuryStockMember	JPY	18897000000
jppfs_cor:RetirementOfTreasuryStock	自己株式の消却	Prior1YearDuration_NonConsolidatedMember_ShareholdersEquityMember	JPY	－
jppfs_cor:RetirementOfTreasuryStock	自己株式の消却	Prior1YearDuration_NonConsolidatedMember	JPY	－
jpcrp030000-asr_E01486-000:TransferToOtherRetainedEarningsFromNegativeOtherCapitalSurplus		Prior1YearDuration_NonConsolidatedMember_ShareholdersEquityMember	JPY	－
jpcrp030000-asr_E01486-000:TransferToOtherRetainedEarningsFromNegativeOtherCapitalSurplus		Prior1YearDuration_NonConsolidatedMember	JPY	－
jppfs_cor:ReversalOfRevaluationReserveForLand	土地再評価差額金の取崩	Prior1YearDuration_NonConsolidatedMember_ShareholdersEquityMember	JPY	-438000000
jppfs_cor:ReversalOfRevaluationReserveForLand	土地再評価差額金の取崩	Prior1YearDuration_NonConsolidatedMember_RevaluationReserveForLandMember	JPY	438000000
jppfs_cor:ReversalOfRevaluationReserveForLand	土地再評価差額金の取崩	Prior1YearDuration_NonConsolidatedMember_ValuationAndTranslationAdjustmentsMember	JPY	438000000
jppfs_cor:ReversalOfRevaluationReserveForLand	土地再評価差額金の取崩	Prior1YearDuration_NonConsolidatedMember	JPY	－
jppfs_cor:NetChangesOfItemsOtherThanShareholdersEquity	株主資本以外の項目の当期変動額（純額）	Prior1YearDuration_NonConsolidatedMember_ValuationDifferenceOnAvailableForSaleSecuritiesMember	JPY	-2055000000
jppfs_cor:NetChangesOfItemsOtherThanShareholdersEquity	株主資本以外の項目の当期変動額（純額）	Prior1YearDuration_NonConsolidatedMember_RevaluationReserveForLandMember	JPY	-14000000
jppfs_cor:NetChangesOfItemsOtherThanShareholdersEquity	株主資本以外の項目の当期変動額（純額）	Prior1YearDuration_NonConsolidatedMember_ValuationAndTranslationAdjustmentsMember	JPY	-2069000000
jppfs_cor:NetChangesOfItemsOtherThanShareholdersEquity	株主資本以外の項目の当期変動額（純額）	Prior1YearDuration_NonConsolidatedMember	JPY	-2069000000
jppfs_cor:TotalChangesOfItemsDuringThePeriod	当期変動額合計	Prior1YearDuration_NonConsolidatedMember_TreasuryStockMember	JPY	-1346000000
jppfs_cor:TotalChangesOfItemsDuringThePeriod	当期変動額合計	Prior1YearDuration_NonConsolidatedMember_ShareholdersEquityMember	JPY	336000000
jppfs_cor:TotalChangesOfItemsDuringThePeriod	当期変動額合計	Prior1YearDuration_NonConsolidatedMember_ValuationDifferenceOnAvailableForSaleSecuritiesMember	JPY	-2055000000
jppfs_cor:TotalChangesOfItemsDuringThePeriod	当期変動額合計	Prior1YearDuration_NonConsolidatedMember_RevaluationReserveForLandMember	JPY	424000000
jppfs_cor:TotalChangesOfItemsDuringThePeriod	当期変動額合計	Prior1YearDuration_NonConsolidatedMember_ValuationAndTranslationAdjustmentsMember	JPY	-1630000000
jppfs_cor:TotalChangesOfItemsDuringThePeriod	当期変動額合計	Prior1YearDuration_NonConsolidatedMember	JPY	-1293000000
jppfs_cor:NetAssets	純資産	Prior1YearInstant_NonConsolidatedMember_TreasuryStockMember	JPY	-10106000000
jppfs_cor:NetAssets	純資産	Prior1YearInstant_NonConsolidatedMember_ShareholdersEquityMember	JPY	372802000000
jppfs_cor:NetAssets	純資産	Prior1YearInstant_NonConsolidatedMember_ValuationDifferenceOnAvailableForSaleSecuritiesMember	JPY	3259000000
jppfs_cor:NetAssets	純資産	Prior1YearInstant_NonConsolidatedMember_RevaluationReserveForLandMember	JPY	-8766000000
jppfs_cor:NetAssets	純資産	Prior1YearInstant_NonConsolidatedMember_ValuationAndTranslationAdjustmentsMember	JPY	-5507000000
jppfs_cor:NetAssets	純資産	Prior1YearInstant_NonConsolidatedMember	JPY	367295000000
jppfs_cor:NetAssets	純資産	Prior1YearInstant_NonConsolidatedMember_CapitalStockMember	JPY	54768000000
jppfs_cor:NetAssets	純資産	Prior1YearInstant_NonConsolidatedMember_LegalCapitalSurplusMember	JPY	163199000000
jppfs_cor:NetAssets	純資産	Prior1YearInstant_NonConsolidatedMember_OtherCapitalSurplusMember	JPY	－
jppfs_cor:NetAssets	純資産	Prior1YearInstant_NonConsolidatedMember_CapitalSurplusMember	JPY	163199000000
jppfs_cor:NetAssets	純資産	Prior1YearInstant_NonConsolidatedMember_LegalRetainedEarningsMember	JPY	9126000000
jppfs_cor:NetAssets	純資産	Prior1YearInstant_NonConsolidatedMember_ReserveForReductionEntryOfLandMember	JPY	402000000
jppfs_cor:NetAssets	純資産	Prior1YearInstant_NonConsolidatedMember_ReserveForReductionEntryOfDepreciableAssetsMember	JPY	4569000000
jppfs_cor:NetAssets	純資産	Prior1YearInstant_NonConsolidatedMember_GeneralReserveMember	JPY	111852000000
jppfs_cor:NetAssets	純資産	Prior1YearInstant_NonConsolidatedMember_RetainedEarningsBroughtForwardMember	JPY	38991000000
jppfs_cor:NetAssets	純資産	Prior1YearInstant_NonConsolidatedMember_RetainedEarningsMember	JPY	164942000000
jppfs_cor:ReversalOfReserveForReductionEntryOfLand	土地圧縮積立金の取崩	CurrentYearDuration_NonConsolidatedMember_ReserveForReductionEntryOfLandMember	JPY	-88000000
jppfs_cor:ReversalOfReserveForReductionEntryOfLand	土地圧縮積立金の取崩	CurrentYearDuration_NonConsolidatedMember_RetainedEarningsBroughtForwardMember	JPY	88000000
jppfs_cor:ReversalOfReserveForReductionEntryOfLand	土地圧縮積立金の取崩	CurrentYearDuration_NonConsolidatedMember_RetainedEarningsMember	JPY	－
jppfs_cor:ReversalOfReserveForReductionEntryOfDepreciableAssets	償却資産圧縮積立金の取崩	CurrentYearDuration_NonConsolidatedMember_ReserveForReductionEntryOfDepreciableAssetsMember	JPY	-315000000
jppfs_cor:ReversalOfReserveForReductionEntryOfDepreciableAssets	償却資産圧縮積立金の取崩	CurrentYearDuration_NonConsolidatedMember_RetainedEarningsBroughtForwardMember	JPY	315000000
jppfs_cor:ReversalOfReserveForReductionEntryOfDepreciableAssets	償却資産圧縮積立金の取崩	CurrentYearDuration_NonConsolidatedMember_RetainedEarningsMember	JPY	－
jppfs_cor:DividendsFromSurplus	剰余金の配当	CurrentYearDuration_NonConsolidatedMember_RetainedEarningsBroughtForwardMember	JPY	-19788000000
jppfs_cor:DividendsFromSurplus	剰余金の配当	CurrentYearDuration_NonConsolidatedMember_RetainedEarningsMember	JPY	-19788000000
jppfs_cor:ProfitLoss	当期純利益又は当期純損失（△）（平成26年3月28日財規等改正後）	CurrentYearDuration_NonConsolidatedMember_RetainedEarningsBroughtForwardMember	JPY	44475000000
jppfs_cor:ProfitLoss	当期純利益又は当期純損失（△）（平成26年3月28日財規等改正後）	CurrentYearDuration_NonConsolidatedMember_RetainedEarningsMember	JPY	44475000000
jppfs_cor:DisposalOfTreasuryStock	自己株式の処分	CurrentYearDuration_NonConsolidatedMember_OtherCapitalSurplusMember	JPY	0
jppfs_cor:DisposalOfTreasuryStock	自己株式の処分	CurrentYearDuration_NonConsolidatedMember_CapitalSurplusMember	JPY	0
jppfs_cor:RetirementOfTreasuryStock	自己株式の消却	CurrentYearDuration_NonConsolidatedMember_OtherCapitalSurplusMember	JPY	-18320000000
jppfs_cor:RetirementOfTreasuryStock	自己株式の消却	CurrentYearDuration_NonConsolidatedMember_CapitalSurplusMember	JPY	-18320000000
jpcrp030000-asr_E01486-000:TransferToOtherRetainedEarningsFromNegativeOtherCapitalSurplus		CurrentYearDuration_NonConsolidatedMember_OtherCapitalSurplusMember	JPY	18320000000
jpcrp030000-asr_E01486-000:TransferToOtherRetainedEarningsFromNegativeOtherCapitalSurplus		CurrentYearDuration_NonConsolidatedMember_CapitalSurplusMember	JPY	18320000000
jpcrp030000-asr_E01486-000:TransferToOtherRetainedEarningsFromNegativeOtherCapitalSurplus		CurrentYearDuration_NonConsolidatedMember_RetainedEarningsBroughtForwardMember	JPY	-18320000000
jpcrp030000-asr_E01486-000:TransferToOtherRetainedEarningsFromNegativeOtherCapitalSurplus		CurrentYearDuration_NonConsolidatedMember_RetainedEarningsMember	JPY	-18320000000
jppfs_cor:ReversalOfRevaluationReserveForLand	土地再評価差額金の取崩	CurrentYearDuration_NonConsolidatedMember_RetainedEarningsBroughtForwardMember	JPY	50000000
jppfs_cor:ReversalOfRevaluationReserveForLand	土地再評価差額金の取崩	CurrentYearDuration_NonConsolidatedMember_RetainedEarningsMember	JPY	50000000
jppfs_cor:TotalChangesOfItemsDuringThePeriod	当期変動額合計	CurrentYearDuration_NonConsolidatedMember_CapitalStockMember	JPY	－
jppfs_cor:TotalChangesOfItemsDuringThePeriod	当期変動額合計	CurrentYearDuration_NonConsolidatedMember_LegalCapitalSurplusMember	JPY	－
jppfs_cor:TotalChangesOfItemsDuringThePeriod	当期変動額合計	CurrentYearDuration_NonConsolidatedMember_OtherCapitalSurplusMember	JPY	－
jppfs_cor:TotalChangesOfItemsDuringThePeriod	当期変動額合計	CurrentYearDuration_NonConsolidatedMember_CapitalSurplusMember	JPY	－
jppfs_cor:TotalChangesOfItemsDuringThePeriod	当期変動額合計	CurrentYearDuration_NonConsolidatedMember_LegalRetainedEarningsMember	JPY	－
jppfs_cor:TotalChangesOfItemsDuringThePeriod	当期変動額合計	CurrentYearDuration_NonConsolidatedMember_ReserveForReductionEntryOfLandMember	JPY	-88000000
jppfs_cor:TotalChangesOfItemsDuringThePeriod	当期変動額合計	CurrentYearDuration_NonConsolidatedMember_ReserveForReductionEntryOfDepreciableAssetsMember	JPY	-315000000
jppfs_cor:TotalChangesOfItemsDuringThePeriod	当期変動額合計	CurrentYearDuration_NonConsolidatedMember_GeneralReserveMember	JPY	－
jppfs_cor:TotalChangesOfItemsDuringThePeriod	当期変動額合計	CurrentYearDuration_NonConsolidatedMember_RetainedEarningsBroughtForwardMember	JPY	6820000000
jppfs_cor:TotalChangesOfItemsDuringThePeriod	当期変動額合計	CurrentYearDuration_NonConsolidatedMember_RetainedEarningsMember	JPY	6416000000
jppfs_cor:NetAssets	純資産	CurrentYearInstant_NonConsolidatedMember_CapitalStockMember	JPY	54768000000
jppfs_cor:NetAssets	純資産	CurrentYearInstant_NonConsolidatedMember_LegalCapitalSurplusMember	JPY	163199000000
jppfs_cor:NetAssets	純資産	CurrentYearInstant_NonConsolidatedMember_OtherCapitalSurplusMember	JPY	－
jppfs_cor:NetAssets	純資産	CurrentYearInstant_NonConsolidatedMember_CapitalSurplusMember	JPY	163199000000
jppfs_cor:NetAssets	純資産	CurrentYearInstant_NonConsolidatedMember_LegalRetainedEarningsMember	JPY	9126000000
jppfs_cor:NetAssets	純資産	CurrentYearInstant_NonConsolidatedMember_ReserveForReductionEntryOfLandMember	JPY	314000000
jppfs_cor:NetAssets	純資産	CurrentYearInstant_NonConsolidatedMember_ReserveForReductionEntryOfDepreciableAssetsMember	JPY	4254000000
jppfs_cor:NetAssets	純資産	CurrentYearInstant_NonConsolidatedMember_GeneralReserveMember	JPY	111852000000
jppfs_cor:NetAssets	純資産	CurrentYearInstant_NonConsolidatedMember_RetainedEarningsBroughtForwardMember	JPY	45811000000
jppfs_cor:NetAssets	純資産	CurrentYearInstant_NonConsolidatedMember_RetainedEarningsMember	JPY	171359000000
jppfs_cor:NetAssets	純資産	Prior1YearInstant_NonConsolidatedMember_TreasuryStockMember	JPY	-10106000000
jppfs_cor:NetAssets	純資産	Prior1YearInstant_NonConsolidatedMember_ShareholdersEquityMember	JPY	372802000000
jppfs_cor:NetAssets	純資産	Prior1YearInstant_NonConsolidatedMember_ValuationDifferenceOnAvailableForSaleSecuritiesMember	JPY	3259000000
jppfs_cor:NetAssets	純資産	Prior1YearInstant_NonConsolidatedMember_RevaluationReserveForLandMember	JPY	-8766000000
jppfs_cor:NetAssets	純資産	Prior1YearInstant_NonConsolidatedMember_ValuationAndTranslationAdjustmentsMember	JPY	-5507000000
jppfs_cor:NetAssets	純資産	Prior1YearInstant_NonConsolidatedMember	JPY	367295000000
jppfs_cor:ReversalOfReserveForReductionEntryOfLand	土地圧縮積立金の取崩	CurrentYearDuration_NonConsolidatedMember_ShareholdersEquityMember	JPY	－
jppfs_cor:ReversalOfReserveForReductionEntryOfLand	土地圧縮積立金の取崩	CurrentYearDuration_NonConsolidatedMember	JPY	－
jppfs_cor:ReversalOfReserveForReductionEntryOfDepreciableAssets	償却資産圧縮積立金の取崩	CurrentYearDuration_NonConsolidatedMember_ShareholdersEquityMember	JPY	－
jppfs_cor:ReversalOfReserveForReductionEntryOfDepreciableAssets	償却資産圧縮積立金の取崩	CurrentYearDuration_NonConsolidatedMember	JPY	－
jppfs_cor:DividendsFromSurplus	剰余金の配当	CurrentYearDuration_NonConsolidatedMember_ShareholdersEquityMember	JPY	-19788000000
jppfs_cor:DividendsFromSurplus	剰余金の配当	CurrentYearDuration_NonConsolidatedMember	JPY	-19788000000
jppfs_cor:ProfitLoss	当期純利益又は当期純損失（△）（平成26年3月28日財規等改正後）	CurrentYearDuration_NonConsolidatedMember_ShareholdersEquityMember	JPY	44475000000
jppfs_cor:ProfitLoss	当期純利益又は当期純損失（△）（平成26年3月28日財規等改正後）	CurrentYearDuration_NonConsolidatedMember	JPY	44475000000
jppfs_cor:PurchaseOfTreasuryStock	自己株式の取得	CurrentYearDuration_NonConsolidatedMember_TreasuryStockMember	JPY	-20005000000
jppfs_cor:PurchaseOfTreasuryStock	自己株式の取得	CurrentYearDuration_NonConsolidatedMember_ShareholdersEquityMember	JPY	-20005000000
jppfs_cor:PurchaseOfTreasuryStock	自己株式の取得	CurrentYearDuration_NonConsolidatedMember	JPY	-20005000000
jppfs_cor:DisposalOfTreasuryStock	自己株式の処分	CurrentYearDuration_NonConsolidatedMember_TreasuryStockMember	JPY	0
jppfs_cor:DisposalOfTreasuryStock	自己株式の処分	CurrentYearDuration_NonConsolidatedMember_ShareholdersEquityMember	JPY	0
jppfs_cor:DisposalOfTreasuryStock	自己株式の処分	CurrentYearDuration_NonConsolidatedMember	JPY	0
jppfs_cor:RetirementOfTreasuryStock	自己株式の消却	CurrentYearDuration_NonConsolidatedMember_TreasuryStockMember	JPY	18320000000
jppfs_cor:RetirementOfTreasuryStock	自己株式の消却	CurrentYearDuration_NonConsolidatedMember_ShareholdersEquityMember	JPY	－
jppfs_cor:RetirementOfTreasuryStock	自己株式の消却	CurrentYearDuration_NonConsolidatedMember	JPY	－
jpcrp030000-asr_E01486-000:TransferToOtherRetainedEarningsFromNegativeOtherCapitalSurplus		CurrentYearDuration_NonConsolidatedMember_ShareholdersEquityMember	JPY	－
jpcrp030000-asr_E01486-000:TransferToOtherRetainedEarningsFromNegativeOtherCapitalSurplus		CurrentYearDuration_NonConsolidatedMember	JPY	－
jppfs_cor:ReversalOfRevaluationReserveForLand	土地再評価差額金の取崩	CurrentYearDuration_NonConsolidatedMember_ShareholdersEquityMember	JPY	50000000
jppfs_cor:ReversalOfRevaluationReserveForLand	土地再評価差額金の取崩	CurrentYearDuration_NonConsolidatedMember_RevaluationReserveForLandMember	JPY	-50000000
jppfs_cor:ReversalOfRevaluationReserveForLand	土地再評価差額金の取崩	CurrentYearDuration_NonConsolidatedMember_ValuationAndTranslationAdjustmentsMember	JPY	-50000000
jppfs_cor:ReversalOfRevaluationReserveForLand	土地再評価差額金の取崩	CurrentYearDuration_NonConsolidatedMember	JPY	－
jppfs_cor:NetChangesOfItemsOtherThanShareholdersEquity	株主資本以外の項目の当期変動額（純額）	CurrentYearDuration_NonConsolidatedMember_ValuationDifferenceOnAvailableForSaleSecuritiesMember	JPY	-3243000000
jppfs_cor:NetChangesOfItemsOtherThanShareholdersEquity	株主資本以外の項目の当期変動額（純額）	CurrentYearDuration_NonConsolidatedMember_ValuationAndTranslationAdjustmentsMember	JPY	-3243000000
jppfs_cor:NetChangesOfItemsOtherThanShareholdersEquity	株主資本以外の項目の当期変動額（純額）	CurrentYearDuration_NonConsolidatedMember	JPY	-3243000000
jppfs_cor:TotalChangesOfItemsDuringThePeriod	当期変動額合計	CurrentYearDuration_NonConsolidatedMember_TreasuryStockMember	JPY	-1684000000
jppfs_cor:TotalChangesOfItemsDuringThePeriod	当期変動額合計	CurrentYearDuration_NonConsolidatedMember_ShareholdersEquityMember	JPY	4731000000
jppfs_cor:TotalChangesOfItemsDuringThePeriod	当期変動額合計	CurrentYearDuration_NonConsolidatedMember_ValuationDifferenceOnAvailableForSaleSecuritiesMember	JPY	-3243000000
jppfs_cor:TotalChangesOfItemsDuringThePeriod	当期変動額合計	CurrentYearDuration_NonConsolidatedMember_RevaluationReserveForLandMember	JPY	-50000000
jppfs_cor:TotalChangesOfItemsDuringThePeriod	当期変動額合計	CurrentYearDuration_NonConsolidatedMember_ValuationAndTranslationAdjustmentsMember	JPY	-3293000000
jppfs_cor:TotalChangesOfItemsDuringThePeriod	当期変動額合計	CurrentYearDuration_NonConsolidatedMember	JPY	1438000000
jppfs_cor:NetAssets	純資産	CurrentYearInstant_NonConsolidatedMember_TreasuryStockMember	JPY	-11791000000
jppfs_cor:NetAssets	純資産	CurrentYearInstant_NonConsolidatedMember_ShareholdersEquityMember	JPY	377534000000
jppfs_cor:NetAssets	純資産	CurrentYearInstant_NonConsolidatedMember_ValuationDifferenceOnAvailableForSaleSecuritiesMember	JPY	16000000
jppfs_cor:NetAssets	純資産	CurrentYearInstant_NonConsolidatedMember_RevaluationReserveForLandMember	JPY	-8817000000
jppfs_cor:NetAssets	純資産	CurrentYearInstant_NonConsolidatedMember_ValuationAndTranslationAdjustmentsMember	JPY	-8800000000
jppfs_cor:NetAssets	純資産	CurrentYearInstant_NonConsolidatedMember	JPY	368734000000
jpcrp_cor:DocumentTitleCoverPage	提出書類、表紙	FilingDateInstant	－	有価証券報告書
jpcrp_cor:ClauseOfStipulationCoverPage	根拠条文、表紙	FilingDateInstant	－	金融商品取引法第24条第１項
jpcrp_cor:PlaceOfFilingCoverPage	提出先、表紙	FilingDateInstant	－	関東財務局長
jpcrp_cor:FilingDateCoverPage	提出日、表紙	FilingDateInstant	－	2026-06-25
jpcrp_cor:FiscalYearCoverPage	事業年度、表紙	FilingDateInstant	－	第88期(自　2025年４月１日　至　2026年３月31日)
jpcrp_cor:CompanyNameCoverPage	会社名、表紙	FilingDateInstant	－	株式会社アマダ
jpcrp_cor:CompanyNameInEnglishCoverPage	英訳名、表紙	FilingDateInstant	－	ＡＭＡＤＡ ＣＯ., ＬＴＤ．
jpcrp_cor:TitleAndNameOfRepresentativeCoverPage	代表者の役職氏名、表紙	FilingDateInstant	－	代表取締役社長執行役員　　山　梨　貴　昭
jpcrp_cor:AddressOfRegisteredHeadquarterCoverPage	本店の所在の場所、表紙	FilingDateInstant	－	神奈川県伊勢原市石田200番地
jpcrp_cor:TelephoneNumberAddressOfRegisteredHeadquarterCoverPage	電話番号、本店の所在の場所、表紙	FilingDateInstant	－	(0463)96-1111(代表)
jpcrp_cor:NameOfContactPersonAddressOfRegisteredHeadquarterCoverPage	事務連絡者氏名、本店の所在の場所、表紙	FilingDateInstant	－	取締役上席執行役員経営財務担当　三　輪　和　彦
jpcrp_cor:NearestPlaceOfContactCoverPage	最寄りの連絡場所、表紙	FilingDateInstant	－	神奈川県伊勢原市石田200番地
jpcrp_cor:TelephoneNumberNearestPlaceOfContactCoverPage	電話番号、最寄りの連絡場所、表紙	FilingDateInstant	－	(0463)96-1111(代表)
jpcrp_cor:NameOfContactPersonNearestPlaceOfContactCoverPage	事務連絡者氏名、最寄りの連絡場所、表紙	FilingDateInstant	－	取締役上席執行役員経営財務担当　三　輪　和　彦
jpcrp_cor:PlaceForPublicInspectionCoverPageTextBlock	縦覧に供する場所、表紙 [テキストブロック]	FilingDateInstant	－	株式会社東京証券取引所(東京都中央区日本橋兜町２番１号)
jpdei_cor:EDINETCodeDEI	EDINETコード、DEI	FilingDateInstant	－	E01486
jpdei_cor:FundCodeDEI	ファンドコード、DEI	FilingDateInstant	－	－
jpdei_cor:SecurityCodeDEI	証券コード、DEI	FilingDateInstant	－	61130
jpdei_cor:FilerNameInJapaneseDEI	提出者名（日本語表記）、DEI	FilingDateInstant	－	株式会社 アマダ
jpdei_cor:FilerNameInEnglishDEI	提出者名（英語表記）、DEI	FilingDateInstant	－	AMADA CO.,LTD.
jpdei_cor:FundNameInJapaneseDEI	ファンド名称（日本語表記）、DEI	FilingDateInstant	－	－
jpdei_cor:FundNameInEnglishDEI	ファンド名称（英語表記）、DEI	FilingDateInstant	－	－
jpdei_cor:CabinetOfficeOrdinanceDEI	府令、DEI	FilingDateInstant	－	企業内容等の開示に関する内閣府令
jpdei_cor:DocumentTypeDEI	様式、DEI	FilingDateInstant	－	第三号様式
jpdei_cor:AccountingStandardsDEI	会計基準、DEI	FilingDateInstant	－	IFRS
jpdei_cor:WhetherConsolidatedFinancialStatementsArePreparedDEI	連結決算の有無、DEI	FilingDateInstant	－	true
jpdei_cor:IndustryCodeWhenConsolidatedFinancialStatementsArePreparedInAccordanceWithIndustrySpecificRegulationsDEI	別記事業（連結）、DEI	FilingDateInstant	－	cte
jpdei_cor:IndustryCodeWhenFinancialStatementsArePreparedInAccordanceWithIndustrySpecificRegulationsDEI	別記事業（個別）、DEI	FilingDateInstant	－	cte
jpdei_cor:CurrentFiscalYearStartDateDEI	当事業年度開始日、DEI	FilingDateInstant	－	2025-04-01
jpdei_cor:CurrentPeriodEndDateDEI	当会計期間終了日、DEI	FilingDateInstant	－	2026-03-31
jpdei_cor:TypeOfCurrentPeriodDEI	当会計期間の種類、DEI	FilingDateInstant	－	FY
jpdei_cor:CurrentFiscalYearEndDateDEI	当事業年度終了日、DEI	FilingDateInstant	－	2026-03-31
jpdei_cor:PreviousFiscalYearStartDateDEI	前事業年度開始日、DEI	FilingDateInstant	－	2024-04-01
jpdei_cor:ComparativePeriodEndDateDEI	比較対象会計期間終了日、DEI	FilingDateInstant	－	2025-03-31
jpdei_cor:PreviousFiscalYearEndDateDEI	前事業年度終了日、DEI	FilingDateInstant	－	2025-03-31
jpdei_cor:NextFiscalYearStartDateDEI	次の事業年度開始日、DEI	FilingDateInstant	－	－
jpdei_cor:EndDateOfQuarterlyOrSemiAnnualPeriodOfNextFiscalYearDEI	次の中間期の会計期間終了日、DEI	FilingDateInstant	－	－
jpdei_cor:AmendmentFlagDEI	訂正の有無、DEI	FilingDateInstant	－	false
jpdei_cor:IdentificationOfDocumentSubjectToAmendmentDEI	訂正対象書類の書類管理番号、DEI	FilingDateInstant	－	－
jpdei_cor:ReportAmendmentFlagDEI	記載事項訂正のフラグ、DEI	FilingDateInstant	－	false
jpdei_cor:XBRLAmendmentFlagDEI	XBRL訂正のフラグ、DEI	FilingDateInstant	－	false
jpcrp_cor:BusinessResultsOfGroupTextBlock	連結経営指標等 [テキストブロック]	FilingDateInstant	－	(1) 連結経営指標等 回次第84期第85期第86期第87期第88期決算年月2022年３月2023年３月2024年３月2025年３月2026年３月売上収益(百万円)312,658365,687403,500396,670437,372営業利
jpcrp_cor:BusinessResultsOfReportingCompanyTextBlock	提出会社の経営指標等 [テキストブロック]	FilingDateInstant	－	 (2) 提出会社の経営指標等 回次第84期第85期第86期第87期第88期決算年月2022年３月2023年３月2024年３月2025年３月2026年３月売上高(百万円)154,208183,433192,419189,498195,316
jpcrp_cor:CompanyHistoryTextBlock	沿革 [テキストブロック]	FilingDateInstant	－	 ２ 【沿革】1946年９月東京都豊島区高田南町にて創業1948年６月合資会社天田製作所設立1953年10月株式会社に改組、東京都中野区に本店移転同時に万能金切帯鋸盤の製造販売に着手1956年10月埼玉県鳩ケ谷市に川口工場を建設1960年４
jpcrp_cor:DescriptionOfBusinessTextBlock	事業の内容 [テキストブロック]	FilingDateInstant	－	 ３ 【事業の内容】(1) 企業集団において営まれている主な事業の内容当社の企業集団は、当連結会計年度末現在、当社並びに子会社100社及び関連会社３社で構成され、金属加工機械器具・金属工作機械器具の開発、製造、販売、サービス等(ファイナンス
jpcrp_cor:OverviewOfAffiliatedEntitiesTextBlock	関係会社の状況 [テキストブロック]	FilingDateInstant	－	 ４ 【関係会社の状況】（2026年３月31日現在）名称住所資本金又は出資金(百万円)主要な事業の内容議決権の所有(被所有)割合関係内容所有割合(％)被所有割合(％)(連結子会社)      ㈱アマダマシナリー神奈川県伊勢原市400金属工作
jpcrp_cor:BusinessPolicyBusinessEnvironmentIssuesToAddressEtcTextBlock	経営方針、経営環境及び対処すべき課題等 [テキストブロック]	FilingDateInstant	－	１ 【経営方針、経営環境及び対処すべき課題等】文中の将来に関する事項は、当連結会計年度末現在において、当社グループが判断したものであります。 (1) 経営方針及び経営環境① 経営環境の変化とお客さまのモノづくりにおける課題当社グループを取り
jpcrp_cor:DisclosureOfSustainabilityRelatedFinancialInformationTextBlock	サステナビリティに関する考え方及び取組 [テキストブロック]	FilingDateInstant	－	 ２ 【サステナビリティに関する考え方及び取組】文中の将来に関する事項は、当連結会計年度末現在において判断したものです。 (1) サステナビリティに関する基本的な考え方アマダグループの経営理念はサステナビリティの考え方と軌を一にするものであ
jpcrp_cor:ReferenceToOtherInformation	他の記載への参照	FilingDateInstant	－	https://www.amada.co.jp/ja/corporate/philosophy/management_philosophy/
jpcrp030000-asr_E01486-000:ReferenceToOtherInformation2		FilingDateInstant	－	https://www.amada.co.jp/ja/corporate/philosophy/code_of_conduct/
jpcrp030000-asr_E01486-000:ReferenceToOtherInformation3		FilingDateInstant	－	https://www.amada.co.jp/ja/sustainability/basicsustainabilitypolicy/
jpcrp_cor:GovernanceTextBlock	ガバナンス [テキストブロック]	FilingDateInstant	－	①　ガバナンス当社は、長期ビジョンの実現と持続的な成長を目指して、サステナビリティ関連のリスク及び機会を識別し、当社グループが優先的に取り組むべき重要課題（マテリアリティ）を特定して、その課題に体系的かつ戦略的に取り組んでいます。顧客、従業
jpcrp_cor:StrategyTextBlock	戦略 [テキストブロック]	FilingDateInstant	－	 ②　戦略サステナビリティに関する課題を長期ビジョンの実現に向けた価値創造の基盤と位置づけ、2026年度を初年度とする「中期経営計画2030」において、グループ全体で体系的かつ戦略的に推進しています。その一環として、2025年度は重要課題（
jpcrp_cor:RiskManagementTextBlock	リスク管理 [テキストブロック]	FilingDateInstant	－	 ③　リスク（機会）管理＜サステナビリティに関する重要なリスク（機会）の特定＞2025年度に中期経営計画を策定する中で、サステナビリティの重要課題（マテリアリティ）の評価プロセスを全面的に見直し、ダブルマテリアリティの考え方で再評価を行いま
jpcrp_cor:ReferenceToOtherInformationRiskManagement	他の記載への参照、リスク管理	FilingDateInstant	－	〔参照〕　第２ 事業の状況　３　事業等のリスク
jpcrp_cor:MetricsAndTargetsTextBlock	指標及び目標 [テキストブロック]	FilingDateInstant	－	④　指標及び目標  前中期経営計画の非財務目標においては、概ね計画を達成いたしました。  一方で、一部目標に未達の項目があり、今後の課題として認識しております。分野指標範囲2024年度実績2025年度目標2025年度実績環境商品CO₂排出量
jpcrp_cor:MetricsDescriptionOfMetricsRelatedToPolicyOnDevelopmentOfHumanResourcesAndInternalEnvironmentAndTargetsAndPerformanceUsingSuchMetrics	指標の内容、人材の育成及び社内環境整備に関する方針に関する指標の内容並びに当該指標を用いた目標及び実績	CurrentYearInstant_Row1Member	－	１人当たり教育研修時間
jpcrp_cor:MetricsUnitDescriptionOfMetricsRelatedToPolicyOnDevelopmentOfHumanResourcesAndInternalEnvironmentAndTargetsAndPerformanceUsingSuchMetrics	指標の単位、人材の育成及び社内環境整備に関する方針に関する指標の内容並びに当該指標を用いた目標及び実績	CurrentYearInstant_Row1Member	－	時間
jpcrp_cor:MetricsDescriptionOfMetricsRelatedToPolicyOnDevelopmentOfHumanResourcesAndInternalEnvironmentAndTargetsAndPerformanceUsingSuchMetrics	指標の内容、人材の育成及び社内環境整備に関する方針に関する指標の内容並びに当該指標を用いた目標及び実績	CurrentYearInstant_Row2Member	－	女性管理職数
jpcrp_cor:MetricsUnitDescriptionOfMetricsRelatedToPolicyOnDevelopmentOfHumanResourcesAndInternalEnvironmentAndTargetsAndPerformanceUsingSuchMetrics	指標の単位、人材の育成及び社内環境整備に関する方針に関する指標の内容並びに当該指標を用いた目標及び実績	CurrentYearInstant_Row2Member	－	人
jpcrp_cor:MetricsDescriptionOfMetricsRelatedToPolicyOnDevelopmentOfHumanResourcesAndInternalEnvironmentAndTargetsAndPerformanceUsingSuchMetrics	指標の内容、人材の育成及び社内環境整備に関する方針に関する指標の内容並びに当該指標を用いた目標及び実績	CurrentYearInstant_Row3Member	－	新卒採用女性比率
jpcrp_cor:MetricsUnitDescriptionOfMetricsRelatedToPolicyOnDevelopmentOfHumanResourcesAndInternalEnvironmentAndTargetsAndPerformanceUsingSuchMetrics	指標の単位、人材の育成及び社内環境整備に関する方針に関する指標の内容並びに当該指標を用いた目標及び実績	CurrentYearInstant_Row3Member	－	％
jpcrp_cor:MetricsDescriptionOfMetricsRelatedToPolicyOnDevelopmentOfHumanResourcesAndInternalEnvironmentAndTargetsAndPerformanceUsingSuchMetrics	指標の内容、人材の育成及び社内環境整備に関する方針に関する指標の内容並びに当該指標を用いた目標及び実績	CurrentYearInstant_Row4Member	－	有給休暇取得率
jpcrp_cor:MetricsUnitDescriptionOfMetricsRelatedToPolicyOnDevelopmentOfHumanResourcesAndInternalEnvironmentAndTargetsAndPerformanceUsingSuchMetrics	指標の単位、人材の育成及び社内環境整備に関する方針に関する指標の内容並びに当該指標を用いた目標及び実績	CurrentYearInstant_Row4Member	－	％
jpcrp_cor:MetricsDescriptionOfMetricsRelatedToPolicyOnDevelopmentOfHumanResourcesAndInternalEnvironmentAndTargetsAndPerformanceUsingSuchMetrics	指標の内容、人材の育成及び社内環境整備に関する方針に関する指標の内容並びに当該指標を用いた目標及び実績	CurrentYearInstant_Row5Member	－	育休取得率（男性）
jpcrp_cor:MetricsUnitDescriptionOfMetricsRelatedToPolicyOnDevelopmentOfHumanResourcesAndInternalEnvironmentAndTargetsAndPerformanceUsingSuchMetrics	指標の単位、人材の育成及び社内環境整備に関する方針に関する指標の内容並びに当該指標を用いた目標及び実績	CurrentYearInstant_Row5Member	－	％
jpcrp_cor:MetricsDescriptionOfMetricsRelatedToPolicyOnDevelopmentOfHumanResourcesAndInternalEnvironmentAndTargetsAndPerformanceUsingSuchMetrics	指標の内容、人材の育成及び社内環境整備に関する方針に関する指標の内容並びに当該指標を用いた目標及び実績	CurrentYearInstant_Row6Member	－	育休取得率（女性）
jpcrp_cor:MetricsUnitDescriptionOfMetricsRelatedToPolicyOnDevelopmentOfHumanResourcesAndInternalEnvironmentAndTargetsAndPerformanceUsingSuchMetrics	指標の単位、人材の育成及び社内環境整備に関する方針に関する指標の内容並びに当該指標を用いた目標及び実績	CurrentYearInstant_Row6Member	－	％
jpcrp030000-asr_E01486-000:GovernanceClimateChangeTextBlock		FilingDateInstant	－	①　ガバナンス当社グループでは、代表取締役を委員長としたサステナビリティ委員会においてサステナビリティ全般の対応を行っており、そのうち気候変動を含む環境問題への対応はサステナビリティ委員会の管理の下でアマダグループ環境エコ委員会において実施
jpcrp030000-asr_E01486-000:StrategyClimateChangeTextBlock		FilingDateInstant	－	②　戦略当社グループでは、気候変動がもたらす事業への影響を把握し、リスクと機会を踏まえた経営戦略の策定及びシナリオ分析を実施しています。気候変動に関するリスクと機会には、大きく分けてカーボンニュートラルに対応する法規制や技術の変化や市場の製
jpcrp030000-asr_E01486-000:RiskManagementClimateChangeTextBlock		FilingDateInstant	－	③　リスク管理気候変動のリスク管理は、アマダグループ環境エコ委員会において管理・対応を図っております。特定されたリスク・機会は内部統制・リスク管理委員会に報告され、統合的なリスク管理プロセスの中で管理されます。
jpcrp030000-asr_E01486-000:MetricsAndTargetsClimateChangeTextBlock		FilingDateInstant	－	 ④　指標及び目標当社グループでは、気候変動に関するリスクと機会をマネジメントするための目標として「2030年度までに全事業所・工場（Scope1+2）を2013年度比でCO₂排出量75％削減」及び「2030年度までに全商品のCO₂排出量（
jpcrp030000-asr_E01486-000:ReferenceToOtherInformationMetricsAndTargetsClimateChangeTextBlock		FilingDateInstant	－	また、2025年度の実績は７月中に当社ウェブサイトにおいて開示する予定です。※2025年度までは全商品のCO₂排出量（Scope3-C11）の2030年度目標値は2013年度比で50％削減でしたが、　2026年度にGHG排出量（CO₂を含む
jpcrp_cor:PolicyOnDevelopmentOfHumanResourcesAndInternalEnvironmentStrategyTextBlock	人材の育成及び社内環境整備に関する方針、戦略 [テキストブロック]	FilingDateInstant	－	①　人的資本への投資について  当社グループ経営理念の１つである「お客さまとともに発展する」は、創業時から現在に至るまで事業活動の原点として共有されています。そして、世界のお客さまのモノづくりに貢献することが地域社会や人々の生活の発展につな
jpcrp030000-asr_E01486-000:RiskManagementHumanCapitalTextBlock		FilingDateInstant	－	③　リスク管理  人的資本の重要性が増す一方で、労働人口の減少、人々の働き方や生活スタイルに対する価値観の変化に伴い労働市場の流動化が進んでいます。これらは、当社グループにとって多様な人材の確保と維持、あるいは成長戦略の推進にマイナス影響を
jpcrp_cor:DescriptionOfMetricsRelatedToPolicyOnDevelopmentOfHumanResourcesAndInternalEnvironmentAndTargetsAndPerformanceUsingSuchMetricsMetricsAndTargetsTextBlock	人材の育成及び社内環境整備に関する方針に関する指標の内容並びに当該指標を用いた目標及び実績、指標及び目標 [テキストブロック]	FilingDateInstant	－	④　指標及び目標  人的資本に関する2025年度の実績と2030年度に向けた指標及び目標は以下をご参照ください。  〔参照〕　第２ 事業の状況　2　サステナビリティに関する考え方及び取組　　　　  　(1)サステナビリティに関する基本的な考
jpcrp_cor:BusinessRisksTextBlock	事業等のリスク [テキストブロック]	FilingDateInstant	－	 ３ 【事業等のリスク】当社グループの損失発生の防止及び損失の最小化を図ることを目的として「リスク管理基本規程」においてリスク管理に関する基本的な事項を定め、平常時から対応策を検討する等のリスク管理に努めております。内部統制・リスク管理委員
jpcrp_cor:ManagementAnalysisOfFinancialPositionOperatingResultsAndCashFlowsTextBlock	経営者による財政状態、経営成績及びキャッシュ・フローの状況の分析 [テキストブロック]	FilingDateInstant	－	 ４ 【経営者による財政状態、経営成績及びキャッシュ・フローの状況の分析】当連結会計年度における当社グループ（当社、連結子会社及び持分法適用会社）の財政状態、経営成績及びキャッシュ・フロー（以下「経営成績等」という。）の状況の概要並びに経営
jpcrp_cor:CriticalContractsTextBlock	重要な契約等 [テキストブロック]	FilingDateInstant	－	 ５ 【重要な契約等】（ビアメカニクス株式会社の株式取得）当社は、2025年４月17日開催の取締役会において、ビアメカニクス株式会社の発行済株式のすべてを株式会社アドバンテッジパートナーズがサービスを提供するファンド等から取得し連結子会社化
jpcrp_cor:ResearchAndDevelopmentActivitiesTextBlock	研究開発活動 [テキストブロック]	FilingDateInstant	－	６ 【研究開発活動】当社グループは、お客さまの課題と社会課題に対して商品開発を通してお応えしていくという理念のもと、「４ｉｅ」（４つの「ｉ」であるIntelligent（知能化）、Interactive（双方向）、Integrated（統合
jpcrp_cor:OverviewOfCapitalExpendituresEtcTextBlock	設備投資等の概要 [テキストブロック]	FilingDateInstant	－	１ 【設備投資等の概要】当社グループ(当社及び連結子会社)の設備投資総額は10,037百万円であり、セグメントごとでは、金属加工機械事業においては8,606百万円、金属工作機械事業においては607百万円、その他事業においては791百万円、各
jpcrp_cor:MajorFacilitiesTextBlock	主要な設備の状況 [テキストブロック]	FilingDateInstant	－	２ 【主要な設備の状況】(1) 提出会社2026年３月31日現在事業所名(所在地)セグメントの名称設備の内容帳簿価額(百万円)従業員数(名)建物及び構築物機械装置及び運搬具土地(面積千㎡)投資不動産ソフトウエア使用権資産その他合計本社、販売
jpcrp_cor:PlannedAdditionsRetirementsEtcOfFacilitiesTextBlock	設備の新設、除却等の計画 [テキストブロック]	FilingDateInstant	－	３ 【設備の新設、除却等の計画】(1) 重要な設備の新設等特記する設備の新設等はありません。 (2) 重要な設備の除却等特記する設備の除却等はありません。 
jpcrp_cor:TotalNumberOfSharesTextBlock	株式の総数 [テキストブロック]	FilingDateInstant	－	① 【株式の総数】 種類発行可能株式総数(株)普通株式550,000,000計550,000,000  
jpcrp_cor:IssuedSharesTotalNumberOfSharesEtcTextBlock	発行済株式、株式の総数等 [テキストブロック]	FilingDateInstant	－	② 【発行済株式】 種類事業年度末現在発行数(株)(2026年３月31日)提出日現在発行数(株)(2026年６月25日)上場金融商品取引所名又は登録認可金融商品取引業協会名内容普通株式317,451,417317,451,417 東京証券取
jpcrp_cor:ClassIssuedSharesTotalNumberOfSharesEtc	種類、発行済株式、株式の総数等	FilingDateInstant_OrdinaryShareMember	－	普通株式
jpcrp_cor:NameOfFinancialInstrumentsExchangeOnWhichSecuritiesAreListedOrAuthorizedFinancialInstrumentsBusinessAssociationToWhichSecuritiesAreRegistered	上場金融商品取引所名又は登録認可金融商品取引業協会名	FilingDateInstant_OrdinaryShareMember	－	 東京証券取引所プライム市場 
jpcrp_cor:DescriptionIssuedSharesTotalNumberOfSharesEtc	内容、発行済株式、株式の総数等	FilingDateInstant_OrdinaryShareMember	－	単元株式数　100株
jpcrp_cor:DetailsOfEmployeeShareOptionProgramTextBlock	ストックオプション制度の内容 [テキストブロック]	FilingDateInstant	－	① 【ストックオプション制度の内容】該当事項はありません。 
jpcrp_cor:DescriptionOfRightsPlanTextBlock	ライツプランの内容 [テキストブロック]	FilingDateInstant	－	② 【ライツプランの内容】該当事項はありません。 
jpcrp_cor:OtherInformationOnShareAcquisitionRightsTextBlock	その他の新株予約権等の状況 [テキストブロック]	FilingDateInstant	－	③ 【その他の新株予約権等の状況】該当事項はありません。 
jpcrp_cor:ExercisesEtcOfMovingStrikeConvertibleBondsEtcTextBlock	行使価額修正条項付新株予約権付社債券等の行使状況等 [テキストブロック]	FilingDateInstant	－	(3) 【行使価額修正条項付新株予約権付社債券等の行使状況等】　　該当事項はありません。 
jpcrp_cor:ChangesInNumberOfIssuedSharesStatedCapitalEtcTextBlock	発行済株式総数、資本金等の推移 [テキストブロック]	FilingDateInstant	－	(4) 【発行済株式総数、資本金等の推移】 年月日発行済株式総数増減数(千株)発行済株式総数残高(千株)資本金増減額(百万円)資本金残高(百万円)資本準備金増減額(百万円)資本準備金残高(百万円)2024年３月31日△18,000341,1
jpcrp_cor:ShareholdingByShareholderCategoryTextBlock	所有者別状況 [テキストブロック]	FilingDateInstant	－	(5) 【所有者別状況】2026年３月31日現在区分株式の状況(１単元の株式数100株)単元未満株式の状況(株)政府及び地方公共団体金融機関金融商品取引業者その他の法人外国法人等個人その他計個人以外個人株主数(人)―913948343255
jpcrp_cor:MajorShareholdersTextBlock	大株主の状況 [テキストブロック]	FilingDateInstant	－	 (6) 【大株主の状況】2026年３月31日現在氏名又は名称住所所有株式数(千株)発行済株式(自己株式を除く。)の総数に対する所有株式数の割合(％)日本マスタートラスト信託銀行株式会社（信託口）東京都港区赤坂１丁目８番１号　赤坂インターシ
jpcrp_cor:NameMajorShareholders	氏名又は名称、大株主の状況	CurrentYearInstant_No1MajorShareholdersMember	－	日本マスタートラスト信託銀行株式会社（信託口）
jpcrp_cor:AddressMajorShareholders	住所、大株主の状況	CurrentYearInstant_No1MajorShareholdersMember	－	東京都港区赤坂１丁目８番１号　赤坂インターシティＡＩＲ
jpcrp_cor:NameMajorShareholders	氏名又は名称、大株主の状況	CurrentYearInstant_No2MajorShareholdersMember	－	株式会社日本カストディ銀行（信託口）
jpcrp_cor:AddressMajorShareholders	住所、大株主の状況	CurrentYearInstant_No2MajorShareholdersMember	－	東京都中央区晴海１丁目８－12
jpcrp_cor:NameMajorShareholders	氏名又は名称、大株主の状況	CurrentYearInstant_No3MajorShareholdersMember	－	STATE STREET BANK AND TRUST COMPANY 505001（常任代理人　株式会社みずほ銀行決済営業部）
jpcrp_cor:AddressMajorShareholders	住所、大株主の状況	CurrentYearInstant_No3MajorShareholdersMember	－	ONE CONGRESS STREET, SUITE 1, BOSTON, MASSACHUSETTS（東京都港区港南２丁目15－１　品川インターシティＡ棟）
jpcrp_cor:NameMajorShareholders	氏名又は名称、大株主の状況	CurrentYearInstant_No4MajorShareholdersMember	－	公益財団法人天田財団
jpcrp_cor:AddressMajorShareholders	住所、大株主の状況	CurrentYearInstant_No4MajorShareholdersMember	－	神奈川県伊勢原市石田350
jpcrp_cor:NameMajorShareholders	氏名又は名称、大株主の状況	CurrentYearInstant_No5MajorShareholdersMember	－	野村信託銀行株式会社（投信口）
jpcrp_cor:AddressMajorShareholders	住所、大株主の状況	CurrentYearInstant_No5MajorShareholdersMember	－	東京都千代田区大手町２丁目２－２
jpcrp_cor:NameMajorShareholders	氏名又は名称、大株主の状況	CurrentYearInstant_No6MajorShareholdersMember	－	ゴールドマン・サックス証券株式会社　ＢＮＹＭ
jpcrp_cor:AddressMajorShareholders	住所、大株主の状況	CurrentYearInstant_No6MajorShareholdersMember	－	東京都港区虎ノ門２丁目６番１号　虎ノ門ヒルズステーションタワー
jpcrp_cor:NameMajorShareholders	氏名又は名称、大株主の状況	CurrentYearInstant_No7MajorShareholdersMember	－	日本生命保険相互会社
jpcrp_cor:AddressMajorShareholders	住所、大株主の状況	CurrentYearInstant_No7MajorShareholdersMember	－	東京都千代田区丸の内１丁目６番６号
jpcrp_cor:NameMajorShareholders	氏名又は名称、大株主の状況	CurrentYearInstant_No8MajorShareholdersMember	－	株式会社日本カストディ銀行（信託口４）
jpcrp_cor:AddressMajorShareholders	住所、大株主の状況	CurrentYearInstant_No8MajorShareholdersMember	－	東京都中央区晴海１丁目８－12
jpcrp_cor:NameMajorShareholders	氏名又は名称、大株主の状況	CurrentYearInstant_No9MajorShareholdersMember	－	JP MORGAN CHASE BANK 385781（常任代理人　株式会社みずほ銀行決済営業部）
jpcrp_cor:AddressMajorShareholders	住所、大株主の状況	CurrentYearInstant_No9MajorShareholdersMember	－	25 BANK STREET, CANARY WHARF, LONDON, E14 5JP, UNITED KINGDOM（東京都港区港南２丁目15－１　品川インターシティＡ棟）
jpcrp_cor:NameMajorShareholders	氏名又は名称、大株主の状況	CurrentYearInstant_No10MajorShareholdersMember	－	ＪＰモルガン証券株式会社
jpcrp_cor:AddressMajorShareholders	住所、大株主の状況	CurrentYearInstant_No10MajorShareholdersMember	－	東京都千代田区丸の内２丁目７－３　東京ビルディング
jpcrp_cor:IssuedSharesVotingRightsTextBlock	発行済株式、議決権の状況 [テキストブロック]	FilingDateInstant	－	① 【発行済株式】2026年３月31日現在区分株式数(株)議決権の数(個)内容無議決権株式―――議決権制限株式(自己株式等)―――議決権制限株式(その他)―――完全議決権株式(自己株式等)(自己保有株式)普通株式――6,760,400完全議
jpcrp_cor:DescriptionIssuedSharesVotingRights	内容、発行済株式、議決権の状況	CurrentYearInstant_SharesWithNoVotingRightsMember	－	－
jpcrp_cor:DescriptionIssuedSharesVotingRights	内容、発行済株式、議決権の状況	CurrentYearInstant_SharesWithRestrictedVotingRightsTreasurySharesEtcMember	－	－
jpcrp_cor:DescriptionIssuedSharesVotingRights	内容、発行済株式、議決権の状況	CurrentYearInstant_SharesWithRestrictedVotingRightsOtherMember	－	－
jpcrp_cor:DescriptionIssuedSharesVotingRights	内容、発行済株式、議決権の状況	CurrentYearInstant_OrdinarySharesTreasurySharesSharesWithFullVotingRightsTreasurySharesEtcMember	－	－
jpcrp_cor:DescriptionIssuedSharesVotingRights	内容、発行済株式、議決権の状況	CurrentYearInstant_OrdinarySharesSharesWithFullVotingRightsOtherMember	－	－
jpcrp_cor:DescriptionIssuedSharesVotingRights	内容、発行済株式、議決権の状況	CurrentYearInstant_OrdinarySharesSharesLessThanOneUnitMember	－	一単元（100株）未満の株式
jpcrp_cor:TreasurySharesEtcTextBlock	自己株式等 [テキストブロック]	FilingDateInstant	－	② 【自己株式等】2026年３月31日現在所有者の氏名又は名称所有者の住所自己名義所有株式数(株)他人名義所有株式数(株)所有株式数の合計(株)発行済株式総数に対する所有株式数の割合(％)(自己保有株式)株式会社アマダ神奈川県伊勢原市石田2
jpcrp_cor:NameOfShareholderTreasurySharesEtc	所有者の氏名又は名称、自己株式等	CurrentYearInstant_Row1Member	－	株式会社アマダ
jpcrp_cor:AddressOfShareholderTreasurySharesEtc	所有者の住所、自己株式等	CurrentYearInstant_Row1Member	－	神奈川県伊勢原市石田200番地
jpcrp_cor:ShareOwnershipPlansForDirectorsAndOtherOfficersAndEmployeesTextBlock	役員・従業員株式所有制度の内容 [テキストブロック]	FilingDateInstant	－	 (8) 【役員・従業員株式所有制度の内容】当社は、2024年６月27日開催の第86期定時株主総会において、取締役（社外取締役を除く。以下「対象取締役」という。）を対象に当社の中長期的な企業価値の向上に対する取締役の貢献意欲を高めるとともに
jpcrp_cor:ClassesOfSharesEtcTextBlock	株式の種類等 [テキストブロック]	FilingDateInstant	－	【株式の種類等】会社法第155条第３号及び会社法第155条第７号による普通株式の取得 
jpcrp_cor:AcquisitionsByResolutionOfShareholdersMeetingTextBlock	株主総会決議による取得の状況 [テキストブロック]	FilingDateInstant	－	(1) 【株主総会決議による取得の状況】　 該当事項はありません。 
jpcrp_cor:AcquisitionsByResolutionOfBoardOfDirectorsMeetingTextBlock	取締役会決議による取得の状況 [テキストブロック]	FilingDateInstant	－	(2) 【取締役会決議による取得の状況】 会社法第165条第２項による取得区分株式数(株)価額の総額(百万円)取締役会(2025年５月15日)での決議状況(取得期間2025年６月１日～2026年３月31日)18,000,00020,000当
jpcrp_cor:AcquisitionsNotBasedOnResolutionOfShareholdersMeetingOrBoardOfDirectorsMeetingTextBlock	株主総会決議又は取締役会決議に基づかないものの内容 [テキストブロック]	FilingDateInstant	－	(3) 【株主総会決議又は取締役会決議に基づかないものの内容】 区分株式数(株)価額の総額(百万円)当事業年度における取得自己株式3,1185当期間における取得自己株式3190 (注) (イ) 当期間における取得自己株式には、2026年６月
jpcrp_cor:DisposalsOrHoldingOfAcquiredTreasurySharesTextBlock	取得自己株式の処理状況及び保有状況 [テキストブロック]	FilingDateInstant	－	 (4) 【取得自己株式の処理状況及び保有状況】 区分当事業年度当期間株式数(株)処分価額の総額(百万円)株式数(株)処分価額の総額(百万円)引き受ける者の募集を行った取得自己株式－－－－消却の処分を行った取得自己株式10,721,6001
jpcrp_cor:DividendPolicyTextBlock	配当政策 [テキストブロック]	FilingDateInstant	－	 ３ 【配当政策】　(1) 当期の期末配当金当社グループは、継続的な成長のための強固な経営基盤を構築し、企業価値の最大化を図っていく方針であります。このために、成長戦略の実行と合理化の推進の両立により成長性と収益性を高めていくとともに、資本
jpcrp_cor:DateOfResolutionDividendsOfSurplus	決議日付、剰余金の配当	FilingDateInstant_Row1Member	－	2025-11-13
jpcrp_cor:ResolutionDividendsOfSurplus	決議、剰余金の配当	FilingDateInstant_Row1Member	－	取締役会決議
jpcrp_cor:DateOfResolutionDividendsOfSurplus	決議日付、剰余金の配当	FilingDateInstant_Row2Member	－	2026-06-26
jpcrp_cor:ResolutionDividendsOfSurplus	決議、剰余金の配当	FilingDateInstant_Row2Member	－	定時株主総会決議（予定）
jpcrp_cor:OverviewOfCorporateGovernanceTextBlock	コーポレート・ガバナンスの概要 [テキストブロック]	FilingDateInstant	－	(1) 【コーポレート・ガバナンスの概要】①　コーポレート・ガバナンスに関する基本的な考え方当社は、高い倫理観と公正性に基づいた健全な企業活動が極めて重要であると考えており、経営及び業務の全般にわたり、透明性の確保と法令遵守の徹底を基本とし
jpcrp_cor:CorporateGovernanceCompanyWithCorporateAuditorsTextBlock	企業統治の体制の概要（監査役設置会社） [テキストブロック]	FilingDateInstant	－	①　コーポレート・ガバナンスに関する基本的な考え方当社は、高い倫理観と公正性に基づいた健全な企業活動が極めて重要であると考えており、経営及び業務の全般にわたり、透明性の確保と法令遵守の徹底を基本とし、次の考え方に沿ってコーポレート・ガバナン
jpcrp_cor:DescriptionOfFactThatCorporateGovernanceSystemChoiceFromThreeCategoriesWasChangedTextBlock	企業統治の組織形態（３分類）の変更 [テキストブロック]	FilingDateInstant	－	※当社は、2026年６月26日開催予定の第88期定時株主総会の議案（決議事項）として、監査等委員会設置会社への移行を内容とする「定款一部変更の件」を上程しており、当該議案が承認可決された場合、当社は同日付をもって監査等委員会設置会社へ移行す
jpcrp_cor:InformationAboutOfficersTextBlock	役員の状況 [テキストブロック]	FilingDateInstant	－	 (2) 【役員の状況】①  役員一覧１．2026年６月25日（有価証券報告書提出日）現在の当社の役員状況は、以下のとおりです。　男性11名　女性2名　（役員のうち女性の比率15.4％）役職名氏名生年月日略歴任期所有株式数(千株)代表取締役
jpcrp_cor:OfficialTitleOrPositionInformationAboutDirectorsAndCorporateAuditors	役職名、役員の状況（取締役（及び監査役））	FilingDateInstant_jpcrp030000-asr_E01486-000IsobeTsutomuMember	－	代表取締役会長
jpcrp_cor:NameInformationAboutDirectorsAndCorporateAuditors	氏名、役員の状況（取締役（及び監査役））	FilingDateInstant_jpcrp030000-asr_E01486-000IsobeTsutomuMember	－	磯　部　　　任
jpcrp_cor:DateOfBirthInformationAboutDirectorsAndCorporateAuditors	生年月日、役員の状況（取締役（及び監査役））	FilingDateInstant_jpcrp030000-asr_E01486-000IsobeTsutomuMember	－	1961-05-19
jpcrp_cor:CareerSummaryInformationAboutDirectorsAndCorporateAuditorsTextBlock	略歴、役員の状況（取締役（及び監査役）） [テキストブロック]	FilingDateInstant_jpcrp030000-asr_E01486-000IsobeTsutomuMember	－	1985年12月株式会社アマダメトレックス（合併により現当社)入社2000年４月合併により当社入社2003年４月当社秘書室長2007年６月当社取締役経営企画部門統括部長2009年６月当社取締役執行役員経営企画本部長2010年６月当社取締役常
jpcrp_cor:TermOfOfficeInformationAboutDirectorsAndCorporateAuditors	任期、役員の状況（取締役（及び監査役））	FilingDateInstant_jpcrp030000-asr_E01486-000IsobeTsutomuMember	－	(注)４
jpcrp_cor:OfficialTitleOrPositionInformationAboutDirectorsAndCorporateAuditors	役職名、役員の状況（取締役（及び監査役））	FilingDateInstant_jpcrp030000-asr_E01486-000YamanashiTakaakiMember	－	代表取締役社長執行役員
jpcrp_cor:NameInformationAboutDirectorsAndCorporateAuditors	氏名、役員の状況（取締役（及び監査役））	FilingDateInstant_jpcrp030000-asr_E01486-000YamanashiTakaakiMember	－	山　梨　貴　昭
jpcrp_cor:DateOfBirthInformationAboutDirectorsAndCorporateAuditors	生年月日、役員の状況（取締役（及び監査役））	FilingDateInstant_jpcrp030000-asr_E01486-000YamanashiTakaakiMember	－	1963-12-09
jpcrp_cor:CareerSummaryInformationAboutDirectorsAndCorporateAuditorsTextBlock	略歴、役員の状況（取締役（及び監査役）） [テキストブロック]	FilingDateInstant_jpcrp030000-asr_E01486-000YamanashiTakaakiMember	－	1987年４月当社入社2009年４月当社板金ソリューション開発製造本部ソリューション開発技術部門ブランキング第二開発部長2016年１月アマダ・アドバンスト・テクノロジー社〔ドイツ〕社長2018年４月当社上席執行役員ブランク開発本部長2020
jpcrp_cor:TermOfOfficeInformationAboutDirectorsAndCorporateAuditors	任期、役員の状況（取締役（及び監査役））	FilingDateInstant_jpcrp030000-asr_E01486-000YamanashiTakaakiMember	－	(注)４
jpcrp_cor:OfficialTitleOrPositionInformationAboutDirectorsAndCorporateAuditors	役職名、役員の状況（取締役（及び監査役））	FilingDateInstant_jpcrp030000-asr_E01486-000TadokoroMasahikoMember	－	取締役専務執行役員エンジニアリング営業サービス統括本部長
jpcrp_cor:NameInformationAboutDirectorsAndCorporateAuditors	氏名、役員の状況（取締役（及び監査役））	FilingDateInstant_jpcrp030000-asr_E01486-000TadokoroMasahikoMember	－	田　所　雅　彦
jpcrp_cor:DateOfBirthInformationAboutDirectorsAndCorporateAuditors	生年月日、役員の状況（取締役（及び監査役））	FilingDateInstant_jpcrp030000-asr_E01486-000TadokoroMasahikoMember	－	1962-02-26
jpcrp_cor:CareerSummaryInformationAboutDirectorsAndCorporateAuditorsTextBlock	略歴、役員の状況（取締役（及び監査役）） [テキストブロック]	FilingDateInstant_jpcrp030000-asr_E01486-000TadokoroMasahikoMember	－	1982年４月株式会社アマダメトレックス（合併により現当社）入社2003年４月アマダカッティングテクノロジーズ（現アマダ・マシナリー・アメリカ）社長2006年６月株式会社アマダカッティング（現株式会社アマダマシナリー）取締役副社長2007年
jpcrp_cor:TermOfOfficeInformationAboutDirectorsAndCorporateAuditors	任期、役員の状況（取締役（及び監査役））	FilingDateInstant_jpcrp030000-asr_E01486-000TadokoroMasahikoMember	－	(注)４
jpcrp_cor:OfficialTitleOrPositionInformationAboutDirectorsAndCorporateAuditors	役職名、役員の状況（取締役（及び監査役））	FilingDateInstant_jpcrp030000-asr_E01486-000YamamotoKojiMember	－	取締役専務執行役員グローバル戦略推進本部長
jpcrp_cor:NameInformationAboutDirectorsAndCorporateAuditors	氏名、役員の状況（取締役（及び監査役））	FilingDateInstant_jpcrp030000-asr_E01486-000YamamotoKojiMember	－	山　本　浩　司
jpcrp_cor:DateOfBirthInformationAboutDirectorsAndCorporateAuditors	生年月日、役員の状況（取締役（及び監査役））	FilingDateInstant_jpcrp030000-asr_E01486-000YamamotoKojiMember	－	1961-01-29
jpcrp_cor:CareerSummaryInformationAboutDirectorsAndCorporateAuditorsTextBlock	略歴、役員の状況（取締役（及び監査役）） [テキストブロック]	FilingDateInstant_jpcrp030000-asr_E01486-000YamamotoKojiMember	－	1984年４月当社入社2006年４月当社海外事業部門長2009年４月当社執行役員販売企画部門長兼アジア・中国部門長2010年４月株式会社アマダマシンツール（現株式会社アマダマシナリー）執行役員経営管理部門長2011年４月同社取締役経営管理本
jpcrp_cor:TermOfOfficeInformationAboutDirectorsAndCorporateAuditors	任期、役員の状況（取締役（及び監査役））	FilingDateInstant_jpcrp030000-asr_E01486-000YamamotoKojiMember	－	(注)４
jpcrp_cor:OfficialTitleOrPositionInformationAboutDirectorsAndCorporateAuditors	役職名、役員の状況（取締役（及び監査役））	FilingDateInstant_jpcrp030000-asr_E01486-000MiwaKazuhikoMember	－	取締役常務執行役員 財務部門長、法務担当
jpcrp_cor:NameInformationAboutDirectorsAndCorporateAuditors	氏名、役員の状況（取締役（及び監査役））	FilingDateInstant_jpcrp030000-asr_E01486-000MiwaKazuhikoMember	－	三　輪　和　彦
jpcrp_cor:DateOfBirthInformationAboutDirectorsAndCorporateAuditors	生年月日、役員の状況（取締役（及び監査役））	FilingDateInstant_jpcrp030000-asr_E01486-000MiwaKazuhikoMember	－	1963-03-10
jpcrp_cor:CareerSummaryInformationAboutDirectorsAndCorporateAuditorsTextBlock	略歴、役員の状況（取締役（及び監査役）） [テキストブロック]	FilingDateInstant_jpcrp030000-asr_E01486-000MiwaKazuhikoMember	－	1986年４月株式会社第一勧業銀行（現株式会社みずほ銀行）入行2004年２月株式会社みずほフィナンシャルグループIR部参事役2006年１月株式会社みずほコーポレート銀行（現株式会社みずほ銀行）国際審査部参事役2006年３月同行国際審査部シニ
jpcrp_cor:TermOfOfficeInformationAboutDirectorsAndCorporateAuditors	任期、役員の状況（取締役（及び監査役））	FilingDateInstant_jpcrp030000-asr_E01486-000MiwaKazuhikoMember	－	(注)４
jpcrp_cor:OfficialTitleOrPositionInformationAboutDirectorsAndCorporateAuditors	役職名、役員の状況（取締役（及び監査役））	FilingDateInstant_jpcrp030000-asr_E01486-000AokiMasakazuMember	－	社外取締役
jpcrp_cor:NameInformationAboutDirectorsAndCorporateAuditors	氏名、役員の状況（取締役（及び監査役））	FilingDateInstant_jpcrp030000-asr_E01486-000AokiMasakazuMember	－	青　木　優　和
jpcrp_cor:DateOfBirthInformationAboutDirectorsAndCorporateAuditors	生年月日、役員の状況（取締役（及び監査役））	FilingDateInstant_jpcrp030000-asr_E01486-000AokiMasakazuMember	－	1954-06-23
jpcrp_cor:CareerSummaryInformationAboutDirectorsAndCorporateAuditorsTextBlock	略歴、役員の状況（取締役（及び監査役）） [テキストブロック]	FilingDateInstant_jpcrp030000-asr_E01486-000AokiMasakazuMember	－	1977年４月株式会社日立製作所入社1999年４月同社産業機器グループ生産統括本部汎用圧縮機部長2002年４月株式会社日立産機システム事業本部空圧システム事業部汎用圧縮機設計部長2009年６月同社取締役事業統括本部空圧システム事業部長201
jpcrp_cor:TermOfOfficeInformationAboutDirectorsAndCorporateAuditors	任期、役員の状況（取締役（及び監査役））	FilingDateInstant_jpcrp030000-asr_E01486-000AokiMasakazuMember	－	(注)４
jpcrp_cor:OfficialTitleOrPositionInformationAboutDirectorsAndCorporateAuditors	役職名、役員の状況（取締役（及び監査役））	FilingDateInstant_jpcrp030000-asr_E01486-000KobeHarumiMember	－	社外取締役
jpcrp_cor:NameInformationAboutDirectorsAndCorporateAuditors	氏名、役員の状況（取締役（及び監査役））	FilingDateInstant_jpcrp030000-asr_E01486-000KobeHarumiMember	－	小　部　春　美
jpcrp_cor:DateOfBirthInformationAboutDirectorsAndCorporateAuditors	生年月日、役員の状況（取締役（及び監査役））	FilingDateInstant_jpcrp030000-asr_E01486-000KobeHarumiMember	－	1962-04-06
jpcrp_cor:CareerSummaryInformationAboutDirectorsAndCorporateAuditorsTextBlock	略歴、役員の状況（取締役（及び監査役）） [テキストブロック]	FilingDateInstant_jpcrp030000-asr_E01486-000KobeHarumiMember	－	1985年４月大蔵省（現財務省）入省1991年７月掛川税務署長2000年５月欧州連合日本政府代表部一等書記官（2002年１月より参事官）兼在ベルギー日本国大使館2003年７月財務省大臣官房企画官（国際局国際機構課）2005年７月東京国税局課
jpcrp_cor:TermOfOfficeInformationAboutDirectorsAndCorporateAuditors	任期、役員の状況（取締役（及び監査役））	FilingDateInstant_jpcrp030000-asr_E01486-000KobeHarumiMember	－	(注)４
jpcrp_cor:OfficialTitleOrPositionInformationAboutDirectorsAndCorporateAuditors	役職名、役員の状況（取締役（及び監査役））	FilingDateInstant_jpcrp030000-asr_E01486-000SasaHiroyukiMember	－	社外取締役
jpcrp_cor:NameInformationAboutDirectorsAndCorporateAuditors	氏名、役員の状況（取締役（及び監査役））	FilingDateInstant_jpcrp030000-asr_E01486-000SasaHiroyukiMember	－	笹　　　宏　行
jpcrp_cor:DateOfBirthInformationAboutDirectorsAndCorporateAuditors	生年月日、役員の状況（取締役（及び監査役））	FilingDateInstant_jpcrp030000-asr_E01486-000SasaHiroyukiMember	－	1955-09-14
jpcrp_cor:CareerSummaryInformationAboutDirectorsAndCorporateAuditorsTextBlock	略歴、役員の状況（取締役（及び監査役）） [テキストブロック]	FilingDateInstant_jpcrp030000-asr_E01486-000SasaHiroyukiMember	－	1982年４月オリンパス光学工業株式会社（現オリンパス株式会社）入社2001年４月同社内視鏡事業企画部長2005年４月オリンパスメディカルシステムズ株式会社第1開発本部長2007年４月同社マーケティング本部長2007年６月オリンパス株式会社
jpcrp_cor:TermOfOfficeInformationAboutDirectorsAndCorporateAuditors	任期、役員の状況（取締役（及び監査役））	FilingDateInstant_jpcrp030000-asr_E01486-000SasaHiroyukiMember	－	(注)４
jpcrp_cor:OfficialTitleOrPositionInformationAboutDirectorsAndCorporateAuditors	役職名、役員の状況（取締役（及び監査役））	FilingDateInstant_jpcrp030000-asr_E01486-000ChinoToshitakeMember	－	社外取締役
jpcrp_cor:NameInformationAboutDirectorsAndCorporateAuditors	氏名、役員の状況（取締役（及び監査役））	FilingDateInstant_jpcrp030000-asr_E01486-000ChinoToshitakeMember	－	千　野　俊　猛
jpcrp_cor:DateOfBirthInformationAboutDirectorsAndCorporateAuditors	生年月日、役員の状況（取締役（及び監査役））	FilingDateInstant_jpcrp030000-asr_E01486-000ChinoToshitakeMember	－	1946-10-17
jpcrp_cor:CareerSummaryInformationAboutDirectorsAndCorporateAuditorsTextBlock	略歴、役員の状況（取締役（及び監査役）） [テキストブロック]	FilingDateInstant_jpcrp030000-asr_E01486-000ChinoToshitakeMember	－	1971年４月株式会社日刊工業新聞社入社1995年４月同社編集局経済部長2002年６月同社取締役2003年６月同社代表取締役社長2010年11月同社相談役2011年３月同社相談役退任2011年４月国立大学法人電気通信大学特任教授2014年６
jpcrp_cor:TermOfOfficeInformationAboutDirectorsAndCorporateAuditors	任期、役員の状況（取締役（及び監査役））	FilingDateInstant_jpcrp030000-asr_E01486-000ChinoToshitakeMember	－	(注)４
jpcrp_cor:OfficialTitleOrPositionInformationAboutDirectorsAndCorporateAuditors	役職名、役員の状況（取締役（及び監査役））	FilingDateInstant_jpcrp030000-asr_E01486-000ShibataKotaroMember	－	常勤監査役
jpcrp_cor:NameInformationAboutDirectorsAndCorporateAuditors	氏名、役員の状況（取締役（及び監査役））	FilingDateInstant_jpcrp030000-asr_E01486-000ShibataKotaroMember	－	柴　田　耕太郎
jpcrp_cor:DateOfBirthInformationAboutDirectorsAndCorporateAuditors	生年月日、役員の状況（取締役（及び監査役））	FilingDateInstant_jpcrp030000-asr_E01486-000ShibataKotaroMember	－	1953-01-07
jpcrp_cor:CareerSummaryInformationAboutDirectorsAndCorporateAuditorsTextBlock	略歴、役員の状況（取締役（及び監査役）） [テキストブロック]	FilingDateInstant_jpcrp030000-asr_E01486-000ShibataKotaroMember	－	1980年１月当社入社2001年10月当社パンチング事業部長2009年６月当社執行役員販売統括部門長2010年６月当社取締役執行役員販売統括本部副本部長2012年６月当社取締役常務執行役員エンジニアリング事業本部副本部長2013年４月当社取
jpcrp_cor:TermOfOfficeInformationAboutDirectorsAndCorporateAuditors	任期、役員の状況（取締役（及び監査役））	FilingDateInstant_jpcrp030000-asr_E01486-000ShibataKotaroMember	－	(注)５
jpcrp_cor:OfficialTitleOrPositionInformationAboutDirectorsAndCorporateAuditors	役職名、役員の状況（取締役（及び監査役））	FilingDateInstant_jpcrp030000-asr_E01486-000FujimotoTakashiMember	－	常勤監査役
jpcrp_cor:NameInformationAboutDirectorsAndCorporateAuditors	氏名、役員の状況（取締役（及び監査役））	FilingDateInstant_jpcrp030000-asr_E01486-000FujimotoTakashiMember	－	藤　本　　　隆
jpcrp_cor:DateOfBirthInformationAboutDirectorsAndCorporateAuditors	生年月日、役員の状況（取締役（及び監査役））	FilingDateInstant_jpcrp030000-asr_E01486-000FujimotoTakashiMember	－	1956-12-02
jpcrp_cor:CareerSummaryInformationAboutDirectorsAndCorporateAuditorsTextBlock	略歴、役員の状況（取締役（及び監査役）） [テキストブロック]	FilingDateInstant_jpcrp030000-asr_E01486-000FujimotoTakashiMember	－	1980年４月株式会社東京銀行（現株式会社三菱UFJ銀行）入行2001年10月同行新橋支社法人第二部長2004年７月同行尼崎支社長2007年12月同行イスタンブール駐在員事務所所長2010年３月ミヤチテクノス株式会社（現株式会社アマダウエル
jpcrp_cor:TermOfOfficeInformationAboutDirectorsAndCorporateAuditors	任期、役員の状況（取締役（及び監査役））	FilingDateInstant_jpcrp030000-asr_E01486-000FujimotoTakashiMember	－	(注)５
jpcrp_cor:OfficialTitleOrPositionInformationAboutDirectorsAndCorporateAuditors	役職名、役員の状況（取締役（及び監査役））	FilingDateInstant_jpcrp030000-asr_E01486-000NishiuraSeijiMember	－	社外監査役
jpcrp_cor:NameInformationAboutDirectorsAndCorporateAuditors	氏名、役員の状況（取締役（及び監査役））	FilingDateInstant_jpcrp030000-asr_E01486-000NishiuraSeijiMember	－	西　浦　清　二
jpcrp_cor:DateOfBirthInformationAboutDirectorsAndCorporateAuditors	生年月日、役員の状況（取締役（及び監査役））	FilingDateInstant_jpcrp030000-asr_E01486-000NishiuraSeijiMember	－	1952-10-07
jpcrp_cor:CareerSummaryInformationAboutDirectorsAndCorporateAuditorsTextBlock	略歴、役員の状況（取締役（及び監査役）） [テキストブロック]	FilingDateInstant_jpcrp030000-asr_E01486-000NishiuraSeijiMember	－	1971年４月福岡国税局入局2003年７月大阪国税局調査第一部特別国税調査官2008年７月東京国税局調査第三部統括国税調査官2012年７月鎌倉税務署長2013年７月同署退官2013年８月税理士登録（現在に至る）2013年８月西浦清二税理士事
jpcrp_cor:TermOfOfficeInformationAboutDirectorsAndCorporateAuditors	任期、役員の状況（取締役（及び監査役））	FilingDateInstant_jpcrp030000-asr_E01486-000NishiuraSeijiMember	－	(注)６
jpcrp_cor:OfficialTitleOrPositionInformationAboutDirectorsAndCorporateAuditors	役職名、役員の状況（取締役（及び監査役））	FilingDateInstant_jpcrp030000-asr_E01486-000MochizukiAkikoMember	－	社外監査役
jpcrp_cor:NameInformationAboutDirectorsAndCorporateAuditors	氏名、役員の状況（取締役（及び監査役））	FilingDateInstant_jpcrp030000-asr_E01486-000MochizukiAkikoMember	－	望　月　晶　子
jpcrp_cor:DateOfBirthInformationAboutDirectorsAndCorporateAuditors	生年月日、役員の状況（取締役（及び監査役））	FilingDateInstant_jpcrp030000-asr_E01486-000MochizukiAkikoMember	－	1966-11-03
jpcrp_cor:CareerSummaryInformationAboutDirectorsAndCorporateAuditorsTextBlock	略歴、役員の状況（取締役（及び監査役）） [テキストブロック]	FilingDateInstant_jpcrp030000-asr_E01486-000MochizukiAkikoMember	－	1990年４月三菱商事株式会社入社2000年４月弁護士登録（現在に至る）宮川法律事務所入所2011年12月望月法律事務所設立2012年４月東京家庭裁判所調停委員（現任）2022年３月アテナ法律事務所入所 弁護士（現任）2023年６月株式会社
jpcrp_cor:TermOfOfficeInformationAboutDirectorsAndCorporateAuditors	任期、役員の状況（取締役（及び監査役））	FilingDateInstant_jpcrp030000-asr_E01486-000MochizukiAkikoMember	－	(注)７
jpcrp_cor:FootnotesDirectorsAndCorporateAuditorsTextBlock	脚注（取締役（及び監査役） [テキストブロック]	FilingDateInstant_Row1Member	－	(注) １　青木優和、小部春美、笹宏行、千野俊猛の各氏は社外取締役であります。
jpcrp_cor:FootnotesDirectorsAndCorporateAuditorsTextBlock	脚注（取締役（及び監査役） [テキストブロック]	FilingDateInstant_Row2Member	－	２　西浦清二、望月晶子の両氏は、社外監査役であります。
jpcrp_cor:FootnotesDirectorsAndCorporateAuditorsTextBlock	脚注（取締役（及び監査役） [テキストブロック]	FilingDateInstant_Row3Member	－	３　法令に定める監査役の員数を欠くことになる場合に備え、2025年６月26日開催の第87期定時株主総会において補欠監査役として村田眞氏（工学博士・電気通信大学名誉教授）が選任されております。補欠監査役は監査役が法令に定める員数を欠いたことを
jpcrp_cor:FootnotesDirectorsAndCorporateAuditorsTextBlock	脚注（取締役（及び監査役） [テキストブロック]	FilingDateInstant_Row4Member	－	４　取締役の任期は、2025年３月期に係る定時株主総会終結の時から2026年３月期に係る定時株主総会終結の時までであります。
jpcrp_cor:FootnotesDirectorsAndCorporateAuditorsTextBlock	脚注（取締役（及び監査役） [テキストブロック]	FilingDateInstant_Row5Member	－	５　監査役の任期は、2023年３月期に係る定時株主総会終結の時から2027年３月期に係る定時株主総会終結の時までであります。
jpcrp_cor:FootnotesDirectorsAndCorporateAuditorsTextBlock	脚注（取締役（及び監査役） [テキストブロック]	FilingDateInstant_Row6Member	－	６　監査役の任期は、2025年３月期に係る定時株主総会終結の時から2029年３月期に係る定時株主総会終結の時までであります。
jpcrp_cor:FootnotesDirectorsAndCorporateAuditorsTextBlock	脚注（取締役（及び監査役） [テキストブロック]	FilingDateInstant_Row7Member	－	７　監査役の任期は、2024年３月期に係る定時株主総会終結の時から2027年３月期に係る定時株主総会終結の時までであります。
jpcrp_cor:FootnotesDirectorsAndCorporateAuditorsTextBlock	脚注（取締役（及び監査役） [テキストブロック]	FilingDateInstant_Row8Member	－	８　望月晶子氏は、婚姻により鈴木姓となっておりますが、旧姓の望月で職務を執行しております。
jpcrp_cor:OfficialTitleOrPositionInformationAboutDirectorsAndCorporateAuditorsProposal	役職名、役員の状況（取締役（及び監査役））（議案）	FilingDateInstant_jpcrp030000-asr_E01486-000IsobeTsutomuMember	－	代表取締役会長
jpcrp_cor:NameInformationAboutDirectorsAndCorporateAuditorsProposal	氏名、役員の状況（取締役（及び監査役））（議案）	FilingDateInstant_jpcrp030000-asr_E01486-000IsobeTsutomuMember	－	磯　部　　　任
jpcrp_cor:DateOfBirthInformationAboutDirectorsAndCorporateAuditorsProposal	生年月日、役員の状況（取締役（及び監査役））（議案）	FilingDateInstant_jpcrp030000-asr_E01486-000IsobeTsutomuMember	－	1961-05-19
jpcrp_cor:CareerSummaryInformationAboutDirectorsAndCorporateAuditorsProposalTextBlock	略歴、役員の状況（取締役（及び監査役））（議案） [テキストブロック]	FilingDateInstant_jpcrp030000-asr_E01486-000IsobeTsutomuMember	－	１．に記載のとおり
jpcrp_cor:TermOfOfficeInformationAboutDirectorsAndCorporateAuditorsProposal	任期、役員の状況（取締役（及び監査役））（議案）	FilingDateInstant_jpcrp030000-asr_E01486-000IsobeTsutomuMember	－	(注)３
jpcrp_cor:OfficialTitleOrPositionInformationAboutDirectorsAndCorporateAuditorsProposal	役職名、役員の状況（取締役（及び監査役））（議案）	FilingDateInstant_jpcrp030000-asr_E01486-000YamanashiTakaakiMember	－	代表取締役社長執行役員
jpcrp_cor:NameInformationAboutDirectorsAndCorporateAuditorsProposal	氏名、役員の状況（取締役（及び監査役））（議案）	FilingDateInstant_jpcrp030000-asr_E01486-000YamanashiTakaakiMember	－	山　梨　貴　昭
jpcrp_cor:DateOfBirthInformationAboutDirectorsAndCorporateAuditorsProposal	生年月日、役員の状況（取締役（及び監査役））（議案）	FilingDateInstant_jpcrp030000-asr_E01486-000YamanashiTakaakiMember	－	1963-12-09
jpcrp_cor:CareerSummaryInformationAboutDirectorsAndCorporateAuditorsProposalTextBlock	略歴、役員の状況（取締役（及び監査役））（議案） [テキストブロック]	FilingDateInstant_jpcrp030000-asr_E01486-000YamanashiTakaakiMember	－	１．に記載のとおり
jpcrp_cor:TermOfOfficeInformationAboutDirectorsAndCorporateAuditorsProposal	任期、役員の状況（取締役（及び監査役））（議案）	FilingDateInstant_jpcrp030000-asr_E01486-000YamanashiTakaakiMember	－	(注)３
jpcrp_cor:OfficialTitleOrPositionInformationAboutDirectorsAndCorporateAuditorsProposal	役職名、役員の状況（取締役（及び監査役））（議案）	FilingDateInstant_jpcrp030000-asr_E01486-000MiwaKazuhikoMember	－	取締役 監査等委員
jpcrp_cor:NameInformationAboutDirectorsAndCorporateAuditorsProposal	氏名、役員の状況（取締役（及び監査役））（議案）	FilingDateInstant_jpcrp030000-asr_E01486-000MiwaKazuhikoMember	－	三　輪　和　彦
jpcrp_cor:DateOfBirthInformationAboutDirectorsAndCorporateAuditorsProposal	生年月日、役員の状況（取締役（及び監査役））（議案）	FilingDateInstant_jpcrp030000-asr_E01486-000MiwaKazuhikoMember	－	1963-03-10
jpcrp_cor:CareerSummaryInformationAboutDirectorsAndCorporateAuditorsProposalTextBlock	略歴、役員の状況（取締役（及び監査役））（議案） [テキストブロック]	FilingDateInstant_jpcrp030000-asr_E01486-000MiwaKazuhikoMember	－	１．に記載のとおり
jpcrp_cor:TermOfOfficeInformationAboutDirectorsAndCorporateAuditorsProposal	任期、役員の状況（取締役（及び監査役））（議案）	FilingDateInstant_jpcrp030000-asr_E01486-000MiwaKazuhikoMember	－	(注)４
jpcrp_cor:OfficialTitleOrPositionInformationAboutDirectorsAndCorporateAuditorsProposal	役職名、役員の状況（取締役（及び監査役））（議案）	FilingDateInstant_jpcrp030000-asr_E01486-000AokiMasakazuMember	－	社外取締役
jpcrp_cor:NameInformationAboutDirectorsAndCorporateAuditorsProposal	氏名、役員の状況（取締役（及び監査役））（議案）	FilingDateInstant_jpcrp030000-asr_E01486-000AokiMasakazuMember	－	青　木　優　和
jpcrp_cor:DateOfBirthInformationAboutDirectorsAndCorporateAuditorsProposal	生年月日、役員の状況（取締役（及び監査役））（議案）	FilingDateInstant_jpcrp030000-asr_E01486-000AokiMasakazuMember	－	1954-06-23
jpcrp_cor:CareerSummaryInformationAboutDirectorsAndCorporateAuditorsProposalTextBlock	略歴、役員の状況（取締役（及び監査役））（議案） [テキストブロック]	FilingDateInstant_jpcrp030000-asr_E01486-000AokiMasakazuMember	－	１．に記載のとおり
jpcrp_cor:TermOfOfficeInformationAboutDirectorsAndCorporateAuditorsProposal	任期、役員の状況（取締役（及び監査役））（議案）	FilingDateInstant_jpcrp030000-asr_E01486-000AokiMasakazuMember	－	(注)３
jpcrp_cor:OfficialTitleOrPositionInformationAboutDirectorsAndCorporateAuditorsProposal	役職名、役員の状況（取締役（及び監査役））（議案）	FilingDateInstant_jpcrp030000-asr_E01486-000SasaHiroyukiMember	－	取締役 監査等委員
jpcrp_cor:NameInformationAboutDirectorsAndCorporateAuditorsProposal	氏名、役員の状況（取締役（及び監査役））（議案）	FilingDateInstant_jpcrp030000-asr_E01486-000SasaHiroyukiMember	－	笹　　　宏　行
jpcrp_cor:DateOfBirthInformationAboutDirectorsAndCorporateAuditorsProposal	生年月日、役員の状況（取締役（及び監査役））（議案）	FilingDateInstant_jpcrp030000-asr_E01486-000SasaHiroyukiMember	－	1955-09-14
jpcrp_cor:CareerSummaryInformationAboutDirectorsAndCorporateAuditorsProposalTextBlock	略歴、役員の状況（取締役（及び監査役））（議案） [テキストブロック]	FilingDateInstant_jpcrp030000-asr_E01486-000SasaHiroyukiMember	－	１．に記載のとおり
jpcrp_cor:TermOfOfficeInformationAboutDirectorsAndCorporateAuditorsProposal	任期、役員の状況（取締役（及び監査役））（議案）	FilingDateInstant_jpcrp030000-asr_E01486-000SasaHiroyukiMember	－	(注)４
jpcrp_cor:OfficialTitleOrPositionInformationAboutDirectorsAndCorporateAuditorsProposal	役職名、役員の状況（取締役（及び監査役））（議案）	FilingDateInstant_jpcrp030000-asr_E01486-000FujiiYoshikoMember	－	社外取締役
jpcrp_cor:NameInformationAboutDirectorsAndCorporateAuditorsProposal	氏名、役員の状況（取締役（及び監査役））（議案）	FilingDateInstant_jpcrp030000-asr_E01486-000FujiiYoshikoMember	－	藤　井　佳　子
jpcrp_cor:DateOfBirthInformationAboutDirectorsAndCorporateAuditorsProposal	生年月日、役員の状況（取締役（及び監査役））（議案）	FilingDateInstant_jpcrp030000-asr_E01486-000FujiiYoshikoMember	－	1965-07-11
jpcrp_cor:CareerSummaryInformationAboutDirectorsAndCorporateAuditorsProposalTextBlock	略歴、役員の状況（取締役（及び監査役））（議案） [テキストブロック]	FilingDateInstant_jpcrp030000-asr_E01486-000FujiiYoshikoMember	－	1988年４月オリエント・リース株式会社（現オリックス株式会社）入社2014年１月オリックス株式会社経営企画部長2018年１月同社執行役ERM本部副本部長2018年４月 同社執行役兼ROBECO  INSTITUTIONAL ASSET M
jpcrp_cor:TermOfOfficeInformationAboutDirectorsAndCorporateAuditorsProposal	任期、役員の状況（取締役（及び監査役））（議案）	FilingDateInstant_jpcrp030000-asr_E01486-000FujiiYoshikoMember	－	(注)３
jpcrp_cor:OfficialTitleOrPositionInformationAboutDirectorsAndCorporateAuditorsProposal	役職名、役員の状況（取締役（及び監査役））（議案）	FilingDateInstant_jpcrp030000-asr_E01486-000MochizukiAkikoMember	－	取締役 監査等委員
jpcrp_cor:NameInformationAboutDirectorsAndCorporateAuditorsProposal	氏名、役員の状況（取締役（及び監査役））（議案）	FilingDateInstant_jpcrp030000-asr_E01486-000MochizukiAkikoMember	－	望　月　晶　子
jpcrp_cor:DateOfBirthInformationAboutDirectorsAndCorporateAuditorsProposal	生年月日、役員の状況（取締役（及び監査役））（議案）	FilingDateInstant_jpcrp030000-asr_E01486-000MochizukiAkikoMember	－	1966-11-03
jpcrp_cor:CareerSummaryInformationAboutDirectorsAndCorporateAuditorsProposalTextBlock	略歴、役員の状況（取締役（及び監査役））（議案） [テキストブロック]	FilingDateInstant_jpcrp030000-asr_E01486-000MochizukiAkikoMember	－	１．に記載のとおり
jpcrp_cor:TermOfOfficeInformationAboutDirectorsAndCorporateAuditorsProposal	任期、役員の状況（取締役（及び監査役））（議案）	FilingDateInstant_jpcrp030000-asr_E01486-000MochizukiAkikoMember	－	(注)４
jpcrp_cor:FootnotesDirectorsAndCorporateAuditorsProposalTextBlock	脚注（取締役（及び監査役））（議案） [テキストブロック]	FilingDateInstant_Row1Member	－	(注) １　青木優和、笹宏行、藤井佳子、望月晶子の各氏は社外取締役であります。
jpcrp_cor:FootnotesDirectorsAndCorporateAuditorsProposalTextBlock	脚注（取締役（及び監査役））（議案） [テキストブロック]	FilingDateInstant_Row2Member	－	２　法令に定める監査等委員である取締役の員数を欠くことになる場合に備え、2026年６月26日開催の第88期定時株主総会において補欠の監査等委員である取締役として青木優和氏が選任される予定です。補欠の監査等委員である取締役は監査等委員である取
jpcrp_cor:FootnotesDirectorsAndCorporateAuditorsProposalTextBlock	脚注（取締役（及び監査役））（議案） [テキストブロック]	FilingDateInstant_Row3Member	－	３　取締役の任期は、2026年３月期に係る定時株主総会終結の時から2027年３月期に係る定時株主総会終結の時までであります。
jpcrp_cor:FootnotesDirectorsAndCorporateAuditorsProposalTextBlock	脚注（取締役（及び監査役））（議案） [テキストブロック]	FilingDateInstant_Row4Member	－	４　取締役の任期は、2026年３月期に係る定時株主総会終結の時から2028年３月期に係る定時株主総会終結の時までであります。
jpcrp_cor:FootnotesDirectorsAndCorporateAuditorsProposalTextBlock	脚注（取締役（及び監査役））（議案） [テキストブロック]	FilingDateInstant_Row5Member	－	５　藤井佳子氏は、婚姻により平野姓となっておりますが、旧姓の藤井で職務を執行する予定であります。
jpcrp_cor:FootnotesDirectorsAndCorporateAuditorsProposalTextBlock	脚注（取締役（及び監査役））（議案） [テキストブロック]	FilingDateInstant_Row6Member	－	６　望月晶子氏は、婚姻により鈴木姓となっておりますが、旧姓の望月で職務を執行する予定であります。
jpcrp_cor:OutsideDirectorsAndOutsideCorporateAuditorsTextBlock	社外取締役（及び社外監査役） [テキストブロック]	FilingDateInstant	－	 ②  社外役員の状況当社は、コーポレート・ガバナンスの一層の充実・強化を図るべく、2014年３月期に係る定時株主総会において社外取締役を１名選任し、さらに2015年４月、2016年６月、2022年６月よりそれぞれ１名ずつ増員し、提出日現在
jpcrp_cor:AuditsTextBlock	監査の状況 [テキストブロック]	FilingDateInstant	－	 (3) 【監査の状況】①　監査役監査の状況a．監査役監査の組織、人数及び手続について当社は監査役会設置会社であり、社外監査役２名を含む４名で監査役会を構成しております。常勤監査役は当社の取締役を歴任した者の他、金融機関出身で当社子会社の管
jpcrp_cor:RemunerationForDirectorsAndOtherOfficersTextBlock	役員の報酬等 [テキストブロック]	FilingDateInstant	－	 (4) 【役員の報酬等】① 取締役の個人別の報酬等の内容に係る決定方針に関する事項当社は、取締役の個人別の報酬等の内容に係る決定方針（以下、決定方針という。）を以下のとおり定めております。なお、当社は、取締役会の諮問機関として、社外取締役
jpcrp_cor:RemunerationEtcPaidByGroupToEachDirectorOrOtherOfficerTextBlock	役員ごとの連結報酬等 [テキストブロック]	FilingDateInstant	－	⑦ 提出会社の役員ごとの連結報酬等の総額等氏名連結報酬等の総額(百万円)役員区分会社区分連結報酬等の種類別の額(百万円)固定報酬業績連動報酬退職慰労金非金銭報酬等磯部 任116取締役提出会社5551－9山梨 貴昭116取締役提出会社5551
jpcrp_cor:ShareholdingsTextBlock	株式の保有状況 [テキストブロック]	FilingDateInstant	－	 (5) 【株式の保有状況】①　投資株式の区分の基準及び考え方当社は、保有目的が純投資目的である投資株式と純投資目的以外の目的である投資株式の区分について、専ら株式の価値の変動又は株式に係る配当によって利益を受けることを目的とする株式を純投
jpcrp_cor:ReasonForIncreaseInNumberOfSharesSharesNotListedInvestmentSharesHeldForPurposesOtherThanPureInvestmentReportingCompany	株式数が増加した理由、非上場株式、保有目的が純投資目的以外の目的である投資株式、提出会社	CurrentYearDuration	－	中長期的な観点より、企業価値向上に資すると判断したため
jpcrp_cor:ReasonForIncreaseInNumberOfSharesSharesOtherThanThoseNotListedInvestmentSharesHeldForPurposesOtherThanPureInvestmentReportingCompany	株式数が増加した理由、非上場株式以外の株式、保有目的が純投資目的以外の目的である投資株式、提出会社	CurrentYearDuration	－	－
jpcrp_cor:NameOfSecuritiesDetailsOfSpecifiedInvestmentEquitySecuritiesHeldForPurposesOtherThanPureInvestmentReportingCompany	銘柄、保有目的が純投資目的以外の目的である特定投資株式の明細、提出会社	CurrentYearInstant_Row1Member	－	株式会社マルゼン
jpcrp_cor:PurposeOfShareholdingOverviewOfBusinessAllianceQuantitativeEffectsOfShareholdingAndReasonForIncreaseInNumberOfSharesDetailsOfSpecifiedInvestmentSharesHeldForPurposesOtherThanPureInvestmentReportingCompany	保有目的、業務提携等の概要、定量的な保有効果及び株式数が増加した理由、保有目的が純投資目的以外の目的である特定投資株式の明細、提出会社	CurrentYearInstant_Row1Member	－	同社株式は、当社の金属加工機械事業の取引関係維持・強化のために保有しています。
jpcrp_cor:WhetherIssuerOfAforementionedSharesHoldsReportingCompanysSharesDetailsOfSpecifiedInvestmentSharesHeldForPurposesOtherThanPureInvestmentReportingCompany	当該株式の発行者による提出会社の株式の保有の有無、保有目的が純投資目的以外の目的である特定投資株式の明細、提出会社	CurrentYearInstant_Row1Member	－	無
jpcrp_cor:NameOfSecuritiesDetailsOfSpecifiedInvestmentEquitySecuritiesHeldForPurposesOtherThanPureInvestmentReportingCompany	銘柄、保有目的が純投資目的以外の目的である特定投資株式の明細、提出会社	CurrentYearInstant_Row2Member	－	Lumentum Holdings Inc.(ルメンタムホールディングス社)
jpcrp_cor:PurposeOfShareholdingOverviewOfBusinessAllianceQuantitativeEffectsOfShareholdingAndReasonForIncreaseInNumberOfSharesDetailsOfSpecifiedInvestmentSharesHeldForPurposesOtherThanPureInvestmentReportingCompany	保有目的、業務提携等の概要、定量的な保有効果及び株式数が増加した理由、保有目的が純投資目的以外の目的である特定投資株式の明細、提出会社	CurrentYearInstant_Row2Member	－	レーザ事業の取引関係維持・強化を図る目的で保有しておりましたが、当事業年度において全株を売却いたしました。
jpcrp_cor:WhetherIssuerOfAforementionedSharesHoldsReportingCompanysSharesDetailsOfSpecifiedInvestmentSharesHeldForPurposesOtherThanPureInvestmentReportingCompany	当該株式の発行者による提出会社の株式の保有の有無、保有目的が純投資目的以外の目的である特定投資株式の明細、提出会社	CurrentYearInstant_Row2Member	－	無
jpcrp_cor:NameOfSecuritiesDetailsOfSpecifiedInvestmentEquitySecuritiesHeldForPurposesOtherThanPureInvestmentReportingCompany	銘柄、保有目的が純投資目的以外の目的である特定投資株式の明細、提出会社	CurrentYearInstant_Row3Member	－	中野冷機株式会社
jpcrp_cor:PurposeOfShareholdingOverviewOfBusinessAllianceQuantitativeEffectsOfShareholdingAndReasonForIncreaseInNumberOfSharesDetailsOfSpecifiedInvestmentSharesHeldForPurposesOtherThanPureInvestmentReportingCompany	保有目的、業務提携等の概要、定量的な保有効果及び株式数が増加した理由、保有目的が純投資目的以外の目的である特定投資株式の明細、提出会社	CurrentYearInstant_Row3Member	－	金属加工機械事業の取引関係維持・強化のために保有しておりましたが、当事業年度において全株を売却いたしました。
jpcrp_cor:WhetherIssuerOfAforementionedSharesHoldsReportingCompanysSharesDetailsOfSpecifiedInvestmentSharesHeldForPurposesOtherThanPureInvestmentReportingCompany	当該株式の発行者による提出会社の株式の保有の有無、保有目的が純投資目的以外の目的である特定投資株式の明細、提出会社	CurrentYearInstant_Row3Member	－	無
jpcrp_cor:FootnotesSpecifiedInvestmentSharesHeldForPurposesOtherThanPureInvestmentReportingCompanyTextBlock	脚注（保有目的が純投資目的以外の目的である特定投資株式）、提出会社 [テキストブロック]	CurrentYearInstant_Row1Member	－	(注)  定量的な保有効果については記載が困難であります。保有の合理性は、保有目的、金属加工機械事業における取引又は金融取引等の状況、資本コストを踏まえたリスク・リターンを検証することにより判断しています。 
jpcrp030000-asr_E01486-000:BasicPolicyOnHumanResourcesStrategyEmployeesEtcTextBlock		FilingDateInstant	－	(1) 【人材戦略に関する基本方針等】① 人材戦略当社グループの人材戦略に関する基本方針等については、「第２ 事業の状況　２ サステナビリティに関する考え方及び取組　(3) 人的資本について」をご参照ください。 ② 給与等の決定に関する方針
jpcrp_cor:InformationAboutEmployeesTextBlock	従業員の状況 [テキストブロック]	FilingDateInstant	－	 (2) 【従業員の状況】① 連結会社の状況2026年３月31日現在セグメントの名称従業員数(名)金属加工機械7,249金属工作機械2,161　報告セグメント計9,410その他462合計9,872 (注) (イ)従業員数は、当社グループから
jpcrp_cor:ReportingCompanyMetricsOfReportingCompany	指標を公表した会社、提出会社の指標	CurrentYearInstant_NonConsolidatedMember	－	㈱アマダ
jpcrp_cor:ConsolidatedSubsidiariesMetricsOfConsolidatedSubsidiaries	指標を公表した会社、連結子会社の指標	CurrentYearInstant_Row1Member	－	㈱アマダマシナリー
jpcrp_cor:ConsolidatedSubsidiariesMetricsOfConsolidatedSubsidiaries	指標を公表した会社、連結子会社の指標	CurrentYearInstant_Row2Member	－	㈱アマダプレスシステム
jpcrp_cor:ConsolidatedSubsidiariesMetricsOfConsolidatedSubsidiaries	指標を公表した会社、連結子会社の指標	CurrentYearInstant_Row3Member	－	㈱アマダツール
jpcrp_cor:ConsolidatedSubsidiariesMetricsOfConsolidatedSubsidiaries	指標を公表した会社、連結子会社の指標	CurrentYearInstant_Row4Member	－	㈱エイチアンドエフ
jpcrp_cor:ConsolidatedSubsidiariesMetricsOfConsolidatedSubsidiaries	指標を公表した会社、連結子会社の指標	CurrentYearInstant_Row5Member	－	ビアメカニクス㈱
jpcrp_cor:DescriptionOfFactThatConsolidatedFinancialStatementsHaveBeenPreparedInAccordanceWithIFRSFinancialInformation	指定国際会計基準により連結財務諸表を作成した場合の記載、経理の状況	CurrentYearDuration	－	(1) 当社の連結財務諸表は、「連結財務諸表の用語、様式及び作成方法に関する規則」(昭和51年大蔵省令第28号。以下「連結財務諸表規則」という。)第312条の規定により、国際会計基準(以下「IFRS」という。)に準拠して作成しております。
jpcrp_cor:RegulationsInAccordanceWithWhichFinancialStatementsHaveBeenPreparedFinancialInformation	財務諸表が基づく規則、経理の状況	CurrentYearDuration	－	(2) 当社の財務諸表は、「財務諸表等の用語、様式及び作成方法に関する規則」(昭和38年大蔵省令第59号。以下「財務諸表等規則」という。)に基づいて作成しております。
jpcrp_cor:DescriptionOfFactThatFinancialStatementsHaveBeenPreparedInAccordanceWithSpecialProvisionFinancialInformation	特例財務諸表を作成する場合の記載、経理の状況	CurrentYearDuration	－	　また、当社は、特例財務諸表提出会社に該当し、財務諸表等規則第127条の規定により財務諸表を作成しております。
jpcrp_cor:NoteOnIndependentAuditFinancialInformation	監査証明について、経理の状況	CurrentYearDuration	－	当社は、金融商品取引法第193条の２第１項の規定に基づき、連結会計年度(2025年４月１日から2026年３月31日まで)の連結財務諸表及び事業年度(2025年４月１日から2026年３月31日まで)の財務諸表について、有限責任監査法人トーマツ
jpcrp_cor:RemarkableEffortsToEnsureFairPresentationOfConsolidatedFinancialStatementsEtcFinancialInformation	連結財務諸表等の適正性を確保するための特段の取組、経理の状況	CurrentYearDuration	－	当社は、連結財務諸表等の適正性を確保するための特段の取り組み及びIFRSに基づいて連結財務諸表等を適正に作成することができる体制の整備を行っております。その内容は、次のとおりであります。　(1) 会計基準等の内容を適切に把握し、会計基準等の
jpcrp_cor:RemarkableEffortsToEnsureFairPresentationOfConsolidatedFinancialStatementsEtcInAccordanceWithIFRSFinancialInformation	指定国際会計基準に基づいて連結財務諸表等を適正に作成することができる体制、経理の状況	CurrentYearDuration	－	(2) IFRSの適用については、国際会計基準審議会が公表するプレスリリースや基準書を随時入手し、最新の基準の把握を行っております。また、IFRSに基づく適正な連結財務諸表等を作成するために、IFRSに準拠したグループ会計方針及び会計指針を
jpigp_cor:ConsolidatedStatementOfFinancialPositionIFRSTextBlock	連結財政状態計算書（IFRS） [テキストブロック]	CurrentYearDuration	－	① 【連結財政状態計算書】(単位：百万円) 注記前連結会計年度(2025年３月31日) 当連結会計年度(2026年３月31日)資産    流動資産    現金及び現金同等物8104,841 153,626営業債権及びその他の債権9,3814
jpigp_cor:ConsolidatedStatementOfProfitOrLossIFRSTextBlock	連結損益計算書（IFRS） [テキストブロック]	CurrentYearDuration	－	【連結損益計算書】(単位：百万円) 注記前連結会計年度(自　2024年４月１日　至　2025年３月31日) 当連結会計年度(自　2025年４月１日　至　2026年３月31日)     売上収益6,30396,670 437,372売上原価 
jpigp_cor:ConsolidatedStatementOfComprehensiveIncomeIFRSTextBlock	連結包括利益計算書（IFRS） [テキストブロック]	CurrentYearDuration	－	【連結包括利益計算書】(単位：百万円) 注記前連結会計年度(自　2024年４月１日　至　2025年３月31日) 当連結会計年度(自　2025年４月１日　至　2026年３月31日)当期利益 32,646 30,757     その他の包括利益
jpigp_cor:ConsolidatedStatementOfChangesInEquityIFRSTextBlock	連結持分変動計算書（IFRS） [テキストブロック]	CurrentYearDuration	－	③ 【連結持分変動計算書】前連結会計年度(自　2024年４月１日　至　2025年３月31日)(単位：百万円)  親会社の所有者に帰属する持分非支配持分資本合計      その他の資本の構成要素合計 注記資本金資本剰余金利益剰余金自己株式確定
jpigp_cor:ConsolidatedStatementOfCashFlowsIFRSTextBlock	連結キャッシュ・フロー計算書（IFRS） [テキストブロック]	CurrentYearDuration	－	④【連結キャッシュ・フロー計算書】(単位：百万円) 注記前連結会計年度(自　2024年４月１日　至　2025年３月31日) 当連結会計年度(自　2025年４月１日　至　2026年３月31日)営業活動によるキャッシュ・フロー    税引前利益
jpigp_cor:NotesReportingEntityConsolidatedFinancialStatementsIFRSTextBlock	注記事項－報告企業、連結財務諸表（IFRS） [テキストブロック]	CurrentYearDuration	－	１．報告企業株式会社アマダ(以下、当社もしくは親会社)は日本に所在する株式会社であります。登記上の本社の住所は神奈川県伊勢原市石田200番地であります。当社の連結財務諸表は、2026年３月31日を期末日とし、当社及びその子会社(以下、当社グ
jpigp_cor:NotesBasisOfPreparationConsolidatedFinancialStatementsIFRSTextBlock	注記事項－作成の基礎、連結財務諸表（IFRS） [テキストブロック]	CurrentYearDuration	－	２．作成の基礎(1) IFRSに準拠している旨当社グループの連結財務諸表は、連結財務諸表規則第１条の２第１号に掲げる「指定国際会計基準特定会社」の要件を満たすことから、同第312条の規定により、IFRSに準拠して作成しております。 (2) 
jpigp_cor:NotesSignificantAccountingPoliciesConsolidatedFinancialStatementsIFRSTextBlock	注記事項－重要性がある会計方針、連結財務諸表（IFRS） [テキストブロック]	CurrentYearDuration	－	 ３．重要性がある会計方針以下の会計方針は、本連結財務諸表に記載されているすべての期間に適用しております。 (1) 連結の基礎 ①　子会社 子会社は、当社グループにより支配されている企業(パートナーシップ等の法人格のない事業体を含む)をいい
jpigp_cor:NotesSignificantAccountingEstimatesAndJudgementsConsolidatedFinancialStatementsIFRSTextBlock	注記事項－重要な会計上の見積り及び判断、連結財務諸表（IFRS） [テキストブロック]	CurrentYearDuration	－	 ４．重要な会計上の見積り及び見積りを伴う判断当社グループは、連結財務諸表の作成において、会計方針の適用並びに資産、負債、収益及び費用の報告額に影響を及ぼす判断、会計上の見積り及び仮定を用いております。これらの見積り及び仮定は、過去の経験及
jpigp_cor:NotesNewStandardsNotYetAppliedConsolidatedFinancialStatementsIFRSTextBlock	注記事項－未適用の新基準、連結財務諸表（IFRS） [テキストブロック]	CurrentYearDuration	－	 ５．未適用の公表済み基準書及び解釈指針連結財務諸表の承認日までに新設又は改訂が行われた基準書及び解釈指針のうち、当社グループが早期適用していない主なものは、次のとおりであります。なお、これらの適用による当社グループへの影響は検討中でありま
jpigp_cor:NotesSegmentInformationConsolidatedFinancialStatementsIFRSTextBlock	注記事項－セグメント情報、連結財務諸表（IFRS） [テキストブロック]	CurrentYearDuration	－	６．事業セグメント(1) 報告セグメントの概要 当社グループの報告セグメントは、当社グループの構成単位のうち分離された財務情報が入手可能であり、当社の取締役会が、経営資源の配分の決定及び業績を評価するために、定期的に検討を行う対象となってい
jpigp_cor:InformationAboutProductsAndServicesIFRSTextBlock	製品及びサービスに関する情報（IFRS） [テキストブロック]	CurrentYearDuration	－	 (3) 製品及びサービスに関する情報製品及びサービスごとの外部顧客への売上収益は、次のとおりであります。(単位：百万円) 外部顧客からの売上収益 前連結会計年度(自　2024年４月１日　至　2025年３月31日) 当連結会計年度(自　20
jpigp_cor:InformationAboutGeographicalAreasIFRSTextBlock	地域に関する情報（IFRS） [テキストブロック]	CurrentYearDuration	－	(4) 地域に関する情報外部顧客からの売上収益及び非流動資産の地域別内訳は、次のとおりであります。①　外部顧客からの売上収益 (単位：百万円) 前連結会計年度(自　2024年４月１日　至　2025年３月31日) 当連結会計年度(自　2025
jpigp_cor:InformationAboutMajorCustomersIFRSTextBlock	主要な顧客に関する情報（IFRS） [テキストブロック]	CurrentYearDuration	－	(5) 主要な顧客に関する情報外部顧客への売上収益のうち、連結損益計算書の売上収益の10％以上を占める単一の外部顧客が存在しないため、記載を省略しております。 
jpigp_cor:NotesBusinessCombinationsConsolidatedFinancialStatementsIFRSTextBlock	注記事項－企業結合、連結財務諸表（IFRS） [テキストブロック]	CurrentYearDuration	－	 ７．企業結合前連結会計年度(自　2024年４月１日　至　2025年３月31日) 該当事項はありません。  当連結会計年度(自　2025年４月１日　至　2026年３月31日)（株式会社エイチアンドエフの株式取得）当社は、2025年１月24日
jpigp_cor:NotesCashAndCashEquivalentsConsolidatedFinancialStatementsIFRSTextBlock	注記事項－現金及び現金同等物、連結財務諸表（IFRS） [テキストブロック]	CurrentYearDuration	－	８．現金及び現金同等物現金及び現金同等物の内訳は、次のとおりです。 (単位：百万円) 前連結会計年度(2025年３月31日) 当連結会計年度(2026年３月31日)現金及び預金99,841 144,626預入期間が３ヶ月以内の譲渡性預金5,
jpigp_cor:NotesTradeAndOtherReceivablesConsolidatedFinancialStatementsIFRSTextBlock	注記事項－営業債権及びその他の債権、連結財務諸表（IFRS） [テキストブロック]	CurrentYearDuration	－	９．営業債権及びその他の債権営業債権及びその他の債権の内訳は、次のとおりです。 (単位：百万円) 前連結会計年度(2025年３月31日) 当連結会計年度(2026年３月31日)受取手形及び電子記録債権 *110,567 11,771売掛金 
jpigp_cor:NotesInventoriesConsolidatedFinancialStatementsIFRSTextBlock	注記事項－棚卸資産、連結財務諸表（IFRS） [テキストブロック]	CurrentYearDuration	－	 10．棚卸資産棚卸資産の内訳は、次のとおりです。 (単位：百万円) 前連結会計年度(2025年３月31日) 当連結会計年度(2026年３月31日)商品及び製品85,831 97,470仕掛品13,396 20,720原材料及び貯蔵品32,
jpigp_cor:NotesOtherAssetsConsolidatedFinancialStatementsIFRSTextBlock	注記事項－その他の資産、連結財務諸表（IFRS） [テキストブロック]	CurrentYearDuration	－	11．その他の資産その他の流動資産及びその他の非流動資産の内訳は、次のとおりです。 (単位：百万円) 前連結会計年度(2025年３月31日) 当連結会計年度(2026年３月31日)投資不動産7,963 7,795未収消費税等779 3,05
jpigp_cor:NotesAssetsHeldForSaleConsolidatedFinancialStatementsIFRSTextBlock	注記事項－売却目的で保有する資産、連結財務諸表（IFRS） [テキストブロック]	CurrentYearDuration	－	12．売却目的で保有する資産売却目的で保有する資産は次のとおりです。(単位：百万円) 前連結会計年度(2025年３月31日) 当連結会計年度(2026年３月31日)売却目的で保有する資産    有形固定資産－ 324合計－ 324 当連結会
jpigp_cor:NotesPropertyPlantAndEquipmentConsolidatedFinancialStatementsIFRSTextBlock	注記事項－有形固定資産、連結財務諸表（IFRS） [テキストブロック]	CurrentYearDuration	－	 13．有形固定資産　増減表有形固定資産の取得原価、減価償却累計額及び減損損失累計額の増減、並びに帳簿価額は、次のとおりです。①　取得原価(単位：百万円) 建物及び構築物 機械装置及び運搬具 工具器具及び備品 賃貸用資産 使用権資産 土地 
jpigp_cor:NotesGoodwillAndIntangibleAssetsConsolidatedFinancialStatementsIFRSTextBlock	注記事項－のれん及び無形資産、連結財務諸表（IFRS） [テキストブロック]	CurrentYearDuration	－	 14．のれん及び無形資産(1) 増減表 のれん及び無形資産の取得原価、償却累計額及び減損損失累計額の増減、並びに帳簿価額は、次のとおりです。 ①　取得原価 (単位：百万円) のれん無形資産 ソフトウエア 顧客関連資産 その他 合計前連結会
jpigp_cor:NotesLeasesConsolidatedFinancialStatementsIFRSTextBlock	注記事項－リース、連結財務諸表（IFRS） [テキストブロック]	CurrentYearDuration	－	15．リース(1) 借手側当社グループは、借手として主に営業所の建物及び土地を賃借しております。延長オプション及び解約オプションは、主に営業所に係る不動産リース等に含まれており、不動産を事業に活用する目的において、これらオプションの行使の必
jpigp_cor:NotesImpairmentLossesConsolidatedFinancialStatementsIFRSTextBlock	注記事項－減損損失、連結財務諸表（IFRS） [テキストブロック]	CurrentYearDuration	－	 16．非金融資産の減損(1) 資金生成単位当社グループは、概ね独立したキャッシュ・インフローを生成させるものとして識別される資産グループの最小単位を基礎としてグルーピングを行っております。遊休資産については、個別の物件ごとに減損の要否を検
jpigp_cor:NotesInvestmentsAccountedForUsingEquityMethodConsolidatedFinancialStatementsIFRSTextBlock	注記事項－持分法で会計処理されている投資、連結財務諸表（IFRS） [テキストブロック]	CurrentYearDuration	－	 17．持分法で会計処理されている投資個々に重要性のない関連会社に対する投資の帳簿価額は以下のとおりです。    (単位：百万円) 前連結会計年度(2025年３月31日) 当連結会計年度(2026年３月31日)帳簿価額合計 719 951 
jpigp_cor:NotesOtherFinancialAssetsConsolidatedFinancialStatementsIFRSTextBlock	注記事項－その他の金融資産、連結財務諸表（IFRS） [テキストブロック]	CurrentYearDuration	－	18．その他の金融資産その他の金融資産の内訳は、次のとおりです。 (単位：百万円) 前連結会計年度(2025年３月31日) 当連結会計年度(2026年３月31日)流動資産   償却原価で測定する金融資産   預金(３ヶ月超)(注)１27,1
jpigp_cor:NotesIncomeTaxesConsolidatedFinancialStatementsIFRSTextBlock	注記事項－法人所得税、連結財務諸表（IFRS） [テキストブロック]	CurrentYearDuration	－	 19．法人所得税(1) 繰延税金資産及び繰延税金負債の原因別の内訳及び増減内容繰延税金資産及び繰延税金負債の主な原因別の内訳及び増減内容は、次のとおりです。前連結会計年度(自 2024年４月１日　至 2025年３月31日)(単位：百万円)
jpigp_cor:NotesTradeAndOtherPayablesConsolidatedFinancialStatementsIFRSTextBlock	注記事項－営業債務及びその他の債務、連結財務諸表（IFRS） [テキストブロック]	CurrentYearDuration	－	 20．営業債務及びその他の債務営業債務及びその他の債務の内訳は、次のとおりです。(単位：百万円) 前連結会計年度(2025年３月31日) 当連結会計年度(2026年３月31日)支払手形及び買掛金17,331 24,469(内１年以内に決済
jpigp_cor:NotesBorrowingsConsolidatedFinancialStatementsIFRSTextBlock	注記事項－借入金、連結財務諸表（IFRS） [テキストブロック]	CurrentYearDuration	－	21．借入金借入金の内訳は、次のとおりです。(単位：百万円) 前連結会計年度(2025年３月31日) 当連結会計年度(2026年３月31日) 平均利率(注)１返済期限 (注)２短期借入金10,954 70,800 1.83％－１年以内返済予
jpigp_cor:NotesOtherFinancialLiabilitiesConsolidatedFinancialStatementsIFRSTextBlock	注記事項－その他の金融負債、連結財務諸表（IFRS） [テキストブロック]	CurrentYearDuration	－	 22．その他の金融負債その他の金融負債の内訳は、次のとおりです。(単位：百万円) 前連結会計年度(2025年３月31日) 当連結会計年度(2026年３月31日)預り金(注)１2,463 2,458リース負債10,560 12,463デリバ
jpigp_cor:NotesChangesInLiabilitiesFromFinancingActivitiesConsolidatedFinancialStatementsIFRSTextBlock	注記事項－財務活動から生じた負債の変動、連結財務諸表（IFRS） [テキストブロック]	CurrentYearDuration	－	23．財務活動から生じる負債の変動財務活動から生じた負債の増減は、次のとおりです。 前連結会計年度（自 2024年４月１日　至 2025年３月31日）（単位：百万円） 2024年４月１日残高キャッシュ・フローを伴う変動非資金変動2025年３
jpigp_cor:NotesProvisionsConsolidatedFinancialStatementsIFRSTextBlock	注記事項－引当金、連結財務諸表（IFRS） [テキストブロック]	CurrentYearDuration	－	 24．引当金引当金の内訳及び増減内容は、次のとおりであります。　　　　　　　　　　　　　　　　　　　　　　　　　　　　　　　　　　　　　(単位：百万円) 製品保証引当金 その他 合計前連結会計年度(2024年４月１日)残高2,096 15
jpigp_cor:NotesOtherLabilitiesConsolidatedFinancialStatementsIFRSTextBlock	注記事項－その他の負債、連結財務諸表（IFRS） [テキストブロック]	CurrentYearDuration	－	25．その他の負債その他の流動負債及びその他の非流動負債の内訳は、次のとおりであります。 (単位：百万円) 前連結会計年度(2025年３月31日) 当連結会計年度(2026年３月31日)未払消費税等2,600 2,514契約負債(注)29,
jpigp_cor:NotesGovernmentGrantsConsolidatedFinancialStatementsIFRSTextBlock	注記事項－政府補助金、連結財務諸表（IFRS） [テキストブロック]	CurrentYearDuration	－	 26．政府補助金その他の流動負債及びその他の非流動負債に含まれている繰延収益として認識した資産に関する政府補助金は、次のとおりであります。  (単位：百万円) 前連結会計年度(2025年３月31日) 当連結会計年度(2026年３月31日)
jpigp_cor:NotesEmployeeBenefitsConsolidatedFinancialStatementsIFRSTextBlock	注記事項－従業員給付、連結財務諸表（IFRS） [テキストブロック]	CurrentYearDuration	－	27．従業員給付当社及び国内連結子会社は、積立型の確定給付型制度として、企業年金制度(キャッシュバランスプラン)並びに確定拠出年金制度及び退職一時金制度を設けております。 キャッシュバランスプランでは、加入者ごとに給与支給額の一定率の持分を
jpigp_cor:NotesShareCapitalAndOtherEquityItemsConsolidatedFinancialStatementsIFRSTextBlock	注記事項－資本金及びその他の資本項目、連結財務諸表（IFRS） [テキストブロック]	CurrentYearDuration	－	 28．資本及びその他の資本項目(1) 授権株式数及び発行済株式数授権株式数及び発行済株式数の増減は、次のとおりであります。(単位：株) 前連結会計年度(自　2024年４月１日　至　2025年３月31日) 当連結会計年度(自　2025年４月
jpigp_cor:NotesDividendsConsolidatedFinancialStatementsIFRSTextBlock	注記事項－配当金、連結財務諸表（IFRS） [テキストブロック]	CurrentYearDuration	－	 29．配当金(1) 配当金支払額配当金の支払額は、次のとおりであります。前連結会計年度(自　2024年４月１日　至　2025年３月31日)決議株式の種類配当金の総額(百万円)１株当たり配当額(円)基準日効力発生日2024年６月27日定時株
jpigp_cor:NotesRevenue2ConsolidatedFinancialStatementsIFRSTextBlock	注記事項－収益、連結財務諸表（IFRS） [テキストブロック]	CurrentYearDuration	－	 30．収益(1) 売上収益の分解当社グループは、金属加工機械事業、金属工作機械事業及びその他事業を基本にして組織が構成されており、当社の取締役会が、経営資源の配分の決定及び事業の評価をするために、定期的に検討を行う対象としていることから、
jpigp_cor:NotesSellingGeneralAndAdministrativeExpensesConsolidatedFinancialStatementsIFRSTextBlock	注記事項－販売費及び一般管理費、連結財務諸表（IFRS） [テキストブロック]	CurrentYearDuration	－	 31．販売費及び一般管理費販売費及び一般管理費の内訳は、次のとおりであります。(単位：百万円) 前連結会計年度(自　2024年４月１日　至　2025年３月31日) 当連結会計年度(自　2025年４月１日　至　2026年３月31日)従業員給
jpigp_cor:NotesOtherIncomeConsolidatedFinancialStatementsIFRSTextBlock	注記事項－その他の収益、連結財務諸表（IFRS） [テキストブロック]	CurrentYearDuration	－	32．その他の収益その他の収益の内訳は、次のとおりであります。(単位：百万円) 前連結会計年度(自　2024年４月１日　至　2025年３月31日) 当連結会計年度(自　2025年４月１日　至　2026年３月31日)固定資産売却益1,139 
jpigp_cor:NotesOtherExpensesConsolidatedFinancialStatementsIFRSTextBlock	注記事項－その他の費用、連結財務諸表（IFRS） [テキストブロック]	CurrentYearDuration	－	33．その他の費用その他の費用の内訳は、次のとおりであります。(単位：百万円) 前連結会計年度(自　2024年４月１日　至　2025年３月31日) 当連結会計年度(自　2025年４月１日　至　2026年３月31日)固定資産除却損176 43
jpigp_cor:NotesFinanceIncomeAndFinanceCostsConsolidatedFinancialStatementsIFRSTextBlock	注記事項－金融収益及び金融費用、連結財務諸表（IFRS） [テキストブロック]	CurrentYearDuration	－	 34．金融収益及び金融費用金融収益及び金融費用の内訳は、次のとおりです。(1) 金融収益(単位：百万円) 前連結会計年度(自　2024年４月１日　至　2025年３月31日) 当連結会計年度(自　2025年４月１日　至　2026年３月31日
jpigp_cor:NotesOtherComprehensiveIncomeConsolidatedFinancialStatementsIFRSTextBlock	注記事項－その他の包括利益、連結財務諸表（IFRS） [テキストブロック]	CurrentYearDuration	－	 35．その他の包括利益その他の包括利益に係る組替調整額 その他の包括利益の内訳項目ごとの組替調整額及び税効果額は、次のとおりであります。   (単位：百万円) 前連結会計年度(自　2024年４月１日　至　2025年３月31日) 当連結会計
jpigp_cor:NotesEarningsPerShareConsolidatedFinancialStatementsIFRSTextBlock	注記事項－１株当たり利益、連結財務諸表（IFRS） [テキストブロック]	CurrentYearDuration	－	 36．１株当たり利益基本的１株当たり当期利益の算定上の基礎基本的１株当たり当期利益及びその算定上の基礎は、次のとおりです。   (単位：百万円) 前連結会計年度(自　2024年４月１日　至　2025年３月31日) 当連結会計年度(自　20
jpigp_cor:NotesShareBasedPaymentsConsolidatedFinancialStatementsIFRSTextBlock	注記事項－株式に基づく報酬、連結財務諸表（IFRS） [テキストブロック]	CurrentYearDuration	－	 37．株式報酬(1) 株式報酬制度の概要当社は、2025年３月期より、当社の取締役（社外取締役及び国内非居住者を除きます。以下、「対象取締役」という。）に対するインセンティブ・プランとして、業績連動型株式報酬制度（以下、「本制度」という。
jpigp_cor:NotesFinancialInstrumentsConsolidatedFinancialStatementsIFRSTextBlock	注記事項－金融商品、連結財務諸表（IFRS） [テキストブロック]	CurrentYearDuration	－	 38．金融商品(1) 資本管理 当社グループは、持続的な成長と企業価値向上のための経営資源の効率的な活用及び安定的な株主還元を維持することを目的に資本管理をしております。当社グループが資本管理において用いる主な指標は、次のとおりです。なお
jpigp_cor:NotesRelatedPartiesConsolidatedFinancialStatementsIFRSTextBlock	注記事項－関連当事者、連結財務諸表（IFRS） [テキストブロック]	CurrentYearDuration	－	 39．関連当事者取引(1) 関連当事者との取引当社グループと関連当事者との間の取引及び債権債務の残高は、次のとおりであります。なお、当社グループの子会社は、当社の関連当事者ですが、子会社との取引は連結財務諸表上消去されているため、開示の対
jpigp_cor:NotesSubsidiariesConsolidatedFinancialStatementsIFRSTextBlock	注記事項－子会社、連結財務諸表（IFRS） [テキストブロック]	CurrentYearDuration	－	40．主要な子会社当連結会計年度末の当社グループの主要な子会社は「第一部　企業情報　第１　企業の概況　４　関係会社の状況」に記載のとおりです。 なお、重要な非支配株主がある子会社はありません。  
jpigp_cor:NotesCommitmentsAndContingentLiabilitiesConsolidatedFinancialStatementsIFRSTextBlock	注記事項－コミットメント及び偶発債務、連結財務諸表（IFRS） [テキストブロック]	CurrentYearDuration	－	 41．コミットメント及び偶発事象(1) 資産の取得に係るコミットメント資産の取得に関して、契約しているものの連結財務諸表上認識していない重要なコミットメントは以下のとおりです。 (単位：百万円) 前連結会計年度(2025年３月31日) 当
jpigp_cor:NotesSubsequentEventsConsolidatedFinancialStatementsIFRSTextBlock	注記事項－後発事象、連結財務諸表（IFRS） [テキストブロック]	CurrentYearDuration	－	 42．後発事象（自己株式の取得・消却）当社は、2026年５月14日開催の取締役会において、会社法第165条第３項の規定により読み替えて適用される同法第156条の規定に基づき自己株式取得に係る事項を決議するとともに、会社法第178条の規定に
jpigp_cor:NotesApprovalOfConsolidatedFinancialStatementsIFRSTextBlock	注記事項－連結財務諸表の承認（IFRS） [テキストブロック]	CurrentYearDuration	－	43．承認日2026年６月25日に本連結財務諸表は、代表取締役社長執行役員 山梨貴昭によって承認されております。  
jpcrp_cor:OtherInformationConsolidatedFinancialStatementsEtcTextBlock	その他、連結財務諸表等 [テキストブロック]	CurrentYearDuration	－	(2) 【その他】当連結会計年度における半期情報等   中間連結会計期間当連結会計年度売上収益(百万円)184,280437,372税引前中間(当期)利益(百万円)14,73845,706親会社の所有者に帰属する中間(当期)利益(百万円)9
jpcrp_cor:BalanceSheetTextBlock	貸借対照表 [テキストブロック]	CurrentYearDuration	－	①【貸借対照表】           (単位：百万円)          前事業年度(2025年３月31日)当事業年度(2026年３月31日)資産の部   流動資産    現金及び預金54,64266,666  受取手形5,9275,857
jpcrp_cor:StatementOfIncomeTextBlock	損益計算書 [テキストブロック]	CurrentYearDuration	－	②【損益計算書】           (単位：百万円)          前事業年度(自 2024年４月１日　至 2025年３月31日)当事業年度(自 2025年４月１日　至 2026年３月31日)売上高※1 189,498※1 195,3
jpcrp_cor:StatementOfChangesInEquityTextBlock	株主資本等変動計算書 [テキストブロック]	CurrentYearDuration	－	③【株主資本等変動計算書】  前事業年度(自 2024年４月１日　至 2025年３月31日) (単位：百万円) 株主資本資本金資本剰余金利益剰余金資本準備金その他資本剰余金資本剰余金合計利益準備金その他利益剰余金利益剰余金合計土地圧縮積立金
jpcrp_cor:NotesSignificantAccountingPoliciesFinancialStatementsTextBlock	重要な会計方針、財務諸表 [テキストブロック]	CurrentYearDuration	－	(重要な会計方針)１　資産の評価基準及び評価方法   (1) 有価証券の評価基準及び評価方法   ①子会社株式及び関連会社株式 移動平均法による原価法　 ②その他有価証券　(イ)市場価格のない株式等以外のもの　　時価法　　(評価差額は、全部
jpcrp_cor:SignificantAccountingEstimatesFinancialStatementsTextBlock	重要な会計上の見積り、財務諸表 [テキストブロック]	CurrentYearDuration	－	 (重要な会計上の見積り)関係会社株式及び関係会社出資金の評価(1) 当事業年度の財務諸表に計上した金額  （単位：百万円） 前事業年度当事業年度関係会社株式63,964133,524関係会社出資金23,09723,097  (2) 識別し
jpcrp_cor:NotesNewAccountingStandardsNotYetAppliedFinancialStatementsTextBlock	未適用の会計基準等、財務諸表 [テキストブロック]	CurrentYearDuration	－	(未適用の会計基準等)・「リースに関する会計基準」(企業会計基準第34号　2024年９月13日)・「リースに関する会計基準の適用指針」(企業会計基準適用指針第33号　2024年９月13日) 等 (1) 概要企業会計基準委員会において、日本基
jpcrp_cor:NotesRegardingAssetsAndLiabilitiesIncurredFromTransactionsWithAffiliatedEntitiesTextBlock	関係会社に関する資産・負債の注記 [テキストブロック]	CurrentYearInstant_NonConsolidatedMember	－	※１　関係会社に係る注記関係会社に対する資産及び負債には、区分掲記されたもののほか、次のものがあります。  （単位：百万円） 前事業年度(2025年３月31日)当事業年度(2026年３月31日)短期金銭債権35,63147,397長期金銭債
jpcrp_cor:NotesRegardingGuaranteeObligationsTextBlock	保証債務の注記 [テキストブロック]	CurrentYearInstant_NonConsolidatedMember	－	　２　保証債務金融機関等からの借入債務に対する保証  （単位：百万円） 前事業年度(2025年３月31日)当事業年度(2026年３月31日)アマダ・キャピタル社10,7669,755アマダ・オセアニア社188－アマダ・カンコク社－444  
jpcrp_cor:DebtorsNotesRegardingOverdraftContractsAndOrLoanCommitmentsTextBlock	当座貸越契約及び（又は）貸出コミットメントに関する借手の注記 [テキストブロック]	CurrentYearInstant_NonConsolidatedMember	－	※３　当座貸越契約運転資金の効率的な調達を行うため、当座貸越契約を締結しております。これらの契約に基づく借入未実行残高は、次のとおりです。  （単位：百万円） 前事業年度(2025年３月31日)当事業年度(2026年３月31日)当座貸越契約
jpcrp_cor:NotesRegardingFinancialCovenantTextBlock	財務制限条項に関する注記 [テキストブロック]	CurrentYearInstant_NonConsolidatedMember	－	※４　財務制限条項安定的な資金調達のため、取引銀行とシンジケートローン契約を締結しております。本契約には、以下の財務制限条項が付されております。・2027年３月期以降、連結損益計算書における当期純損失を２期連続で計上しないこと。当該契約に基
jpcrp030000-asr_E01486-000:NotesRegardingPresentationOfConsumptionTaxesAndOthersTextBlock		CurrentYearInstant_NonConsolidatedMember	－	※５　消費税等の表示方法未収消費税等は、流動資産の「未収入金」に含めて表示しております。 
jpcrp_cor:NotesRegardingTotalAmountOfOperatingTransactionsFromOrToAffiliatedEntitiesAndTotalAmountOfNonOperatingTransactionsFromOrToAffiliatedEntitiesTextBlock	関係会社との営業取引による取引高の総額及び営業取引以外の取引による取引高の総額の注記 [テキストブロック]	CurrentYearDuration_NonConsolidatedMember	－	※１　関係会社との営業取引及び営業取引以外の取引の取引高の総額  (単位：百万円) 前事業年度(自  2024年４月１日至  2025年３月31日)当事業年度(自  2025年４月１日至  2026年３月31日)営業取引（売上高） 86,1
jpcrp_cor:NotesRegardingGainOnSalesOfPropertyPlantAndEquipmentTextBlock	固定資産売却益の注記 [テキストブロック]	CurrentYearDuration_NonConsolidatedMember	－	※２　固定資産売却益の内容  (単位：百万円) 前事業年度(自　2024年４月１日至　2025年３月31日)当事業年度(自　2025年４月１日至　2026年３月31日)建物及び構築物0－機械装置及び運搬具－0貸与資産1,132－土地0－　計
jpcrp_cor:NotesRegardingLossOnDisposalOfPropertyPlantAndEquipmentTextBlock	固定資産除却損の注記 [テキストブロック]	CurrentYearDuration_NonConsolidatedMember	－	※３　固定資産除却損の内容  (単位：百万円) 前事業年度(自　2024年４月１日至　2025年３月31日)当事業年度(自　2025年４月１日至　2026年３月31日)建物及び構築物111370機械装置及び運搬具1410工具、器具及び備品0
jpcrp_cor:NotesSecuritiesFinancialStatementsTextBlock	有価証券関係、財務諸表 [テキストブロック]	CurrentYearDuration	－	 (有価証券関係)前事業年度（2025年３月31日現在）      子会社株式及び関連会社株式で市場価格のあるものはありません。 当事業年度（2026年３月31日現在）      子会社株式及び関連会社株式で市場価格のあるものはありません。
jpcrp_cor:NotesTaxEffectAccountingFinancialStatementsTextBlock	税効果会計関係、財務諸表 [テキストブロック]	CurrentYearDuration	－	 (税効果会計関係)１　繰延税金資産及び繰延税金負債の発生の主な原因別の内訳  (単位：百万円) 前事業年度(2025年３月31日)当事業年度(2026年３月31日)繰延税金資産  貸倒引当金損金算入限度超過額457456棚卸資産評価損損金
jpcrp_cor:NotesRevenueRecognitionFinancialStatementsTextBlock	収益認識関係、財務諸表 [テキストブロック]	CurrentYearDuration	－	(収益認識関係)顧客との契約から生じる収益を理解するための基礎となる情報は、連結財務諸表注記「３．重要性がある会計方針」及び「30．収益」に同一の内容を記載しているため、注記を省略しております。 
jpcrp_cor:NotesSignificantEventsAfterReportingPeriodFinancialStatementsTextBlock	重要な後発事象、財務諸表 [テキストブロック]	CurrentYearDuration	－	(重要な後発事象)（自己株式の取得・消却）連結財務諸表注記「42．後発事象」に同一の内容を記載しているため、注記を省略しております。 
jpcrp_cor:AnnexedDetailedScheduleOfPropertyPlantAndEquipmentEtcTextBlock	有形固定資産等明細表 [テキストブロック]	CurrentYearDuration	－	【有形固定資産等明細表】 資産の種類当期首残高(百万円)当期増加額(百万円)当期減少額(百万円)当期末残高(百万円)当期末減価償却累計額又は償却累計額(百万円)当期償却額(百万円)差引当期末残高(百万円)有形固定資産       　建物13
jpcrp_cor:AnnexedDetailedScheduleOfProvisionsTextBlock	引当金明細表 [テキストブロック]	CurrentYearDuration	－	 【引当金明細表】 科目当期首残高(百万円)当期増加額(百万円)当期減少額(百万円)当期末残高(百万円)貸倒引当金1,462901091,442製品保証引当金449514449514賞与引当金2,7502,7992,7502,799役員賞与
jpcrp_cor:ComponentsOfMajorAssetsAndLiabilitiesTextBlock	主な資産及び負債の内容 [テキストブロック]	CurrentYearDuration	－	(2) 【主な資産及び負債の内容】　　連結財務諸表を作成しているため、記載を省略しております。 
jpcrp_cor:OtherInformationFinancialStatementsEtcTextBlock	その他、財務諸表等 [テキストブロック]	CurrentYearDuration	－	(3) 【その他】　　　　該当事項はありません。 
jpcrp_cor:OverviewOfOperationalProceduresForSharesTextBlock	提出会社の株式事務の概要 [テキストブロック]	FilingDateInstant	－	第６ 【提出会社の株式事務の概要】 事業年度４月１日から３月31日まで定時株主総会６月中基準日３月31日剰余金の配当の基準日期末配当金　３月31日中間配当金　９月30日単元株式数100株単元未満株式の買取り・買増し 　　取扱場所（特別口座）
jpcrp_cor:InformationAboutParentCompanyEtcOfReportingCompanyTextBlock	提出会社の親会社等の情報 [テキストブロック]	FilingDateInstant	－	１ 【提出会社の親会社等の情報】当社は、親会社等はありません。 
jpcrp_cor:OtherReferenceInformationTextBlock	その他の参考情報 [テキストブロック]	FilingDateInstant	－	２ 【その他の参考情報】当事業年度の開始日から有価証券報告書提出日までの間に、次の書類を提出しております。 (1)有価証券報告書及びその添付書類並びに確認書事業年度(第87期)自　2024年４月１日至　2025年３月31日 2025年６月2
jpcrp_cor:InformationAboutCompanyWhichProvidesGuaranteeToReportingCompanyTextBlock	提出会社の保証会社等の情報 [テキストブロック]	FilingDateInstant	－	第二部 【提出会社の保証会社等の情報】 該当事項はありません。 
