jpcrp_cor:IndependentAuditorsReportConsolidatedTextBlock	独立監査人の報告書、連結 [テキストブロック]	FilingDateInstant	－	 独立監査人の監査報告書及び内部統制監査報告書  2026年6月18日ソニーグループ株式会社   取　締　役　会　御　中     PwC Japan有限責任監査法人  　　東京事務所    　指定有限責任社員　業務執行社員 公認会計士石　橋
jpcrp_cor:AuditFirm1Consolidated	監査法人１、連結	FilingDateInstant	－	PwC Japan有限責任監査法人
jpcrp_cor:CPA1AuditFirm1Consolidated	公認会計士１、監査法人１、連結	FilingDateInstant	－	石　橋　武　昭
jpcrp_cor:CPA2AuditFirm1Consolidated	公認会計士２、監査法人１、連結	FilingDateInstant	－	原　田　優　子
jpcrp_cor:CPA3AuditFirm1Consolidated	公認会計士３、監査法人１、連結	FilingDateInstant	－	近　藤　仁
jpcrp_cor:CPA4AuditFirm1Consolidated	公認会計士４、監査法人１、連結	FilingDateInstant	－	高　島　静　枝
jpcrp_cor:AuditOpinionConsolidatedTextBlock	監査意見、連結 [テキストブロック]	FilingDateInstant	－	監査意見当監査法人は、金融商品取引法第193条の2第1項の規定に基づく監査証明を行うため、「経理の状況」に掲げられているソニーグループ株式会社の2025年4月1日から2026年3月31日までの連結会計年度の連結財務諸表、すなわち、連結財政状
jpcrp_cor:KeyAuditMattersConsolidatedTextBlock	監査上の主要な検討事項、連結 [テキストブロック]	FilingDateInstant	－	監査上の主要な検討事項監査上の主要な検討事項とは、当連結会計年度の連結財務諸表の監査において、監査人が職業的専門家として特に重要であると判断した事項である。監査上の主要な検討事項は、連結財務諸表全体に対する監査の実施過程及び監査意見の形成に
jpcrp_cor:OverviewKAMConsolidatedTextBlock	全体概要、監査上の主要な検討事項、連結 [テキストブロック]	FilingDateInstant	－	監査上の主要な検討事項とは、当連結会計年度の連結財務諸表の監査において、監査人が職業的専門家として特に重要であると判断した事項である。監査上の主要な検討事項は、連結財務諸表全体に対する監査の実施過程及び監査意見の形成において対応した事項であ
jpcrp_cor:ShortDescriptionKAMConsolidated	見出し、監査上の主要な検討事項、連結	FilingDateInstant_Row1Member	－	金融事業のパーシャル・スピンオフの実行に伴い非継続事業からの当期純利益(損失)に振り替えられた、 保険料配分アプローチ（PAA）を適用せずに測定している保険契約グループから生じた保険金融収益（費用）に関連する累積その他の包括利益の評価に使用
jpcrp_cor:DescriptionIncludingReasonKAMConsolidatedTextBlock	内容及び理由、監査上の主要な検討事項、連結 [テキストブロック]	FilingDateInstant_Row1Member	－	　連結財務諸表注記3、13及び33に記載のとおり、会社は、2025年10月1日付で金融事業のパーシャル・スピンオフを実行した。これにより会社は、実行時点で所有者分配目的保有に分類されていた処分グループに直接関連する累積その他の包括利益のうち
jpcrp_cor:ReferenceKAMConsolidated	開示への参照、監査上の主要な検討事項、連結	FilingDateInstant_Row1Member	－	　連結財務諸表注記3、13及び33
jpcrp_cor:AuditorsResponseKAMConsolidatedTextBlock	監査上の対応、監査上の主要な検討事項、連結 [テキストブロック]	FilingDateInstant_Row1Member	－	　当監査法人は、PAAを適用せずに測定している保険契約グループから生じた保険金融収益（費用）に関連する累積その他の包括利益の評価に使用された重要な仮定を検討するにあたり、主として以下の監査手続を実施した。・見積りに使用された重要な仮定である
jpcrp_cor:OtherInformationConsolidatedTextBlock	その他の記載内容、連結 [テキストブロック]	FilingDateInstant	－	その他の記載内容その他の記載内容は、有価証券報告書に含まれる情報のうち、連結財務諸表及び財務諸表並びにこれらの監査報告書以外の情報である。経営者の責任は、その他の記載内容を作成し開示することにある。また、監査委員会の責任は、その他の記載内容
jpcrp_cor:FeeRelatedInformationConsolidatedTextBlock	報酬関連情報、連結 [テキストブロック]	FilingDateInstant	－	＜報酬関連情報＞　当監査法人及び当監査法人と同一のネットワークに属する者に対する、会社及び子会社の監査証明業務に基づく報酬及び非監査業務に基づく報酬の額は、「第4　提出会社の状況」に含まれる「4　コーポレート・ガバナンスの状況等」の「（3）
jpcrp_cor:IndependentAuditorsReportNonConsolidatedTextBlock	独立監査人の報告書、個別 [テキストブロック]	FilingDateInstant	－	 独　立　監　査　人　の　監　査　報　告　書  2026年6月18日ソニーグループ株式会社   取　締　役　会　御　中     PwC Japan有限責任監査法人  　　東京事務所    　指定有限責任社員　業務執行社員 公認会計士石　橋　
jpcrp_cor:AuditFirm1NonConsolidated	監査法人１、個別	FilingDateInstant	－	PwC Japan有限責任監査法人
jpcrp_cor:CPA1AuditFirm1NonConsolidated	公認会計士１、監査法人１、個別	FilingDateInstant	－	石　橋　武　昭
jpcrp_cor:CPA2AuditFirm1NonConsolidated	公認会計士２、監査法人１、個別	FilingDateInstant	－	原　田　優　子
jpcrp_cor:CPA3AuditFirm1NonConsolidated	公認会計士３、監査法人１、個別	FilingDateInstant	－	近　藤　仁
jpcrp_cor:CPA4AuditFirm1NonConsolidated	公認会計士４、監査法人１、個別	FilingDateInstant	－	高　島　静　枝
jpcrp_cor:AuditOpinionNonConsolidatedTextBlock	監査意見、個別 [テキストブロック]	FilingDateInstant	－	監査意見　当監査法人は、金融商品取引法第193条の2第1項の規定に基づく監査証明を行うため、「経理の状況」に掲げられているソニーグループ株式会社の2025年4月1日から2026年3月31日までの2025年度の財務諸表、すなわち、貸借対照表、
jpcrp_cor:KeyAuditMattersNonConsolidatedTextBlock	監査上の主要な検討事項、個別 [テキストブロック]	FilingDateInstant	－	監査上の主要な検討事項　監査上の主要な検討事項とは、当事業年度の財務諸表の監査において、監査人が職業的専門家として特に重要であると判断した事項である。監査上の主要な検討事項は、財務諸表全体に対する監査の実施過程及び監査意見の形成において対応
jpcrp_cor:OverviewKAMNonConsolidatedTextBlock	全体概要、監査上の主要な検討事項、個別 [テキストブロック]	FilingDateInstant	－	　監査上の主要な検討事項とは、当事業年度の財務諸表の監査において、監査人が職業的専門家として特に重要であると判断した事項である。監査上の主要な検討事項は、財務諸表全体に対する監査の実施過程及び監査意見の形成において対応した事項であり、当監査
jpcrp_cor:ShortDescriptionKAMNonConsolidated	見出し、監査上の主要な検討事項、個別	FilingDateInstant_Row1Member	－	市場価格のない子会社株式の評価
jpcrp_cor:DescriptionIncludingReasonKAMNonConsolidatedTextBlock	内容及び理由、監査上の主要な検討事項、個別 [テキストブロック]	FilingDateInstant_Row1Member	－	2026年3月31日現在、会社の連結子会社数は1,453社であり、その所在国や営む事業は多岐にわたる。会社はこれらの子会社の株式を直接的に又は間接的に保有している。　財務諸表の有価証券関係注記に記載のとおり、会社は、2026年3月31日現在
jpcrp_cor:ReferenceKAMNonConsolidated	開示への参照、監査上の主要な検討事項、個別	FilingDateInstant_Row1Member	－	　財務諸表の有価証券関係注記
jpcrp_cor:AuditorsResponseKAMNonConsolidatedTextBlock	監査上の対応、監査上の主要な検討事項、個別 [テキストブロック]	FilingDateInstant_Row1Member	－	当監査法人は、市場価格のない子会社株式の評価の妥当性を検討するにあたり、主として以下の監査手続を実施した。・実質価額の算定にあたり使用する子会社の財務数値が、各子会社において適切に承認されたものであることを確認する経営者の統制を理解し、評価
jpcrp_cor:OtherInformationNonConsolidatedTextBlock	その他の記載内容、個別 [テキストブロック]	FilingDateInstant	－	その他の記載内容その他の記載内容は、有価証券報告書に含まれる情報のうち、連結財務諸表及び財務諸表並びにこれらの監査報告書以外の情報である。経営者の責任は、その他の記載内容を作成し開示することにある。また、監査委員会の責任は、その他の記載内容
jpcrp_cor:FeeRelatedInformationNonConsolidatedTextBlock	報酬関連情報、個別 [テキストブロック]	FilingDateInstant	－	＜報酬関連情報＞　報酬関連情報は、連結財務諸表の監査報告書に記載されている。
jpdei_cor:NumberOfSubmissionDEI	提出回数、DEI	FilingDateInstant	pure	1
jpcrp030000-asr_E01777-000:SalesAndFinancialServicesRevenueIFRSKeyFinancialData		Prior4YearDuration	JPY	9921513000000
jpcrp030000-asr_E01777-000:SalesAndFinancialServicesRevenueIFRSKeyFinancialData		Prior3YearDuration	JPY	10974373000000
jpcrp030000-asr_E01777-000:SalesAndFinancialServicesRevenueIFRSKeyFinancialData		Prior2YearDuration	JPY	11260037000000
jpcrp030000-asr_E01777-000:SalesAndFinancialServicesRevenueIFRSKeyFinancialData		Prior1YearDuration	JPY	12034917000000
jpcrp030000-asr_E01777-000:SalesAndFinancialServicesRevenueIFRSKeyFinancialData		CurrentYearDuration	JPY	12479620000000
jpcrp030000-asr_E01777-000:OperatingProfitLossIFRSKeyFinancialData		Prior4YearDuration	JPY	1202339000000
jpcrp030000-asr_E01777-000:OperatingProfitLossIFRSKeyFinancialData		Prior3YearDuration	JPY	1302389000000
jpcrp030000-asr_E01777-000:OperatingProfitLossIFRSKeyFinancialData		Prior2YearDuration	JPY	1035255000000
jpcrp030000-asr_E01777-000:OperatingProfitLossIFRSKeyFinancialData		Prior1YearDuration	JPY	1276635000000
jpcrp030000-asr_E01777-000:OperatingProfitLossIFRSKeyFinancialData		CurrentYearDuration	JPY	1447507000000
jpcrp_cor:ProfitLossBeforeTaxIFRSSummaryOfBusinessResults	税引前利益又は税引前損失（△）（IFRS）、経営指標等	Prior4YearDuration	JPY	1117503000000
jpcrp_cor:ProfitLossBeforeTaxIFRSSummaryOfBusinessResults	税引前利益又は税引前損失（△）（IFRS）、経営指標等	Prior3YearDuration	JPY	1274496000000
jpcrp_cor:ProfitLossBeforeTaxIFRSSummaryOfBusinessResults	税引前利益又は税引前損失（△）（IFRS）、経営指標等	Prior2YearDuration	JPY	1095086000000
jpcrp_cor:ProfitLossBeforeTaxIFRSSummaryOfBusinessResults	税引前利益又は税引前損失（△）（IFRS）、経営指標等	Prior1YearDuration	JPY	1343198000000
jpcrp_cor:ProfitLossBeforeTaxIFRSSummaryOfBusinessResults	税引前利益又は税引前損失（△）（IFRS）、経営指標等	CurrentYearDuration	JPY	1422374000000
jpcrp_cor:ProfitLossAttributableToOwnersOfParentIFRSSummaryOfBusinessResults	当期利益又は当期損失（△）：親会社の所有者に帰属（IFRS）、経営指標等	Prior4YearDuration	JPY	882178000000
jpcrp_cor:ProfitLossAttributableToOwnersOfParentIFRSSummaryOfBusinessResults	当期利益又は当期損失（△）：親会社の所有者に帰属（IFRS）、経営指標等	Prior3YearDuration	JPY	1005277000000
jpcrp_cor:ProfitLossAttributableToOwnersOfParentIFRSSummaryOfBusinessResults	当期利益又は当期損失（△）：親会社の所有者に帰属（IFRS）、経営指標等	Prior2YearDuration	JPY	970573000000
jpcrp_cor:ProfitLossAttributableToOwnersOfParentIFRSSummaryOfBusinessResults	当期利益又は当期損失（△）：親会社の所有者に帰属（IFRS）、経営指標等	Prior1YearDuration	JPY	1141600000000
jpcrp_cor:ProfitLossAttributableToOwnersOfParentIFRSSummaryOfBusinessResults	当期利益又は当期損失（△）：親会社の所有者に帰属（IFRS）、経営指標等	CurrentYearDuration	JPY	-326865000000
jpcrp_cor:ComprehensiveIncomeAttributableToOwnersOfParentIFRSSummaryOfBusinessResults	当期包括利益：親会社の所有者に帰属（IFRS）、経営指標等	Prior4YearDuration	JPY	623678000000
jpcrp_cor:ComprehensiveIncomeAttributableToOwnersOfParentIFRSSummaryOfBusinessResults	当期包括利益：親会社の所有者に帰属（IFRS）、経営指標等	Prior3YearDuration	JPY	1087289000000
jpcrp_cor:ComprehensiveIncomeAttributableToOwnersOfParentIFRSSummaryOfBusinessResults	当期包括利益：親会社の所有者に帰属（IFRS）、経営指標等	Prior2YearDuration	JPY	1247301000000
jpcrp_cor:ComprehensiveIncomeAttributableToOwnersOfParentIFRSSummaryOfBusinessResults	当期包括利益：親会社の所有者に帰属（IFRS）、経営指標等	Prior1YearDuration	JPY	941030000000
jpcrp_cor:ComprehensiveIncomeAttributableToOwnersOfParentIFRSSummaryOfBusinessResults	当期包括利益：親会社の所有者に帰属（IFRS）、経営指標等	CurrentYearDuration	JPY	1497997000000
jpcrp_cor:EquityAttributableToOwnersOfParentIFRSSummaryOfBusinessResults	親会社の所有者に帰属する持分（IFRS）、経営指標等	Prior4YearInstant	JPY	7144471000000
jpcrp_cor:EquityAttributableToOwnersOfParentIFRSSummaryOfBusinessResults	親会社の所有者に帰属する持分（IFRS）、経営指標等	Prior3YearInstant	JPY	6598537000000
jpcrp_cor:EquityAttributableToOwnersOfParentIFRSSummaryOfBusinessResults	親会社の所有者に帰属する持分（IFRS）、経営指標等	Prior2YearInstant	JPY	7587177000000
jpcrp_cor:EquityAttributableToOwnersOfParentIFRSSummaryOfBusinessResults	親会社の所有者に帰属する持分（IFRS）、経営指標等	Prior1YearInstant	JPY	8179745000000
jpcrp_cor:EquityAttributableToOwnersOfParentIFRSSummaryOfBusinessResults	親会社の所有者に帰属する持分（IFRS）、経営指標等	CurrentYearInstant	JPY	8119011000000
jpcrp_cor:TotalAssetsIFRSSummaryOfBusinessResults	総資産額（IFRS）、経営指標等	Prior4YearInstant	JPY	30480967000000
jpcrp_cor:TotalAssetsIFRSSummaryOfBusinessResults	総資産額（IFRS）、経営指標等	Prior3YearInstant	JPY	31154095000000
jpcrp_cor:TotalAssetsIFRSSummaryOfBusinessResults	総資産額（IFRS）、経営指標等	Prior2YearInstant	JPY	34107490000000
jpcrp_cor:TotalAssetsIFRSSummaryOfBusinessResults	総資産額（IFRS）、経営指標等	Prior1YearInstant	JPY	35293173000000
jpcrp_cor:TotalAssetsIFRSSummaryOfBusinessResults	総資産額（IFRS）、経営指標等	CurrentYearInstant	JPY	15683490000000
jpcrp_cor:EquityToAssetRatioIFRSSummaryOfBusinessResults	１株当たり親会社所有者帰属持分（IFRS）、経営指標等	Prior4YearInstant	JPYPerShares	1155.13
jpcrp_cor:EquityToAssetRatioIFRSSummaryOfBusinessResults	１株当たり親会社所有者帰属持分（IFRS）、経営指標等	Prior3YearInstant	JPYPerShares	1069.02
jpcrp_cor:EquityToAssetRatioIFRSSummaryOfBusinessResults	１株当たり親会社所有者帰属持分（IFRS）、経営指標等	Prior2YearInstant	JPYPerShares	1242.32
jpcrp_cor:EquityToAssetRatioIFRSSummaryOfBusinessResults	１株当たり親会社所有者帰属持分（IFRS）、経営指標等	Prior1YearInstant	JPYPerShares	1357.63
jpcrp_cor:EquityToAssetRatioIFRSSummaryOfBusinessResults	１株当たり親会社所有者帰属持分（IFRS）、経営指標等	CurrentYearInstant	JPYPerShares	1374.32
jpcrp_cor:BasicEarningsLossPerShareIFRSSummaryOfBusinessResults	基本的１株当たり利益又は損失（△）（IFRS）、経営指標等	Prior4YearDuration	JPYPerShares	142.37
jpcrp_cor:BasicEarningsLossPerShareIFRSSummaryOfBusinessResults	基本的１株当たり利益又は損失（△）（IFRS）、経営指標等	Prior3YearDuration	JPYPerShares	162.71
jpcrp_cor:BasicEarningsLossPerShareIFRSSummaryOfBusinessResults	基本的１株当たり利益又は損失（△）（IFRS）、経営指標等	Prior2YearDuration	JPYPerShares	157.66
jpcrp_cor:BasicEarningsLossPerShareIFRSSummaryOfBusinessResults	基本的１株当たり利益又は損失（△）（IFRS）、経営指標等	Prior1YearDuration	JPYPerShares	188.71
jpcrp_cor:BasicEarningsLossPerShareIFRSSummaryOfBusinessResults	基本的１株当たり利益又は損失（△）（IFRS）、経営指標等	CurrentYearDuration	JPYPerShares	-54.70
jpcrp_cor:DilutedEarningsLossPerShareIFRSSummaryOfBusinessResults	希薄化後１株当たり利益又は損失（△）（IFRS）、経営指標等	Prior4YearDuration	JPYPerShares	141.03
jpcrp_cor:DilutedEarningsLossPerShareIFRSSummaryOfBusinessResults	希薄化後１株当たり利益又は損失（△）（IFRS）、経営指標等	Prior3YearDuration	JPYPerShares	161.97
jpcrp_cor:DilutedEarningsLossPerShareIFRSSummaryOfBusinessResults	希薄化後１株当たり利益又は損失（△）（IFRS）、経営指標等	Prior2YearDuration	JPYPerShares	157.14
jpcrp_cor:DilutedEarningsLossPerShareIFRSSummaryOfBusinessResults	希薄化後１株当たり利益又は損失（△）（IFRS）、経営指標等	Prior1YearDuration	JPYPerShares	187.92
jpcrp_cor:DilutedEarningsLossPerShareIFRSSummaryOfBusinessResults	希薄化後１株当たり利益又は損失（△）（IFRS）、経営指標等	CurrentYearDuration	JPYPerShares	-54.36
jpcrp_cor:RatioOfOwnersEquityToGrossAssetsIFRSSummaryOfBusinessResults	親会社所有者帰属持分比率（IFRS）、経営指標等	Prior4YearInstant	pure	0.234
jpcrp_cor:RatioOfOwnersEquityToGrossAssetsIFRSSummaryOfBusinessResults	親会社所有者帰属持分比率（IFRS）、経営指標等	Prior3YearInstant	pure	0.212
jpcrp_cor:RatioOfOwnersEquityToGrossAssetsIFRSSummaryOfBusinessResults	親会社所有者帰属持分比率（IFRS）、経営指標等	Prior2YearInstant	pure	0.222
jpcrp_cor:RatioOfOwnersEquityToGrossAssetsIFRSSummaryOfBusinessResults	親会社所有者帰属持分比率（IFRS）、経営指標等	Prior1YearInstant	pure	0.232
jpcrp_cor:RatioOfOwnersEquityToGrossAssetsIFRSSummaryOfBusinessResults	親会社所有者帰属持分比率（IFRS）、経営指標等	CurrentYearInstant	pure	0.518
jpcrp_cor:RateOfReturnOnEquityIFRSSummaryOfBusinessResults	親会社所有者帰属持分利益率（IFRS）、経営指標等	Prior4YearDuration	pure	0.128
jpcrp_cor:RateOfReturnOnEquityIFRSSummaryOfBusinessResults	親会社所有者帰属持分利益率（IFRS）、経営指標等	Prior3YearDuration	pure	0.164
jpcrp_cor:RateOfReturnOnEquityIFRSSummaryOfBusinessResults	親会社所有者帰属持分利益率（IFRS）、経営指標等	Prior2YearDuration	pure	0.137
jpcrp_cor:RateOfReturnOnEquityIFRSSummaryOfBusinessResults	親会社所有者帰属持分利益率（IFRS）、経営指標等	Prior1YearDuration	pure	0.145
jpcrp_cor:RateOfReturnOnEquityIFRSSummaryOfBusinessResults	親会社所有者帰属持分利益率（IFRS）、経営指標等	CurrentYearDuration	pure	－
jpcrp_cor:PriceEarningsRatioIFRSSummaryOfBusinessResults	株価収益率（IFRS）、経営指標等	Prior4YearDuration	pure	17.9
jpcrp_cor:PriceEarningsRatioIFRSSummaryOfBusinessResults	株価収益率（IFRS）、経営指標等	Prior3YearDuration	pure	14.7
jpcrp_cor:PriceEarningsRatioIFRSSummaryOfBusinessResults	株価収益率（IFRS）、経営指標等	Prior2YearDuration	pure	16.5
jpcrp_cor:PriceEarningsRatioIFRSSummaryOfBusinessResults	株価収益率（IFRS）、経営指標等	Prior1YearDuration	pure	20.0
jpcrp_cor:PriceEarningsRatioIFRSSummaryOfBusinessResults	株価収益率（IFRS）、経営指標等	CurrentYearDuration	pure	－
jpcrp_cor:CashFlowsFromUsedInOperatingActivitiesIFRSSummaryOfBusinessResults	営業活動によるキャッシュ・フロー（IFRS）、経営指標等	Prior4YearDuration	JPY	1233643000000
jpcrp_cor:CashFlowsFromUsedInOperatingActivitiesIFRSSummaryOfBusinessResults	営業活動によるキャッシュ・フロー（IFRS）、経営指標等	Prior3YearDuration	JPY	314691000000
jpcrp_cor:CashFlowsFromUsedInOperatingActivitiesIFRSSummaryOfBusinessResults	営業活動によるキャッシュ・フロー（IFRS）、経営指標等	Prior2YearDuration	JPY	1373213000000
jpcrp_cor:CashFlowsFromUsedInOperatingActivitiesIFRSSummaryOfBusinessResults	営業活動によるキャッシュ・フロー（IFRS）、経営指標等	Prior1YearDuration	JPY	2321675000000
jpcrp_cor:CashFlowsFromUsedInOperatingActivitiesIFRSSummaryOfBusinessResults	営業活動によるキャッシュ・フロー（IFRS）、経営指標等	CurrentYearDuration	JPY	1945617000000
jpcrp_cor:CashFlowsFromUsedInInvestingActivitiesIFRSSummaryOfBusinessResults	投資活動によるキャッシュ・フロー（IFRS）、経営指標等	Prior4YearDuration	JPY	-728780000000
jpcrp_cor:CashFlowsFromUsedInInvestingActivitiesIFRSSummaryOfBusinessResults	投資活動によるキャッシュ・フロー（IFRS）、経営指標等	Prior3YearDuration	JPY	-1052664000000
jpcrp_cor:CashFlowsFromUsedInInvestingActivitiesIFRSSummaryOfBusinessResults	投資活動によるキャッシュ・フロー（IFRS）、経営指標等	Prior2YearDuration	JPY	-818886000000
jpcrp_cor:CashFlowsFromUsedInInvestingActivitiesIFRSSummaryOfBusinessResults	投資活動によるキャッシュ・フロー（IFRS）、経営指標等	Prior1YearDuration	JPY	-930120000000
jpcrp_cor:CashFlowsFromUsedInInvestingActivitiesIFRSSummaryOfBusinessResults	投資活動によるキャッシュ・フロー（IFRS）、経営指標等	CurrentYearDuration	JPY	-1970542000000
jpcrp_cor:CashFlowsFromUsedInFinancingActivitiesIFRSSummaryOfBusinessResults	財務活動によるキャッシュ・フロー（IFRS）、経営指標等	Prior4YearDuration	JPY	-336578000000
jpcrp_cor:CashFlowsFromUsedInFinancingActivitiesIFRSSummaryOfBusinessResults	財務活動によるキャッシュ・フロー（IFRS）、経営指標等	Prior3YearDuration	JPY	84300000000
jpcrp_cor:CashFlowsFromUsedInFinancingActivitiesIFRSSummaryOfBusinessResults	財務活動によるキャッシュ・フロー（IFRS）、経営指標等	Prior2YearDuration	JPY	-210709000000
jpcrp_cor:CashFlowsFromUsedInFinancingActivitiesIFRSSummaryOfBusinessResults	財務活動によるキャッシュ・フロー（IFRS）、経営指標等	Prior1YearDuration	JPY	-298243000000
jpcrp_cor:CashFlowsFromUsedInFinancingActivitiesIFRSSummaryOfBusinessResults	財務活動によるキャッシュ・フロー（IFRS）、経営指標等	CurrentYearDuration	JPY	-842761000000
jpcrp_cor:CashAndCashEquivalentsIFRSSummaryOfBusinessResults	現金及び現金同等物（IFRS）、経営指標等	Prior4YearInstant	JPY	2049636000000
jpcrp_cor:CashAndCashEquivalentsIFRSSummaryOfBusinessResults	現金及び現金同等物（IFRS）、経営指標等	Prior3YearInstant	JPY	1480900000000
jpcrp_cor:CashAndCashEquivalentsIFRSSummaryOfBusinessResults	現金及び現金同等物（IFRS）、経営指標等	Prior2YearInstant	JPY	1907113000000
jpcrp_cor:CashAndCashEquivalentsIFRSSummaryOfBusinessResults	現金及び現金同等物（IFRS）、経営指標等	Prior1YearInstant	JPY	2980956000000
jpcrp_cor:CashAndCashEquivalentsIFRSSummaryOfBusinessResults	現金及び現金同等物（IFRS）、経営指標等	CurrentYearInstant	JPY	2208879000000
jpcrp_cor:NumberOfEmployees	従業員数	Prior4YearInstant	pure	108900
jpcrp_cor:NumberOfEmployees	従業員数	Prior3YearInstant	pure	113000
jpcrp_cor:NumberOfEmployees	従業員数	Prior2YearInstant	pure	113000
jpcrp_cor:NumberOfEmployees	従業員数	Prior1YearInstant	pure	112300
jpcrp_cor:NumberOfEmployees	従業員数	CurrentYearInstant	pure	94900
jpcrp_cor:OperatingRevenue1SummaryOfBusinessResults	営業収益、経営指標等	Prior4YearDuration_NonConsolidatedMember	JPY	406247000000
jpcrp_cor:OperatingRevenue1SummaryOfBusinessResults	営業収益、経営指標等	Prior3YearDuration_NonConsolidatedMember	JPY	490890000000
jpcrp_cor:OperatingRevenue1SummaryOfBusinessResults	営業収益、経営指標等	Prior2YearDuration_NonConsolidatedMember	JPY	473255000000
jpcrp_cor:OperatingRevenue1SummaryOfBusinessResults	営業収益、経営指標等	Prior1YearDuration_NonConsolidatedMember	JPY	480922000000
jpcrp_cor:OperatingRevenue1SummaryOfBusinessResults	営業収益、経営指標等	CurrentYearDuration_NonConsolidatedMember	JPY	802132000000
jpcrp_cor:OrdinaryIncomeLossSummaryOfBusinessResults	経常利益又は経常損失（△）、経営指標等	Prior4YearDuration_NonConsolidatedMember	JPY	226660000000
jpcrp_cor:OrdinaryIncomeLossSummaryOfBusinessResults	経常利益又は経常損失（△）、経営指標等	Prior3YearDuration_NonConsolidatedMember	JPY	312705000000
jpcrp_cor:OrdinaryIncomeLossSummaryOfBusinessResults	経常利益又は経常損失（△）、経営指標等	Prior2YearDuration_NonConsolidatedMember	JPY	303611000000
jpcrp_cor:OrdinaryIncomeLossSummaryOfBusinessResults	経常利益又は経常損失（△）、経営指標等	Prior1YearDuration_NonConsolidatedMember	JPY	322865000000
jpcrp_cor:OrdinaryIncomeLossSummaryOfBusinessResults	経常利益又は経常損失（△）、経営指標等	CurrentYearDuration_NonConsolidatedMember	JPY	650743000000
jpcrp030000-asr_E01777-000:ProfitSummaryOfBusinessResult		Prior4YearDuration_NonConsolidatedMember	JPY	238126000000
jpcrp030000-asr_E01777-000:ProfitSummaryOfBusinessResult		Prior3YearDuration_NonConsolidatedMember	JPY	316913000000
jpcrp030000-asr_E01777-000:ProfitSummaryOfBusinessResult		Prior2YearDuration_NonConsolidatedMember	JPY	316396000000
jpcrp030000-asr_E01777-000:ProfitSummaryOfBusinessResult		Prior1YearDuration_NonConsolidatedMember	JPY	361678000000
jpcrp030000-asr_E01777-000:ProfitSummaryOfBusinessResult		CurrentYearDuration_NonConsolidatedMember	JPY	462313000000
jpcrp_cor:CapitalStockSummaryOfBusinessResults	資本金、経営指標等	Prior4YearInstant_NonConsolidatedMember	JPY	880365000000
jpcrp_cor:CapitalStockSummaryOfBusinessResults	資本金、経営指標等	Prior3YearInstant_NonConsolidatedMember	JPY	880365000000
jpcrp_cor:CapitalStockSummaryOfBusinessResults	資本金、経営指標等	Prior2YearInstant_NonConsolidatedMember	JPY	881357000000
jpcrp_cor:CapitalStockSummaryOfBusinessResults	資本金、経営指標等	Prior1YearInstant_NonConsolidatedMember	JPY	881357000000
jpcrp_cor:CapitalStockSummaryOfBusinessResults	資本金、経営指標等	CurrentYearInstant_NonConsolidatedMember	JPY	881357000000
jpcrp_cor:TotalNumberOfIssuedSharesSummaryOfBusinessResults	発行済株式総数（普通株式）、経営指標等	Prior4YearInstant_NonConsolidatedMember	shares	1261082000
jpcrp_cor:TotalNumberOfIssuedSharesSummaryOfBusinessResults	発行済株式総数（普通株式）、経営指標等	Prior3YearInstant_NonConsolidatedMember	shares	1261082000
jpcrp_cor:TotalNumberOfIssuedSharesSummaryOfBusinessResults	発行済株式総数（普通株式）、経営指標等	Prior2YearInstant_NonConsolidatedMember	shares	1261232000
jpcrp_cor:TotalNumberOfIssuedSharesSummaryOfBusinessResults	発行済株式総数（普通株式）、経営指標等	Prior1YearInstant_NonConsolidatedMember	shares	6149811000
jpcrp_cor:TotalNumberOfIssuedSharesSummaryOfBusinessResults	発行済株式総数（普通株式）、経営指標等	CurrentYearInstant_NonConsolidatedMember	shares	6149811000
jpcrp_cor:NetAssetsSummaryOfBusinessResults	純資産額、経営指標等	Prior4YearInstant_NonConsolidatedMember	JPY	3060824000000
jpcrp_cor:NetAssetsSummaryOfBusinessResults	純資産額、経営指標等	Prior3YearInstant_NonConsolidatedMember	JPY	3240662000000
jpcrp_cor:NetAssetsSummaryOfBusinessResults	純資産額、経営指標等	Prior2YearInstant_NonConsolidatedMember	JPY	3289233000000
jpcrp_cor:NetAssetsSummaryOfBusinessResults	純資産額、経営指標等	Prior1YearInstant_NonConsolidatedMember	JPY	3295554000000
jpcrp_cor:NetAssetsSummaryOfBusinessResults	純資産額、経営指標等	CurrentYearInstant_NonConsolidatedMember	JPY	2755258000000
jpcrp_cor:TotalAssetsSummaryOfBusinessResults	総資産額、経営指標等	Prior4YearInstant_NonConsolidatedMember	JPY	5417832000000
jpcrp_cor:TotalAssetsSummaryOfBusinessResults	総資産額、経営指標等	Prior3YearInstant_NonConsolidatedMember	JPY	5225223000000
jpcrp_cor:TotalAssetsSummaryOfBusinessResults	総資産額、経営指標等	Prior2YearInstant_NonConsolidatedMember	JPY	4965082000000
jpcrp_cor:TotalAssetsSummaryOfBusinessResults	総資産額、経営指標等	Prior1YearInstant_NonConsolidatedMember	JPY	5281630000000
jpcrp_cor:TotalAssetsSummaryOfBusinessResults	総資産額、経営指標等	CurrentYearInstant_NonConsolidatedMember	JPY	5169609000000
jpcrp_cor:NetAssetsPerShareSummaryOfBusinessResults	１株当たり純資産額、経営指標等	Prior4YearInstant_NonConsolidatedMember	JPYPerShares	491.53
jpcrp_cor:NetAssetsPerShareSummaryOfBusinessResults	１株当たり純資産額、経営指標等	Prior3YearInstant_NonConsolidatedMember	JPYPerShares	520.06
jpcrp_cor:NetAssetsPerShareSummaryOfBusinessResults	１株当たり純資産額、経営指標等	Prior2YearInstant_NonConsolidatedMember	JPYPerShares	532.34
jpcrp_cor:NetAssetsPerShareSummaryOfBusinessResults	１株当たり純資産額、経営指標等	Prior1YearInstant_NonConsolidatedMember	JPYPerShares	540.61
jpcrp_cor:NetAssetsPerShareSummaryOfBusinessResults	１株当たり純資産額、経営指標等	CurrentYearInstant_NonConsolidatedMember	JPYPerShares	453.15
jpcrp_cor:DividendPaidPerShareSummaryOfBusinessResults	１株当たり配当額、経営指標等	Prior4YearDuration_NonConsolidatedMember	JPYPerShares	65.00
jpcrp_cor:DividendPaidPerShareSummaryOfBusinessResults	１株当たり配当額、経営指標等	Prior3YearDuration_NonConsolidatedMember	JPYPerShares	75.00
jpcrp_cor:DividendPaidPerShareSummaryOfBusinessResults	１株当たり配当額、経営指標等	Prior2YearDuration_NonConsolidatedMember	JPYPerShares	85.00
jpcrp_cor:DividendPaidPerShareSummaryOfBusinessResults	１株当たり配当額、経営指標等	Prior1YearDuration_NonConsolidatedMember	JPYPerShares	60.00
jpcrp_cor:DividendPaidPerShareSummaryOfBusinessResults	１株当たり配当額、経営指標等	CurrentYearDuration_NonConsolidatedMember	JPYPerShares	25.00
jpcrp_cor:InterimDividendPaidPerShareSummaryOfBusinessResults	１株当たり中間配当額、経営指標等	Prior4YearDuration_NonConsolidatedMember	JPYPerShares	30.00
jpcrp_cor:InterimDividendPaidPerShareSummaryOfBusinessResults	１株当たり中間配当額、経営指標等	Prior3YearDuration_NonConsolidatedMember	JPYPerShares	35.00
jpcrp_cor:InterimDividendPaidPerShareSummaryOfBusinessResults	１株当たり中間配当額、経営指標等	Prior2YearDuration_NonConsolidatedMember	JPYPerShares	40.00
jpcrp_cor:InterimDividendPaidPerShareSummaryOfBusinessResults	１株当たり中間配当額、経営指標等	Prior1YearDuration_NonConsolidatedMember	JPYPerShares	50.00
jpcrp_cor:InterimDividendPaidPerShareSummaryOfBusinessResults	１株当たり中間配当額、経営指標等	CurrentYearDuration_NonConsolidatedMember	JPYPerShares	12.50
jpcrp030000-asr_E01777-000:BasicEarningsPerShareSummaryOfBusinessResult		Prior4YearDuration_NonConsolidatedMember	JPYPerShares	38.43
jpcrp030000-asr_E01777-000:BasicEarningsPerShareSummaryOfBusinessResult		Prior3YearDuration_NonConsolidatedMember	JPYPerShares	51.29
jpcrp030000-asr_E01777-000:BasicEarningsPerShareSummaryOfBusinessResult		Prior2YearDuration_NonConsolidatedMember	JPYPerShares	51.39
jpcrp030000-asr_E01777-000:BasicEarningsPerShareSummaryOfBusinessResult		Prior1YearDuration_NonConsolidatedMember	JPYPerShares	59.78
jpcrp030000-asr_E01777-000:BasicEarningsPerShareSummaryOfBusinessResult		CurrentYearDuration_NonConsolidatedMember	JPYPerShares	77.36
jpcrp_cor:DilutedEarningsPerShareSummaryOfBusinessResults	潜在株式調整後１株当たり当期純利益、経営指標等	Prior4YearDuration_NonConsolidatedMember	JPYPerShares	38.06
jpcrp_cor:DilutedEarningsPerShareSummaryOfBusinessResults	潜在株式調整後１株当たり当期純利益、経営指標等	Prior3YearDuration_NonConsolidatedMember	JPYPerShares	51.06
jpcrp_cor:DilutedEarningsPerShareSummaryOfBusinessResults	潜在株式調整後１株当たり当期純利益、経営指標等	Prior2YearDuration_NonConsolidatedMember	JPYPerShares	51.22
jpcrp_cor:DilutedEarningsPerShareSummaryOfBusinessResults	潜在株式調整後１株当たり当期純利益、経営指標等	Prior1YearDuration_NonConsolidatedMember	JPYPerShares	59.53
jpcrp_cor:DilutedEarningsPerShareSummaryOfBusinessResults	潜在株式調整後１株当たり当期純利益、経営指標等	CurrentYearDuration_NonConsolidatedMember	JPYPerShares	76.88
jpcrp_cor:EquityToAssetRatioSummaryOfBusinessResults	自己資本比率、経営指標等	Prior4YearInstant_NonConsolidatedMember	pure	0.561
jpcrp_cor:EquityToAssetRatioSummaryOfBusinessResults	自己資本比率、経営指標等	Prior3YearInstant_NonConsolidatedMember	pure	0.614
jpcrp_cor:EquityToAssetRatioSummaryOfBusinessResults	自己資本比率、経営指標等	Prior2YearInstant_NonConsolidatedMember	pure	0.655
jpcrp_cor:EquityToAssetRatioSummaryOfBusinessResults	自己資本比率、経営指標等	Prior1YearInstant_NonConsolidatedMember	pure	0.617
jpcrp_cor:EquityToAssetRatioSummaryOfBusinessResults	自己資本比率、経営指標等	CurrentYearInstant_NonConsolidatedMember	pure	0.518
jpcrp_cor:RateOfReturnOnEquitySummaryOfBusinessResults	自己資本利益率、経営指標等	Prior4YearDuration_NonConsolidatedMember	pure	0.080
jpcrp_cor:RateOfReturnOnEquitySummaryOfBusinessResults	自己資本利益率、経営指標等	Prior3YearDuration_NonConsolidatedMember	pure	0.101
jpcrp_cor:RateOfReturnOnEquitySummaryOfBusinessResults	自己資本利益率、経営指標等	Prior2YearDuration_NonConsolidatedMember	pure	0.098
jpcrp_cor:RateOfReturnOnEquitySummaryOfBusinessResults	自己資本利益率、経営指標等	Prior1YearDuration_NonConsolidatedMember	pure	0.111
jpcrp_cor:RateOfReturnOnEquitySummaryOfBusinessResults	自己資本利益率、経営指標等	CurrentYearDuration_NonConsolidatedMember	pure	0.156
jpcrp_cor:PriceEarningsRatioSummaryOfBusinessResults	株価収益率、経営指標等	Prior4YearDuration_NonConsolidatedMember	pure	66.3
jpcrp_cor:PriceEarningsRatioSummaryOfBusinessResults	株価収益率、経営指標等	Prior3YearDuration_NonConsolidatedMember	pure	46.7
jpcrp_cor:PriceEarningsRatioSummaryOfBusinessResults	株価収益率、経営指標等	Prior2YearDuration_NonConsolidatedMember	pure	50.5
jpcrp_cor:PriceEarningsRatioSummaryOfBusinessResults	株価収益率、経営指標等	Prior1YearDuration_NonConsolidatedMember	pure	63.0
jpcrp_cor:PriceEarningsRatioSummaryOfBusinessResults	株価収益率、経営指標等	CurrentYearDuration_NonConsolidatedMember	pure	41.5
jpcrp_cor:PayoutRatioSummaryOfBusinessResults	配当性向、経営指標等	Prior4YearDuration_NonConsolidatedMember	pure	0.338
jpcrp_cor:PayoutRatioSummaryOfBusinessResults	配当性向、経営指標等	Prior3YearDuration_NonConsolidatedMember	pure	0.293
jpcrp_cor:PayoutRatioSummaryOfBusinessResults	配当性向、経営指標等	Prior2YearDuration_NonConsolidatedMember	pure	0.330
jpcrp_cor:PayoutRatioSummaryOfBusinessResults	配当性向、経営指標等	Prior1YearDuration_NonConsolidatedMember	pure	0.335
jpcrp_cor:PayoutRatioSummaryOfBusinessResults	配当性向、経営指標等	CurrentYearDuration_NonConsolidatedMember	pure	0.323
jpcrp_cor:NumberOfEmployees	従業員数	Prior4YearInstant_NonConsolidatedMember	pure	2839
jpcrp_cor:NumberOfEmployees	従業員数	Prior3YearInstant_NonConsolidatedMember	pure	2445
jpcrp_cor:NumberOfEmployees	従業員数	Prior2YearInstant_NonConsolidatedMember	pure	2109
jpcrp_cor:NumberOfEmployees	従業員数	Prior1YearInstant_NonConsolidatedMember	pure	2212
jpcrp_cor:NumberOfEmployees	従業員数	CurrentYearInstant_NonConsolidatedMember	pure	2166
jpcrp_cor:TotalShareholderReturn	株主総利回り	Prior4YearInstant_NonConsolidatedMember	pure	1.103
jpcrp_cor:TotalShareholderReturn	株主総利回り	Prior3YearInstant_NonConsolidatedMember	pure	1.046
jpcrp_cor:TotalShareholderReturn	株主総利回り	Prior2YearInstant_NonConsolidatedMember	pure	1.139
jpcrp_cor:TotalShareholderReturn	株主総利回り	Prior1YearInstant_NonConsolidatedMember	pure	1.652
jpcrp_cor:TotalShareholderReturn	株主総利回り	CurrentYearInstant_NonConsolidatedMember	pure	1.423
jpcrp_cor:TotalReturnOnSharePriceIndex	株価指数における総利回り	Prior4YearInstant_NonConsolidatedMember	pure	1.020
jpcrp_cor:TotalReturnOnSharePriceIndex	株価指数における総利回り	Prior3YearInstant_NonConsolidatedMember	pure	1.079
jpcrp_cor:TotalReturnOnSharePriceIndex	株価指数における総利回り	Prior2YearInstant_NonConsolidatedMember	pure	1.525
jpcrp_cor:TotalReturnOnSharePriceIndex	株価指数における総利回り	Prior1YearInstant_NonConsolidatedMember	pure	1.502
jpcrp_cor:TotalReturnOnSharePriceIndex	株価指数における総利回り	CurrentYearInstant_NonConsolidatedMember	pure	2.022
jpcrp_cor:ResearchAndDevelopmentExpensesResearchAndDevelopmentActivities	研究開発費、研究開発活動	CurrentYearDuration	JPY	762000000000
jpcrp_cor:ResearchAndDevelopmentExpensesResearchAndDevelopmentActivities	研究開発費、研究開発活動	Prior1YearDuration_jpcrp030000-asr_E01777-000GameAndNetworkServicesReportableSegmentMember	JPY	279200000000
jpcrp_cor:ResearchAndDevelopmentExpensesResearchAndDevelopmentActivities	研究開発費、研究開発活動	CurrentYearDuration_jpcrp030000-asr_E01777-000GameAndNetworkServicesReportableSegmentMember	JPY	316100000000
jpcrp_cor:ResearchAndDevelopmentExpensesResearchAndDevelopmentActivities	研究開発費、研究開発活動	Prior1YearDuration_jpcrp030000-asr_E01777-000ElectronicsProductsAndSolutionsReportableSegmentMember	JPY	138900000000
jpcrp_cor:ResearchAndDevelopmentExpensesResearchAndDevelopmentActivities	研究開発費、研究開発活動	CurrentYearDuration_jpcrp030000-asr_E01777-000ElectronicsProductsAndSolutionsReportableSegmentMember	JPY	138000000000
jpcrp_cor:ResearchAndDevelopmentExpensesResearchAndDevelopmentActivities	研究開発費、研究開発活動	Prior1YearDuration_jpcrp030000-asr_E01777-000ImagingAndSensingSolutionsReportableSegmentMember	JPY	228400000000
jpcrp_cor:ResearchAndDevelopmentExpensesResearchAndDevelopmentActivities	研究開発費、研究開発活動	CurrentYearDuration_jpcrp030000-asr_E01777-000ImagingAndSensingSolutionsReportableSegmentMember	JPY	238500000000
jpcrp_cor:CapitalExpendituresOverviewOfCapitalExpendituresEtc	設備投資額、設備投資等の概要	CurrentYearDuration_jpcrp030000-asr_E01777-000GandNSEPandSandIandSSReportableSegmentsMember	JPY	535667000000
jpcrp_cor:CapitalExpendituresOverviewOfCapitalExpendituresEtc	設備投資額、設備投資等の概要	CurrentYearDuration_jpcrp030000-asr_E01777-000MusicReportableSegmentMember	JPY	195350000000
jpcrp_cor:CapitalExpendituresOverviewOfCapitalExpendituresEtc	設備投資額、設備投資等の概要	CurrentYearDuration_jpcrp030000-asr_E01777-000PicturesReportableSegmentMember	JPY	44449000000
jpcrp_cor:CapitalExpendituresOverviewOfCapitalExpendituresEtc	設備投資額、設備投資等の概要	CurrentYearDuration_OperatingSegmentsNotIncludedInReportableSegmentsAndOtherRevenueGeneratingBusinessActivitiesMember	JPY	29480000000
jpcrp_cor:CapitalExpendituresOverviewOfCapitalExpendituresEtc	設備投資額、設備投資等の概要	CurrentYearDuration	JPY	804946000000
jpcrp_cor:NumberOfIssuedSharesAsOfFiscalYearEndIssuedSharesTotalNumberOfSharesEtc	事業年度末現在発行数（株）、発行済株式、株式の総数等	FilingDateInstant_OrdinaryShareMember	shares	6149810645
jpcrp_cor:NumberOfIssuedSharesAsOfFilingDateIssuedSharesTotalNumberOfSharesEtc	提出日現在発行数（株）、発行済株式、株式の総数等	FilingDateInstant_OrdinaryShareMember	shares	5965316326
jpcrp_cor:NumberOfIssuedSharesAsOfFiscalYearEndIssuedSharesTotalNumberOfSharesEtc	事業年度末現在発行数（株）、発行済株式、株式の総数等	FilingDateInstant	shares	6149810645
jpcrp_cor:NumberOfIssuedSharesAsOfFilingDateIssuedSharesTotalNumberOfSharesEtc	提出日現在発行数（株）、発行済株式、株式の総数等	FilingDateInstant	shares	5965316326
jpcrp_cor:NumberOfSharesConstitutingOneUnit	１単元の株式数	CurrentYearInstant_OrdinaryShareMember	shares	100
jpcrp_cor:NumberOfShareholdersNationalAndLocalGovernments	株主数－政府及び地方公共団体	CurrentYearInstant_OrdinaryShareMember	pure	5
jpcrp_cor:NumberOfShareholdersFinancialInstitutions	株主数－金融機関	CurrentYearInstant_OrdinaryShareMember	pure	160
jpcrp_cor:NumberOfShareholdersFinancialServiceProviders	株主数－金融商品取引業者	CurrentYearInstant_OrdinaryShareMember	pure	86
jpcrp_cor:NumberOfShareholdersOtherCorporations	株主数－その他の法人	CurrentYearInstant_OrdinaryShareMember	pure	3588
jpcrp_cor:NumberOfShareholdersForeignInvestorsOtherThanIndividuals	株主数－外国法人等－個人以外	CurrentYearInstant_OrdinaryShareMember	pure	1657
jpcrp_cor:NumberOfShareholdersForeignIndividualInvestors	株主数－外国法人等－個人	CurrentYearInstant_OrdinaryShareMember	pure	3579
jpcrp_cor:NumberOfShareholdersIndividualsAndOthers	株主数－個人その他	CurrentYearInstant_OrdinaryShareMember	pure	569976
jpcrp_cor:NumberOfShareholdersTotal	株主数－計	CurrentYearInstant_OrdinaryShareMember	pure	579051
jpcrp_cor:NumberOfSharesHeldNumberOfUnitsNationalAndLocalGovernments	所有株式数（単元）－政府及び地方公共団体	CurrentYearInstant_OrdinaryShareMember	pure	301
jpcrp_cor:NumberOfSharesHeldNumberOfUnitsFinancialInstitutions	所有株式数（単元）－金融機関	CurrentYearInstant_OrdinaryShareMember	pure	15879205
jpcrp_cor:NumberOfSharesHeldNumberOfUnitsFinancialServiceProviders	所有株式数（単元）－金融商品取引業者	CurrentYearInstant_OrdinaryShareMember	pure	914277
jpcrp_cor:NumberOfSharesHeldNumberOfUnitsOtherCorporations	所有株式数（単元）－その他の法人	CurrentYearInstant_OrdinaryShareMember	pure	519621
jpcrp_cor:NumberOfSharesHeldNumberOfUnitsForeignInvestorsOtherThanIndividuals	所有株式数（単元）－外国法人等－個人以外	CurrentYearInstant_OrdinaryShareMember	pure	35805705
jpcrp_cor:NumberOfSharesHeldNumberOfUnitsForeignIndividualInvestors	所有株式数（単元）－外国法人等－個人	CurrentYearInstant_OrdinaryShareMember	pure	12368
jpcrp_cor:NumberOfSharesHeldNumberOfUnitsIndividualsAndOthers	所有株式数（単元）－個人その他	CurrentYearInstant_OrdinaryShareMember	pure	8343944
jpcrp_cor:NumberOfSharesHeldNumberOfUnitsTotal	所有株式数（単元）－計	CurrentYearInstant_OrdinaryShareMember	pure	61475421
jpcrp_cor:NumberOfSharesHeldSharesLessThanOneUnit	所有株式数－単元未満株式の状況（株）	CurrentYearInstant_OrdinaryShareMember	shares	2268545
jpcrp_cor:PercentageOfShareholdingsNationalAndLocalGovernments	所有株式数の割合（％）－政府及び地方公共団体	CurrentYearInstant_OrdinaryShareMember	pure	0.0000
jpcrp_cor:PercentageOfShareholdingsFinancialInstitutions	所有株式数の割合（％）－金融機関	CurrentYearInstant_OrdinaryShareMember	pure	0.2583
jpcrp_cor:PercentageOfShareholdingsFinancialServiceProviders	所有株式数の割合（％）－金融商品取引業者	CurrentYearInstant_OrdinaryShareMember	pure	0.0149
jpcrp_cor:PercentageOfShareholdingsOtherCorporations	所有株式数の割合（％）－その他の法人	CurrentYearInstant_OrdinaryShareMember	pure	0.0085
jpcrp_cor:PercentageOfShareholdingsForeignersOtherThanIndividuals	所有株式数の割合（％）－外国法人等－個人以外	CurrentYearInstant_OrdinaryShareMember	pure	0.5824
jpcrp_cor:PercentageOfShareholdingsForeignIndividuals	所有株式数の割合（％）－外国法人等－個人	CurrentYearInstant_OrdinaryShareMember	pure	0.0002
jpcrp_cor:PercentageOfShareholdingsIndividualsAndOthers	所有株式数の割合（％）－個人その他	CurrentYearInstant_OrdinaryShareMember	pure	0.1357
jpcrp_cor:NumberOfSharesHeld	所有株式数	CurrentYearInstant_No1MajorShareholdersMember	shares	1066708000
jpcrp_cor:ShareholdingRatio	発行済株式（自己株式を除く。）の総数に対する所有株式数の割合	CurrentYearInstant_No1MajorShareholdersMember	pure	0.1806
jpcrp_cor:NumberOfSharesHeld	所有株式数	CurrentYearInstant_No2MajorShareholdersMember	shares	522619000
jpcrp_cor:ShareholdingRatio	発行済株式（自己株式を除く。）の総数に対する所有株式数の割合	CurrentYearInstant_No2MajorShareholdersMember	pure	0.0885
jpcrp_cor:NumberOfSharesHeld	所有株式数	CurrentYearInstant_No3MajorShareholdersMember	shares	401416000
jpcrp_cor:ShareholdingRatio	発行済株式（自己株式を除く。）の総数に対する所有株式数の割合	CurrentYearInstant_No3MajorShareholdersMember	pure	0.0679
jpcrp_cor:NumberOfSharesHeld	所有株式数	CurrentYearInstant_No4MajorShareholdersMember	shares	170704000
jpcrp_cor:ShareholdingRatio	発行済株式（自己株式を除く。）の総数に対する所有株式数の割合	CurrentYearInstant_No4MajorShareholdersMember	pure	0.0289
jpcrp_cor:NumberOfSharesHeld	所有株式数	CurrentYearInstant_No5MajorShareholdersMember	shares	113569000
jpcrp_cor:ShareholdingRatio	発行済株式（自己株式を除く。）の総数に対する所有株式数の割合	CurrentYearInstant_No5MajorShareholdersMember	pure	0.0192
jpcrp_cor:NumberOfSharesHeld	所有株式数	CurrentYearInstant_No6MajorShareholdersMember	shares	100646000
jpcrp_cor:ShareholdingRatio	発行済株式（自己株式を除く。）の総数に対する所有株式数の割合	CurrentYearInstant_No6MajorShareholdersMember	pure	0.0170
jpcrp_cor:NumberOfSharesHeld	所有株式数	CurrentYearInstant_No7MajorShareholdersMember	shares	89050000
jpcrp_cor:ShareholdingRatio	発行済株式（自己株式を除く。）の総数に対する所有株式数の割合	CurrentYearInstant_No7MajorShareholdersMember	pure	0.0151
jpcrp_cor:NumberOfSharesHeld	所有株式数	CurrentYearInstant_No8MajorShareholdersMember	shares	82033000
jpcrp_cor:ShareholdingRatio	発行済株式（自己株式を除く。）の総数に対する所有株式数の割合	CurrentYearInstant_No8MajorShareholdersMember	pure	0.0139
jpcrp_cor:NumberOfSharesHeld	所有株式数	CurrentYearInstant_No9MajorShareholdersMember	shares	66103000
jpcrp_cor:ShareholdingRatio	発行済株式（自己株式を除く。）の総数に対する所有株式数の割合	CurrentYearInstant_No9MajorShareholdersMember	pure	0.0112
jpcrp_cor:NumberOfSharesHeld	所有株式数	CurrentYearInstant_No10MajorShareholdersMember	shares	61246000
jpcrp_cor:ShareholdingRatio	発行済株式（自己株式を除く。）の総数に対する所有株式数の割合	CurrentYearInstant_No10MajorShareholdersMember	pure	0.0104
jpcrp_cor:NumberOfSharesHeld	所有株式数	CurrentYearInstant	shares	2674095000
jpcrp_cor:ShareholdingRatio	発行済株式（自己株式を除く。）の総数に対する所有株式数の割合	CurrentYearInstant	pure	0.4526
jpcrp_cor:NumberOfSharesIssuedSharesVotingRights	株式数（株）、発行済株式、議決権の状況	CurrentYearInstant_SharesWithNoVotingRightsMember	shares	－
jpcrp_cor:NumberOfSharesIssuedSharesVotingRights	株式数（株）、発行済株式、議決権の状況	CurrentYearInstant_SharesWithRestrictedVotingRightsTreasurySharesEtcMember	shares	－
jpcrp_cor:NumberOfSharesIssuedSharesVotingRights	株式数（株）、発行済株式、議決権の状況	CurrentYearInstant_SharesWithRestrictedVotingRightsOtherMember	shares	－
jpcrp_cor:NumberOfVotingRightsIssuedSharesVotingRights	議決権の数（個）、発行済株式、議決権の状況	CurrentYearInstant_SharesWithRestrictedVotingRightsOtherMember	pure	－
jpcrp_cor:NumberOfSharesIssuedSharesVotingRights	株式数（株）、発行済株式、議決権の状況	CurrentYearInstant_OrdinarySharesSharesWithFullVotingRightsTreasurySharesEtcMember	shares	242143300
jpcrp_cor:NumberOfSharesIssuedSharesVotingRights	株式数（株）、発行済株式、議決権の状況	CurrentYearInstant_OrdinarySharesSharesWithFullVotingRightsOtherMember	shares	5905398800
jpcrp_cor:NumberOfVotingRightsIssuedSharesVotingRights	議決権の数（個）、発行済株式、議決権の状況	CurrentYearInstant_OrdinarySharesSharesWithFullVotingRightsOtherMember	pure	59053988
jpcrp_cor:NumberOfSharesIssuedSharesVotingRights	株式数（株）、発行済株式、議決権の状況	CurrentYearInstant_OrdinarySharesSharesLessThanOneUnitMember	shares	2268545
jpcrp_cor:NumberOfSharesIssuedSharesVotingRights	株式数（株）、発行済株式、議決権の状況	CurrentYearInstant	shares	6149810645
jpcrp_cor:NumberOfVotingRightsIssuedSharesVotingRights	議決権の数（個）、発行済株式、議決権の状況	CurrentYearInstant	pure	59053988
jpcrp_cor:NumberOfSharesHeldInOwnNameTreasurySharesEtc	自己名義所有株式数（株）、自己株式等	CurrentYearInstant_Row1Member	shares	242143300
jpcrp_cor:NumberOfSharesHeldInOthersNamesTreasurySharesEtc	他人名義所有株式数（株）、自己株式等	CurrentYearInstant_Row1Member	shares	－
jpcrp_cor:TotalNumberOfSharesHeldTreasurySharesEtc	所有株式数の合計（株）、自己株式等	CurrentYearInstant_Row1Member	shares	242143300
jpcrp_cor:ShareholdingRatioTreasurySharesEtc	発行済株式総数に対する所有株式数の割合（％）、自己株式等	CurrentYearInstant_Row1Member	pure	0.0394
jpcrp_cor:NumberOfSharesHeldInOwnNameTreasurySharesEtc	自己名義所有株式数（株）、自己株式等	CurrentYearInstant	shares	242143300
jpcrp_cor:NumberOfSharesHeldInOthersNamesTreasurySharesEtc	他人名義所有株式数（株）、自己株式等	CurrentYearInstant	shares	－
jpcrp_cor:TotalNumberOfSharesHeldTreasurySharesEtc	所有株式数の合計（株）、自己株式等	CurrentYearInstant	shares	242143300
jpcrp_cor:ShareholdingRatioTreasurySharesEtc	発行済株式総数に対する所有株式数の割合（％）、自己株式等	CurrentYearInstant	pure	0.0394
jpcrp_cor:TotalAmountOfDividendsDividendsOfSurplus	配当金の総額、剰余金の配当	FilingDateInstant_Row1Member	JPY	74714000000
jpcrp_cor:DividendPerShareDividendsOfSurplus	１株当たり配当額、剰余金の配当	FilingDateInstant_Row1Member	JPYPerShares	12.5
jpcrp_cor:TotalAmountOfDividendsDividendsOfSurplus	配当金の総額、剰余金の配当	FilingDateInstant_Row2Member	JPY	73846000000
jpcrp_cor:DividendPerShareDividendsOfSurplus	１株当たり配当額、剰余金の配当	FilingDateInstant_Row2Member	JPYPerShares	12.5
jpcrp_cor:NumberOfMaleDirectorsAndOtherOfficers	役員のうち男性の人数	FilingDateInstant	pure	10
jpcrp_cor:NumberOfFemaleDirectorsAndOtherOfficers	役員のうち女性の人数	FilingDateInstant	pure	5
jpcrp_cor:RatioOfFemaleDirectorsAndOtherOfficers	役員のうち女性の比率	FilingDateInstant	pure	0.333
jpcrp_cor:NumberOfSharesHeldOrdinarySharesInformationAboutDirectorsAndCorporateAuditors	所有株式数（普通株式）、役員の状況（取締役（及び監査役））	FilingDateInstant_jpcrp030000-asr_E01777-000YoshidaKenichiroMember	shares	662000
jpcrp_cor:NumberOfSharesScheduledToBeHeldInformationAboutDirectorsAndCorporateAuditors	将来予定株式数、役員の状況（取締役（及び監査役））	FilingDateInstant_jpcrp030000-asr_E01777-000YoshidaKenichiroMember	shares	646000
jpcrp_cor:NumberOfSharesHeldOrdinarySharesInformationAboutDirectorsAndCorporateAuditors	所有株式数（普通株式）、役員の状況（取締役（及び監査役））	FilingDateInstant_jpcrp030000-asr_E01777-000TotokiHirokiMember	shares	398000
jpcrp_cor:NumberOfSharesScheduledToBeHeldInformationAboutDirectorsAndCorporateAuditors	将来予定株式数、役員の状況（取締役（及び監査役））	FilingDateInstant_jpcrp030000-asr_E01777-000TotokiHirokiMember	shares	603000
jpcrp_cor:NumberOfSharesHeldOrdinarySharesInformationAboutDirectorsAndCorporateAuditors	所有株式数（普通株式）、役員の状況（取締役（及び監査役））	FilingDateInstant_jpcrp030000-asr_E01777-000WendyBeckerMember	shares	25000
jpcrp_cor:NumberOfSharesScheduledToBeHeldInformationAboutDirectorsAndCorporateAuditors	将来予定株式数、役員の状況（取締役（及び監査役））	FilingDateInstant_jpcrp030000-asr_E01777-000WendyBeckerMember	shares	11000
jpcrp_cor:NumberOfSharesHeldOrdinarySharesInformationAboutDirectorsAndCorporateAuditors	所有株式数（普通株式）、役員の状況（取締役（及び監査役））	FilingDateInstant_jpcrp030000-asr_E01777-000KishigamiKeikoMember	shares	20000
jpcrp_cor:NumberOfSharesScheduledToBeHeldInformationAboutDirectorsAndCorporateAuditors	将来予定株式数、役員の状況（取締役（及び監査役））	FilingDateInstant_jpcrp030000-asr_E01777-000KishigamiKeikoMember	shares	11000
jpcrp_cor:NumberOfSharesHeldOrdinarySharesInformationAboutDirectorsAndCorporateAuditors	所有株式数（普通株式）、役員の状況（取締役（及び監査役））	FilingDateInstant_jpcrp030000-asr_E01777-000JosephAKraftJrMember	shares	20000
jpcrp_cor:NumberOfSharesScheduledToBeHeldInformationAboutDirectorsAndCorporateAuditors	将来予定株式数、役員の状況（取締役（及び監査役））	FilingDateInstant_jpcrp030000-asr_E01777-000JosephAKraftJrMember	shares	11000
jpcrp_cor:NumberOfSharesHeldOrdinarySharesInformationAboutDirectorsAndCorporateAuditors	所有株式数（普通株式）、役員の状況（取締役（及び監査役））	FilingDateInstant_jpcrp030000-asr_E01777-000NeilHuntMember	shares	5000
jpcrp_cor:NumberOfSharesScheduledToBeHeldInformationAboutDirectorsAndCorporateAuditors	将来予定株式数、役員の状況（取締役（及び監査役））	FilingDateInstant_jpcrp030000-asr_E01777-000NeilHuntMember	shares	11000
jpcrp_cor:NumberOfSharesHeldOrdinarySharesInformationAboutDirectorsAndCorporateAuditors	所有株式数（普通株式）、役員の状況（取締役（及び監査役））	FilingDateInstant_jpcrp030000-asr_E01777-000WilliamMorrowMember	shares	5000
jpcrp_cor:NumberOfSharesScheduledToBeHeldInformationAboutDirectorsAndCorporateAuditors	将来予定株式数、役員の状況（取締役（及び監査役））	FilingDateInstant_jpcrp030000-asr_E01777-000WilliamMorrowMember	shares	11000
jpcrp_cor:NumberOfSharesHeldOrdinarySharesInformationAboutDirectorsAndCorporateAuditors	所有株式数（普通株式）、役員の状況（取締役（及び監査役））	FilingDateInstant_jpcrp030000-asr_E01777-000KonomotoShingoMember	shares	1000
jpcrp_cor:NumberOfSharesScheduledToBeHeldInformationAboutDirectorsAndCorporateAuditors	将来予定株式数、役員の状況（取締役（及び監査役））	FilingDateInstant_jpcrp030000-asr_E01777-000KonomotoShingoMember	shares	11000
jpcrp_cor:NumberOfSharesHeldOrdinarySharesInformationAboutDirectorsAndCorporateAuditors	所有株式数（普通株式）、役員の状況（取締役（及び監査役））	FilingDateInstant_jpcrp030000-asr_E01777-000GotoYorikoMember	shares	－
jpcrp_cor:NumberOfSharesScheduledToBeHeldInformationAboutDirectorsAndCorporateAuditors	将来予定株式数、役員の状況（取締役（及び監査役））	FilingDateInstant_jpcrp030000-asr_E01777-000GotoYorikoMember	shares	4000
jpcrp_cor:NumberOfSharesHeldOrdinarySharesInformationAboutDirectorsAndCorporateAuditors	所有株式数（普通株式）、役員の状況（取締役（及び監査役））	FilingDateInstant_jpcrp030000-asr_E01777-000NoraDenzelMember	shares	－
jpcrp_cor:NumberOfSharesScheduledToBeHeldInformationAboutDirectorsAndCorporateAuditors	将来予定株式数、役員の状況（取締役（及び監査役））	FilingDateInstant_jpcrp030000-asr_E01777-000NoraDenzelMember	shares	4000
jpcrp_cor:NumberOfSharesHeldOrdinarySharesInformationAboutDirectorsAndCorporateAuditors	所有株式数（普通株式）、役員の状況（取締役（及び監査役））	FilingDateInstant_jpcrp030000-asr_E01777-000HyodoMasayukiMember	shares	－
jpcrp_cor:NumberOfSharesScheduledToBeHeldInformationAboutDirectorsAndCorporateAuditors	将来予定株式数、役員の状況（取締役（及び監査役））	FilingDateInstant_jpcrp030000-asr_E01777-000HyodoMasayukiMember	shares	4000
jpcrp_cor:NumberOfSharesHeldOrdinarySharesInformationAboutDirectorsAndCorporateAuditors	所有株式数（普通株式）、役員の状況（取締役（及び監査役））	FilingDateInstant	shares	1135000
jpcrp_cor:NumberOfSharesScheduledToBeHeldInformationAboutDirectorsAndCorporateAuditors	将来予定株式数、役員の状況（取締役（及び監査役））	FilingDateInstant	shares	1327000
jpcrp_cor:NumberOfSharesHeldOrdinarySharesInformationAboutExecutiveDirectors	所有株式数（普通株式）、役員の状況（執行役）	FilingDateInstant_jpcrp030000-asr_E01777-000TotokiHirokiMember	shares	398000
jpcrp_cor:NumberOfSharesScheduledToBeHeldInformationAboutExecutiveDirectors	将来予定株式数、役員の状況（執行役）	FilingDateInstant_jpcrp030000-asr_E01777-000TotokiHirokiMember	shares	603000
jpcrp_cor:NumberOfSharesHeldOrdinarySharesInformationAboutExecutiveDirectors	所有株式数（普通株式）、役員の状況（執行役）	FilingDateInstant_jpcrp030000-asr_E01777-000MitomoToshimotoMember	shares	141000
jpcrp_cor:NumberOfSharesScheduledToBeHeldInformationAboutExecutiveDirectors	将来予定株式数、役員の状況（執行役）	FilingDateInstant_jpcrp030000-asr_E01777-000MitomoToshimotoMember	shares	128000
jpcrp_cor:NumberOfSharesHeldOrdinarySharesInformationAboutExecutiveDirectors	所有株式数（普通株式）、役員の状況（執行役）	FilingDateInstant_jpcrp030000-asr_E01777-000KoderaTsuyoshiMember	shares	52000
jpcrp_cor:NumberOfSharesScheduledToBeHeldInformationAboutExecutiveDirectors	将来予定株式数、役員の状況（執行役）	FilingDateInstant_jpcrp030000-asr_E01777-000KoderaTsuyoshiMember	shares	134000
jpcrp_cor:NumberOfSharesHeldOrdinarySharesInformationAboutExecutiveDirectors	所有株式数（普通株式）、役員の状況（執行役）	FilingDateInstant_jpcrp030000-asr_E01777-000ItoYasuhiroMember	shares	6000
jpcrp_cor:NumberOfSharesScheduledToBeHeldInformationAboutExecutiveDirectors	将来予定株式数、役員の状況（執行役）	FilingDateInstant_jpcrp030000-asr_E01777-000ItoYasuhiroMember	shares	49000
jpcrp_cor:NumberOfSharesHeldOrdinarySharesInformationAboutExecutiveDirectors	所有株式数（普通株式）、役員の状況（執行役）	FilingDateInstant_jpcrp030000-asr_E01777-000TaoLinMember	shares	78000
jpcrp_cor:NumberOfSharesScheduledToBeHeldInformationAboutExecutiveDirectors	将来予定株式数、役員の状況（執行役）	FilingDateInstant_jpcrp030000-asr_E01777-000TaoLinMember	shares	106000
jpcrp_cor:NumberOfSharesHeldOrdinarySharesInformationAboutExecutiveDirectors	所有株式数（普通株式）、役員の状況（執行役）	FilingDateInstant	shares	675000
jpcrp_cor:NumberOfSharesScheduledToBeHeldInformationAboutExecutiveDirectors	将来予定株式数、役員の状況（執行役）	FilingDateInstant	shares	1021000
jpcrp_cor:NumberOfMaleDirectorsAndOtherOfficersProposal	役員のうち男性の人数（議案）	FilingDateInstant	pure	9
jpcrp_cor:NumberOfFemaleDirectorsAndOtherOfficersProposal	役員のうち女性の人数（議案）	FilingDateInstant	pure	4
jpcrp_cor:RatioOfFemaleDirectorsAndOtherOfficersProposal	役員のうち女性の比率（議案）	FilingDateInstant	pure	0.308
jpcrp_cor:NumberOfSharesHeldOrdinarySharesInformationAboutDirectorsAndCorporateAuditorsProposal	所有株式数（普通株式）、役員の状況（取締役（及び監査役））（議案）	FilingDateInstant_jpcrp030000-asr_E01777-000TotokiHirokiMember	shares	398000
jpcrp_cor:NumberOfSharesScheduledToBeHeldInformationAboutDirectorsAndCorporateAuditorsProposal	将来予定株式数、役員の状況（取締役（及び監査役））（議案）	FilingDateInstant_jpcrp030000-asr_E01777-000TotokiHirokiMember	shares	603000
jpcrp_cor:NumberOfSharesHeldOrdinarySharesInformationAboutDirectorsAndCorporateAuditorsProposal	所有株式数（普通株式）、役員の状況（取締役（及び監査役））（議案）	FilingDateInstant_jpcrp030000-asr_E01777-000TaoLinMember	shares	78000
jpcrp_cor:NumberOfSharesScheduledToBeHeldInformationAboutDirectorsAndCorporateAuditorsProposal	将来予定株式数、役員の状況（取締役（及び監査役））（議案）	FilingDateInstant_jpcrp030000-asr_E01777-000TaoLinMember	shares	106000
jpcrp_cor:NumberOfSharesHeldOrdinarySharesInformationAboutDirectorsAndCorporateAuditorsProposal	所有株式数（普通株式）、役員の状況（取締役（及び監査役））（議案）	FilingDateInstant_jpcrp030000-asr_E01777-000WendyBeckerMember	shares	25000
jpcrp_cor:NumberOfSharesScheduledToBeHeldInformationAboutDirectorsAndCorporateAuditorsProposal	将来予定株式数、役員の状況（取締役（及び監査役））（議案）	FilingDateInstant_jpcrp030000-asr_E01777-000WendyBeckerMember	shares	11000
jpcrp_cor:NumberOfSharesHeldOrdinarySharesInformationAboutDirectorsAndCorporateAuditorsProposal	所有株式数（普通株式）、役員の状況（取締役（及び監査役））（議案）	FilingDateInstant_jpcrp030000-asr_E01777-000JosephAKraftJrMember	shares	20000
jpcrp_cor:NumberOfSharesScheduledToBeHeldInformationAboutDirectorsAndCorporateAuditorsProposal	将来予定株式数、役員の状況（取締役（及び監査役））（議案）	FilingDateInstant_jpcrp030000-asr_E01777-000JosephAKraftJrMember	shares	11000
jpcrp_cor:NumberOfSharesHeldOrdinarySharesInformationAboutDirectorsAndCorporateAuditorsProposal	所有株式数（普通株式）、役員の状況（取締役（及び監査役））（議案）	FilingDateInstant_jpcrp030000-asr_E01777-000NeilHuntMember	shares	5000
jpcrp_cor:NumberOfSharesScheduledToBeHeldInformationAboutDirectorsAndCorporateAuditorsProposal	将来予定株式数、役員の状況（取締役（及び監査役））（議案）	FilingDateInstant_jpcrp030000-asr_E01777-000NeilHuntMember	shares	11000
jpcrp_cor:NumberOfSharesHeldOrdinarySharesInformationAboutDirectorsAndCorporateAuditorsProposal	所有株式数（普通株式）、役員の状況（取締役（及び監査役））（議案）	FilingDateInstant_jpcrp030000-asr_E01777-000WilliamMorrowMember	shares	5000
jpcrp_cor:NumberOfSharesScheduledToBeHeldInformationAboutDirectorsAndCorporateAuditorsProposal	将来予定株式数、役員の状況（取締役（及び監査役））（議案）	FilingDateInstant_jpcrp030000-asr_E01777-000WilliamMorrowMember	shares	11000
jpcrp_cor:NumberOfSharesHeldOrdinarySharesInformationAboutDirectorsAndCorporateAuditorsProposal	所有株式数（普通株式）、役員の状況（取締役（及び監査役））（議案）	FilingDateInstant_jpcrp030000-asr_E01777-000KonomotoShingoMember	shares	1000
jpcrp_cor:NumberOfSharesScheduledToBeHeldInformationAboutDirectorsAndCorporateAuditorsProposal	将来予定株式数、役員の状況（取締役（及び監査役））（議案）	FilingDateInstant_jpcrp030000-asr_E01777-000KonomotoShingoMember	shares	11000
jpcrp_cor:NumberOfSharesHeldOrdinarySharesInformationAboutDirectorsAndCorporateAuditorsProposal	所有株式数（普通株式）、役員の状況（取締役（及び監査役））（議案）	FilingDateInstant_jpcrp030000-asr_E01777-000GotoYorikoMember	shares	－
jpcrp_cor:NumberOfSharesScheduledToBeHeldInformationAboutDirectorsAndCorporateAuditorsProposal	将来予定株式数、役員の状況（取締役（及び監査役））（議案）	FilingDateInstant_jpcrp030000-asr_E01777-000GotoYorikoMember	shares	4000
jpcrp_cor:NumberOfSharesHeldOrdinarySharesInformationAboutDirectorsAndCorporateAuditorsProposal	所有株式数（普通株式）、役員の状況（取締役（及び監査役））（議案）	FilingDateInstant_jpcrp030000-asr_E01777-000NoraDenzelMember	shares	－
jpcrp_cor:NumberOfSharesScheduledToBeHeldInformationAboutDirectorsAndCorporateAuditorsProposal	将来予定株式数、役員の状況（取締役（及び監査役））（議案）	FilingDateInstant_jpcrp030000-asr_E01777-000NoraDenzelMember	shares	4000
jpcrp_cor:NumberOfSharesHeldOrdinarySharesInformationAboutDirectorsAndCorporateAuditorsProposal	所有株式数（普通株式）、役員の状況（取締役（及び監査役））（議案）	FilingDateInstant_jpcrp030000-asr_E01777-000HyodoMasayukiMember	shares	－
jpcrp_cor:NumberOfSharesScheduledToBeHeldInformationAboutDirectorsAndCorporateAuditorsProposal	将来予定株式数、役員の状況（取締役（及び監査役））（議案）	FilingDateInstant_jpcrp030000-asr_E01777-000HyodoMasayukiMember	shares	4000
jpcrp_cor:NumberOfSharesHeldOrdinarySharesInformationAboutDirectorsAndCorporateAuditorsProposal	所有株式数（普通株式）、役員の状況（取締役（及び監査役））（議案）	FilingDateInstant	shares	531000
jpcrp_cor:NumberOfSharesScheduledToBeHeldInformationAboutDirectorsAndCorporateAuditorsProposal	将来予定株式数、役員の状況（取締役（及び監査役））（議案）	FilingDateInstant	shares	776000
jpcrp_cor:AuditFeesReportingCompany	監査証明業務に基づく報酬－提出会社、監査公認会計士等	Prior1YearDuration	JPY	617000000
jpcrp_cor:NonAuditFeesReportingCompany	非監査業務に基づく報酬－提出会社、監査公認会計士等	Prior1YearDuration	JPY	90000000
jpcrp_cor:AuditFeesReportingCompany	監査証明業務に基づく報酬－提出会社、監査公認会計士等	CurrentYearDuration	JPY	696000000
jpcrp_cor:NonAuditFeesReportingCompany	非監査業務に基づく報酬－提出会社、監査公認会計士等	CurrentYearDuration	JPY	4000000
jpcrp_cor:AuditFeesConsolidatedSubsidiaries	監査証明業務に基づく報酬－連結子会社、監査公認会計士等	Prior1YearDuration	JPY	1661000000
jpcrp_cor:NonAuditFeesConsolidatedSubsidiaries	非監査業務に基づく報酬－連結子会社、監査公認会計士等	Prior1YearDuration	JPY	17000000
jpcrp_cor:AuditFeesConsolidatedSubsidiaries	監査証明業務に基づく報酬－連結子会社、監査公認会計士等	CurrentYearDuration	JPY	1761000000
jpcrp_cor:NonAuditFeesConsolidatedSubsidiaries	非監査業務に基づく報酬－連結子会社、監査公認会計士等	CurrentYearDuration	JPY	77000000
jpcrp_cor:AuditFeesTotal	監査証明業務に基づく報酬－計、監査公認会計士等	Prior1YearDuration	JPY	2278000000
jpcrp_cor:NonAuditFeesTotal	非監査業務に基づく報酬－計、監査公認会計士等	Prior1YearDuration	JPY	107000000
jpcrp_cor:AuditFeesTotal	監査証明業務に基づく報酬－計、監査公認会計士等	CurrentYearDuration	JPY	2457000000
jpcrp_cor:NonAuditFeesTotal	非監査業務に基づく報酬－計、監査公認会計士等	CurrentYearDuration	JPY	81000000
jpcrp_cor:AuditFeesReportingCompanyNetworkFirms	監査証明業務に基づく報酬－提出会社、ネットワークファーム	Prior1YearDuration	JPY	－
jpcrp_cor:NonAuditFeesReportingCompanyNetworkFirms	非監査業務に基づく報酬－提出会社、ネットワークファーム	Prior1YearDuration	JPY	－
jpcrp_cor:AuditFeesReportingCompanyNetworkFirms	監査証明業務に基づく報酬－提出会社、ネットワークファーム	CurrentYearDuration	JPY	－
jpcrp_cor:NonAuditFeesReportingCompanyNetworkFirms	非監査業務に基づく報酬－提出会社、ネットワークファーム	CurrentYearDuration	JPY	－
jpcrp_cor:AuditFeesConsolidatedSubsidiariesNetworkFirms	監査証明業務に基づく報酬－連結子会社、ネットワークファーム	Prior1YearDuration	JPY	3987000000
jpcrp_cor:NonAuditFeesConsolidatedSubsidiariesNetworkFirms	非監査業務に基づく報酬－連結子会社、ネットワークファーム	Prior1YearDuration	JPY	569000000
jpcrp_cor:AuditFeesConsolidatedSubsidiariesNetworkFirms	監査証明業務に基づく報酬－連結子会社、ネットワークファーム	CurrentYearDuration	JPY	4292000000
jpcrp_cor:NonAuditFeesConsolidatedSubsidiariesNetworkFirms	非監査業務に基づく報酬－連結子会社、ネットワークファーム	CurrentYearDuration	JPY	309000000
jpcrp_cor:AuditFeesTotalNetworkFirms	監査証明業務に基づく報酬－計、ネットワークファーム	Prior1YearDuration	JPY	3987000000
jpcrp_cor:NonAuditFeesTotalNetworkFirms	非監査業務に基づく報酬－計、ネットワークファーム	Prior1YearDuration	JPY	569000000
jpcrp_cor:AuditFeesTotalNetworkFirms	監査証明業務に基づく報酬－計、ネットワークファーム	CurrentYearDuration	JPY	4292000000
jpcrp_cor:NonAuditFeesTotalNetworkFirms	非監査業務に基づく報酬－計、ネットワークファーム	CurrentYearDuration	JPY	309000000
jpcrp030000-asr_E01777-000:NumberOfPersonsRemunerationRemunerationEtcByCategoryOfDirectorsAndOtherOfficers		CurrentYearDuration_jpcrp030000-asr_E01777-000DirectorsMember	pure	11
jpcrp030000-asr_E01777-000:FixedRemunerationRemunerationEtcByCategoryOfDirectorsAndOtherOfficers		CurrentYearDuration_jpcrp030000-asr_E01777-000DirectorsMember	JPY	277000000
jpcrp030000-asr_E01777-000:NumberOfPersonsPerformanceBasedRemunerationRemunerationEtcByCategoryOfDirectorsAndOtherOfficers		CurrentYearDuration_jpcrp030000-asr_E01777-000DirectorsMember	pure	－
jpcrp_cor:PerformanceBasedRemunerationRemunerationByCategoryOfDirectorsAndOtherOfficers	業績連動報酬、役員区分ごとの報酬等	CurrentYearDuration_jpcrp030000-asr_E01777-000DirectorsMember	JPY	－
jpcrp030000-asr_E01777-000:NumberOfPersonsShareOptionsRemunerationEtcByCategoryOfDirectorsAndOtherOfficers		CurrentYearDuration_jpcrp030000-asr_E01777-000DirectorsMember	pure	－
jpcrp_cor:ShareOptionRemunerationEtcByCategoryOfDirectorsAndOtherOfficers	ストックオプション、役員区分ごとの報酬等	CurrentYearDuration_jpcrp030000-asr_E01777-000DirectorsMember	JPY	－
jpcrp030000-asr_E01777-000:NumberOfPersonsRestrictedShareAwardsRemunerationEtcByCategoryOfDirectorsAndOtherOfficers		CurrentYearDuration_jpcrp030000-asr_E01777-000DirectorsMember	pure	7
jpcrp_cor:RestrictedShareAwardsRemunerationEtcByCategoryOfDirectorsAndOtherOfficers	譲渡制限付株式報酬、役員区分ごとの報酬等	CurrentYearDuration_jpcrp030000-asr_E01777-000DirectorsMember	JPY	79000000
jpcrp030000-asr_E01777-000:NumberOfPersonsRestrictedShareUnitsRemunerationEtcByCategoryOfDirectorsAndOtherOfficers		CurrentYearDuration_jpcrp030000-asr_E01777-000DirectorsMember	pure	11
jpcrp030000-asr_E01777-000:RestrictedShareUnitsRemunerationEtcByCategoryOfDirectorsAndOtherOfficers		CurrentYearDuration_jpcrp030000-asr_E01777-000DirectorsMember	JPY	73000000
jpcrp030000-asr_E01777-000:NumberOfPersonsPhantomRestrictedStockPlanRemunerationEtcByCategoryOfDirectorsAndOtherOfficers		CurrentYearDuration_jpcrp030000-asr_E01777-000DirectorsMember	pure	－
jpcrp030000-asr_E01777-000:PhantomRestrictedStockPlanRemunerationEtcByCategoryOfDirectorsAndOtherOfficers		CurrentYearDuration_jpcrp030000-asr_E01777-000DirectorsMember	JPY	－
jpcrp030000-asr_E01777-000:NumberOfPersonsRemunerationRemunerationEtcByCategoryOfDirectorsAndOtherOfficers		CurrentYearDuration_ExecutiveOfficersMember	pure	6
jpcrp030000-asr_E01777-000:FixedRemunerationRemunerationEtcByCategoryOfDirectorsAndOtherOfficers		CurrentYearDuration_ExecutiveOfficersMember	JPY	609000000
jpcrp030000-asr_E01777-000:NumberOfPersonsPerformanceBasedRemunerationRemunerationEtcByCategoryOfDirectorsAndOtherOfficers		CurrentYearDuration_ExecutiveOfficersMember	pure	6
jpcrp_cor:PerformanceBasedRemunerationRemunerationByCategoryOfDirectorsAndOtherOfficers	業績連動報酬、役員区分ごとの報酬等	CurrentYearDuration_ExecutiveOfficersMember	JPY	791000000
jpcrp030000-asr_E01777-000:NumberOfPersonsShareOptionsRemunerationEtcByCategoryOfDirectorsAndOtherOfficers		CurrentYearDuration_ExecutiveOfficersMember	pure	10
jpcrp_cor:ShareOptionRemunerationEtcByCategoryOfDirectorsAndOtherOfficers	ストックオプション、役員区分ごとの報酬等	CurrentYearDuration_ExecutiveOfficersMember	JPY	1191000000
jpcrp030000-asr_E01777-000:NumberOfPersonsRestrictedShareAwardsRemunerationEtcByCategoryOfDirectorsAndOtherOfficers		CurrentYearDuration_ExecutiveOfficersMember	pure	6
jpcrp_cor:RestrictedShareAwardsRemunerationEtcByCategoryOfDirectorsAndOtherOfficers	譲渡制限付株式報酬、役員区分ごとの報酬等	CurrentYearDuration_ExecutiveOfficersMember	JPY	852000000
jpcrp030000-asr_E01777-000:NumberOfPersonsRestrictedShareUnitsRemunerationEtcByCategoryOfDirectorsAndOtherOfficers		CurrentYearDuration_ExecutiveOfficersMember	pure	9
jpcrp030000-asr_E01777-000:RestrictedShareUnitsRemunerationEtcByCategoryOfDirectorsAndOtherOfficers		CurrentYearDuration_ExecutiveOfficersMember	JPY	2445000000
jpcrp030000-asr_E01777-000:NumberOfPersonsPhantomRestrictedStockPlanRemunerationEtcByCategoryOfDirectorsAndOtherOfficers		CurrentYearDuration_ExecutiveOfficersMember	pure	－
jpcrp030000-asr_E01777-000:PhantomRestrictedStockPlanRemunerationEtcByCategoryOfDirectorsAndOtherOfficers		CurrentYearDuration_ExecutiveOfficersMember	JPY	－
jpcrp_cor:TotalAmountOfRemunerationEtcPaidByGroupRemunerationEtcPaidByGroupToEachDirectorOrOtherOfficer	連結報酬等の総額、役員ごとの連結報酬等	CurrentYearDuration_jpcrp030000-asr_E01777-000YoshidaKenichiroMember	JPY	204000000
jpcrp_cor:TotalAmountOfRemunerationEtcPaidByGroupRemunerationEtcPaidByGroupToEachDirectorOrOtherOfficer	連結報酬等の総額、役員ごとの連結報酬等	CurrentYearDuration_jpcrp030000-asr_E01777-000TotokiHirokiMember	JPY	611000000
jpcrp_cor:TotalAmountOfRemunerationEtcPaidByGroupRemunerationEtcPaidByGroupToEachDirectorOrOtherOfficer	連結報酬等の総額、役員ごとの連結報酬等	CurrentYearDuration_jpcrp030000-asr_E01777-000MitomoToshimotoMember	JPY	146000000
jpcrp_cor:TotalAmountOfRemunerationEtcPaidByGroupRemunerationEtcPaidByGroupToEachDirectorOrOtherOfficer	連結報酬等の総額、役員ごとの連結報酬等	CurrentYearDuration_jpcrp030000-asr_E01777-000KoderaTsuyoshiMember	JPY	134000000
jpcrp_cor:TotalAmountOfRemunerationEtcPaidByGroupRemunerationEtcPaidByGroupToEachDirectorOrOtherOfficer	連結報酬等の総額、役員ごとの連結報酬等	CurrentYearDuration_jpcrp030000-asr_E01777-000ItoYasuhiroMember	JPY	111000000
jpcrp_cor:TotalAmountOfRemunerationEtcPaidByGroupRemunerationEtcPaidByGroupToEachDirectorOrOtherOfficer	連結報酬等の総額、役員ごとの連結報酬等	CurrentYearDuration_jpcrp030000-asr_E01777-000TaoLinMember	JPY	163000000
jpcrp_cor:NumberOfIssuesSharesNotListedInvestmentSharesHeldForPurposesOtherThanPureInvestmentReportingCompany	銘柄数、非上場株式、保有目的が純投資目的以外の目的である投資株式、提出会社	CurrentYearInstant	pure	130
jpcrp_cor:NumberOfIssuesSharesOtherThanThoseNotListedInvestmentSharesHeldForPurposesOtherThanPureInvestmentReportingCompany	銘柄数、非上場株式以外の株式、保有目的が純投資目的以外の目的である投資株式、提出会社	CurrentYearInstant	pure	5
jpcrp_cor:CarryingAmountSharesNotListedInvestmentSharesHeldForPurposesOtherThanPureInvestmentReportingCompany	貸借対照表計上額、非上場株式、保有目的が純投資目的以外の目的である投資株式、提出会社	CurrentYearInstant	JPY	38918000000
jpcrp_cor:CarryingAmountSharesOtherThanThoseNotListedInvestmentSharesHeldForPurposesOtherThanPureInvestmentReportingCompany	貸借対照表計上額、非上場株式以外の株式、保有目的が純投資目的以外の目的である投資株式、提出会社	CurrentYearInstant	JPY	129020000000
jpcrp_cor:NumberOfIssuesWhoseNumberOfSharesIncreasedSharesNotListedInvestmentSharesHeldForPurposesOtherThanPureInvestmentReportingCompany	株式数が増加した銘柄数、非上場株式、保有目的が純投資目的以外の目的である投資株式、提出会社	CurrentYearDuration	pure	17
jpcrp_cor:NumberOfIssuesWhoseNumberOfSharesIncreasedSharesOtherThanThoseNotListedInvestmentSharesHeldForPurposesOtherThanPureInvestmentReportingCompany	株式数が増加した銘柄数、非上場株式以外の株式、保有目的が純投資目的以外の目的である投資株式、提出会社	CurrentYearDuration	pure	2
jpcrp_cor:TotalAcquisitionCostForIncreasedSharesSharesNotListedInvestmentSharesHeldForPurposesOtherThanPureInvestmentReportingCompany	株式数の増加に係る取得価額の合計額、非上場株式、保有目的が純投資目的以外の目的である投資株式、提出会社	CurrentYearDuration	JPY	27195000000
jpcrp_cor:TotalAcquisitionCostForIncreasedSharesSharesOtherThanThoseNotListedInvestmentSharesHeldForPurposesOtherThanPureInvestmentReportingCompany	株式数の増加に係る取得価額の合計額、非上場株式以外の株式、保有目的が純投資目的以外の目的である投資株式、提出会社	CurrentYearDuration	JPY	73027000000
jpcrp_cor:NumberOfIssuesWhoseNumberOfSharesDecreasedSharesNotListedInvestmentSharesHeldForPurposesOtherThanPureInvestmentReportingCompany	株式数が減少した銘柄数、非上場株式、保有目的が純投資目的以外の目的である投資株式、提出会社	CurrentYearDuration	pure	10
jpcrp_cor:NumberOfIssuesWhoseNumberOfSharesDecreasedSharesOtherThanThoseNotListedInvestmentSharesHeldForPurposesOtherThanPureInvestmentReportingCompany	株式数が減少した銘柄数、非上場株式以外の株式、保有目的が純投資目的以外の目的である投資株式、提出会社	CurrentYearDuration	pure	3
jpcrp_cor:TotalSaleAmountForDecreasedSharesSharesNotListedInvestmentSharesHeldForPurposesOtherThanPureInvestmentReportingCompany	株式数の減少に係る売却価額の合計額、非上場株式、保有目的が純投資目的以外の目的である投資株式、提出会社	CurrentYearDuration	JPY	1384000000
jpcrp_cor:TotalSaleAmountForDecreasedSharesSharesOtherThanThoseNotListedInvestmentSharesHeldForPurposesOtherThanPureInvestmentReportingCompany	株式数の減少に係る売却価額の合計額、非上場株式以外の株式、保有目的が純投資目的以外の目的である投資株式、提出会社	CurrentYearDuration	JPY	566000000
jpcrp_cor:NumberOfSharesHeldDetailsOfSpecifiedInvestmentEquitySecuritiesHeldForPurposesOtherThanPureInvestmentReportingCompany	株式数、保有目的が純投資目的以外の目的である特定投資株式の明細、提出会社	CurrentYearInstant_Row1Member	shares	16381450
jpcrp_cor:NumberOfSharesHeldDetailsOfSpecifiedInvestmentEquitySecuritiesHeldForPurposesOtherThanPureInvestmentReportingCompany	株式数、保有目的が純投資目的以外の目的である特定投資株式の明細、提出会社	Prior1YearInstant_Row1Member	shares	14899050
jpcrp_cor:BookValueDetailsOfSpecifiedInvestmentEquitySecuritiesHeldForPurposesOtherThanPureInvestmentReportingCompany	貸借対照表計上額、保有目的が純投資目的以外の目的である特定投資株式の明細、提出会社	CurrentYearInstant_Row1Member	JPY	62200000000
jpcrp_cor:BookValueDetailsOfSpecifiedInvestmentEquitySecuritiesHeldForPurposesOtherThanPureInvestmentReportingCompany	貸借対照表計上額、保有目的が純投資目的以外の目的である特定投資株式の明細、提出会社	Prior1YearInstant_Row1Member	JPY	52951000000
jpcrp_cor:NumberOfSharesHeldDetailsOfSpecifiedInvestmentEquitySecuritiesHeldForPurposesOtherThanPureInvestmentReportingCompany	株式数、保有目的が純投資目的以外の目的である特定投資株式の明細、提出会社	CurrentYearInstant_Row2Member	shares	16000000
jpcrp_cor:NumberOfSharesHeldDetailsOfSpecifiedInvestmentEquitySecuritiesHeldForPurposesOtherThanPureInvestmentReportingCompany	株式数、保有目的が純投資目的以外の目的である特定投資株式の明細、提出会社	Prior1YearInstant_Row2Member	shares	－
jpcrp_cor:BookValueDetailsOfSpecifiedInvestmentEquitySecuritiesHeldForPurposesOtherThanPureInvestmentReportingCompany	貸借対照表計上額、保有目的が純投資目的以外の目的である特定投資株式の明細、提出会社	CurrentYearInstant_Row2Member	JPY	61872000000
jpcrp_cor:BookValueDetailsOfSpecifiedInvestmentEquitySecuritiesHeldForPurposesOtherThanPureInvestmentReportingCompany	貸借対照表計上額、保有目的が純投資目的以外の目的である特定投資株式の明細、提出会社	Prior1YearInstant_Row2Member	JPY	－
jpcrp_cor:NumberOfSharesHeldDetailsOfSpecifiedInvestmentEquitySecuritiesHeldForPurposesOtherThanPureInvestmentReportingCompany	株式数、保有目的が純投資目的以外の目的である特定投資株式の明細、提出会社	CurrentYearInstant_Row3Member	shares	1400000
jpcrp_cor:NumberOfSharesHeldDetailsOfSpecifiedInvestmentEquitySecuritiesHeldForPurposesOtherThanPureInvestmentReportingCompany	株式数、保有目的が純投資目的以外の目的である特定投資株式の明細、提出会社	Prior1YearInstant_Row3Member	shares	1400000
jpcrp_cor:BookValueDetailsOfSpecifiedInvestmentEquitySecuritiesHeldForPurposesOtherThanPureInvestmentReportingCompany	貸借対照表計上額、保有目的が純投資目的以外の目的である特定投資株式の明細、提出会社	CurrentYearInstant_Row3Member	JPY	3795000000
jpcrp_cor:BookValueDetailsOfSpecifiedInvestmentEquitySecuritiesHeldForPurposesOtherThanPureInvestmentReportingCompany	貸借対照表計上額、保有目的が純投資目的以外の目的である特定投資株式の明細、提出会社	Prior1YearInstant_Row3Member	JPY	4361000000
jpcrp_cor:NumberOfSharesHeldDetailsOfSpecifiedInvestmentEquitySecuritiesHeldForPurposesOtherThanPureInvestmentReportingCompany	株式数、保有目的が純投資目的以外の目的である特定投資株式の明細、提出会社	CurrentYearInstant_Row4Member	shares	962400
jpcrp_cor:NumberOfSharesHeldDetailsOfSpecifiedInvestmentEquitySecuritiesHeldForPurposesOtherThanPureInvestmentReportingCompany	株式数、保有目的が純投資目的以外の目的である特定投資株式の明細、提出会社	Prior1YearInstant_Row4Member	shares	962400
jpcrp_cor:BookValueDetailsOfSpecifiedInvestmentEquitySecuritiesHeldForPurposesOtherThanPureInvestmentReportingCompany	貸借対照表計上額、保有目的が純投資目的以外の目的である特定投資株式の明細、提出会社	CurrentYearInstant_Row4Member	JPY	866000000
jpcrp_cor:BookValueDetailsOfSpecifiedInvestmentEquitySecuritiesHeldForPurposesOtherThanPureInvestmentReportingCompany	貸借対照表計上額、保有目的が純投資目的以外の目的である特定投資株式の明細、提出会社	Prior1YearInstant_Row4Member	JPY	873000000
jpcrp_cor:NumberOfSharesHeldDetailsOfSpecifiedInvestmentEquitySecuritiesHeldForPurposesOtherThanPureInvestmentReportingCompany	株式数、保有目的が純投資目的以外の目的である特定投資株式の明細、提出会社	CurrentYearInstant_Row5Member	shares	230000
jpcrp_cor:NumberOfSharesHeldDetailsOfSpecifiedInvestmentEquitySecuritiesHeldForPurposesOtherThanPureInvestmentReportingCompany	株式数、保有目的が純投資目的以外の目的である特定投資株式の明細、提出会社	Prior1YearInstant_Row5Member	shares	230000
jpcrp_cor:BookValueDetailsOfSpecifiedInvestmentEquitySecuritiesHeldForPurposesOtherThanPureInvestmentReportingCompany	貸借対照表計上額、保有目的が純投資目的以外の目的である特定投資株式の明細、提出会社	CurrentYearInstant_Row5Member	JPY	286000000
jpcrp_cor:BookValueDetailsOfSpecifiedInvestmentEquitySecuritiesHeldForPurposesOtherThanPureInvestmentReportingCompany	貸借対照表計上額、保有目的が純投資目的以外の目的である特定投資株式の明細、提出会社	Prior1YearInstant_Row5Member	JPY	230000000
jpcrp_cor:NumberOfSharesHeldDetailsOfSpecifiedInvestmentEquitySecuritiesHeldForPurposesOtherThanPureInvestmentReportingCompany	株式数、保有目的が純投資目的以外の目的である特定投資株式の明細、提出会社	CurrentYearInstant_Row6Member	shares	－
jpcrp_cor:NumberOfSharesHeldDetailsOfSpecifiedInvestmentEquitySecuritiesHeldForPurposesOtherThanPureInvestmentReportingCompany	株式数、保有目的が純投資目的以外の目的である特定投資株式の明細、提出会社	Prior1YearInstant_Row6Member	shares	60000
jpcrp_cor:BookValueDetailsOfSpecifiedInvestmentEquitySecuritiesHeldForPurposesOtherThanPureInvestmentReportingCompany	貸借対照表計上額、保有目的が純投資目的以外の目的である特定投資株式の明細、提出会社	CurrentYearInstant_Row6Member	JPY	－
jpcrp_cor:BookValueDetailsOfSpecifiedInvestmentEquitySecuritiesHeldForPurposesOtherThanPureInvestmentReportingCompany	貸借対照表計上額、保有目的が純投資目的以外の目的である特定投資株式の明細、提出会社	Prior1YearInstant_Row6Member	JPY	214000000
jpcrp_cor:NumberOfSharesHeldDetailsOfSpecifiedInvestmentEquitySecuritiesHeldForPurposesOtherThanPureInvestmentReportingCompany	株式数、保有目的が純投資目的以外の目的である特定投資株式の明細、提出会社	CurrentYearInstant_Row7Member	shares	－
jpcrp_cor:NumberOfSharesHeldDetailsOfSpecifiedInvestmentEquitySecuritiesHeldForPurposesOtherThanPureInvestmentReportingCompany	株式数、保有目的が純投資目的以外の目的である特定投資株式の明細、提出会社	Prior1YearInstant_Row7Member	shares	46890
jpcrp_cor:BookValueDetailsOfSpecifiedInvestmentEquitySecuritiesHeldForPurposesOtherThanPureInvestmentReportingCompany	貸借対照表計上額、保有目的が純投資目的以外の目的である特定投資株式の明細、提出会社	CurrentYearInstant_Row7Member	JPY	－
jpcrp_cor:BookValueDetailsOfSpecifiedInvestmentEquitySecuritiesHeldForPurposesOtherThanPureInvestmentReportingCompany	貸借対照表計上額、保有目的が純投資目的以外の目的である特定投資株式の明細、提出会社	Prior1YearInstant_Row7Member	JPY	88000000
jpcrp_cor:NumberOfSharesHeldDetailsOfSpecifiedInvestmentEquitySecuritiesHeldForPurposesOtherThanPureInvestmentReportingCompany	株式数、保有目的が純投資目的以外の目的である特定投資株式の明細、提出会社	CurrentYearInstant_Row8Member	shares	－
jpcrp_cor:NumberOfSharesHeldDetailsOfSpecifiedInvestmentEquitySecuritiesHeldForPurposesOtherThanPureInvestmentReportingCompany	株式数、保有目的が純投資目的以外の目的である特定投資株式の明細、提出会社	Prior1YearInstant_Row8Member	shares	69000
jpcrp_cor:BookValueDetailsOfSpecifiedInvestmentEquitySecuritiesHeldForPurposesOtherThanPureInvestmentReportingCompany	貸借対照表計上額、保有目的が純投資目的以外の目的である特定投資株式の明細、提出会社	CurrentYearInstant_Row8Member	JPY	－
jpcrp_cor:BookValueDetailsOfSpecifiedInvestmentEquitySecuritiesHeldForPurposesOtherThanPureInvestmentReportingCompany	貸借対照表計上額、保有目的が純投資目的以外の目的である特定投資株式の明細、提出会社	Prior1YearInstant_Row8Member	JPY	55000000
jpcrp_cor:NumberOfSharesHeldDetailsOfDeemedHoldingsOfEquitySecuritiesHeldForPurposesOtherThanPureInvestmentReportingCompany	株式数、保有目的が純投資目的以外の目的であるみなし保有株式の明細、提出会社	CurrentYearInstant_Row1Member	shares	25038800
jpcrp_cor:NumberOfSharesHeldDetailsOfDeemedHoldingsOfEquitySecuritiesHeldForPurposesOtherThanPureInvestmentReportingCompany	株式数、保有目的が純投資目的以外の目的であるみなし保有株式の明細、提出会社	Prior1YearInstant_Row1Member	shares	6259700
jpcrp_cor:BookValueDetailsOfDeemedHoldingsOfEquitySecuritiesHeldForPurposesOtherThanPureInvestmentReportingCompany	貸借対照表計上額、保有目的が純投資目的以外の目的であるみなし保有株式の明細、提出会社	CurrentYearInstant_Row1Member	JPY	24788000000
jpcrp_cor:BookValueDetailsOfDeemedHoldingsOfEquitySecuritiesHeldForPurposesOtherThanPureInvestmentReportingCompany	貸借対照表計上額、保有目的が純投資目的以外の目的であるみなし保有株式の明細、提出会社	Prior1YearInstant_Row1Member	JPY	21659000000
jpcrp_cor:NumberOfSharesHeldDetailsOfDeemedHoldingsOfEquitySecuritiesHeldForPurposesOtherThanPureInvestmentReportingCompany	株式数、保有目的が純投資目的以外の目的であるみなし保有株式の明細、提出会社	CurrentYearInstant_Row2Member	shares	3900000
jpcrp_cor:NumberOfSharesHeldDetailsOfDeemedHoldingsOfEquitySecuritiesHeldForPurposesOtherThanPureInvestmentReportingCompany	株式数、保有目的が純投資目的以外の目的であるみなし保有株式の明細、提出会社	Prior1YearInstant_Row2Member	shares	3900000
jpcrp_cor:BookValueDetailsOfDeemedHoldingsOfEquitySecuritiesHeldForPurposesOtherThanPureInvestmentReportingCompany	貸借対照表計上額、保有目的が純投資目的以外の目的であるみなし保有株式の明細、提出会社	CurrentYearInstant_Row2Member	JPY	10121000000
jpcrp_cor:BookValueDetailsOfDeemedHoldingsOfEquitySecuritiesHeldForPurposesOtherThanPureInvestmentReportingCompany	貸借対照表計上額、保有目的が純投資目的以外の目的であるみなし保有株式の明細、提出会社	Prior1YearInstant_Row2Member	JPY	12090000000
jpcrp_cor:NumberOfSharesHeldDetailsOfDeemedHoldingsOfEquitySecuritiesHeldForPurposesOtherThanPureInvestmentReportingCompany	株式数、保有目的が純投資目的以外の目的であるみなし保有株式の明細、提出会社	CurrentYearInstant_Row3Member	shares	2951820
jpcrp_cor:NumberOfSharesHeldDetailsOfDeemedHoldingsOfEquitySecuritiesHeldForPurposesOtherThanPureInvestmentReportingCompany	株式数、保有目的が純投資目的以外の目的であるみなし保有株式の明細、提出会社	Prior1YearInstant_Row3Member	shares	2951820
jpcrp_cor:BookValueDetailsOfDeemedHoldingsOfEquitySecuritiesHeldForPurposesOtherThanPureInvestmentReportingCompany	貸借対照表計上額、保有目的が純投資目的以外の目的であるみなし保有株式の明細、提出会社	CurrentYearInstant_Row3Member	JPY	7760000000
jpcrp_cor:BookValueDetailsOfDeemedHoldingsOfEquitySecuritiesHeldForPurposesOtherThanPureInvestmentReportingCompany	貸借対照表計上額、保有目的が純投資目的以外の目的であるみなし保有株式の明細、提出会社	Prior1YearInstant_Row3Member	JPY	6760000000
jpcrp_cor:NumberOfIssuesSharesNotListedInvestmentSharesHeldForPurposesOtherThanPureInvestmentLargestHoldingCompany	銘柄数、非上場株式、保有目的が純投資目的以外の目的である投資株式、最大保有会社	CurrentYearInstant	pure	－
jpcrp_cor:NumberOfIssuesSharesOtherThanThoseNotListedInvestmentSharesHeldForPurposesOtherThanPureInvestmentLargestHoldingCompany	銘柄数、非上場株式以外の株式、保有目的が純投資目的以外の目的である投資株式、最大保有会社	CurrentYearInstant	pure	1
jpcrp_cor:CarryingAmountSharesNotListedInvestmentSharesHeldForPurposesOtherThanPureInvestmentLargestHoldingCompany	貸借対照表計上額、非上場株式、保有目的が純投資目的以外の目的である投資株式、最大保有会社	CurrentYearInstant	JPY	－
jpcrp_cor:CarryingAmountSharesOtherThanThoseNotListedInvestmentSharesHeldForPurposesOtherThanPureInvestmentLargestHoldingCompany	貸借対照表計上額、非上場株式以外の株式、保有目的が純投資目的以外の目的である投資株式、最大保有会社	CurrentYearInstant	JPY	397219000000
jpcrp_cor:NumberOfIssuesWhoseNumberOfSharesIncreasedSharesNotListedInvestmentSharesHeldForPurposesOtherThanPureInvestmentLargestHoldingCompany	株式数が増加した銘柄数、非上場株式、保有目的が純投資目的以外の目的である投資株式、最大保有会社	CurrentYearDuration	pure	－
jpcrp_cor:NumberOfIssuesWhoseNumberOfSharesIncreasedSharesOtherThanThoseNotListedInvestmentSharesHeldForPurposesOtherThanPureInvestmentLargestHoldingCompany	株式数が増加した銘柄数、非上場株式以外の株式、保有目的が純投資目的以外の目的である投資株式、最大保有会社	CurrentYearDuration	pure	－
jpcrp_cor:TotalAcquisitionCostForIncreasedSharesSharesNotListedInvestmentSharesHeldForPurposesOtherThanPureInvestmentLargestHoldingCompany	株式数の増加に係る取得価額の合計額、非上場株式、保有目的が純投資目的以外の目的である投資株式、最大保有会社	CurrentYearDuration	JPY	－
jpcrp_cor:TotalAcquisitionCostForIncreasedSharesSharesOtherThanThoseNotListedInvestmentSharesHeldForPurposesOtherThanPureInvestmentLargestHoldingCompany	株式数の増加に係る取得価額の合計額、非上場株式以外の株式、保有目的が純投資目的以外の目的である投資株式、最大保有会社	CurrentYearDuration	JPY	－
jpcrp_cor:NumberOfIssuesWhoseNumberOfSharesDecreasedSharesNotListedInvestmentSharesHeldForPurposesOtherThanPureInvestmentLargestHoldingCompany	株式数が減少した銘柄数、非上場株式、保有目的が純投資目的以外の目的である投資株式、最大保有会社	CurrentYearDuration	pure	－
jpcrp_cor:NumberOfIssuesWhoseNumberOfSharesDecreasedSharesOtherThanThoseNotListedInvestmentSharesHeldForPurposesOtherThanPureInvestmentLargestHoldingCompany	株式数が減少した銘柄数、非上場株式以外の株式、保有目的が純投資目的以外の目的である投資株式、最大保有会社	CurrentYearDuration	pure	－
jpcrp_cor:TotalSaleAmountForDecreasedSharesSharesNotListedInvestmentSharesHeldForPurposesOtherThanPureInvestmentLargestHoldingCompany	株式数の減少に係る売却価額の合計額、非上場株式、保有目的が純投資目的以外の目的である投資株式、最大保有会社	CurrentYearDuration	JPY	－
jpcrp_cor:TotalSaleAmountForDecreasedSharesSharesOtherThanThoseNotListedInvestmentSharesHeldForPurposesOtherThanPureInvestmentLargestHoldingCompany	株式数の減少に係る売却価額の合計額、非上場株式以外の株式、保有目的が純投資目的以外の目的である投資株式、最大保有会社	CurrentYearDuration	JPY	－
jpcrp_cor:NumberOfSharesHeldDetailsOfSpecifiedInvestmentEquitySecuritiesHeldForPurposesOtherThanPureInvestmentLargestHoldingCompany	株式数、保有目的が純投資目的以外の目的である特定投資株式の明細、最大保有会社	CurrentYearInstant_Row1Member	shares	5124560
jpcrp_cor:NumberOfSharesHeldDetailsOfSpecifiedInvestmentEquitySecuritiesHeldForPurposesOtherThanPureInvestmentLargestHoldingCompany	株式数、保有目的が純投資目的以外の目的である特定投資株式の明細、最大保有会社	Prior1YearInstant_Row1Member	shares	5124560
jpcrp_cor:BookValueDetailsOfSpecifiedInvestmentEquitySecuritiesHeldForPurposesOtherThanPureInvestmentLargestHoldingCompany	貸借対照表計上額、保有目的が純投資目的以外の目的である特定投資株式の明細、最大保有会社	CurrentYearInstant_Row1Member	JPY	397219000000
jpcrp_cor:BookValueDetailsOfSpecifiedInvestmentEquitySecuritiesHeldForPurposesOtherThanPureInvestmentLargestHoldingCompany	貸借対照表計上額、保有目的が純投資目的以外の目的である特定投資株式の明細、最大保有会社	Prior1YearInstant_Row1Member	JPY	420995000000
jpcrp_cor:NumberOfEmployees	従業員数	CurrentYearInstant_jpcrp030000-asr_E01777-000GameAndNetworkServicesReportableSegmentMember	pure	12300
jpcrp_cor:NumberOfEmployees	従業員数	CurrentYearInstant_jpcrp030000-asr_E01777-000MusicReportableSegmentMember	pure	11400
jpcrp_cor:NumberOfEmployees	従業員数	CurrentYearInstant_jpcrp030000-asr_E01777-000PicturesReportableSegmentMember	pure	11300
jpcrp_cor:NumberOfEmployees	従業員数	CurrentYearInstant_jpcrp030000-asr_E01777-000ElectronicsProductsAndSolutionsReportableSegmentMember	pure	33100
jpcrp_cor:NumberOfEmployees	従業員数	CurrentYearInstant_jpcrp030000-asr_E01777-000ImagingAndSensingSolutionsReportableSegmentMember	pure	18800
jpcrp_cor:NumberOfEmployees	従業員数	CurrentYearInstant_OperatingSegmentsNotIncludedInReportableSegmentsAndOtherRevenueGeneratingBusinessActivitiesMember	pure	1600
jpcrp_cor:NumberOfEmployees	従業員数	CurrentYearInstant_CorporateSharedMember	pure	6400
jpcrp_cor:NumberOfEmployees	従業員数	CurrentYearInstant	pure	94900
jpcrp_cor:NumberOfEmployees	従業員数	CurrentYearInstant_NonConsolidatedMember	pure	2166
jpcrp_cor:AverageAgeYearsInformationAboutReportingCompanyInformationAboutEmployees	平均年齢（年）、提出会社の状況、従業員の状況	CurrentYearInstant_NonConsolidatedMember	pure	42.7
jpcrp_cor:AverageLengthOfServiceYearsInformationAboutReportingCompanyInformationAboutEmployees	平均勤続年数（年）、提出会社の状況、従業員の状況	CurrentYearInstant_NonConsolidatedMember	pure	16.0
jpcrp_cor:AverageAnnualSalaryInformationAboutReportingCompanyInformationAboutEmployees	平均年間給与、提出会社の状況、従業員の状況	CurrentYearInstant_NonConsolidatedMember	JPY	11550986
jpcrp030000-asr_E01777-000:ChangeFromPreviousFiscalYearInAverageAnnualSalaryInformationAboutReportingCompanyInformationAboutEmployees		CurrentYearInstant_NonConsolidatedMember	pure	0.033
jpcrp_cor:NumberOfEmployees	従業員数	CurrentYearInstant_NonConsolidatedMember_CorporateSharedMember	pure	2166
jpcrp_cor:RatioOfFemaleEmployeesInManagerialPositionsMetricsOfReportingCompany	管理職に占める女性労働者の割合、提出会社の指標	CurrentYearInstant_NonConsolidatedMember	pure	0.205
jpcrp_cor:AllEmployeesCalculatedBasedOnProvisionsOfArticle714Item2OfOrdinanceForEnforcementOfActOnChildcareLeaveCaregiverLeaveAndOtherMeasuresForTheWelfareOfWorkersCaringForChildrenOrOtherFamilyMembersRatioOfMaleEmployeesTakingChildcareLeaveMetricsOfReportingCompany	全労働者、育児休業、介護休業等育児又は家族介護を行う労働者の福祉に関する法律施行規則第71条の6第2号における割合を算出、男性労働者の育児休業取得率、提出会社の指標	CurrentYearInstant_NonConsolidatedMember	pure	0.84
jpcrp_cor:AllEmployeesDifferencesInWagesBetweenMaleAndFemaleEmployeesMetricsOfReportingCompany	全労働者、労働者の男女の賃金の差異、提出会社の指標	CurrentYearInstant_NonConsolidatedMember	pure	0.828
jpcrp_cor:RegularEmployeesDifferencesInWagesBetweenMaleAndFemaleEmployeesMetricsOfReportingCompany	正規雇用労働者、労働者の男女の賃金の差異、提出会社の指標	CurrentYearInstant_NonConsolidatedMember	pure	0.834
jpcrp_cor:NonRegularEmployeesDifferencesInWagesBetweenMaleAndFemaleEmployeesMetricsOfReportingCompany	非正規雇用労働者、労働者の男女の賃金の差異、提出会社の指標	CurrentYearInstant_NonConsolidatedMember	pure	0.669
jpcrp_cor:RatioOfFemaleEmployeesInManagerialPositionsMetricsOfConsolidatedSubsidiaries	管理職に占める女性労働者の割合、連結子会社の指標	CurrentYearInstant_Row1Member	pure	0.146
jpcrp_cor:AllEmployeesRatioOfMaleEmployeesTakingChildcareLeaveMetricsOfConsolidatedSubsidiaries	全労働者、男性労働者の育児休業取得率、連結子会社の指標	CurrentYearInstant_Row1Member	pure	1.00
jpcrp_cor:AllEmployeesDifferencesInWagesBetweenMaleAndFemaleEmployeesMetricsOfConsolidatedSubsidiaries	全労働者、労働者の男女の賃金の差異、連結子会社の指標	CurrentYearInstant_Row1Member	pure	0.806
jpcrp_cor:RegularEmployeesDifferencesInWagesBetweenMaleAndFemaleEmployeesMetricsOfConsolidatedSubsidiaries	正規雇用労働者、労働者の男女の賃金の差異、連結子会社の指標	CurrentYearInstant_Row1Member	pure	0.809
jpcrp_cor:NonRegularEmployeesDifferencesInWagesBetweenMaleAndFemaleEmployeesMetricsOfConsolidatedSubsidiaries	非正規雇用労働者、労働者の男女の賃金の差異、連結子会社の指標	CurrentYearInstant_Row1Member	pure	0.835
jpcrp_cor:RatioOfFemaleEmployeesInManagerialPositionsMetricsOfConsolidatedSubsidiaries	管理職に占める女性労働者の割合、連結子会社の指標	CurrentYearInstant_Row2Member	pure	0.281
jpcrp_cor:AllEmployeesRatioOfMaleEmployeesTakingChildcareLeaveMetricsOfConsolidatedSubsidiaries	全労働者、男性労働者の育児休業取得率、連結子会社の指標	CurrentYearInstant_Row2Member	pure	0.75
jpcrp_cor:AllEmployeesDifferencesInWagesBetweenMaleAndFemaleEmployeesMetricsOfConsolidatedSubsidiaries	全労働者、労働者の男女の賃金の差異、連結子会社の指標	CurrentYearInstant_Row2Member	pure	0.681
jpcrp_cor:RegularEmployeesDifferencesInWagesBetweenMaleAndFemaleEmployeesMetricsOfConsolidatedSubsidiaries	正規雇用労働者、労働者の男女の賃金の差異、連結子会社の指標	CurrentYearInstant_Row2Member	pure	0.715
jpcrp_cor:NonRegularEmployeesDifferencesInWagesBetweenMaleAndFemaleEmployeesMetricsOfConsolidatedSubsidiaries	非正規雇用労働者、労働者の男女の賃金の差異、連結子会社の指標	CurrentYearInstant_Row2Member	pure	0.609
jpcrp_cor:RatioOfFemaleEmployeesInManagerialPositionsMetricsOfConsolidatedSubsidiaries	管理職に占める女性労働者の割合、連結子会社の指標	CurrentYearInstant_Row3Member	pure	0.101
jpcrp_cor:AllEmployeesRatioOfMaleEmployeesTakingChildcareLeaveMetricsOfConsolidatedSubsidiaries	全労働者、男性労働者の育児休業取得率、連結子会社の指標	CurrentYearInstant_Row3Member	pure	0.94
jpcrp_cor:AllEmployeesDifferencesInWagesBetweenMaleAndFemaleEmployeesMetricsOfConsolidatedSubsidiaries	全労働者、労働者の男女の賃金の差異、連結子会社の指標	CurrentYearInstant_Row3Member	pure	0.816
jpcrp_cor:RegularEmployeesDifferencesInWagesBetweenMaleAndFemaleEmployeesMetricsOfConsolidatedSubsidiaries	正規雇用労働者、労働者の男女の賃金の差異、連結子会社の指標	CurrentYearInstant_Row3Member	pure	0.811
jpcrp_cor:NonRegularEmployeesDifferencesInWagesBetweenMaleAndFemaleEmployeesMetricsOfConsolidatedSubsidiaries	非正規雇用労働者、労働者の男女の賃金の差異、連結子会社の指標	CurrentYearInstant_Row3Member	pure	0.799
jpcrp_cor:RatioOfFemaleEmployeesInManagerialPositionsMetricsOfConsolidatedSubsidiaries	管理職に占める女性労働者の割合、連結子会社の指標	CurrentYearInstant_Row4Member	pure	0.046
jpcrp_cor:AllEmployeesRatioOfMaleEmployeesTakingChildcareLeaveMetricsOfConsolidatedSubsidiaries	全労働者、男性労働者の育児休業取得率、連結子会社の指標	CurrentYearInstant_Row4Member	pure	0.92
jpcrp_cor:AllEmployeesDifferencesInWagesBetweenMaleAndFemaleEmployeesMetricsOfConsolidatedSubsidiaries	全労働者、労働者の男女の賃金の差異、連結子会社の指標	CurrentYearInstant_Row4Member	pure	0.738
jpcrp_cor:RegularEmployeesDifferencesInWagesBetweenMaleAndFemaleEmployeesMetricsOfConsolidatedSubsidiaries	正規雇用労働者、労働者の男女の賃金の差異、連結子会社の指標	CurrentYearInstant_Row4Member	pure	0.754
jpcrp_cor:NonRegularEmployeesDifferencesInWagesBetweenMaleAndFemaleEmployeesMetricsOfConsolidatedSubsidiaries	非正規雇用労働者、労働者の男女の賃金の差異、連結子会社の指標	CurrentYearInstant_Row4Member	pure	0.597
jpcrp_cor:RatioOfFemaleEmployeesInManagerialPositionsMetricsOfConsolidatedSubsidiaries	管理職に占める女性労働者の割合、連結子会社の指標	CurrentYearInstant_Row5Member	pure	0.021
jpcrp_cor:AllEmployeesRatioOfMaleEmployeesTakingChildcareLeaveMetricsOfConsolidatedSubsidiaries	全労働者、男性労働者の育児休業取得率、連結子会社の指標	CurrentYearInstant_Row5Member	pure	0.93
jpcrp_cor:AllEmployeesDifferencesInWagesBetweenMaleAndFemaleEmployeesMetricsOfConsolidatedSubsidiaries	全労働者、労働者の男女の賃金の差異、連結子会社の指標	CurrentYearInstant_Row5Member	pure	0.797
jpcrp_cor:RegularEmployeesDifferencesInWagesBetweenMaleAndFemaleEmployeesMetricsOfConsolidatedSubsidiaries	正規雇用労働者、労働者の男女の賃金の差異、連結子会社の指標	CurrentYearInstant_Row5Member	pure	0.799
jpcrp_cor:NonRegularEmployeesDifferencesInWagesBetweenMaleAndFemaleEmployeesMetricsOfConsolidatedSubsidiaries	非正規雇用労働者、労働者の男女の賃金の差異、連結子会社の指標	CurrentYearInstant_Row5Member	pure	0.826
jpcrp_cor:RatioOfFemaleEmployeesInManagerialPositionsMetricsOfConsolidatedSubsidiaries	管理職に占める女性労働者の割合、連結子会社の指標	CurrentYearInstant_Row6Member	pure	0.060
jpcrp_cor:AllEmployeesRatioOfMaleEmployeesTakingChildcareLeaveMetricsOfConsolidatedSubsidiaries	全労働者、男性労働者の育児休業取得率、連結子会社の指標	CurrentYearInstant_Row6Member	pure	1.00
jpcrp_cor:AllEmployeesDifferencesInWagesBetweenMaleAndFemaleEmployeesMetricsOfConsolidatedSubsidiaries	全労働者、労働者の男女の賃金の差異、連結子会社の指標	CurrentYearInstant_Row6Member	pure	0.768
jpcrp_cor:RegularEmployeesDifferencesInWagesBetweenMaleAndFemaleEmployeesMetricsOfConsolidatedSubsidiaries	正規雇用労働者、労働者の男女の賃金の差異、連結子会社の指標	CurrentYearInstant_Row6Member	pure	0.759
jpcrp_cor:NonRegularEmployeesDifferencesInWagesBetweenMaleAndFemaleEmployeesMetricsOfConsolidatedSubsidiaries	非正規雇用労働者、労働者の男女の賃金の差異、連結子会社の指標	CurrentYearInstant_Row6Member	pure	1.130
jpcrp_cor:RatioOfFemaleEmployeesInManagerialPositionsMetricsOfConsolidatedSubsidiaries	管理職に占める女性労働者の割合、連結子会社の指標	CurrentYearInstant_Row7Member	pure	0.000
jpcrp_cor:AllEmployeesRatioOfMaleEmployeesTakingChildcareLeaveMetricsOfConsolidatedSubsidiaries	全労働者、男性労働者の育児休業取得率、連結子会社の指標	CurrentYearInstant_Row7Member	pure	－
jpcrp_cor:AllEmployeesDifferencesInWagesBetweenMaleAndFemaleEmployeesMetricsOfConsolidatedSubsidiaries	全労働者、労働者の男女の賃金の差異、連結子会社の指標	CurrentYearInstant_Row7Member	pure	0.771
jpcrp_cor:RegularEmployeesDifferencesInWagesBetweenMaleAndFemaleEmployeesMetricsOfConsolidatedSubsidiaries	正規雇用労働者、労働者の男女の賃金の差異、連結子会社の指標	CurrentYearInstant_Row7Member	pure	0.768
jpcrp_cor:NonRegularEmployeesDifferencesInWagesBetweenMaleAndFemaleEmployeesMetricsOfConsolidatedSubsidiaries	非正規雇用労働者、労働者の男女の賃金の差異、連結子会社の指標	CurrentYearInstant_Row7Member	pure	0.654
jpcrp_cor:RatioOfFemaleEmployeesInManagerialPositionsMetricsOfConsolidatedSubsidiaries	管理職に占める女性労働者の割合、連結子会社の指標	CurrentYearInstant_Row8Member	pure	0.106
jpcrp_cor:AllEmployeesRatioOfMaleEmployeesTakingChildcareLeaveMetricsOfConsolidatedSubsidiaries	全労働者、男性労働者の育児休業取得率、連結子会社の指標	CurrentYearInstant_Row8Member	pure	0.92
jpcrp_cor:AllEmployeesDifferencesInWagesBetweenMaleAndFemaleEmployeesMetricsOfConsolidatedSubsidiaries	全労働者、労働者の男女の賃金の差異、連結子会社の指標	CurrentYearInstant_Row8Member	pure	0.805
jpcrp_cor:RegularEmployeesDifferencesInWagesBetweenMaleAndFemaleEmployeesMetricsOfConsolidatedSubsidiaries	正規雇用労働者、労働者の男女の賃金の差異、連結子会社の指標	CurrentYearInstant_Row8Member	pure	0.785
jpcrp_cor:NonRegularEmployeesDifferencesInWagesBetweenMaleAndFemaleEmployeesMetricsOfConsolidatedSubsidiaries	非正規雇用労働者、労働者の男女の賃金の差異、連結子会社の指標	CurrentYearInstant_Row8Member	pure	0.950
jpcrp_cor:RatioOfFemaleEmployeesInManagerialPositionsMetricsOfConsolidatedSubsidiaries	管理職に占める女性労働者の割合、連結子会社の指標	CurrentYearInstant_Row9Member	pure	0.105
jpcrp_cor:AllEmployeesRatioOfMaleEmployeesTakingChildcareLeaveMetricsOfConsolidatedSubsidiaries	全労働者、男性労働者の育児休業取得率、連結子会社の指標	CurrentYearInstant_Row9Member	pure	0.78
jpcrp_cor:AllEmployeesDifferencesInWagesBetweenMaleAndFemaleEmployeesMetricsOfConsolidatedSubsidiaries	全労働者、労働者の男女の賃金の差異、連結子会社の指標	CurrentYearInstant_Row9Member	pure	0.723
jpcrp_cor:RegularEmployeesDifferencesInWagesBetweenMaleAndFemaleEmployeesMetricsOfConsolidatedSubsidiaries	正規雇用労働者、労働者の男女の賃金の差異、連結子会社の指標	CurrentYearInstant_Row9Member	pure	0.725
jpcrp_cor:NonRegularEmployeesDifferencesInWagesBetweenMaleAndFemaleEmployeesMetricsOfConsolidatedSubsidiaries	非正規雇用労働者、労働者の男女の賃金の差異、連結子会社の指標	CurrentYearInstant_Row9Member	pure	0.779
jpigp_cor:CashAndCashEquivalentsIFRS	現金及び現金同等物（IFRS）	Prior1YearInstant	JPY	2980956000000
jpigp_cor:CashAndCashEquivalentsIFRS	現金及び現金同等物（IFRS）	CurrentYearInstant	JPY	2208879000000
jpcrp030000-asr_E01777-000:InvestmentsAndAdvancesInTheFinancialServicesSegmentCAIFRS		Prior1YearInstant	JPY	453677000000
jpcrp030000-asr_E01777-000:InvestmentsAndAdvancesInTheFinancialServicesSegmentCAIFRS		CurrentYearInstant	JPY	－
jpcrp030000-asr_E01777-000:TradeReceivablesOtherReceivablesAndContractAssetsCAIFRS		Prior1YearInstant	JPY	1943184000000
jpcrp030000-asr_E01777-000:TradeReceivablesOtherReceivablesAndContractAssetsCAIFRS		CurrentYearInstant	JPY	1821916000000
jpigp_cor:InventoriesCAIFRS	棚卸資産、流動資産（IFRS）	Prior1YearInstant	JPY	1310770000000
jpigp_cor:InventoriesCAIFRS	棚卸資産、流動資産（IFRS）	CurrentYearInstant	JPY	1227351000000
jpigp_cor:OtherFinancialAssetsCAIFRS	その他の金融資産、流動資産（IFRS）	Prior1YearInstant	JPY	145192000000
jpigp_cor:OtherFinancialAssetsCAIFRS	その他の金融資産、流動資産（IFRS）	CurrentYearInstant	JPY	28167000000
jpigp_cor:OtherCurrentAssetsCAIFRS	その他の流動資産（IFRS）	Prior1YearInstant	JPY	621209000000
jpigp_cor:OtherCurrentAssetsCAIFRS	その他の流動資産（IFRS）	CurrentYearInstant	JPY	663678000000
jpigp_cor:CurrentAssetsIFRS	流動資産（IFRS）	Prior1YearInstant	JPY	7454988000000
jpigp_cor:CurrentAssetsIFRS	流動資産（IFRS）	CurrentYearInstant	JPY	5949991000000
jpigp_cor:InvestmentsAccountedForUsingEquityMethodIFRS	持分法で会計処理されている投資（IFRS）	Prior1YearInstant	JPY	347718000000
jpigp_cor:InvestmentsAccountedForUsingEquityMethodIFRS	持分法で会計処理されている投資（IFRS）	CurrentYearInstant	JPY	483709000000
jpcrp030000-asr_E01777-000:InvestmentsAndAdvancesInTheFinancialServicesSegmentNCAIFRS		Prior1YearInstant	JPY	18736298000000
jpcrp030000-asr_E01777-000:InvestmentsAndAdvancesInTheFinancialServicesSegmentNCAIFRS		CurrentYearInstant	JPY	－
jpigp_cor:PropertyPlantAndEquipmentIFRS	有形固定資産（IFRS）	Prior1YearInstant	JPY	1513660000000
jpigp_cor:PropertyPlantAndEquipmentIFRS	有形固定資産（IFRS）	CurrentYearInstant	JPY	1453805000000
jpigp_cor:RightOfUseAssetsIFRS	使用権資産（IFRS）	Prior1YearInstant	JPY	521685000000
jpigp_cor:RightOfUseAssetsIFRS	使用権資産（IFRS）	CurrentYearInstant	JPY	524345000000
jpigp_cor:GoodwillIFRS	のれん（IFRS）	Prior1YearInstant	JPY	1508721000000
jpigp_cor:GoodwillIFRS	のれん（IFRS）	CurrentYearInstant	JPY	1673906000000
jpcrp030000-asr_E01777-000:ContentAssetsNCAIFRS		Prior1YearInstant	JPY	2249048000000
jpcrp030000-asr_E01777-000:ContentAssetsNCAIFRS		CurrentYearInstant	JPY	2558615000000
jpigp_cor:OtherIntangibleAssetsIFRS	その他の無形資産（IFRS）	Prior1YearInstant	JPY	671212000000
jpigp_cor:OtherIntangibleAssetsIFRS	その他の無形資産（IFRS）	CurrentYearInstant	JPY	659578000000
jpigp_cor:DeferredTaxAssetsIFRS	繰延税金資産（IFRS）	Prior1YearInstant	JPY	559284000000
jpigp_cor:DeferredTaxAssetsIFRS	繰延税金資産（IFRS）	CurrentYearInstant	JPY	560800000000
jpigp_cor:OtherFinancialAssetsNCAIFRS	その他の金融資産、非流動資産（IFRS）	Prior1YearInstant	JPY	1164630000000
jpigp_cor:OtherFinancialAssetsNCAIFRS	その他の金融資産、非流動資産（IFRS）	CurrentYearInstant	JPY	1173819000000
jpigp_cor:OtherNonCurrentAssetsNCAIFRS	その他の非流動資産（IFRS）	Prior1YearInstant	JPY	565929000000
jpigp_cor:OtherNonCurrentAssetsNCAIFRS	その他の非流動資産（IFRS）	CurrentYearInstant	JPY	644922000000
jpigp_cor:NonCurrentAssetsIFRS	非流動資産（IFRS）	Prior1YearInstant	JPY	27838185000000
jpigp_cor:NonCurrentAssetsIFRS	非流動資産（IFRS）	CurrentYearInstant	JPY	9733499000000
jpigp_cor:AssetsIFRS	資産（IFRS）	Prior1YearInstant	JPY	35293173000000
jpigp_cor:AssetsIFRS	資産（IFRS）	CurrentYearInstant	JPY	15683490000000
jpigp_cor:BorrowingsCLIFRS	借入金、流動負債（IFRS）	Prior1YearInstant	JPY	1843959000000
jpigp_cor:BorrowingsCLIFRS	借入金、流動負債（IFRS）	CurrentYearInstant	JPY	51183000000
jpigp_cor:LeaseLiabilitiesCLIFRS	リース負債、流動負債（IFRS）	Prior1YearInstant	JPY	90495000000
jpigp_cor:LeaseLiabilitiesCLIFRS	リース負債、流動負債（IFRS）	CurrentYearInstant	JPY	94160000000
jpcrp030000-asr_E01777-000:CurrentPortionOfLongTermDebtCLIFRS		Prior1YearInstant	JPY	196950000000
jpcrp030000-asr_E01777-000:CurrentPortionOfLongTermDebtCLIFRS		CurrentYearInstant	JPY	166410000000
jpigp_cor:TradeAndOtherPayablesCLIFRS	営業債務及びその他の債務、流動負債（IFRS）	Prior1YearInstant	JPY	2100144000000
jpigp_cor:TradeAndOtherPayablesCLIFRS	営業債務及びその他の債務、流動負債（IFRS）	CurrentYearInstant	JPY	2240566000000
jpcrp030000-asr_E01777-000:DepositsFromCustomersInTheBankingBusinessCLIFRS		Prior1YearInstant	JPY	3981193000000
jpcrp030000-asr_E01777-000:DepositsFromCustomersInTheBankingBusinessCLIFRS		CurrentYearInstant	JPY	－
jpigp_cor:IncomeTaxesPayableCLIFRS	未払法人所得税、流動負債（IFRS）	Prior1YearInstant	JPY	89485000000
jpigp_cor:IncomeTaxesPayableCLIFRS	未払法人所得税、流動負債（IFRS）	CurrentYearInstant	JPY	196000000000
jpcrp030000-asr_E01777-000:ParticipationLiabilitiesInThePicturesSegmentCLIFRS		Prior1YearInstant	JPY	236752000000
jpcrp030000-asr_E01777-000:ParticipationLiabilitiesInThePicturesSegmentCLIFRS		CurrentYearInstant	JPY	223233000000
jpigp_cor:ContractLiabilitiesCLIFRS	契約負債、流動負債（IFRS）	Prior1YearInstant	JPY	590719000000
jpigp_cor:ContractLiabilitiesCLIFRS	契約負債、流動負債（IFRS）	CurrentYearInstant	JPY	594336000000
jpigp_cor:OtherFinancialLiabilitiesCLIFRS	その他の金融負債、流動負債（IFRS）	Prior1YearInstant	JPY	110689000000
jpigp_cor:OtherFinancialLiabilitiesCLIFRS	その他の金融負債、流動負債（IFRS）	CurrentYearInstant	JPY	115785000000
jpigp_cor:OtherCurrentLiabilitiesCLIFRS	その他の流動負債（IFRS）	Prior1YearInstant	JPY	1448402000000
jpigp_cor:OtherCurrentLiabilitiesCLIFRS	その他の流動負債（IFRS）	CurrentYearInstant	JPY	1350951000000
jpigp_cor:TotalCurrentLiabilitiesIFRS	流動負債（IFRS）	Prior1YearInstant	JPY	10688788000000
jpigp_cor:TotalCurrentLiabilitiesIFRS	流動負債（IFRS）	CurrentYearInstant	JPY	5032624000000
jpcrp030000-asr_E01777-000:LongTermDebt2NCLIFRS		Prior1YearInstant	JPY	1557867000000
jpcrp030000-asr_E01777-000:LongTermDebt2NCLIFRS		CurrentYearInstant	JPY	824393000000
jpigp_cor:LeaseLiabilitiesNCLIFRS	リース負債、非流動負債（IFRS）	Prior1YearInstant	JPY	508975000000
jpigp_cor:LeaseLiabilitiesNCLIFRS	リース負債、非流動負債（IFRS）	CurrentYearInstant	JPY	533523000000
jpigp_cor:RetirementBenefitLiabilityNCLIFRS	退職給付に係る負債、非流動負債（IFRS）	Prior1YearInstant	JPY	236941000000
jpigp_cor:RetirementBenefitLiabilityNCLIFRS	退職給付に係る負債、非流動負債（IFRS）	CurrentYearInstant	JPY	165017000000
jpigp_cor:DeferredTaxLiabilitiesIFRS	繰延税金負債（IFRS）	Prior1YearInstant	JPY	175228000000
jpigp_cor:DeferredTaxLiabilitiesIFRS	繰延税金負債（IFRS）	CurrentYearInstant	JPY	211391000000
jpcrp030000-asr_E01777-000:InsuranceContractLiabilitiesNCLIFRS		Prior1YearInstant	JPY	12689306000000
jpcrp030000-asr_E01777-000:InsuranceContractLiabilitiesNCLIFRS		CurrentYearInstant	JPY	－
jpcrp030000-asr_E01777-000:ParticipationLiabilitiesInThePicturesSegmentNCLIFRS		Prior1YearInstant	JPY	188919000000
jpcrp030000-asr_E01777-000:ParticipationLiabilitiesInThePicturesSegmentNCLIFRS		CurrentYearInstant	JPY	140893000000
jpigp_cor:OtherFinancialLiabilitiesNCLIFRS	その他の金融負債、非流動負債（IFRS）	Prior1YearInstant	JPY	574351000000
jpigp_cor:OtherFinancialLiabilitiesNCLIFRS	その他の金融負債、非流動負債（IFRS）	CurrentYearInstant	JPY	105827000000
jpigp_cor:OtherNonCurrentLiabilitiesNCLIFRS	その他の非流動負債（IFRS）	Prior1YearInstant	JPY	162647000000
jpigp_cor:OtherNonCurrentLiabilitiesNCLIFRS	その他の非流動負債（IFRS）	CurrentYearInstant	JPY	156233000000
jpigp_cor:NonCurrentLabilitiesIFRS	非流動負債（IFRS）	Prior1YearInstant	JPY	16094234000000
jpigp_cor:NonCurrentLabilitiesIFRS	非流動負債（IFRS）	CurrentYearInstant	JPY	2137277000000
jpigp_cor:LiabilitiesIFRS	負債（IFRS）	Prior1YearInstant	JPY	26783022000000
jpigp_cor:LiabilitiesIFRS	負債（IFRS）	CurrentYearInstant	JPY	7169901000000
jpigp_cor:ShareCapitalIFRS	資本金（IFRS）	Prior1YearInstant	JPY	881357000000
jpigp_cor:ShareCapitalIFRS	資本金（IFRS）	CurrentYearInstant	JPY	881357000000
jpigp_cor:CapitalSurplusIFRS	資本剰余金（IFRS）	Prior1YearInstant	JPY	1483527000000
jpigp_cor:CapitalSurplusIFRS	資本剰余金（IFRS）	CurrentYearInstant	JPY	1465499000000
jpigp_cor:RetainedEarningsIFRS	利益剰余金（IFRS）	Prior1YearInstant	JPY	6678168000000
jpigp_cor:RetainedEarningsIFRS	利益剰余金（IFRS）	CurrentYearInstant	JPY	5294890000000
jpigp_cor:AccumulatedOtherComprehensiveIncomeIFRS	その他の包括利益累計額（IFRS）	Prior1YearInstant	JPY	-566447000000
jpigp_cor:AccumulatedOtherComprehensiveIncomeIFRS	その他の包括利益累計額（IFRS）	CurrentYearInstant	JPY	1229371000000
jpigp_cor:TreasurySharesIFRS	自己株式（IFRS）	Prior1YearInstant	JPY	-296860000000
jpigp_cor:TreasurySharesIFRS	自己株式（IFRS）	CurrentYearInstant	JPY	-752106000000
jpigp_cor:EquityAttributableToOwnersOfParentIFRS	親会社の所有者に帰属する持分（IFRS）	Prior1YearInstant	JPY	8179745000000
jpigp_cor:EquityAttributableToOwnersOfParentIFRS	親会社の所有者に帰属する持分（IFRS）	CurrentYearInstant	JPY	8119011000000
jpigp_cor:NonControllingInterestsIFRS	非支配持分（IFRS）	Prior1YearInstant	JPY	330406000000
jpigp_cor:NonControllingInterestsIFRS	非支配持分（IFRS）	CurrentYearInstant	JPY	394578000000
jpigp_cor:EquityIFRS	資本（IFRS）	Prior1YearInstant	JPY	8510151000000
jpigp_cor:EquityIFRS	資本（IFRS）	CurrentYearInstant	JPY	8513589000000
jpigp_cor:LiabilitiesAndEquityIFRS	負債及び資本（IFRS）	Prior1YearInstant	JPY	35293173000000
jpigp_cor:LiabilitiesAndEquityIFRS	負債及び資本（IFRS）	CurrentYearInstant	JPY	15683490000000
jpigp_cor:NetSalesIFRS	売上高（IFRS）	Prior1YearDuration	JPY	12034917000000
jpigp_cor:NetSalesIFRS	売上高（IFRS）	CurrentYearDuration	JPY	12479620000000
jpigp_cor:CostOfSalesIFRS	売上原価（IFRS）	Prior1YearDuration	JPY	8504810000000
jpigp_cor:CostOfSalesIFRS	売上原価（IFRS）	CurrentYearDuration	JPY	8635225000000
jpigp_cor:SellingGeneralAndAdministrativeExpensesIFRS	販売費及び一般管理費（IFRS）	Prior1YearDuration	JPY	2256829000000
jpigp_cor:SellingGeneralAndAdministrativeExpensesIFRS	販売費及び一般管理費（IFRS）	CurrentYearDuration	JPY	2298638000000
jpcrp030000-asr_E01777-000:OtherOperatingIncomeExpenseNetCostsAndExpensesIFRS		Prior1YearDuration	JPY	-11222000000
jpcrp030000-asr_E01777-000:OtherOperatingIncomeExpenseNetCostsAndExpensesIFRS		CurrentYearDuration	JPY	34056000000
jpcrp030000-asr_E01777-000:CostsAndExpensesCostsAndExpensesIFRS		Prior1YearDuration	JPY	10750417000000
jpcrp030000-asr_E01777-000:CostsAndExpensesCostsAndExpensesIFRS		CurrentYearDuration	JPY	10967919000000
jpigp_cor:ShareOfProfitLossOfInvestmentsAccountedForUsingEquityMethodIFRS	持分法による投資損益（△は損失）（IFRS）	Prior1YearDuration	JPY	-7865000000
jpigp_cor:ShareOfProfitLossOfInvestmentsAccountedForUsingEquityMethodIFRS	持分法による投資損益（△は損失）（IFRS）	CurrentYearDuration	JPY	-64194000000
jpigp_cor:OperatingProfitLossIFRS	営業利益（△損失）（IFRS）	Prior1YearDuration	JPY	1276635000000
jpigp_cor:OperatingProfitLossIFRS	営業利益（△損失）（IFRS）	CurrentYearDuration	JPY	1447507000000
jpigp_cor:FinanceIncomeIFRS	金融収益（IFRS）	Prior1YearDuration	JPY	139024000000
jpigp_cor:FinanceIncomeIFRS	金融収益（IFRS）	CurrentYearDuration	JPY	76041000000
jpigp_cor:FinanceCostsIFRS	金融費用（IFRS）	Prior1YearDuration	JPY	72461000000
jpigp_cor:FinanceCostsIFRS	金融費用（IFRS）	CurrentYearDuration	JPY	101174000000
jpigp_cor:ProfitLossBeforeTaxIFRS	継続事業からの税引前利益（△損失）（IFRS）	Prior1YearDuration	JPY	1343198000000
jpigp_cor:ProfitLossBeforeTaxIFRS	継続事業からの税引前利益（△損失）（IFRS）	CurrentYearDuration	JPY	1422374000000
jpigp_cor:IncomeTaxExpenseIFRS	法人所得税費用（IFRS）	Prior1YearDuration	JPY	257480000000
jpigp_cor:IncomeTaxExpenseIFRS	法人所得税費用（IFRS）	CurrentYearDuration	JPY	367108000000
jpigp_cor:ProfitLossFromContinuingOperationsIFRS	継続事業からの当期利益（△損失）（IFRS）	Prior1YearDuration	JPY	1085718000000
jpigp_cor:ProfitLossFromContinuingOperationsIFRS	継続事業からの当期利益（△損失）（IFRS）	CurrentYearDuration	JPY	1055266000000
jpigp_cor:ProfitLossFromDiscontinuedOperationsIFRS	非継続事業からの当期利益（△損失）（IFRS）	Prior1YearDuration	JPY	74169000000
jpigp_cor:ProfitLossFromDiscontinuedOperationsIFRS	非継続事業からの当期利益（△損失）（IFRS）	CurrentYearDuration	JPY	-1357758000000
jpigp_cor:ProfitLossIFRS	当期利益（△損失）（IFRS）	Prior1YearDuration	JPY	1159887000000
jpigp_cor:ProfitLossIFRS	当期利益（△損失）（IFRS）	CurrentYearDuration	JPY	-302492000000
jpigp_cor:ProfitLossAttributableToOwnersOfParentIFRS	親会社の所有者、当期利益（△損失）（IFRS）	Prior1YearDuration	JPY	1141600000000
jpigp_cor:ProfitLossAttributableToOwnersOfParentIFRS	親会社の所有者、当期利益（△損失）（IFRS）	CurrentYearDuration	JPY	-326865000000
jpcrp030000-asr_E01777-000:ProfitLossFromContinuingOperationsProfitLossAttributableToOwnersOfParentIFRS		Prior1YearDuration	JPY	1067431000000
jpcrp030000-asr_E01777-000:ProfitLossFromContinuingOperationsProfitLossAttributableToOwnersOfParentIFRS		CurrentYearDuration	JPY	1030893000000
jpcrp030000-asr_E01777-000:ProfitLossFromDiscontinuedOperationsProfitLossAttributableToOwnersOfParentIFRS		Prior1YearDuration	JPY	74169000000
jpcrp030000-asr_E01777-000:ProfitLossFromDiscontinuedOperationsProfitLossAttributableToOwnersOfParentIFRS		CurrentYearDuration	JPY	-1357758000000
jpigp_cor:ProfitLossAttributableToNonControllingInterestsIFRS	非支配持分、当期利益（△損失）（IFRS）	Prior1YearDuration	JPY	18287000000
jpigp_cor:ProfitLossAttributableToNonControllingInterestsIFRS	非支配持分、当期利益（△損失）（IFRS）	CurrentYearDuration	JPY	24373000000
jpigp_cor:BasicEarningsLossPerShareIFRS	基本的１株当たり当期利益（△損失）（IFRS）	Prior1YearDuration	JPYPerShares	188.71
jpigp_cor:BasicEarningsLossPerShareIFRS	基本的１株当たり当期利益（△損失）（IFRS）	CurrentYearDuration	JPYPerShares	-54.70
jpigp_cor:ContinuingOperationsBasicEarningsLossPerShareIFRS	継続事業、基本的１株当たり当期利益（△損失）（IFRS）	Prior1YearDuration	JPYPerShares	176.45
jpigp_cor:ContinuingOperationsBasicEarningsLossPerShareIFRS	継続事業、基本的１株当たり当期利益（△損失）（IFRS）	CurrentYearDuration	JPYPerShares	172.51
jpigp_cor:DiscontinuedOperationsBasicEarningsLossPerShareIFRS	非継続事業、基本的１株当たり当期利益（△損失）（IFRS）	Prior1YearDuration	JPYPerShares	12.26
jpigp_cor:DiscontinuedOperationsBasicEarningsLossPerShareIFRS	非継続事業、基本的１株当たり当期利益（△損失）（IFRS）	CurrentYearDuration	JPYPerShares	-227.21
jpigp_cor:DilutedEarningsLossPerShareIFRS	希薄化後１株当たり当期利益（△損失）（IFRS）	Prior1YearDuration	JPYPerShares	187.92
jpigp_cor:DilutedEarningsLossPerShareIFRS	希薄化後１株当たり当期利益（△損失）（IFRS）	CurrentYearDuration	JPYPerShares	-54.36
jpigp_cor:ContinuingOperationsDilutedEarningsLossPerShareIFRS	継続事業、希薄化後１株当たり当期利益（△損失）（IFRS）	Prior1YearDuration	JPYPerShares	175.71
jpigp_cor:ContinuingOperationsDilutedEarningsLossPerShareIFRS	継続事業、希薄化後１株当たり当期利益（△損失）（IFRS）	CurrentYearDuration	JPYPerShares	171.44
jpigp_cor:DiscontinuedOperationsDilutedEarningsLossPerShareIFRS	非継続事業、希薄化後１株当たり当期利益（△損失）（IFRS）	Prior1YearDuration	JPYPerShares	12.21
jpigp_cor:DiscontinuedOperationsDilutedEarningsLossPerShareIFRS	非継続事業、希薄化後１株当たり当期利益（△損失）（IFRS）	CurrentYearDuration	JPYPerShares	-225.80
jpigp_cor:ProfitLossIFRS	当期利益（△損失）（IFRS）	Prior1YearDuration	JPY	1159887000000
jpigp_cor:ProfitLossIFRS	当期利益（△損失）（IFRS）	CurrentYearDuration	JPY	-302492000000
jpigp_cor:NetChangeInFairValueOfEquityInstrumentsDesignatedAsMeasuredAtFairValueThroughOtherComprehensiveIncomeNetOfTaxItemsThatWillNotBeReclassifiedToProfitOrLossOCIIFRS	その他の包括利益を通じて公正価値で測定するものとして指定した資本性金融商品の公正価値の純変動額（税引後）、純損益に振り替えられることのないその他の包括利益（IFRS）	Prior1YearDuration	JPY	-11533000000
jpigp_cor:NetChangeInFairValueOfEquityInstrumentsDesignatedAsMeasuredAtFairValueThroughOtherComprehensiveIncomeNetOfTaxItemsThatWillNotBeReclassifiedToProfitOrLossOCIIFRS	その他の包括利益を通じて公正価値で測定するものとして指定した資本性金融商品の公正価値の純変動額（税引後）、純損益に振り替えられることのないその他の包括利益（IFRS）	CurrentYearDuration	JPY	-21401000000
jpigp_cor:RemeasurementsOfDefinedBenefitPlansNetOfTaxItemsThatWillNotBeReclassifiedToProfitOrLossOCIIFRS	確定給付制度の再測定（税引後）、純損益に振り替えられることのないその他の包括利益（IFRS）	Prior1YearDuration	JPY	11027000000
jpigp_cor:RemeasurementsOfDefinedBenefitPlansNetOfTaxItemsThatWillNotBeReclassifiedToProfitOrLossOCIIFRS	確定給付制度の再測定（税引後）、純損益に振り替えられることのないその他の包括利益（IFRS）	CurrentYearDuration	JPY	38221000000
jpigp_cor:ShareOfOtherComprehensiveIncomeOfInvestmentsAccountedForUsingEquityMethodNetOfTaxItemsThatWillNotBeReclassifiedToProfitOrLossOCIIFRS	持分法によるその他の包括利益（税引後）、純損益に振り替えられることのないその他の包括利益（IFRS）	Prior1YearDuration	JPY	-911000000
jpigp_cor:ShareOfOtherComprehensiveIncomeOfInvestmentsAccountedForUsingEquityMethodNetOfTaxItemsThatWillNotBeReclassifiedToProfitOrLossOCIIFRS	持分法によるその他の包括利益（税引後）、純損益に振り替えられることのないその他の包括利益（IFRS）	CurrentYearDuration	JPY	243000000
jpcrp030000-asr_E01777-000:OtherComprehensiveIncomeFromDiscontinuedOperationsNetOfTaxItemsThatWillNotBeReclassifiedToProfitOrLossOCIIFRS		Prior1YearDuration	JPY	-1442000000
jpcrp030000-asr_E01777-000:OtherComprehensiveIncomeFromDiscontinuedOperationsNetOfTaxItemsThatWillNotBeReclassifiedToProfitOrLossOCIIFRS		CurrentYearDuration	JPY	857000000
jpigp_cor:EffectivePortionOfCashFlowHedgesNetOfTaxItemsThatMayBeReclassifiedToProfitOrLossOCIIFRS	キャッシュ・フロー・ヘッジの有効部分（税引後）、純損益に振り替えられる可能性のあるその他の包括利益（IFRS）	Prior1YearDuration	JPY	-4295000000
jpigp_cor:EffectivePortionOfCashFlowHedgesNetOfTaxItemsThatMayBeReclassifiedToProfitOrLossOCIIFRS	キャッシュ・フロー・ヘッジの有効部分（税引後）、純損益に振り替えられる可能性のあるその他の包括利益（IFRS）	CurrentYearDuration	JPY	-3384000000
jpigp_cor:ExchangeDifferencesOnTranslationOfForeignOperationsNetOfTaxItemsThatMayBeReclassifiedToProfitOrLossOCIIFRS	在外営業活動体の外貨換算差額（税引後）、純損益に振り替えられる可能性のあるその他の包括利益（IFRS）	Prior1YearDuration	JPY	-79266000000
jpigp_cor:ExchangeDifferencesOnTranslationOfForeignOperationsNetOfTaxItemsThatMayBeReclassifiedToProfitOrLossOCIIFRS	在外営業活動体の外貨換算差額（税引後）、純損益に振り替えられる可能性のあるその他の包括利益（IFRS）	CurrentYearDuration	JPY	424360000000
jpigp_cor:ShareOfOtherComprehensiveIncomeOfInvestmentsAccountedForUsingEquityMethodNetOfTaxItemsThatMayBeReclassifiedToProfitOrLossOCIIFRS	持分法によるその他の包括利益（税引後）、純損益に振り替えられる可能性のあるその他の包括利益（IFRS）	Prior1YearDuration	JPY	-337000000
jpigp_cor:ShareOfOtherComprehensiveIncomeOfInvestmentsAccountedForUsingEquityMethodNetOfTaxItemsThatMayBeReclassifiedToProfitOrLossOCIIFRS	持分法によるその他の包括利益（税引後）、純損益に振り替えられる可能性のあるその他の包括利益（IFRS）	CurrentYearDuration	JPY	-21282000000
jpcrp030000-asr_E01777-000:OtherComprehensiveIncomeFromDiscontinuedOperationsNetOfTaxItemsThatMayBeReclassifiedToProfitOrLossOCIIFRS		Prior1YearDuration	JPY	-113900000000
jpcrp030000-asr_E01777-000:OtherComprehensiveIncomeFromDiscontinuedOperationsNetOfTaxItemsThatMayBeReclassifiedToProfitOrLossOCIIFRS		CurrentYearDuration	JPY	1407907000000
jpigp_cor:OtherComprehensiveIncomeIFRS	その他の包括利益（IFRS）	Prior1YearDuration	JPY	-200657000000
jpigp_cor:OtherComprehensiveIncomeIFRS	その他の包括利益（IFRS）	CurrentYearDuration	JPY	1825521000000
jpigp_cor:ComprehensiveIncomeIFRS	当期包括利益（IFRS）	Prior1YearDuration	JPY	959230000000
jpigp_cor:ComprehensiveIncomeIFRS	当期包括利益（IFRS）	CurrentYearDuration	JPY	1523029000000
jpcrp030000-asr_E01777-000:ComprehensiveIncomeFromContinuingOperationsComponentOfTotalComprehensiveIncomeIFRS		Prior1YearDuration	JPY	1000403000000
jpcrp030000-asr_E01777-000:ComprehensiveIncomeFromContinuingOperationsComponentOfTotalComprehensiveIncomeIFRS		CurrentYearDuration	JPY	1472023000000
jpcrp030000-asr_E01777-000:ComprehensiveIncomeFromDiscontinuedOperationsComponentOfTotalComprehensiveIncomeIFRS		Prior1YearDuration	JPY	-41173000000
jpcrp030000-asr_E01777-000:ComprehensiveIncomeFromDiscontinuedOperationsComponentOfTotalComprehensiveIncomeIFRS		CurrentYearDuration	JPY	51006000000
jpigp_cor:ComprehensiveIncomeAttributableToOwnersOfParentIFRS	親会社の所有者、当期包括利益（IFRS）	Prior1YearDuration	JPY	941030000000
jpigp_cor:ComprehensiveIncomeAttributableToOwnersOfParentIFRS	親会社の所有者、当期包括利益（IFRS）	CurrentYearDuration	JPY	1497997000000
jpcrp030000-asr_E01777-000:ComprehensiveIncomeFromContinuingOperationsAttributableToOwnersOfParentIFRS		Prior1YearDuration	JPY	982203000000
jpcrp030000-asr_E01777-000:ComprehensiveIncomeFromContinuingOperationsAttributableToOwnersOfParentIFRS		CurrentYearDuration	JPY	1446991000000
jpcrp030000-asr_E01777-000:ComprehensiveIncomeFromDiscontinuedOperationsAttributableToOwnersOfParentIFRS		Prior1YearDuration	JPY	-41173000000
jpcrp030000-asr_E01777-000:ComprehensiveIncomeFromDiscontinuedOperationsAttributableToOwnersOfParentIFRS		CurrentYearDuration	JPY	51006000000
jpigp_cor:ComprehensiveIncomeAttributableToNonControllingInterestsIFRS	非支配持分、当期包括利益（IFRS）	Prior1YearDuration	JPY	18200000000
jpigp_cor:ComprehensiveIncomeAttributableToNonControllingInterestsIFRS	非支配持分、当期包括利益（IFRS）	CurrentYearDuration	JPY	25032000000
jpigp_cor:EquityIFRS	資本（IFRS）	Prior2YearInstant_ShareCapitalIFRSMember	JPY	881357000000
jpigp_cor:EquityIFRS	資本（IFRS）	Prior2YearInstant_CapitalSurplusIFRSMember	JPY	1483410000000
jpigp_cor:EquityIFRS	資本（IFRS）	Prior2YearInstant_RetainedEarningsIFRSMember	JPY	6002407000000
jpigp_cor:EquityIFRS	資本（IFRS）	Prior2YearInstant_AccumulatedOtherComprehensiveIncomeIFRSMember	JPY	-376063000000
jpigp_cor:EquityIFRS	資本（IFRS）	Prior2YearInstant_TreasurySharesIFRSMember	JPY	-403934000000
jpigp_cor:EquityIFRS	資本（IFRS）	Prior2YearInstant_EquityAttributableToOwnersOfParentIFRSMember	JPY	7587177000000
jpigp_cor:EquityIFRS	資本（IFRS）	Prior2YearInstant_NonControllingInterestsIFRSMember	JPY	168928000000
jpigp_cor:EquityIFRS	資本（IFRS）	Prior2YearInstant	JPY	7756105000000
jpigp_cor:ProfitLossIFRS	当期利益（△損失）（IFRS）	Prior1YearDuration_RetainedEarningsIFRSMember	JPY	1141600000000
jpigp_cor:ProfitLossIFRS	当期利益（△損失）（IFRS）	Prior1YearDuration_EquityAttributableToOwnersOfParentIFRSMember	JPY	1141600000000
jpigp_cor:ProfitLossIFRS	当期利益（△損失）（IFRS）	Prior1YearDuration_NonControllingInterestsIFRSMember	JPY	18287000000
jpigp_cor:ProfitLossIFRS	当期利益（△損失）（IFRS）	Prior1YearDuration	JPY	1159887000000
jpigp_cor:OtherComprehensiveIncomeIFRS	その他の包括利益（IFRS）	Prior1YearDuration_AccumulatedOtherComprehensiveIncomeIFRSMember	JPY	-200570000000
jpigp_cor:OtherComprehensiveIncomeIFRS	その他の包括利益（IFRS）	Prior1YearDuration_EquityAttributableToOwnersOfParentIFRSMember	JPY	-200570000000
jpigp_cor:OtherComprehensiveIncomeIFRS	その他の包括利益（IFRS）	Prior1YearDuration_NonControllingInterestsIFRSMember	JPY	-87000000
jpigp_cor:OtherComprehensiveIncomeIFRS	その他の包括利益（IFRS）	Prior1YearDuration	JPY	-200657000000
jpigp_cor:ComprehensiveIncomeIFRS	当期包括利益（IFRS）	Prior1YearDuration_RetainedEarningsIFRSMember	JPY	1141600000000
jpigp_cor:ComprehensiveIncomeIFRS	当期包括利益（IFRS）	Prior1YearDuration_AccumulatedOtherComprehensiveIncomeIFRSMember	JPY	-200570000000
jpigp_cor:ComprehensiveIncomeIFRS	当期包括利益（IFRS）	Prior1YearDuration_EquityAttributableToOwnersOfParentIFRSMember	JPY	941030000000
jpigp_cor:ComprehensiveIncomeIFRS	当期包括利益（IFRS）	Prior1YearDuration_NonControllingInterestsIFRSMember	JPY	18200000000
jpigp_cor:ComprehensiveIncomeIFRS	当期包括利益（IFRS）	Prior1YearDuration	JPY	959230000000
jpigp_cor:TransferToRetainedEarningsSSIFRS	利益剰余金への振替、持分変動計算書（IFRS）	Prior1YearDuration_RetainedEarningsIFRSMember	JPY	-10186000000
jpigp_cor:TransferToRetainedEarningsSSIFRS	利益剰余金への振替、持分変動計算書（IFRS）	Prior1YearDuration_AccumulatedOtherComprehensiveIncomeIFRSMember	JPY	10186000000
jpigp_cor:TransferToRetainedEarningsSSIFRS	利益剰余金への振替、持分変動計算書（IFRS）	Prior1YearDuration_EquityAttributableToOwnersOfParentIFRSMember	JPY	－
jpigp_cor:TransferToRetainedEarningsSSIFRS	利益剰余金への振替、持分変動計算書（IFRS）	Prior1YearDuration	JPY	－
jpcrp030000-asr_E01777-000:StockIssuedUnderStockBasedCompensationTransactionsSSIFRS		Prior1YearDuration_CapitalSurplusIFRSMember	JPY	3008000000
jpcrp030000-asr_E01777-000:StockIssuedUnderStockBasedCompensationTransactionsSSIFRS		Prior1YearDuration_RetainedEarningsIFRSMember	JPY	-1179000000
jpcrp030000-asr_E01777-000:StockIssuedUnderStockBasedCompensationTransactionsSSIFRS		Prior1YearDuration_TreasurySharesIFRSMember	JPY	49608000000
jpcrp030000-asr_E01777-000:StockIssuedUnderStockBasedCompensationTransactionsSSIFRS		Prior1YearDuration_EquityAttributableToOwnersOfParentIFRSMember	JPY	51437000000
jpcrp030000-asr_E01777-000:StockIssuedUnderStockBasedCompensationTransactionsSSIFRS		Prior1YearDuration	JPY	51437000000
jpcrp030000-asr_E01777-000:CompensationExpensesRelatedToStockBasedCompensationTransactionsSSIFRS		Prior1YearDuration_CapitalSurplusIFRSMember	JPY	8575000000
jpcrp030000-asr_E01777-000:CompensationExpensesRelatedToStockBasedCompensationTransactionsSSIFRS		Prior1YearDuration_EquityAttributableToOwnersOfParentIFRSMember	JPY	8575000000
jpcrp030000-asr_E01777-000:CompensationExpensesRelatedToStockBasedCompensationTransactionsSSIFRS		Prior1YearDuration	JPY	8575000000
jpigp_cor:DividendsSSIFRS	配当金、持分変動計算書（IFRS）	Prior1YearDuration_RetainedEarningsIFRSMember	JPY	-115312000000
jpigp_cor:DividendsSSIFRS	配当金、持分変動計算書（IFRS）	Prior1YearDuration_EquityAttributableToOwnersOfParentIFRSMember	JPY	-115312000000
jpigp_cor:DividendsSSIFRS	配当金、持分変動計算書（IFRS）	Prior1YearDuration_NonControllingInterestsIFRSMember	JPY	-7704000000
jpigp_cor:DividendsSSIFRS	配当金、持分変動計算書（IFRS）	Prior1YearDuration	JPY	-123016000000
jpigp_cor:PurchaseOfTreasurySharesSSIFRS	自己株式の取得、持分変動計算書（IFRS）	Prior1YearDuration_TreasurySharesIFRSMember	JPY	-285548000000
jpigp_cor:PurchaseOfTreasurySharesSSIFRS	自己株式の取得、持分変動計算書（IFRS）	Prior1YearDuration_EquityAttributableToOwnersOfParentIFRSMember	JPY	-285548000000
jpigp_cor:PurchaseOfTreasurySharesSSIFRS	自己株式の取得、持分変動計算書（IFRS）	Prior1YearDuration	JPY	-285548000000
jpigp_cor:DisposalOfTreasurySharesSSIFRS	自己株式の処分、持分変動計算書（IFRS）	Prior1YearDuration_CapitalSurplusIFRSMember	JPY	1000000
jpigp_cor:DisposalOfTreasurySharesSSIFRS	自己株式の処分、持分変動計算書（IFRS）	Prior1YearDuration_TreasurySharesIFRSMember	JPY	4000000
jpigp_cor:DisposalOfTreasurySharesSSIFRS	自己株式の処分、持分変動計算書（IFRS）	Prior1YearDuration_EquityAttributableToOwnersOfParentIFRSMember	JPY	5000000
jpigp_cor:DisposalOfTreasurySharesSSIFRS	自己株式の処分、持分変動計算書（IFRS）	Prior1YearDuration	JPY	5000000
jpigp_cor:CancellationOfTreasurySharesSSIFRS	自己株式の消却、持分変動計算書（IFRS）	Prior1YearDuration_CapitalSurplusIFRSMember	JPY	-3848000000
jpigp_cor:CancellationOfTreasurySharesSSIFRS	自己株式の消却、持分変動計算書（IFRS）	Prior1YearDuration_RetainedEarningsIFRSMember	JPY	-339162000000
jpigp_cor:CancellationOfTreasurySharesSSIFRS	自己株式の消却、持分変動計算書（IFRS）	Prior1YearDuration_TreasurySharesIFRSMember	JPY	343010000000
jpigp_cor:CancellationOfTreasurySharesSSIFRS	自己株式の消却、持分変動計算書（IFRS）	Prior1YearDuration_EquityAttributableToOwnersOfParentIFRSMember	JPY	－
jpigp_cor:CancellationOfTreasurySharesSSIFRS	自己株式の消却、持分変動計算書（IFRS）	Prior1YearDuration	JPY	－
jpcrp030000-asr_E01777-000:TransactionsWithNoncontrollingInterestsShareholdersAndOtherSSIFRS		Prior1YearDuration_CapitalSurplusIFRSMember	JPY	-7619000000
jpcrp030000-asr_E01777-000:TransactionsWithNoncontrollingInterestsShareholdersAndOtherSSIFRS		Prior1YearDuration_EquityAttributableToOwnersOfParentIFRSMember	JPY	-7619000000
jpcrp030000-asr_E01777-000:TransactionsWithNoncontrollingInterestsShareholdersAndOtherSSIFRS		Prior1YearDuration_NonControllingInterestsIFRSMember	JPY	150982000000
jpcrp030000-asr_E01777-000:TransactionsWithNoncontrollingInterestsShareholdersAndOtherSSIFRS		Prior1YearDuration	JPY	143363000000
jpigp_cor:EquityIFRS	資本（IFRS）	Prior1YearInstant_ShareCapitalIFRSMember	JPY	881357000000
jpigp_cor:EquityIFRS	資本（IFRS）	Prior1YearInstant_CapitalSurplusIFRSMember	JPY	1483527000000
jpigp_cor:EquityIFRS	資本（IFRS）	Prior1YearInstant_RetainedEarningsIFRSMember	JPY	6678168000000
jpigp_cor:EquityIFRS	資本（IFRS）	Prior1YearInstant_AccumulatedOtherComprehensiveIncomeIFRSMember	JPY	-566447000000
jpigp_cor:EquityIFRS	資本（IFRS）	Prior1YearInstant_TreasurySharesIFRSMember	JPY	-296860000000
jpigp_cor:EquityIFRS	資本（IFRS）	Prior1YearInstant_EquityAttributableToOwnersOfParentIFRSMember	JPY	8179745000000
jpigp_cor:EquityIFRS	資本（IFRS）	Prior1YearInstant_NonControllingInterestsIFRSMember	JPY	330406000000
jpigp_cor:EquityIFRS	資本（IFRS）	Prior1YearInstant	JPY	8510151000000
jpigp_cor:EquityIFRS	資本（IFRS）	Prior1YearInstant_ShareCapitalIFRSMember	JPY	881357000000
jpigp_cor:EquityIFRS	資本（IFRS）	Prior1YearInstant_CapitalSurplusIFRSMember	JPY	1483527000000
jpigp_cor:EquityIFRS	資本（IFRS）	Prior1YearInstant_RetainedEarningsIFRSMember	JPY	6678168000000
jpigp_cor:EquityIFRS	資本（IFRS）	Prior1YearInstant_AccumulatedOtherComprehensiveIncomeIFRSMember	JPY	-566447000000
jpigp_cor:EquityIFRS	資本（IFRS）	Prior1YearInstant_jpcrp030000-asr_E01777-000AccumulatedOtherComprehensiveIncomeDirectlyRelatedToDisposalGroupsClassifiedAsHeldForDistributionToOwnersSSIFRSMember	JPY	－
jpigp_cor:EquityIFRS	資本（IFRS）	Prior1YearInstant_TreasurySharesIFRSMember	JPY	-296860000000
jpigp_cor:EquityIFRS	資本（IFRS）	Prior1YearInstant_EquityAttributableToOwnersOfParentIFRSMember	JPY	8179745000000
jpigp_cor:EquityIFRS	資本（IFRS）	Prior1YearInstant_NonControllingInterestsIFRSMember	JPY	330406000000
jpigp_cor:EquityIFRS	資本（IFRS）	Prior1YearInstant	JPY	8510151000000
jpigp_cor:ProfitLossIFRS	当期利益（△損失）（IFRS）	CurrentYearDuration_RetainedEarningsIFRSMember	JPY	-326865000000
jpigp_cor:ProfitLossIFRS	当期利益（△損失）（IFRS）	CurrentYearDuration_EquityAttributableToOwnersOfParentIFRSMember	JPY	-326865000000
jpigp_cor:ProfitLossIFRS	当期利益（△損失）（IFRS）	CurrentYearDuration_NonControllingInterestsIFRSMember	JPY	24373000000
jpigp_cor:ProfitLossIFRS	当期利益（△損失）（IFRS）	CurrentYearDuration	JPY	-302492000000
jpigp_cor:OtherComprehensiveIncomeIFRS	その他の包括利益（IFRS）	CurrentYearDuration_AccumulatedOtherComprehensiveIncomeIFRSMember	JPY	381804000000
jpigp_cor:OtherComprehensiveIncomeIFRS	その他の包括利益（IFRS）	CurrentYearDuration_jpcrp030000-asr_E01777-000AccumulatedOtherComprehensiveIncomeDirectlyRelatedToDisposalGroupsClassifiedAsHeldForDistributionToOwnersSSIFRSMember	JPY	1443058000000
jpigp_cor:OtherComprehensiveIncomeIFRS	その他の包括利益（IFRS）	CurrentYearDuration_EquityAttributableToOwnersOfParentIFRSMember	JPY	1824862000000
jpigp_cor:OtherComprehensiveIncomeIFRS	その他の包括利益（IFRS）	CurrentYearDuration_NonControllingInterestsIFRSMember	JPY	659000000
jpigp_cor:OtherComprehensiveIncomeIFRS	その他の包括利益（IFRS）	CurrentYearDuration	JPY	1825521000000
jpigp_cor:ComprehensiveIncomeIFRS	当期包括利益（IFRS）	CurrentYearDuration_RetainedEarningsIFRSMember	JPY	-326865000000
jpigp_cor:ComprehensiveIncomeIFRS	当期包括利益（IFRS）	CurrentYearDuration_AccumulatedOtherComprehensiveIncomeIFRSMember	JPY	381804000000
jpigp_cor:ComprehensiveIncomeIFRS	当期包括利益（IFRS）	CurrentYearDuration_jpcrp030000-asr_E01777-000AccumulatedOtherComprehensiveIncomeDirectlyRelatedToDisposalGroupsClassifiedAsHeldForDistributionToOwnersSSIFRSMember	JPY	1443058000000
jpigp_cor:ComprehensiveIncomeIFRS	当期包括利益（IFRS）	CurrentYearDuration_EquityAttributableToOwnersOfParentIFRSMember	JPY	1497997000000
jpigp_cor:ComprehensiveIncomeIFRS	当期包括利益（IFRS）	CurrentYearDuration_NonControllingInterestsIFRSMember	JPY	25032000000
jpigp_cor:ComprehensiveIncomeIFRS	当期包括利益（IFRS）	CurrentYearDuration	JPY	1523029000000
jpigp_cor:TransferToRetainedEarningsSSIFRS	利益剰余金への振替、持分変動計算書（IFRS）	CurrentYearDuration_RetainedEarningsIFRSMember	JPY	34251000000
jpigp_cor:TransferToRetainedEarningsSSIFRS	利益剰余金への振替、持分変動計算書（IFRS）	CurrentYearDuration_AccumulatedOtherComprehensiveIncomeIFRSMember	JPY	-38305000000
jpigp_cor:TransferToRetainedEarningsSSIFRS	利益剰余金への振替、持分変動計算書（IFRS）	CurrentYearDuration_jpcrp030000-asr_E01777-000AccumulatedOtherComprehensiveIncomeDirectlyRelatedToDisposalGroupsClassifiedAsHeldForDistributionToOwnersSSIFRSMember	JPY	4054000000
jpigp_cor:TransferToRetainedEarningsSSIFRS	利益剰余金への振替、持分変動計算書（IFRS）	CurrentYearDuration_EquityAttributableToOwnersOfParentIFRSMember	JPY	－
jpigp_cor:TransferToRetainedEarningsSSIFRS	利益剰余金への振替、持分変動計算書（IFRS）	CurrentYearDuration	JPY	－
jpcrp030000-asr_E01777-000:StockIssuedUnderStockBasedCompensationTransactionsSSIFRS		CurrentYearDuration_CapitalSurplusIFRSMember	JPY	8615000000
jpcrp030000-asr_E01777-000:StockIssuedUnderStockBasedCompensationTransactionsSSIFRS		CurrentYearDuration_TreasurySharesIFRSMember	JPY	66843000000
jpcrp030000-asr_E01777-000:StockIssuedUnderStockBasedCompensationTransactionsSSIFRS		CurrentYearDuration_EquityAttributableToOwnersOfParentIFRSMember	JPY	75458000000
jpcrp030000-asr_E01777-000:StockIssuedUnderStockBasedCompensationTransactionsSSIFRS		CurrentYearDuration	JPY	75458000000
jpcrp030000-asr_E01777-000:CompensationExpensesRelatedToStockBasedCompensationTransactionsSSIFRS		CurrentYearDuration_CapitalSurplusIFRSMember	JPY	3608000000
jpcrp030000-asr_E01777-000:CompensationExpensesRelatedToStockBasedCompensationTransactionsSSIFRS		CurrentYearDuration_EquityAttributableToOwnersOfParentIFRSMember	JPY	3608000000
jpcrp030000-asr_E01777-000:CompensationExpensesRelatedToStockBasedCompensationTransactionsSSIFRS		CurrentYearDuration	JPY	3608000000
jpigp_cor:DividendsSSIFRS	配当金、持分変動計算書（IFRS）	CurrentYearDuration_RetainedEarningsIFRSMember	JPY	-134964000000
jpigp_cor:DividendsSSIFRS	配当金、持分変動計算書（IFRS）	CurrentYearDuration_EquityAttributableToOwnersOfParentIFRSMember	JPY	-134964000000
jpigp_cor:DividendsSSIFRS	配当金、持分変動計算書（IFRS）	CurrentYearDuration_NonControllingInterestsIFRSMember	JPY	-22190000000
jpigp_cor:DividendsSSIFRS	配当金、持分変動計算書（IFRS）	CurrentYearDuration	JPY	-157154000000
jpcrp030000-asr_E01777-000:DividendsInKindSSIFRS		CurrentYearDuration_RetainedEarningsIFRSMember	JPY	-955700000000
jpcrp030000-asr_E01777-000:DividendsInKindSSIFRS		CurrentYearDuration_EquityAttributableToOwnersOfParentIFRSMember	JPY	-955700000000
jpcrp030000-asr_E01777-000:DividendsInKindSSIFRS		CurrentYearDuration	JPY	-955700000000
jpigp_cor:PurchaseOfTreasurySharesSSIFRS	自己株式の取得、持分変動計算書（IFRS）	CurrentYearDuration_TreasurySharesIFRSMember	JPY	-522089000000
jpigp_cor:PurchaseOfTreasurySharesSSIFRS	自己株式の取得、持分変動計算書（IFRS）	CurrentYearDuration_EquityAttributableToOwnersOfParentIFRSMember	JPY	-522089000000
jpigp_cor:PurchaseOfTreasurySharesSSIFRS	自己株式の取得、持分変動計算書（IFRS）	CurrentYearDuration	JPY	-522089000000
jpigp_cor:DisposalOfTreasurySharesSSIFRS	自己株式の処分、持分変動計算書（IFRS）	CurrentYearDuration_CapitalSurplusIFRSMember	JPY	0
jpigp_cor:DisposalOfTreasurySharesSSIFRS	自己株式の処分、持分変動計算書（IFRS）	CurrentYearDuration_TreasurySharesIFRSMember	JPY	0
jpigp_cor:DisposalOfTreasurySharesSSIFRS	自己株式の処分、持分変動計算書（IFRS）	CurrentYearDuration_EquityAttributableToOwnersOfParentIFRSMember	JPY	0
jpigp_cor:DisposalOfTreasurySharesSSIFRS	自己株式の処分、持分変動計算書（IFRS）	CurrentYearDuration	JPY	0
jpcrp030000-asr_E01777-000:TransferToHeldForDistributionToOwnersSSIFRS		CurrentYearDuration_AccumulatedOtherComprehensiveIncomeIFRSMember	JPY	1447112000000
jpcrp030000-asr_E01777-000:TransferToHeldForDistributionToOwnersSSIFRS		CurrentYearDuration_jpcrp030000-asr_E01777-000AccumulatedOtherComprehensiveIncomeDirectlyRelatedToDisposalGroupsClassifiedAsHeldForDistributionToOwnersSSIFRSMember	JPY	-1447112000000
jpcrp030000-asr_E01777-000:TransferToHeldForDistributionToOwnersSSIFRS		CurrentYearDuration_EquityAttributableToOwnersOfParentIFRSMember	JPY	－
jpcrp030000-asr_E01777-000:TransferToHeldForDistributionToOwnersSSIFRS		CurrentYearDuration	JPY	－
jpcrp030000-asr_E01777-000:TransactionsWithNoncontrollingInterestsShareholdersAndOtherSSIFRS		CurrentYearDuration_CapitalSurplusIFRSMember	JPY	-30251000000
jpcrp030000-asr_E01777-000:TransactionsWithNoncontrollingInterestsShareholdersAndOtherSSIFRS		CurrentYearDuration_AccumulatedOtherComprehensiveIncomeIFRSMember	JPY	5207000000
jpcrp030000-asr_E01777-000:TransactionsWithNoncontrollingInterestsShareholdersAndOtherSSIFRS		CurrentYearDuration_EquityAttributableToOwnersOfParentIFRSMember	JPY	-25044000000
jpcrp030000-asr_E01777-000:TransactionsWithNoncontrollingInterestsShareholdersAndOtherSSIFRS		CurrentYearDuration_NonControllingInterestsIFRSMember	JPY	61330000000
jpcrp030000-asr_E01777-000:TransactionsWithNoncontrollingInterestsShareholdersAndOtherSSIFRS		CurrentYearDuration	JPY	36286000000
jpigp_cor:EquityIFRS	資本（IFRS）	CurrentYearInstant_ShareCapitalIFRSMember	JPY	881357000000
jpigp_cor:EquityIFRS	資本（IFRS）	CurrentYearInstant_CapitalSurplusIFRSMember	JPY	1465499000000
jpigp_cor:EquityIFRS	資本（IFRS）	CurrentYearInstant_RetainedEarningsIFRSMember	JPY	5294890000000
jpigp_cor:EquityIFRS	資本（IFRS）	CurrentYearInstant_AccumulatedOtherComprehensiveIncomeIFRSMember	JPY	1229371000000
jpigp_cor:EquityIFRS	資本（IFRS）	CurrentYearInstant_jpcrp030000-asr_E01777-000AccumulatedOtherComprehensiveIncomeDirectlyRelatedToDisposalGroupsClassifiedAsHeldForDistributionToOwnersSSIFRSMember	JPY	－
jpigp_cor:EquityIFRS	資本（IFRS）	CurrentYearInstant_TreasurySharesIFRSMember	JPY	-752106000000
jpigp_cor:EquityIFRS	資本（IFRS）	CurrentYearInstant_EquityAttributableToOwnersOfParentIFRSMember	JPY	8119011000000
jpigp_cor:EquityIFRS	資本（IFRS）	CurrentYearInstant_NonControllingInterestsIFRSMember	JPY	394578000000
jpigp_cor:EquityIFRS	資本（IFRS）	CurrentYearInstant	JPY	8513589000000
jpigp_cor:ProfitLossBeforeTaxIFRS	継続事業からの税引前利益（△損失）（IFRS）	Prior1YearDuration	JPY	1343198000000
jpigp_cor:ProfitLossBeforeTaxIFRS	継続事業からの税引前利益（△損失）（IFRS）	CurrentYearDuration	JPY	1422374000000
jpigp_cor:DepreciationAndAmortizationOpeCFIFRS	減価償却費及び償却費、営業活動によるキャッシュ・フロー（IFRS）	Prior1YearDuration	JPY	1125588000000
jpigp_cor:DepreciationAndAmortizationOpeCFIFRS	減価償却費及び償却費、営業活動によるキャッシュ・フロー（IFRS）	CurrentYearDuration	JPY	1180655000000
jpcrp030000-asr_E01777-000:OtherOperatingIncomeExpenseNetOpeCFIFRS		Prior1YearDuration	JPY	-11222000000
jpcrp030000-asr_E01777-000:OtherOperatingIncomeExpenseNetOpeCFIFRS		CurrentYearDuration	JPY	34056000000
jpigp_cor:LossGainOnInvestmentsInSecuritiesOpeCFIFRS	有価証券損益（△は益）、営業活動によるキャッシュ・フロー（IFRS）	Prior1YearDuration	JPY	-75742000000
jpigp_cor:LossGainOnInvestmentsInSecuritiesOpeCFIFRS	有価証券損益（△は益）、営業活動によるキャッシュ・フロー（IFRS）	CurrentYearDuration	JPY	-862000000
jpcrp030000-asr_E01777-000:ShareOfProfitLossOfInvestmentsAccountedForUsingTheEquityMethodNetOfDividendsOpeCFIFRS		Prior1YearDuration	JPY	18826000000
jpcrp030000-asr_E01777-000:ShareOfProfitLossOfInvestmentsAccountedForUsingTheEquityMethodNetOfDividendsOpeCFIFRS		CurrentYearDuration	JPY	74467000000
jpcrp030000-asr_E01777-000:IncreaseDecreaseInTradeReceivablesAndContractAssetsOpeCFIFRS		Prior1YearDuration	JPY	227664000000
jpcrp030000-asr_E01777-000:IncreaseDecreaseInTradeReceivablesAndContractAssetsOpeCFIFRS		CurrentYearDuration	JPY	124104000000
jpigp_cor:DecreaseIncreaseInInventoriesOpeCFIFRS	棚卸資産の増減額（△は増加）、営業活動によるキャッシュ・フロー（IFRS）	Prior1YearDuration	JPY	199916000000
jpigp_cor:DecreaseIncreaseInInventoriesOpeCFIFRS	棚卸資産の増減額（△は増加）、営業活動によるキャッシュ・フロー（IFRS）	CurrentYearDuration	JPY	155382000000
jpcrp030000-asr_E01777-000:IncreaseDecreaseInContentAssetsOpeCFIFRS		Prior1YearDuration	JPY	-683388000000
jpcrp030000-asr_E01777-000:IncreaseDecreaseInContentAssetsOpeCFIFRS		CurrentYearDuration	JPY	-665894000000
jpigp_cor:IncreaseDecreaseInTradePayablesOpeCFIFRS	営業債務の増減額（△は減少）、営業活動によるキャッシュ・フロー（IFRS）	Prior1YearDuration	JPY	105643000000
jpigp_cor:IncreaseDecreaseInTradePayablesOpeCFIFRS	営業債務の増減額（△は減少）、営業活動によるキャッシュ・フロー（IFRS）	CurrentYearDuration	JPY	70541000000
jpcrp030000-asr_E01777-000:IncreaseDecreaseInTaxesPayableOtherThanIncomeTaxesNetOpeCFIFRS		Prior1YearDuration	JPY	-14157000000
jpcrp030000-asr_E01777-000:IncreaseDecreaseInTaxesPayableOtherThanIncomeTaxesNetOpeCFIFRS		CurrentYearDuration	JPY	-32645000000
jpcrp030000-asr_E01777-000:IncreaseDecreaseInOtherFinancialAssetsAndOtherCurrentAssetsOpeCFIFRS		Prior1YearDuration	JPY	-16972000000
jpcrp030000-asr_E01777-000:IncreaseDecreaseInOtherFinancialAssetsAndOtherCurrentAssetsOpeCFIFRS		CurrentYearDuration	JPY	-14302000000
jpcrp030000-asr_E01777-000:IncreaseDecreaseInOtherFinancialLiabilitiesAndOtherCurrentLiabilitiesOpeCFIFRS		Prior1YearDuration	JPY	41563000000
jpcrp030000-asr_E01777-000:IncreaseDecreaseInOtherFinancialLiabilitiesAndOtherCurrentLiabilitiesOpeCFIFRS		CurrentYearDuration	JPY	79709000000
jpigp_cor:IncomeTaxesRefundPaidOpeCFIFRS	法人所得税の支払額又は還付額（△は支払）、営業活動によるキャッシュ・フロー（IFRS）	Prior1YearDuration	JPY	-308392000000
jpigp_cor:IncomeTaxesRefundPaidOpeCFIFRS	法人所得税の支払額又は還付額（△は支払）、営業活動によるキャッシュ・フロー（IFRS）	CurrentYearDuration	JPY	-234338000000
jpigp_cor:OtherOpeCFIFRS	その他、営業活動によるキャッシュ・フロー（IFRS）	Prior1YearDuration	JPY	18824000000
jpigp_cor:OtherOpeCFIFRS	その他、営業活動によるキャッシュ・フロー（IFRS）	CurrentYearDuration	JPY	-226955000000
jpcrp030000-asr_E01777-000:CashFlowsFromOperatingActivitiesFromContinuingOperationsOpeCFIFRS		Prior1YearDuration	JPY	1971349000000
jpcrp030000-asr_E01777-000:CashFlowsFromOperatingActivitiesFromContinuingOperationsOpeCFIFRS		CurrentYearDuration	JPY	1966292000000
jpcrp030000-asr_E01777-000:CashFlowsFromOperatingActivitiesFromDiscontinuedOperationsOpeCFIFRS		Prior1YearDuration	JPY	350326000000
jpcrp030000-asr_E01777-000:CashFlowsFromOperatingActivitiesFromDiscontinuedOperationsOpeCFIFRS		CurrentYearDuration	JPY	-20675000000
jpigp_cor:NetCashProvidedByUsedInOperatingActivitiesIFRS	営業活動によるキャッシュ・フロー（IFRS）	Prior1YearDuration	JPY	2321675000000
jpigp_cor:NetCashProvidedByUsedInOperatingActivitiesIFRS	営業活動によるキャッシュ・フロー（IFRS）	CurrentYearDuration	JPY	1945617000000
jpigp_cor:PurchaseOfPropertyPlantAndEquipmentAndIntangibleAssetsInvCFIFRS	有形固定資産及び無形資産の取得による支出、投資活動によるキャッシュ・フロー（IFRS）	Prior1YearDuration	JPY	-620985000000
jpigp_cor:PurchaseOfPropertyPlantAndEquipmentAndIntangibleAssetsInvCFIFRS	有形固定資産及び無形資産の取得による支出、投資活動によるキャッシュ・フロー（IFRS）	CurrentYearDuration	JPY	-457681000000
jpigp_cor:ProceedsFromSaleOfPropertyPlantAndEquipmentAndIntangibleAssetsInvCFIFRS	有形固定資産及び無形資産の売却による収入、投資活動によるキャッシュ・フロー（IFRS）	Prior1YearDuration	JPY	15484000000
jpigp_cor:ProceedsFromSaleOfPropertyPlantAndEquipmentAndIntangibleAssetsInvCFIFRS	有形固定資産及び無形資産の売却による収入、投資活動によるキャッシュ・フロー（IFRS）	CurrentYearDuration	JPY	19720000000
jpcrp030000-asr_E01777-000:PurchaseOfInvestmentsAndPaymentsForLoansReceivableInvCFIFRS		Prior1YearDuration	JPY	-98536000000
jpcrp030000-asr_E01777-000:PurchaseOfInvestmentsAndPaymentsForLoansReceivableInvCFIFRS		CurrentYearDuration	JPY	-179650000000
jpcrp030000-asr_E01777-000:ProceedsFromSaleAndRedemptionOfInvestmentsAndCollectionOfLoansReceivableInvCFIFRS		Prior1YearDuration	JPY	46540000000
jpcrp030000-asr_E01777-000:ProceedsFromSaleAndRedemptionOfInvestmentsAndCollectionOfLoansReceivableInvCFIFRS		CurrentYearDuration	JPY	13028000000
jpigp_cor:PaymentsForAcquisitionOfBusinessesInvCFIFRS	事業譲受による支出、投資活動によるキャッシュ・フロー（IFRS）	Prior1YearDuration	JPY	-294417000000
jpigp_cor:PaymentsForAcquisitionOfBusinessesInvCFIFRS	事業譲受による支出、投資活動によるキャッシュ・フロー（IFRS）	CurrentYearDuration	JPY	-185355000000
jpigp_cor:ProceedsFromSaleOfBusinessesInvCFIFRS	事業譲渡による収入、投資活動によるキャッシュ・フロー（IFRS）	Prior1YearDuration	JPY	－
jpigp_cor:ProceedsFromSaleOfBusinessesInvCFIFRS	事業譲渡による収入、投資活動によるキャッシュ・フロー（IFRS）	CurrentYearDuration	JPY	11198000000
jpigp_cor:OtherInvCFIFRS	その他、投資活動によるキャッシュ・フロー（IFRS）	Prior1YearDuration	JPY	48718000000
jpigp_cor:OtherInvCFIFRS	その他、投資活動によるキャッシュ・フロー（IFRS）	CurrentYearDuration	JPY	-5453000000
jpcrp030000-asr_E01777-000:CashFlowsFromInvestingActivitiesFromContinuingOperationsInvCFIFRS		Prior1YearDuration	JPY	-903196000000
jpcrp030000-asr_E01777-000:CashFlowsFromInvestingActivitiesFromContinuingOperationsInvCFIFRS		CurrentYearDuration	JPY	-784193000000
jpcrp030000-asr_E01777-000:CashFlowsFromInvestingActivitiesFromDiscontinuedOperationsInvCFIFRS		Prior1YearDuration	JPY	-26924000000
jpcrp030000-asr_E01777-000:CashFlowsFromInvestingActivitiesFromDiscontinuedOperationsInvCFIFRS		CurrentYearDuration	JPY	-1186349000000
jpigp_cor:NetCashProvidedByUsedInInvestingActivitiesIFRS	投資活動によるキャッシュ・フロー（IFRS）	Prior1YearDuration	JPY	-930120000000
jpigp_cor:NetCashProvidedByUsedInInvestingActivitiesIFRS	投資活動によるキャッシュ・フロー（IFRS）	CurrentYearDuration	JPY	-1970542000000
jpigp_cor:NetIncreaseDecreaseInShortTermBorrowingsFinCFIFRS	短期借入金の純増減額（△は減少）、財務活動によるキャッシュ・フロー（IFRS）	Prior1YearDuration	JPY	-28547000000
jpigp_cor:NetIncreaseDecreaseInShortTermBorrowingsFinCFIFRS	短期借入金の純増減額（△は減少）、財務活動によるキャッシュ・フロー（IFRS）	CurrentYearDuration	JPY	2950000000
jpcrp030000-asr_E01777-000:ProceedsFromIssuanceOfLongTermDebtFinCFIFRS		Prior1YearDuration	JPY	139298000000
jpcrp030000-asr_E01777-000:ProceedsFromIssuanceOfLongTermDebtFinCFIFRS		CurrentYearDuration	JPY	28774000000
jpcrp030000-asr_E01777-000:PaymentsOfLongTermDebtFinCFIFRS		Prior1YearDuration	JPY	-60629000000
jpcrp030000-asr_E01777-000:PaymentsOfLongTermDebtFinCFIFRS		CurrentYearDuration	JPY	-135362000000
jpigp_cor:RepaymentsOfLeaseObligationsFinCFIFRS	リース負債の返済による支出、財務活動によるキャッシュ・フロー（IFRS）	Prior1YearDuration	JPY	-98949000000
jpigp_cor:RepaymentsOfLeaseObligationsFinCFIFRS	リース負債の返済による支出、財務活動によるキャッシュ・フロー（IFRS）	CurrentYearDuration	JPY	-85946000000
jpigp_cor:DividendsPaidFinCFIFRS	配当金の支払額、財務活動によるキャッシュ・フロー（IFRS）	Prior1YearDuration	JPY	-115253000000
jpigp_cor:DividendsPaidFinCFIFRS	配当金の支払額、財務活動によるキャッシュ・フロー（IFRS）	CurrentYearDuration	JPY	-135028000000
jpigp_cor:PaymentsForPurchaseOfTreasurySharesFinCFIFRS	自己株式の取得による支出、財務活動によるキャッシュ・フロー（IFRS）	Prior1YearDuration	JPY	-285548000000
jpigp_cor:PaymentsForPurchaseOfTreasurySharesFinCFIFRS	自己株式の取得による支出、財務活動によるキャッシュ・フロー（IFRS）	CurrentYearDuration	JPY	-522089000000
jpigp_cor:CapitalContributionFromNonControllingInterestsFinCFIFRS	非支配持分からの払込による収入、財務活動によるキャッシュ・フロー（IFRS）	Prior1YearDuration	JPY	150804000000
jpigp_cor:CapitalContributionFromNonControllingInterestsFinCFIFRS	非支配持分からの払込による収入、財務活動によるキャッシュ・フロー（IFRS）	CurrentYearDuration	JPY	18442000000
jpigp_cor:OtherFinCFIFRS	その他、財務活動によるキャッシュ・フロー（IFRS）	Prior1YearDuration	JPY	21521000000
jpigp_cor:OtherFinCFIFRS	その他、財務活動によるキャッシュ・フロー（IFRS）	CurrentYearDuration	JPY	-5249000000
jpcrp030000-asr_E01777-000:CashFlowsFromFinancingActivitiesFromContinuingOperationsFinCFIFRS		Prior1YearDuration	JPY	-277303000000
jpcrp030000-asr_E01777-000:CashFlowsFromFinancingActivitiesFromContinuingOperationsFinCFIFRS		CurrentYearDuration	JPY	-833508000000
jpcrp030000-asr_E01777-000:CashFlowsFromFinancingActivitiesFromDiscontinuedOperationsFinCFIFRS		Prior1YearDuration	JPY	-20940000000
jpcrp030000-asr_E01777-000:CashFlowsFromFinancingActivitiesFromDiscontinuedOperationsFinCFIFRS		CurrentYearDuration	JPY	-9253000000
jpigp_cor:NetCashProvidedByUsedInFinancingActivitiesIFRS	財務活動によるキャッシュ・フロー（IFRS）	Prior1YearDuration	JPY	-298243000000
jpigp_cor:NetCashProvidedByUsedInFinancingActivitiesIFRS	財務活動によるキャッシュ・フロー（IFRS）	CurrentYearDuration	JPY	-842761000000
jpigp_cor:EffectOfExchangeRateChangesOnCashAndCashEquivalentsIFRS	現金及び現金同等物の為替変動による影響（IFRS）	Prior1YearDuration	JPY	-19469000000
jpigp_cor:EffectOfExchangeRateChangesOnCashAndCashEquivalentsIFRS	現金及び現金同等物の為替変動による影響（IFRS）	CurrentYearDuration	JPY	95609000000
jpigp_cor:NetIncreaseDecreaseInCashAndCashEquivalentsIFRS	現金及び現金同等物の増減額（△は減少）（IFRS）	Prior1YearDuration	JPY	1073843000000
jpigp_cor:NetIncreaseDecreaseInCashAndCashEquivalentsIFRS	現金及び現金同等物の増減額（△は減少）（IFRS）	CurrentYearDuration	JPY	-772077000000
jpigp_cor:CashAndCashEquivalentsIFRS	現金及び現金同等物（IFRS）	Prior2YearInstant	JPY	1907113000000
jpigp_cor:CashAndCashEquivalentsIFRS	現金及び現金同等物（IFRS）	Prior1YearInstant	JPY	2980956000000
jpigp_cor:CashAndCashEquivalentsIFRS	現金及び現金同等物（IFRS）	Prior1YearInstant	JPY	2980956000000
jpigp_cor:CashAndCashEquivalentsIFRS	現金及び現金同等物（IFRS）	CurrentYearInstant	JPY	2208879000000
jpigp_cor:SalesToExternalCustomersIFRS	外部顧客への売上高（IFRS）	Prior1YearDuration_jpcrp030000-asr_E01777-000GameAndNetworkServicesReportableSegmentMember	JPY	4543571000000
jpigp_cor:SalesToExternalCustomersIFRS	外部顧客への売上高（IFRS）	CurrentYearDuration_jpcrp030000-asr_E01777-000GameAndNetworkServicesReportableSegmentMember	JPY	4570053000000
jpigp_cor:IntersegmentSalesIFRS	セグメント間の売上高（IFRS）	Prior1YearDuration_jpcrp030000-asr_E01777-000GameAndNetworkServicesReportableSegmentMember	JPY	126473000000
jpigp_cor:IntersegmentSalesIFRS	セグメント間の売上高（IFRS）	CurrentYearDuration_jpcrp030000-asr_E01777-000GameAndNetworkServicesReportableSegmentMember	JPY	115598000000
jpigp_cor:NetSalesIFRS	売上高（IFRS）	Prior1YearDuration_jpcrp030000-asr_E01777-000GameAndNetworkServicesReportableSegmentMember	JPY	4670044000000
jpigp_cor:NetSalesIFRS	売上高（IFRS）	CurrentYearDuration_jpcrp030000-asr_E01777-000GameAndNetworkServicesReportableSegmentMember	JPY	4685651000000
jpigp_cor:SalesToExternalCustomersIFRS	外部顧客への売上高（IFRS）	Prior1YearDuration_jpcrp030000-asr_E01777-000MusicReportableSegmentMember	JPY	1820263000000
jpigp_cor:SalesToExternalCustomersIFRS	外部顧客への売上高（IFRS）	CurrentYearDuration_jpcrp030000-asr_E01777-000MusicReportableSegmentMember	JPY	2090534000000
jpigp_cor:IntersegmentSalesIFRS	セグメント間の売上高（IFRS）	Prior1YearDuration_jpcrp030000-asr_E01777-000MusicReportableSegmentMember	JPY	22341000000
jpigp_cor:IntersegmentSalesIFRS	セグメント間の売上高（IFRS）	CurrentYearDuration_jpcrp030000-asr_E01777-000MusicReportableSegmentMember	JPY	29576000000
jpigp_cor:NetSalesIFRS	売上高（IFRS）	Prior1YearDuration_jpcrp030000-asr_E01777-000MusicReportableSegmentMember	JPY	1842604000000
jpigp_cor:NetSalesIFRS	売上高（IFRS）	CurrentYearDuration_jpcrp030000-asr_E01777-000MusicReportableSegmentMember	JPY	2120110000000
jpigp_cor:SalesToExternalCustomersIFRS	外部顧客への売上高（IFRS）	Prior1YearDuration_jpcrp030000-asr_E01777-000PicturesReportableSegmentMember	JPY	1498534000000
jpigp_cor:SalesToExternalCustomersIFRS	外部顧客への売上高（IFRS）	CurrentYearDuration_jpcrp030000-asr_E01777-000PicturesReportableSegmentMember	JPY	1486296000000
jpigp_cor:IntersegmentSalesIFRS	セグメント間の売上高（IFRS）	Prior1YearDuration_jpcrp030000-asr_E01777-000PicturesReportableSegmentMember	JPY	7410000000
jpigp_cor:IntersegmentSalesIFRS	セグメント間の売上高（IFRS）	CurrentYearDuration_jpcrp030000-asr_E01777-000PicturesReportableSegmentMember	JPY	12994000000
jpigp_cor:NetSalesIFRS	売上高（IFRS）	Prior1YearDuration_jpcrp030000-asr_E01777-000PicturesReportableSegmentMember	JPY	1505944000000
jpigp_cor:NetSalesIFRS	売上高（IFRS）	CurrentYearDuration_jpcrp030000-asr_E01777-000PicturesReportableSegmentMember	JPY	1499290000000
jpigp_cor:SalesToExternalCustomersIFRS	外部顧客への売上高（IFRS）	Prior1YearDuration_jpcrp030000-asr_E01777-000EntertainmentTechnologyAndServicesReportableSegmentMember	JPY	2362838000000
jpigp_cor:SalesToExternalCustomersIFRS	外部顧客への売上高（IFRS）	CurrentYearDuration_jpcrp030000-asr_E01777-000EntertainmentTechnologyAndServicesReportableSegmentMember	JPY	2184815000000
jpigp_cor:IntersegmentSalesIFRS	セグメント間の売上高（IFRS）	Prior1YearDuration_jpcrp030000-asr_E01777-000EntertainmentTechnologyAndServicesReportableSegmentMember	JPY	46437000000
jpigp_cor:IntersegmentSalesIFRS	セグメント間の売上高（IFRS）	CurrentYearDuration_jpcrp030000-asr_E01777-000EntertainmentTechnologyAndServicesReportableSegmentMember	JPY	75717000000
jpigp_cor:NetSalesIFRS	売上高（IFRS）	Prior1YearDuration_jpcrp030000-asr_E01777-000EntertainmentTechnologyAndServicesReportableSegmentMember	JPY	2409275000000
jpigp_cor:NetSalesIFRS	売上高（IFRS）	CurrentYearDuration_jpcrp030000-asr_E01777-000EntertainmentTechnologyAndServicesReportableSegmentMember	JPY	2260532000000
jpigp_cor:SalesToExternalCustomersIFRS	外部顧客への売上高（IFRS）	Prior1YearDuration_jpcrp030000-asr_E01777-000ImagingAndSensingSolutionsReportableSegmentMember	JPY	1712534000000
jpigp_cor:SalesToExternalCustomersIFRS	外部顧客への売上高（IFRS）	CurrentYearDuration_jpcrp030000-asr_E01777-000ImagingAndSensingSolutionsReportableSegmentMember	JPY	2059020000000
jpigp_cor:IntersegmentSalesIFRS	セグメント間の売上高（IFRS）	Prior1YearDuration_jpcrp030000-asr_E01777-000ImagingAndSensingSolutionsReportableSegmentMember	JPY	86471000000
jpigp_cor:IntersegmentSalesIFRS	セグメント間の売上高（IFRS）	CurrentYearDuration_jpcrp030000-asr_E01777-000ImagingAndSensingSolutionsReportableSegmentMember	JPY	92513000000
jpigp_cor:NetSalesIFRS	売上高（IFRS）	Prior1YearDuration_jpcrp030000-asr_E01777-000ImagingAndSensingSolutionsReportableSegmentMember	JPY	1799005000000
jpigp_cor:NetSalesIFRS	売上高（IFRS）	CurrentYearDuration_jpcrp030000-asr_E01777-000ImagingAndSensingSolutionsReportableSegmentMember	JPY	2151533000000
jpigp_cor:SalesToExternalCustomersIFRS	外部顧客への売上高（IFRS）	Prior1YearDuration_OtherReportableSegmentsMember	JPY	82477000000
jpigp_cor:SalesToExternalCustomersIFRS	外部顧客への売上高（IFRS）	CurrentYearDuration_OtherReportableSegmentsMember	JPY	74564000000
jpigp_cor:IntersegmentSalesIFRS	セグメント間の売上高（IFRS）	Prior1YearDuration_OtherReportableSegmentsMember	JPY	13856000000
jpigp_cor:IntersegmentSalesIFRS	セグメント間の売上高（IFRS）	CurrentYearDuration_OtherReportableSegmentsMember	JPY	14508000000
jpigp_cor:NetSalesIFRS	売上高（IFRS）	Prior1YearDuration_OtherReportableSegmentsMember	JPY	96333000000
jpigp_cor:NetSalesIFRS	売上高（IFRS）	CurrentYearDuration_OtherReportableSegmentsMember	JPY	89072000000
jpigp_cor:NetSalesIFRS	売上高（IFRS）	Prior1YearDuration_ReconcilingItemsMember	JPY	-288288000000
jpigp_cor:NetSalesIFRS	売上高（IFRS）	CurrentYearDuration_ReconcilingItemsMember	JPY	-326568000000
jpigp_cor:NetSalesIFRS	売上高（IFRS）	Prior1YearDuration	JPY	12034917000000
jpigp_cor:NetSalesIFRS	売上高（IFRS）	CurrentYearDuration	JPY	12479620000000
jpigp_cor:OperatingProfitLossIFRS	営業利益（△損失）（IFRS）	Prior1YearDuration_jpcrp030000-asr_E01777-000GameAndNetworkServicesReportableSegmentMember	JPY	414819000000
jpigp_cor:OperatingProfitLossIFRS	営業利益（△損失）（IFRS）	CurrentYearDuration_jpcrp030000-asr_E01777-000GameAndNetworkServicesReportableSegmentMember	JPY	463258000000
jpigp_cor:OperatingProfitLossIFRS	営業利益（△損失）（IFRS）	Prior1YearDuration_jpcrp030000-asr_E01777-000MusicReportableSegmentMember	JPY	357255000000
jpigp_cor:OperatingProfitLossIFRS	営業利益（△損失）（IFRS）	CurrentYearDuration_jpcrp030000-asr_E01777-000MusicReportableSegmentMember	JPY	446986000000
jpigp_cor:OperatingProfitLossIFRS	営業利益（△損失）（IFRS）	Prior1YearDuration_jpcrp030000-asr_E01777-000PicturesReportableSegmentMember	JPY	117284000000
jpigp_cor:OperatingProfitLossIFRS	営業利益（△損失）（IFRS）	CurrentYearDuration_jpcrp030000-asr_E01777-000PicturesReportableSegmentMember	JPY	104872000000
jpigp_cor:OperatingProfitLossIFRS	営業利益（△損失）（IFRS）	Prior1YearDuration_jpcrp030000-asr_E01777-000EntertainmentTechnologyAndServicesReportableSegmentMember	JPY	190926000000
jpigp_cor:OperatingProfitLossIFRS	営業利益（△損失）（IFRS）	CurrentYearDuration_jpcrp030000-asr_E01777-000EntertainmentTechnologyAndServicesReportableSegmentMember	JPY	158584000000
jpigp_cor:OperatingProfitLossIFRS	営業利益（△損失）（IFRS）	Prior1YearDuration_jpcrp030000-asr_E01777-000ImagingAndSensingSolutionsReportableSegmentMember	JPY	261147000000
jpigp_cor:OperatingProfitLossIFRS	営業利益（△損失）（IFRS）	CurrentYearDuration_jpcrp030000-asr_E01777-000ImagingAndSensingSolutionsReportableSegmentMember	JPY	357318000000
jpigp_cor:OperatingProfitLossIFRS	営業利益（△損失）（IFRS）	Prior1YearDuration_OtherReportableSegmentsMember	JPY	-17996000000
jpigp_cor:OperatingProfitLossIFRS	営業利益（△損失）（IFRS）	CurrentYearDuration_OtherReportableSegmentsMember	JPY	-74646000000
jpigp_cor:OperatingProfitLossIFRS	営業利益（△損失）（IFRS）	Prior1YearDuration_ReportableSegmentsMember	JPY	1323435000000
jpigp_cor:OperatingProfitLossIFRS	営業利益（△損失）（IFRS）	CurrentYearDuration_ReportableSegmentsMember	JPY	1456372000000
jpigp_cor:OperatingProfitLossIFRS	営業利益（△損失）（IFRS）	Prior1YearDuration_ReconcilingItemsMember	JPY	-46800000000
jpigp_cor:OperatingProfitLossIFRS	営業利益（△損失）（IFRS）	CurrentYearDuration_ReconcilingItemsMember	JPY	-8865000000
jpigp_cor:OperatingProfitLossIFRS	営業利益（△損失）（IFRS）	Prior1YearDuration	JPY	1276635000000
jpigp_cor:OperatingProfitLossIFRS	営業利益（△損失）（IFRS）	CurrentYearDuration	JPY	1447507000000
jpigp_cor:FinanceIncomeIFRS	金融収益（IFRS）	Prior1YearDuration	JPY	139024000000
jpigp_cor:FinanceIncomeIFRS	金融収益（IFRS）	CurrentYearDuration	JPY	76041000000
jpigp_cor:FinanceCostsIFRS	金融費用（IFRS）	Prior1YearDuration	JPY	72461000000
jpigp_cor:FinanceCostsIFRS	金融費用（IFRS）	CurrentYearDuration	JPY	101174000000
jpigp_cor:ProfitLossBeforeTaxIFRS	継続事業からの税引前利益（△損失）（IFRS）	Prior1YearDuration	JPY	1343198000000
jpigp_cor:ProfitLossBeforeTaxIFRS	継続事業からの税引前利益（△損失）（IFRS）	CurrentYearDuration	JPY	1422374000000
jpigp_cor:ShareOfProfitLossOfInvestmentsAccountedForUsingEquityMethodIFRS	持分法による投資損益（△は損失）（IFRS）	Prior1YearDuration_jpcrp030000-asr_E01777-000GameAndNetworkServicesReportableSegmentMember	JPY	823000000
jpigp_cor:ShareOfProfitLossOfInvestmentsAccountedForUsingEquityMethodIFRS	持分法による投資損益（△は損失）（IFRS）	CurrentYearDuration_jpcrp030000-asr_E01777-000GameAndNetworkServicesReportableSegmentMember	JPY	871000000
jpigp_cor:ShareOfProfitLossOfInvestmentsAccountedForUsingEquityMethodIFRS	持分法による投資損益（△は損失）（IFRS）	Prior1YearDuration_jpcrp030000-asr_E01777-000MusicReportableSegmentMember	JPY	10264000000
jpigp_cor:ShareOfProfitLossOfInvestmentsAccountedForUsingEquityMethodIFRS	持分法による投資損益（△は損失）（IFRS）	CurrentYearDuration_jpcrp030000-asr_E01777-000MusicReportableSegmentMember	JPY	12165000000
jpigp_cor:ShareOfProfitLossOfInvestmentsAccountedForUsingEquityMethodIFRS	持分法による投資損益（△は損失）（IFRS）	Prior1YearDuration_jpcrp030000-asr_E01777-000PicturesReportableSegmentMember	JPY	-667000000
jpigp_cor:ShareOfProfitLossOfInvestmentsAccountedForUsingEquityMethodIFRS	持分法による投資損益（△は損失）（IFRS）	CurrentYearDuration_jpcrp030000-asr_E01777-000PicturesReportableSegmentMember	JPY	-180000000
jpigp_cor:ShareOfProfitLossOfInvestmentsAccountedForUsingEquityMethodIFRS	持分法による投資損益（△は損失）（IFRS）	Prior1YearDuration_jpcrp030000-asr_E01777-000EntertainmentTechnologyAndServicesReportableSegmentMember	JPY	1389000000
jpigp_cor:ShareOfProfitLossOfInvestmentsAccountedForUsingEquityMethodIFRS	持分法による投資損益（△は損失）（IFRS）	CurrentYearDuration_jpcrp030000-asr_E01777-000EntertainmentTechnologyAndServicesReportableSegmentMember	JPY	1310000000
jpigp_cor:ShareOfProfitLossOfInvestmentsAccountedForUsingEquityMethodIFRS	持分法による投資損益（△は損失）（IFRS）	Prior1YearDuration_jpcrp030000-asr_E01777-000ImagingAndSensingSolutionsReportableSegmentMember	JPY	-1318000000
jpigp_cor:ShareOfProfitLossOfInvestmentsAccountedForUsingEquityMethodIFRS	持分法による投資損益（△は損失）（IFRS）	CurrentYearDuration_jpcrp030000-asr_E01777-000ImagingAndSensingSolutionsReportableSegmentMember	JPY	-81000000
jpigp_cor:ShareOfProfitLossOfInvestmentsAccountedForUsingEquityMethodIFRS	持分法による投資損益（△は損失）（IFRS）	Prior1YearDuration_OtherReportableSegmentsMember	JPY	-12673000000
jpigp_cor:ShareOfProfitLossOfInvestmentsAccountedForUsingEquityMethodIFRS	持分法による投資損益（△は損失）（IFRS）	CurrentYearDuration_OtherReportableSegmentsMember	JPY	-69583000000
jpigp_cor:ShareOfProfitLossOfInvestmentsAccountedForUsingEquityMethodIFRS	持分法による投資損益（△は損失）（IFRS）	Prior1YearDuration_TotalOfReportableSegmentsAndOthersMember	JPY	-2182000000
jpigp_cor:ShareOfProfitLossOfInvestmentsAccountedForUsingEquityMethodIFRS	持分法による投資損益（△は損失）（IFRS）	CurrentYearDuration_TotalOfReportableSegmentsAndOthersMember	JPY	-55498000000
jpigp_cor:ShareOfProfitLossOfInvestmentsAccountedForUsingEquityMethodIFRS	持分法による投資損益（△は損失）（IFRS）	Prior1YearDuration_ReconcilingItemsMember	JPY	-5683000000
jpigp_cor:ShareOfProfitLossOfInvestmentsAccountedForUsingEquityMethodIFRS	持分法による投資損益（△は損失）（IFRS）	CurrentYearDuration_ReconcilingItemsMember	JPY	-8696000000
jpigp_cor:ShareOfProfitLossOfInvestmentsAccountedForUsingEquityMethodIFRS	持分法による投資損益（△は損失）（IFRS）	Prior1YearDuration	JPY	-7865000000
jpigp_cor:ShareOfProfitLossOfInvestmentsAccountedForUsingEquityMethodIFRS	持分法による投資損益（△は損失）（IFRS）	CurrentYearDuration	JPY	-64194000000
jpigp_cor:DepreciationAndAmortizationOperatingExpensesIFRS	減価償却費及び償却費、営業費用（IFRS）	Prior1YearDuration_jpcrp030000-asr_E01777-000GameAndNetworkServicesReportableSegmentMember	JPY	141470000000
jpigp_cor:DepreciationAndAmortizationOperatingExpensesIFRS	減価償却費及び償却費、営業費用（IFRS）	CurrentYearDuration_jpcrp030000-asr_E01777-000GameAndNetworkServicesReportableSegmentMember	JPY	147476000000
jpigp_cor:DepreciationAndAmortizationOperatingExpensesIFRS	減価償却費及び償却費、営業費用（IFRS）	Prior1YearDuration_jpcrp030000-asr_E01777-000MusicReportableSegmentMember	JPY	106089000000
jpigp_cor:DepreciationAndAmortizationOperatingExpensesIFRS	減価償却費及び償却費、営業費用（IFRS）	CurrentYearDuration_jpcrp030000-asr_E01777-000MusicReportableSegmentMember	JPY	130903000000
jpigp_cor:DepreciationAndAmortizationOperatingExpensesIFRS	減価償却費及び償却費、営業費用（IFRS）	Prior1YearDuration_jpcrp030000-asr_E01777-000PicturesReportableSegmentMember	JPY	491713000000
jpigp_cor:DepreciationAndAmortizationOperatingExpensesIFRS	減価償却費及び償却費、営業費用（IFRS）	CurrentYearDuration_jpcrp030000-asr_E01777-000PicturesReportableSegmentMember	JPY	517823000000
jpigp_cor:DepreciationAndAmortizationOperatingExpensesIFRS	減価償却費及び償却費、営業費用（IFRS）	Prior1YearDuration_jpcrp030000-asr_E01777-000EntertainmentTechnologyAndServicesReportableSegmentMember	JPY	99984000000
jpigp_cor:DepreciationAndAmortizationOperatingExpensesIFRS	減価償却費及び償却費、営業費用（IFRS）	CurrentYearDuration_jpcrp030000-asr_E01777-000EntertainmentTechnologyAndServicesReportableSegmentMember	JPY	103077000000
jpigp_cor:DepreciationAndAmortizationOperatingExpensesIFRS	減価償却費及び償却費、営業費用（IFRS）	Prior1YearDuration_jpcrp030000-asr_E01777-000ImagingAndSensingSolutionsReportableSegmentMember	JPY	273026000000
jpigp_cor:DepreciationAndAmortizationOperatingExpensesIFRS	減価償却費及び償却費、営業費用（IFRS）	CurrentYearDuration_jpcrp030000-asr_E01777-000ImagingAndSensingSolutionsReportableSegmentMember	JPY	265138000000
jpigp_cor:DepreciationAndAmortizationOperatingExpensesIFRS	減価償却費及び償却費、営業費用（IFRS）	Prior1YearDuration_OtherReportableSegmentsMember	JPY	5165000000
jpigp_cor:DepreciationAndAmortizationOperatingExpensesIFRS	減価償却費及び償却費、営業費用（IFRS）	CurrentYearDuration_OtherReportableSegmentsMember	JPY	3946000000
jpigp_cor:DepreciationAndAmortizationOperatingExpensesIFRS	減価償却費及び償却費、営業費用（IFRS）	Prior1YearDuration_TotalOfReportableSegmentsAndOthersMember	JPY	1117447000000
jpigp_cor:DepreciationAndAmortizationOperatingExpensesIFRS	減価償却費及び償却費、営業費用（IFRS）	CurrentYearDuration_TotalOfReportableSegmentsAndOthersMember	JPY	1168363000000
jpigp_cor:DepreciationAndAmortizationOperatingExpensesIFRS	減価償却費及び償却費、営業費用（IFRS）	Prior1YearDuration_ReconcilingItemsMember	JPY	8141000000
jpigp_cor:DepreciationAndAmortizationOperatingExpensesIFRS	減価償却費及び償却費、営業費用（IFRS）	CurrentYearDuration_ReconcilingItemsMember	JPY	12292000000
jpigp_cor:DepreciationAndAmortizationOperatingExpensesIFRS	減価償却費及び償却費、営業費用（IFRS）	Prior1YearDuration	JPY	1125588000000
jpigp_cor:DepreciationAndAmortizationOperatingExpensesIFRS	減価償却費及び償却費、営業費用（IFRS）	CurrentYearDuration	JPY	1180655000000
jpigp_cor:FinishedGoodsCAIFRS	製品、流動資産（IFRS）	Prior1YearInstant	JPY	837759000000
jpigp_cor:FinishedGoodsCAIFRS	製品、流動資産（IFRS）	CurrentYearInstant	JPY	791272000000
jpigp_cor:WorkInProcessCAIFRS	仕掛品、流動資産（IFRS）	Prior1YearInstant	JPY	314011000000
jpigp_cor:WorkInProcessCAIFRS	仕掛品、流動資産（IFRS）	CurrentYearInstant	JPY	266712000000
jpcrp030000-asr_E01777-000:RawMaterialsPurchasedComponentsAndSuppliesCAIFRS		Prior1YearInstant	JPY	159000000000
jpcrp030000-asr_E01777-000:RawMaterialsPurchasedComponentsAndSuppliesCAIFRS		CurrentYearInstant	JPY	169367000000
jpigp_cor:InventoriesCAIFRS	棚卸資産、流動資産（IFRS）	Prior1YearInstant	JPY	1310770000000
jpigp_cor:InventoriesCAIFRS	棚卸資産、流動資産（IFRS）	CurrentYearInstant	JPY	1227351000000
jpigp_cor:LandAcquisitionCostIFRS	土地、取得原価（IFRS）	Prior1YearInstant	JPY	88662000000
jpigp_cor:BuildingsAndStructuresAcquisitionCostIFRS	建物及び構築物、取得原価（IFRS）	Prior1YearInstant	JPY	1093460000000
jpcrp030000-asr_E01777-000:MachineryandequipmentAcquisitionCostIFRS		Prior1YearInstant	JPY	2719283000000
jpigp_cor:ConstructionInProgressAcquisitionCostIFRS	建設仮勘定、取得原価（IFRS）	Prior1YearInstant	JPY	159963000000
jpigp_cor:PropertyPlantAndEquipmentAcquisitionCostIFRS	有形固定資産、取得原価（IFRS）	Prior1YearInstant	JPY	4061368000000
jpigp_cor:LandAccumulatedImpairmentLossesIFRS	土地、減損損失累計額（IFRS）	Prior1YearInstant	JPY	-37000000
jpigp_cor:BuildingsAndStructuresAccumulatedDepreciationAndImpairmentLossesIFRS	建物及び構築物、減価償却累計額及び減損損失累計額（IFRS）	Prior1YearInstant	JPY	-612005000000
jpcrp030000-asr_E01777-000:MachineryandequipmentAccumulatedDepreciationAndImpairmentLossesIFRS		Prior1YearInstant	JPY	-1934785000000
jpigp_cor:ConstructionInProgressAccumulatedImpairmentLossesIFRS	建設仮勘定、減損損失累計額（IFRS）	Prior1YearInstant	JPY	-881000000
jpigp_cor:PropertyPlantAndEquipmentAccumulatedDepreciationAndImpairmentLossesIFRS	有形固定資産、減価償却累計額及び減損損失累計額（IFRS）	Prior1YearInstant	JPY	-2547708000000
jpigp_cor:LandIFRS	土地（IFRS）	Prior1YearInstant	JPY	88625000000
jpigp_cor:BuildingsAndStructuresIFRS	建物及び構築物（IFRS）	Prior1YearInstant	JPY	481455000000
jpcrp030000-asr_E01777-000:MachineryandequipmentIFRS		Prior1YearInstant	JPY	784498000000
jpigp_cor:ConstructionInProgressIFRS	建設仮勘定（IFRS）	Prior1YearInstant	JPY	159082000000
jpigp_cor:PropertyPlantAndEquipmentIFRS	有形固定資産（IFRS）	Prior1YearInstant	JPY	1513660000000
jpigp_cor:LandAcquisitionCostIFRS	土地、取得原価（IFRS）	CurrentYearInstant	JPY	83313000000
jpigp_cor:BuildingsAndStructuresAcquisitionCostIFRS	建物及び構築物、取得原価（IFRS）	CurrentYearInstant	JPY	1175951000000
jpcrp030000-asr_E01777-000:MachineryandequipmentAcquisitionCostIFRS		CurrentYearInstant	JPY	2831795000000
jpigp_cor:ConstructionInProgressAcquisitionCostIFRS	建設仮勘定、取得原価（IFRS）	CurrentYearInstant	JPY	140944000000
jpigp_cor:PropertyPlantAndEquipmentAcquisitionCostIFRS	有形固定資産、取得原価（IFRS）	CurrentYearInstant	JPY	4232003000000
jpigp_cor:LandAccumulatedImpairmentLossesIFRS	土地、減損損失累計額（IFRS）	CurrentYearInstant	JPY	－
jpigp_cor:BuildingsAndStructuresAccumulatedDepreciationAndImpairmentLossesIFRS	建物及び構築物、減価償却累計額及び減損損失累計額（IFRS）	CurrentYearInstant	JPY	-629892000000
jpcrp030000-asr_E01777-000:MachineryandequipmentAccumulatedDepreciationAndImpairmentLossesIFRS		CurrentYearInstant	JPY	-2133277000000
jpigp_cor:ConstructionInProgressAccumulatedImpairmentLossesIFRS	建設仮勘定、減損損失累計額（IFRS）	CurrentYearInstant	JPY	-15029000000
jpigp_cor:PropertyPlantAndEquipmentAccumulatedDepreciationAndImpairmentLossesIFRS	有形固定資産、減価償却累計額及び減損損失累計額（IFRS）	CurrentYearInstant	JPY	-2778198000000
jpigp_cor:LandIFRS	土地（IFRS）	CurrentYearInstant	JPY	83313000000
jpigp_cor:BuildingsAndStructuresIFRS	建物及び構築物（IFRS）	CurrentYearInstant	JPY	546059000000
jpcrp030000-asr_E01777-000:MachineryandequipmentIFRS		CurrentYearInstant	JPY	698518000000
jpigp_cor:ConstructionInProgressIFRS	建設仮勘定（IFRS）	CurrentYearInstant	JPY	125915000000
jpigp_cor:PropertyPlantAndEquipmentIFRS	有形固定資産（IFRS）	CurrentYearInstant	JPY	1453805000000
jpigp_cor:GoodwillAcquisitionCostIFRS	のれん、取得原価（IFRS）	Prior1YearInstant	JPY	1903617000000
jpigp_cor:GoodwillAcquisitionCostIFRS	のれん、取得原価（IFRS）	CurrentYearInstant	JPY	2084956000000
jpigp_cor:GoodwillAccumulatedImpairmentLossesIFRS	のれん、減損損失累計額（IFRS）	Prior1YearInstant	JPY	-394896000000
jpigp_cor:GoodwillAccumulatedImpairmentLossesIFRS	のれん、減損損失累計額（IFRS）	CurrentYearInstant	JPY	-411050000000
jpigp_cor:GoodwillIFRS	のれん（IFRS）	Prior1YearInstant	JPY	1508721000000
jpigp_cor:GoodwillIFRS	のれん（IFRS）	CurrentYearInstant	JPY	1673906000000
jpcrp030000-asr_E01777-000:FilmCostAcquisitionCostIFRS		Prior1YearInstant	JPY	5522693000000
jpcrp030000-asr_E01777-000:BroadcastingRightsAcquisitionCostIFRS		Prior1YearInstant	JPY	555679000000
jpcrp030000-asr_E01777-000:MusicCatalogsAcquisitionCostIFRS		Prior1YearInstant	JPY	1716674000000
jpcrp030000-asr_E01777-000:ArtistContractsAcquisitionCostIFRS		Prior1YearInstant	JPY	61012000000
jpcrp030000-asr_E01777-000:MusicDistributionRightsAcquisitionCostIFRS		Prior1YearInstant	JPY	57952000000
jpcrp030000-asr_E01777-000:GameContentAcquisitionCostIFRS		Prior1YearInstant	JPY	221406000000
jpcrp030000-asr_E01777-000:ContentAssetsNCAAcquisitionCostIFRS		Prior1YearInstant	JPY	8135416000000
jpcrp030000-asr_E01777-000:FilmCostAccumulatedImpairmentIFRS		Prior1YearInstant	JPY	-4959551000000
jpcrp030000-asr_E01777-000:BroadcastingRightsAccumulatedImpairmentIFRS		Prior1YearInstant	JPY	-431995000000
jpcrp030000-asr_E01777-000:MusicCatalogsAccumulatedImpairmentIFRS		Prior1YearInstant	JPY	-381864000000
jpcrp030000-asr_E01777-000:ArtistContractsAccumulatedImpairmentIFRS		Prior1YearInstant	JPY	-21117000000
jpcrp030000-asr_E01777-000:MusicDistributionRightsAccumulatedImpairmentIFRS		Prior1YearInstant	JPY	-20814000000
jpcrp030000-asr_E01777-000:GameContentAccumulatedImpairmentIFRS		Prior1YearInstant	JPY	-71027000000
jpcrp030000-asr_E01777-000:ContentAssetsNCAAccumulatedImpairmentIFRS		Prior1YearInstant	JPY	-5886368000000
jpcrp030000-asr_E01777-000:FilmCostIFRS		Prior1YearInstant	JPY	563142000000
jpcrp030000-asr_E01777-000:BroadcastingRightsIFRS		Prior1YearInstant	JPY	123684000000
jpcrp030000-asr_E01777-000:MusicCatalogsIFRS		Prior1YearInstant	JPY	1334810000000
jpcrp030000-asr_E01777-000:ArtistContractsIFRS		Prior1YearInstant	JPY	39895000000
jpcrp030000-asr_E01777-000:MusicDistributionRightsIFRS		Prior1YearInstant	JPY	37138000000
jpcrp030000-asr_E01777-000:GameContentIFRS		Prior1YearInstant	JPY	150379000000
jpcrp030000-asr_E01777-000:ContentAssetsNCAIFRS		Prior1YearInstant	JPY	2249048000000
jpcrp030000-asr_E01777-000:FilmCostAcquisitionCostIFRS		CurrentYearInstant	JPY	6356737000000
jpcrp030000-asr_E01777-000:BroadcastingRightsAcquisitionCostIFRS		CurrentYearInstant	JPY	652384000000
jpcrp030000-asr_E01777-000:MusicCatalogsAcquisitionCostIFRS		CurrentYearInstant	JPY	2062201000000
jpcrp030000-asr_E01777-000:ArtistContractsAcquisitionCostIFRS		CurrentYearInstant	JPY	69170000000
jpcrp030000-asr_E01777-000:MusicDistributionRightsAcquisitionCostIFRS		CurrentYearInstant	JPY	61272000000
jpcrp030000-asr_E01777-000:GameContentAcquisitionCostIFRS		CurrentYearInstant	JPY	311394000000
jpcrp030000-asr_E01777-000:ContentAssetsNCAAcquisitionCostIFRS		CurrentYearInstant	JPY	9513158000000
jpcrp030000-asr_E01777-000:FilmCostAccumulatedImpairmentIFRS		CurrentYearInstant	JPY	-5722901000000
jpcrp030000-asr_E01777-000:BroadcastingRightsAccumulatedImpairmentIFRS		CurrentYearInstant	JPY	-515012000000
jpcrp030000-asr_E01777-000:MusicCatalogsAccumulatedImpairmentIFRS		CurrentYearInstant	JPY	-476309000000
jpcrp030000-asr_E01777-000:ArtistContractsAccumulatedImpairmentIFRS		CurrentYearInstant	JPY	-25867000000
jpcrp030000-asr_E01777-000:MusicDistributionRightsAccumulatedImpairmentIFRS		CurrentYearInstant	JPY	-24700000000
jpcrp030000-asr_E01777-000:GameContentAccumulatedImpairmentIFRS		CurrentYearInstant	JPY	-189754000000
jpcrp030000-asr_E01777-000:ContentAssetsNCAAccumulatedImpairmentIFRS		CurrentYearInstant	JPY	-6954543000000
jpcrp030000-asr_E01777-000:FilmCostIFRS		CurrentYearInstant	JPY	633836000000
jpcrp030000-asr_E01777-000:BroadcastingRightsIFRS		CurrentYearInstant	JPY	137372000000
jpcrp030000-asr_E01777-000:MusicCatalogsIFRS		CurrentYearInstant	JPY	1585892000000
jpcrp030000-asr_E01777-000:ArtistContractsIFRS		CurrentYearInstant	JPY	43303000000
jpcrp030000-asr_E01777-000:MusicDistributionRightsIFRS		CurrentYearInstant	JPY	36572000000
jpcrp030000-asr_E01777-000:GameContentIFRS		CurrentYearInstant	JPY	121640000000
jpcrp030000-asr_E01777-000:ContentAssetsNCAIFRS		CurrentYearInstant	JPY	2558615000000
jpcrp030000-asr_E01777-000:PatentRightsKnowHowAndLicenseAgreementsAcquisitionCostIFRS		Prior1YearInstant	JPY	216960000000
jpigp_cor:CustomerRelationshipsAcquisitionCostIFRS	顧客との関係、取得原価（IFRS）	Prior1YearInstant	JPY	73654000000
jpigp_cor:TrademarksAcquisitionCostIFRS	商標権、取得原価（IFRS）	Prior1YearInstant	JPY	65643000000
jpigp_cor:SoftwareAcquisitionCostIFRS	ソフトウエア、取得原価（IFRS）	Prior1YearInstant	JPY	1353946000000
jpcrp030000-asr_E01777-000:TelevisionCarriageContractsAcquisitionCostIFRS		Prior1YearInstant	JPY	73958000000
jpigp_cor:OtherComponentsOfIntangibleAssetsAcquisitionCostIFRS	その他、無形資産の内訳、取得原価（IFRS）	Prior1YearInstant	JPY	233542000000
jpcrp030000-asr_E01777-000:OtherIntangibleAssetsAcquisitionCostIFRS		Prior1YearInstant	JPY	2017703000000
jpcrp030000-asr_E01777-000:PatentRightsKnowHowAndLicenseAgreementsAccumulatedImpairmentIFRS		Prior1YearInstant	JPY	-191590000000
jpigp_cor:CustomerRelationshipsAccumulatedAmortizationAndImpairmentLossesIFRS	顧客との関係、償却累計額及び減損損失累計額（IFRS）	Prior1YearInstant	JPY	-61126000000
jpigp_cor:TrademarksAccumulatedAmortizationAndImpairmentLossesIFRS	商標権、償却累計額及び減損損失累計額（IFRS）	Prior1YearInstant	JPY	-24913000000
jpigp_cor:SoftwareAccumulatedAmortizationAndImpairmentLossesIFRS	ソフトウエア、償却累計額及び減損損失累計額（IFRS）	Prior1YearInstant	JPY	-896228000000
jpcrp030000-asr_E01777-000:TelevisionCarriageContractsAccumulatedImpairmentIFRS		Prior1YearInstant	JPY	-53167000000
jpigp_cor:OtherComponentsOfIntangibleAssetsAccumulatedAmortizationAndImpairmentLossesIFRS	その他、無形資産の内訳、償却累計額及び減損損失累計額（IFRS）	Prior1YearInstant	JPY	-119467000000
jpcrp030000-asr_E01777-000:OtherIntangibleAssetsAccumulatedImpairmentIFRS		Prior1YearInstant	JPY	-1346491000000
jpcrp030000-asr_E01777-000:PatentRightsKnowHowAndLicenseAgreementsIFRS		Prior1YearInstant	JPY	25370000000
jpigp_cor:CustomerRelationshipsIFRS	顧客との関係（IFRS）	Prior1YearInstant	JPY	12528000000
jpigp_cor:TrademarksIFRS	商標権（IFRS）	Prior1YearInstant	JPY	40730000000
jpigp_cor:SoftwareIFRS	ソフトウエア（IFRS）	Prior1YearInstant	JPY	457718000000
jpcrp030000-asr_E01777-000:TelevisionCarriageContractsIFRS		Prior1YearInstant	JPY	20791000000
jpigp_cor:OtherComponentsOfIntangibleAssetsIFRS	その他、無形資産の内訳（IFRS）	Prior1YearInstant	JPY	114075000000
jpigp_cor:OtherIntangibleAssetsIFRS	その他の無形資産（IFRS）	Prior1YearInstant	JPY	671212000000
jpcrp030000-asr_E01777-000:PatentRightsKnowHowAndLicenseAgreementsAcquisitionCostIFRS		CurrentYearInstant	JPY	223692000000
jpigp_cor:CustomerRelationshipsAcquisitionCostIFRS	顧客との関係、取得原価（IFRS）	CurrentYearInstant	JPY	83877000000
jpigp_cor:TrademarksAcquisitionCostIFRS	商標権、取得原価（IFRS）	CurrentYearInstant	JPY	192613000000
jpigp_cor:SoftwareAcquisitionCostIFRS	ソフトウエア、取得原価（IFRS）	CurrentYearInstant	JPY	1240309000000
jpcrp030000-asr_E01777-000:TelevisionCarriageContractsAcquisitionCostIFRS		CurrentYearInstant	JPY	77479000000
jpigp_cor:OtherComponentsOfIntangibleAssetsAcquisitionCostIFRS	その他、無形資産の内訳、取得原価（IFRS）	CurrentYearInstant	JPY	229027000000
jpcrp030000-asr_E01777-000:OtherIntangibleAssetsAcquisitionCostIFRS		CurrentYearInstant	JPY	2046997000000
jpcrp030000-asr_E01777-000:PatentRightsKnowHowAndLicenseAgreementsAccumulatedImpairmentIFRS		CurrentYearInstant	JPY	-191345000000
jpigp_cor:CustomerRelationshipsAccumulatedAmortizationAndImpairmentLossesIFRS	顧客との関係、償却累計額及び減損損失累計額（IFRS）	CurrentYearInstant	JPY	-69837000000
jpigp_cor:TrademarksAccumulatedAmortizationAndImpairmentLossesIFRS	商標権、償却累計額及び減損損失累計額（IFRS）	CurrentYearInstant	JPY	-47183000000
jpigp_cor:SoftwareAccumulatedAmortizationAndImpairmentLossesIFRS	ソフトウエア、償却累計額及び減損損失累計額（IFRS）	CurrentYearInstant	JPY	-881701000000
jpcrp030000-asr_E01777-000:TelevisionCarriageContractsAccumulatedImpairmentIFRS		CurrentYearInstant	JPY	-59841000000
jpigp_cor:OtherComponentsOfIntangibleAssetsAccumulatedAmortizationAndImpairmentLossesIFRS	その他、無形資産の内訳、償却累計額及び減損損失累計額（IFRS）	CurrentYearInstant	JPY	-137512000000
jpcrp030000-asr_E01777-000:OtherIntangibleAssetsAccumulatedImpairmentIFRS		CurrentYearInstant	JPY	-1387419000000
jpcrp030000-asr_E01777-000:PatentRightsKnowHowAndLicenseAgreementsIFRS		CurrentYearInstant	JPY	32347000000
jpigp_cor:CustomerRelationshipsIFRS	顧客との関係（IFRS）	CurrentYearInstant	JPY	14040000000
jpigp_cor:TrademarksIFRS	商標権（IFRS）	CurrentYearInstant	JPY	145430000000
jpigp_cor:SoftwareIFRS	ソフトウエア（IFRS）	CurrentYearInstant	JPY	358608000000
jpcrp030000-asr_E01777-000:TelevisionCarriageContractsIFRS		CurrentYearInstant	JPY	17638000000
jpigp_cor:OtherComponentsOfIntangibleAssetsIFRS	その他、無形資産の内訳（IFRS）	CurrentYearInstant	JPY	91515000000
jpigp_cor:OtherIntangibleAssetsIFRS	その他の無形資産（IFRS）	CurrentYearInstant	JPY	659578000000
jpigp_cor:EmployeeBenefitExpensesOperatingExpensesIFRS	従業員給付費用、営業費用（IFRS）	Prior1YearDuration	JPY	1840803000000
jpigp_cor:EmployeeBenefitExpensesOperatingExpensesIFRS	従業員給付費用、営業費用（IFRS）	CurrentYearDuration	JPY	1784569000000
jpcrp030000-asr_E01777-000:RealizationOfUnrealizedGainsOnLandTransferredBySonyGroupCorporationToSonyLifeInsuranceCoLtdInPastFiscalYearsOtherOperatingIncomeExpenseNetIFRS		Prior1YearDuration	JPY	－
jpcrp030000-asr_E01777-000:RealizationOfUnrealizedGainsOnLandTransferredBySonyGroupCorporationToSonyLifeInsuranceCoLtdInPastFiscalYearsOtherOperatingIncomeExpenseNetIFRS		CurrentYearDuration	JPY	-43899000000
jpcrp030000-asr_E01777-000:GainOnRemeasurementOfPreviouslyExistingEquityInterestInPeanutsHoldingsOtherOperatingIncomeExpenseNetIFRS		Prior1YearDuration	JPY	－
jpcrp030000-asr_E01777-000:GainOnRemeasurementOfPreviouslyExistingEquityInterestInPeanutsHoldingsOtherOperatingIncomeExpenseNetIFRS		CurrentYearDuration	JPY	-34662000000
jpcrp030000-asr_E01777-000:GainLossOnSaleOrPurchaseOfSharesOfSubsidiariesAndAssociatesNetOtherOperatingIncomeExpenseNetIFRS		Prior1YearDuration	JPY	-18426000000
jpcrp030000-asr_E01777-000:GainLossOnSaleOrPurchaseOfSharesOfSubsidiariesAndAssociatesNetOtherOperatingIncomeExpenseNetIFRS		CurrentYearDuration	JPY	1860000000
jpcrp030000-asr_E01777-000:GainLossOnSaleAndDisposalOfAssetsAndImpairmentLossesNetOtherOperatingIncomeExpenseNetIFRS		Prior1YearDuration	JPY	14265000000
jpcrp030000-asr_E01777-000:GainLossOnSaleAndDisposalOfAssetsAndImpairmentLossesNetOtherOperatingIncomeExpenseNetIFRS		CurrentYearDuration	JPY	118690000000
jpcrp030000-asr_E01777-000:OtherOtherOperatingIncomeExpenseNetIFRS		Prior1YearDuration	JPY	-7061000000
jpcrp030000-asr_E01777-000:OtherOtherOperatingIncomeExpenseNetIFRS		CurrentYearDuration	JPY	-7933000000
jpcrp030000-asr_E01777-000:OtherOperatingIncomeExpenseNetCostsAndExpensesIFRS		Prior1YearDuration	JPY	-11222000000
jpcrp030000-asr_E01777-000:OtherOperatingIncomeExpenseNetCostsAndExpensesIFRS		CurrentYearDuration	JPY	34056000000
jpigp_cor:FinancialAssetsMeasuredAtAmortizedCostInterestIncomeIFRS	償却原価で測定する金融資産、受取利息（IFRS）	Prior1YearDuration	JPY	50925000000
jpigp_cor:FinancialAssetsMeasuredAtAmortizedCostInterestIncomeIFRS	償却原価で測定する金融資産、受取利息（IFRS）	CurrentYearDuration	JPY	62872000000
jpigp_cor:FinancialAssetsMeasuredAtFairValueThroughOtherComprehensiveIncomeDividendIncomeIFRS	その他の包括利益を通じて公正価値で測定する金融資産、受取配当金（IFRS）	Prior1YearDuration	JPY	1390000000
jpigp_cor:FinancialAssetsMeasuredAtFairValueThroughOtherComprehensiveIncomeDividendIncomeIFRS	その他の包括利益を通じて公正価値で測定する金融資産、受取配当金（IFRS）	CurrentYearDuration	JPY	2995000000
jpcrp030000-asr_E01777-000:FinancialAssetsMeasuredAtFVPLFinanceIncomeIFRS		Prior1YearDuration	JPY	77755000000
jpcrp030000-asr_E01777-000:FinancialAssetsMeasuredAtFVPLFinanceIncomeIFRS		CurrentYearDuration	JPY	2636000000
jpigp_cor:OtherFinanceIncomeIFRS	その他、金融収益（IFRS）	Prior1YearDuration	JPY	8954000000
jpigp_cor:OtherFinanceIncomeIFRS	その他、金融収益（IFRS）	CurrentYearDuration	JPY	7538000000
jpigp_cor:FinanceIncomeIFRS	金融収益（IFRS）	Prior1YearDuration	JPY	139024000000
jpigp_cor:FinanceIncomeIFRS	金融収益（IFRS）	CurrentYearDuration	JPY	76041000000
jpigp_cor:FinancialLiabilitiesMeasuredAtAmortizedCostInterestExpensesIFRS	償却原価で測定する金融負債、支払利息（IFRS）	Prior1YearDuration	JPY	25476000000
jpigp_cor:FinancialLiabilitiesMeasuredAtAmortizedCostInterestExpensesIFRS	償却原価で測定する金融負債、支払利息（IFRS）	CurrentYearDuration	JPY	18249000000
jpigp_cor:OtherInterestExpensesIFRS	その他、支払利息（IFRS）	Prior1YearDuration	JPY	15400000000
jpigp_cor:OtherInterestExpensesIFRS	その他、支払利息（IFRS）	CurrentYearDuration	JPY	17326000000
jpigp_cor:ForeignExchangeLossIFRS	為替差損（IFRS）	Prior1YearDuration	JPY	1902000000
jpigp_cor:ForeignExchangeLossIFRS	為替差損（IFRS）	CurrentYearDuration	JPY	30181000000
jpigp_cor:OtherFinanceCostsIFRS	その他、金融費用（IFRS）	Prior1YearDuration	JPY	29683000000
jpigp_cor:OtherFinanceCostsIFRS	その他、金融費用（IFRS）	CurrentYearDuration	JPY	35418000000
jpigp_cor:FinanceCostsIFRS	金融費用（IFRS）	Prior1YearDuration	JPY	72461000000
jpigp_cor:FinanceCostsIFRS	金融費用（IFRS）	CurrentYearDuration	JPY	101174000000
jppfs_cor:CashAndDeposits	現金及び預金	Prior1YearInstant_NonConsolidatedMember	JPY	95672000000
jppfs_cor:CashAndDeposits	現金及び預金	CurrentYearInstant_NonConsolidatedMember	JPY	464270000000
jppfs_cor:AccountsReceivableTrade	売掛金	Prior1YearInstant_NonConsolidatedMember	JPY	57925000000
jppfs_cor:AccountsReceivableTrade	売掛金	CurrentYearInstant_NonConsolidatedMember	JPY	54503000000
jppfs_cor:WorkInProcess	仕掛品	Prior1YearInstant_NonConsolidatedMember	JPY	330000000
jppfs_cor:WorkInProcess	仕掛品	CurrentYearInstant_NonConsolidatedMember	JPY	293000000
jppfs_cor:RawMaterialsAndSupplies	原材料及び貯蔵品	Prior1YearInstant_NonConsolidatedMember	JPY	15000000
jppfs_cor:RawMaterialsAndSupplies	原材料及び貯蔵品	CurrentYearInstant_NonConsolidatedMember	JPY	64000000
jppfs_cor:PrepaidExpenses	前払費用	Prior1YearInstant_NonConsolidatedMember	JPY	4836000000
jppfs_cor:PrepaidExpenses	前払費用	CurrentYearInstant_NonConsolidatedMember	JPY	3935000000
jppfs_cor:DepositsPaid	預け金	Prior1YearInstant_NonConsolidatedMember	JPY	142544000000
jppfs_cor:DepositsPaid	預け金	CurrentYearInstant_NonConsolidatedMember	JPY	148649000000
jppfs_cor:ShortTermLoansReceivable	短期貸付金	Prior1YearInstant_NonConsolidatedMember	JPY	1653281000000
jppfs_cor:ShortTermLoansReceivable	短期貸付金	CurrentYearInstant_NonConsolidatedMember	JPY	1653837000000
jppfs_cor:OtherCA	その他、流動資産	Prior1YearInstant_NonConsolidatedMember	JPY	115467000000
jppfs_cor:OtherCA	その他、流動資産	CurrentYearInstant_NonConsolidatedMember	JPY	104831000000
jppfs_cor:AllowanceForDoubtfulAccountsCA	貸倒引当金、流動資産、一括控除	Prior1YearInstant_NonConsolidatedMember	JPY	-134000000
jppfs_cor:AllowanceForDoubtfulAccountsCA	貸倒引当金、流動資産、一括控除	CurrentYearInstant_NonConsolidatedMember	JPY	-5000000
jppfs_cor:CurrentAssets	流動資産	Prior1YearInstant_NonConsolidatedMember	JPY	2069936000000
jppfs_cor:CurrentAssets	流動資産	CurrentYearInstant_NonConsolidatedMember	JPY	2430376000000
jppfs_cor:Buildings	建物	Prior1YearInstant_NonConsolidatedMember	JPY	178610000000
jppfs_cor:Buildings	建物	CurrentYearInstant_NonConsolidatedMember	JPY	180268000000
jppfs_cor:AccumulatedDepreciationBuildings	減価償却累計額、建物	Prior1YearInstant_NonConsolidatedMember	JPY	-136947000000
jppfs_cor:AccumulatedDepreciationBuildings	減価償却累計額、建物	CurrentYearInstant_NonConsolidatedMember	JPY	-140123000000
jppfs_cor:BuildingsNet	建物（純額）	Prior1YearInstant_NonConsolidatedMember	JPY	41664000000
jppfs_cor:BuildingsNet	建物（純額）	CurrentYearInstant_NonConsolidatedMember	JPY	40145000000
jppfs_cor:Structures	構築物	Prior1YearInstant_NonConsolidatedMember	JPY	10666000000
jppfs_cor:Structures	構築物	CurrentYearInstant_NonConsolidatedMember	JPY	10359000000
jppfs_cor:AccumulatedDepreciationStructures	減価償却累計額、構築物	Prior1YearInstant_NonConsolidatedMember	JPY	-7306000000
jppfs_cor:AccumulatedDepreciationStructures	減価償却累計額、構築物	CurrentYearInstant_NonConsolidatedMember	JPY	-7115000000
jppfs_cor:StructuresNet	構築物（純額）	Prior1YearInstant_NonConsolidatedMember	JPY	3360000000
jppfs_cor:StructuresNet	構築物（純額）	CurrentYearInstant_NonConsolidatedMember	JPY	3243000000
jppfs_cor:MachineryAndEquipment	機械及び装置	Prior1YearInstant_NonConsolidatedMember	JPY	1689000000
jppfs_cor:MachineryAndEquipment	機械及び装置	CurrentYearInstant_NonConsolidatedMember	JPY	1826000000
jppfs_cor:AccumulatedDepreciationMachineryAndEquipment	減価償却累計額、機械及び装置	Prior1YearInstant_NonConsolidatedMember	JPY	-933000000
jppfs_cor:AccumulatedDepreciationMachineryAndEquipment	減価償却累計額、機械及び装置	CurrentYearInstant_NonConsolidatedMember	JPY	-1031000000
jppfs_cor:MachineryAndEquipmentNet	機械及び装置（純額）	Prior1YearInstant_NonConsolidatedMember	JPY	755000000
jppfs_cor:MachineryAndEquipmentNet	機械及び装置（純額）	CurrentYearInstant_NonConsolidatedMember	JPY	795000000
jppfs_cor:Vehicles	車両運搬具	Prior1YearInstant_NonConsolidatedMember	JPY	212000000
jppfs_cor:Vehicles	車両運搬具	CurrentYearInstant_NonConsolidatedMember	JPY	212000000
jppfs_cor:AccumulatedDepreciationVehicles	減価償却累計額、車両運搬具	Prior1YearInstant_NonConsolidatedMember	JPY	-177000000
jppfs_cor:AccumulatedDepreciationVehicles	減価償却累計額、車両運搬具	CurrentYearInstant_NonConsolidatedMember	JPY	-198000000
jppfs_cor:VehiclesNet	車両運搬具（純額）	Prior1YearInstant_NonConsolidatedMember	JPY	36000000
jppfs_cor:VehiclesNet	車両運搬具（純額）	CurrentYearInstant_NonConsolidatedMember	JPY	14000000
jppfs_cor:ToolsFurnitureAndFixtures	工具、器具及び備品	Prior1YearInstant_NonConsolidatedMember	JPY	8437000000
jppfs_cor:ToolsFurnitureAndFixtures	工具、器具及び備品	CurrentYearInstant_NonConsolidatedMember	JPY	8598000000
jppfs_cor:AccumulatedDepreciationToolsFurnitureAndFixtures	減価償却累計額、工具、器具及び備品	Prior1YearInstant_NonConsolidatedMember	JPY	-5817000000
jppfs_cor:AccumulatedDepreciationToolsFurnitureAndFixtures	減価償却累計額、工具、器具及び備品	CurrentYearInstant_NonConsolidatedMember	JPY	-6139000000
jppfs_cor:ToolsFurnitureAndFixturesNet	工具、器具及び備品（純額）	Prior1YearInstant_NonConsolidatedMember	JPY	2620000000
jppfs_cor:ToolsFurnitureAndFixturesNet	工具、器具及び備品（純額）	CurrentYearInstant_NonConsolidatedMember	JPY	2459000000
jppfs_cor:Land	土地	Prior1YearInstant_NonConsolidatedMember	JPY	12251000000
jppfs_cor:Land	土地	CurrentYearInstant_NonConsolidatedMember	JPY	12015000000
jppfs_cor:LeaseAssetsPPE	リース資産、有形固定資産	Prior1YearInstant_NonConsolidatedMember	JPY	436000000
jppfs_cor:LeaseAssetsPPE	リース資産、有形固定資産	CurrentYearInstant_NonConsolidatedMember	JPY	475000000
jppfs_cor:AccumulatedDepreciationLeaseAssetsPPE	減価償却累計額、リース資産、有形固定資産	Prior1YearInstant_NonConsolidatedMember	JPY	-373000000
jppfs_cor:AccumulatedDepreciationLeaseAssetsPPE	減価償却累計額、リース資産、有形固定資産	CurrentYearInstant_NonConsolidatedMember	JPY	-390000000
jppfs_cor:LeaseAssetsNetPPE	リース資産（純額）、有形固定資産	Prior1YearInstant_NonConsolidatedMember	JPY	63000000
jppfs_cor:LeaseAssetsNetPPE	リース資産（純額）、有形固定資産	CurrentYearInstant_NonConsolidatedMember	JPY	85000000
jppfs_cor:ConstructionInProgress	建設仮勘定	Prior1YearInstant_NonConsolidatedMember	JPY	68000000
jppfs_cor:ConstructionInProgress	建設仮勘定	CurrentYearInstant_NonConsolidatedMember	JPY	129000000
jppfs_cor:PropertyPlantAndEquipment	有形固定資産	Prior1YearInstant_NonConsolidatedMember	JPY	60816000000
jppfs_cor:PropertyPlantAndEquipment	有形固定資産	CurrentYearInstant_NonConsolidatedMember	JPY	58885000000
jppfs_cor:PatentRight	特許権	Prior1YearInstant_NonConsolidatedMember	JPY	916000000
jppfs_cor:PatentRight	特許権	CurrentYearInstant_NonConsolidatedMember	JPY	700000000
jppfs_cor:LeaseholdRight	借地権	Prior1YearInstant_NonConsolidatedMember	JPY	1548000000
jppfs_cor:LeaseholdRight	借地権	CurrentYearInstant_NonConsolidatedMember	JPY	1548000000
jppfs_cor:Software	ソフトウエア	Prior1YearInstant_NonConsolidatedMember	JPY	4838000000
jppfs_cor:Software	ソフトウエア	CurrentYearInstant_NonConsolidatedMember	JPY	3706000000
jppfs_cor:OtherIA	その他、無形固定資産	Prior1YearInstant_NonConsolidatedMember	JPY	9143000000
jppfs_cor:OtherIA	その他、無形固定資産	CurrentYearInstant_NonConsolidatedMember	JPY	6928000000
jppfs_cor:IntangibleAssets	無形固定資産	Prior1YearInstant_NonConsolidatedMember	JPY	16444000000
jppfs_cor:IntangibleAssets	無形固定資産	CurrentYearInstant_NonConsolidatedMember	JPY	12882000000
jppfs_cor:InvestmentSecurities	投資有価証券	Prior1YearInstant_NonConsolidatedMember	JPY	76877000000
jppfs_cor:InvestmentSecurities	投資有価証券	CurrentYearInstant_NonConsolidatedMember	JPY	174939000000
jppfs_cor:StocksOfSubsidiariesAndAffiliates	関係会社株式	Prior1YearInstant_NonConsolidatedMember	JPY	2583020000000
jppfs_cor:StocksOfSubsidiariesAndAffiliates	関係会社株式	CurrentYearInstant_NonConsolidatedMember	JPY	2093643000000
jppfs_cor:InvestmentsInCapital	出資金	Prior1YearInstant_NonConsolidatedMember	JPY	4001000000
jppfs_cor:InvestmentsInCapital	出資金	CurrentYearInstant_NonConsolidatedMember	JPY	4001000000
jppfs_cor:InvestmentsInCapitalOfSubsidiariesAndAffiliates	関係会社出資金	Prior1YearInstant_NonConsolidatedMember	JPY	169731000000
jppfs_cor:InvestmentsInCapitalOfSubsidiariesAndAffiliates	関係会社出資金	CurrentYearInstant_NonConsolidatedMember	JPY	86567000000
jppfs_cor:LongTermLoansReceivable	長期貸付金	Prior1YearInstant_NonConsolidatedMember	JPY	248230000000
jppfs_cor:LongTermLoansReceivable	長期貸付金	CurrentYearInstant_NonConsolidatedMember	JPY	245122000000
jppfs_cor:ClaimsProvableInBankruptcyClaimsProvableInRehabilitationAndOther	破産更生債権等	Prior1YearInstant_NonConsolidatedMember	JPY	266000000
jppfs_cor:ClaimsProvableInBankruptcyClaimsProvableInRehabilitationAndOther	破産更生債権等	CurrentYearInstant_NonConsolidatedMember	JPY	281000000
jppfs_cor:LongTermPrepaidExpenses	長期前払費用	Prior1YearInstant_NonConsolidatedMember	JPY	4751000000
jppfs_cor:LongTermPrepaidExpenses	長期前払費用	CurrentYearInstant_NonConsolidatedMember	JPY	4526000000
jppfs_cor:PrepaidPensionCostIOA	前払年金費用、投資その他の資産	Prior1YearInstant_NonConsolidatedMember	JPY	61825000000
jppfs_cor:PrepaidPensionCostIOA	前払年金費用、投資その他の資産	CurrentYearInstant_NonConsolidatedMember	JPY	70250000000
jppfs_cor:OtherIOA	その他、投資その他の資産	Prior1YearInstant_NonConsolidatedMember	JPY	46642000000
jppfs_cor:OtherIOA	その他、投資その他の資産	CurrentYearInstant_NonConsolidatedMember	JPY	41719000000
jppfs_cor:AllowanceForDoubtfulAccountsIOAByGroup	貸倒引当金、投資その他の資産、一括控除	Prior1YearInstant_NonConsolidatedMember	JPY	-60908000000
jppfs_cor:AllowanceForDoubtfulAccountsIOAByGroup	貸倒引当金、投資その他の資産、一括控除	CurrentYearInstant_NonConsolidatedMember	JPY	-53583000000
jppfs_cor:InvestmentsAndOtherAssets	投資その他の資産	Prior1YearInstant_NonConsolidatedMember	JPY	3134435000000
jppfs_cor:InvestmentsAndOtherAssets	投資その他の資産	CurrentYearInstant_NonConsolidatedMember	JPY	2667466000000
jppfs_cor:NoncurrentAssets	固定資産	Prior1YearInstant_NonConsolidatedMember	JPY	3211695000000
jppfs_cor:NoncurrentAssets	固定資産	CurrentYearInstant_NonConsolidatedMember	JPY	2739233000000
jppfs_cor:Assets	資産	Prior1YearInstant_NonConsolidatedMember	JPY	5281630000000
jppfs_cor:Assets	資産	CurrentYearInstant_NonConsolidatedMember	JPY	5169609000000
jppfs_cor:NotesPayableTrade	支払手形	Prior1YearInstant_NonConsolidatedMember	JPY	277000000
jppfs_cor:NotesPayableTrade	支払手形	CurrentYearInstant_NonConsolidatedMember	JPY	268000000
jppfs_cor:AccountsPayableTrade	買掛金	Prior1YearInstant_NonConsolidatedMember	JPY	2748000000
jppfs_cor:AccountsPayableTrade	買掛金	CurrentYearInstant_NonConsolidatedMember	JPY	2147000000
jppfs_cor:ShortTermLoansPayable	短期借入金	Prior1YearInstant_NonConsolidatedMember	JPY	937876000000
jppfs_cor:ShortTermLoansPayable	短期借入金	CurrentYearInstant_NonConsolidatedMember	JPY	1375495000000
jppfs_cor:CurrentPortionOfLongTermLoansPayable	１年内返済予定の長期借入金	Prior1YearInstant_NonConsolidatedMember	JPY	30000000000
jppfs_cor:CurrentPortionOfLongTermLoansPayable	１年内返済予定の長期借入金	CurrentYearInstant_NonConsolidatedMember	JPY	－
jppfs_cor:CurrentPortionOfBonds	１年内償還予定の社債	Prior1YearInstant_NonConsolidatedMember	JPY	80000000000
jppfs_cor:CurrentPortionOfBonds	１年内償還予定の社債	CurrentYearInstant_NonConsolidatedMember	JPY	125000000000
jppfs_cor:LeaseObligationsCL	リース負債、流動負債	Prior1YearInstant_NonConsolidatedMember	JPY	34000000
jppfs_cor:LeaseObligationsCL	リース負債、流動負債	CurrentYearInstant_NonConsolidatedMember	JPY	46000000
jppfs_cor:AccountsPayableOther	未払金	Prior1YearInstant_NonConsolidatedMember	JPY	48303000000
jppfs_cor:AccountsPayableOther	未払金	CurrentYearInstant_NonConsolidatedMember	JPY	91175000000
jppfs_cor:AccruedExpenses	未払費用	Prior1YearInstant_NonConsolidatedMember	JPY	4291000000
jppfs_cor:AccruedExpenses	未払費用	CurrentYearInstant_NonConsolidatedMember	JPY	4402000000
jppfs_cor:IncomeTaxesPayable	未払法人税等	Prior1YearInstant_NonConsolidatedMember	JPY	11000000
jppfs_cor:IncomeTaxesPayable	未払法人税等	CurrentYearInstant_NonConsolidatedMember	JPY	4533000000
jppfs_cor:AdvancesReceived	前受金	Prior1YearInstant_NonConsolidatedMember	JPY	3772000000
jppfs_cor:AdvancesReceived	前受金	CurrentYearInstant_NonConsolidatedMember	JPY	3627000000
jppfs_cor:DepositsReceived	預り金	Prior1YearInstant_NonConsolidatedMember	JPY	13132000000
jppfs_cor:DepositsReceived	預り金	CurrentYearInstant_NonConsolidatedMember	JPY	15008000000
jppfs_cor:UnearnedRevenue	前受収益	Prior1YearInstant_NonConsolidatedMember	JPY	45000000
jppfs_cor:UnearnedRevenue	前受収益	CurrentYearInstant_NonConsolidatedMember	JPY	26000000
jppfs_cor:ProvisionForBonuses	賞与引当金	Prior1YearInstant_NonConsolidatedMember	JPY	6772000000
jppfs_cor:ProvisionForBonuses	賞与引当金	CurrentYearInstant_NonConsolidatedMember	JPY	8317000000
jppfs_cor:ProvisionForShareBasedPaymentsCL	株式報酬引当金、流動負債	Prior1YearInstant_NonConsolidatedMember	JPY	7804000000
jppfs_cor:ProvisionForShareBasedPaymentsCL	株式報酬引当金、流動負債	CurrentYearInstant_NonConsolidatedMember	JPY	17879000000
jppfs_cor:ProvisionForLossOnBusinessOfSubsidiariesAndAffiliatesCL	関係会社事業損失引当金、流動負債	Prior1YearInstant_NonConsolidatedMember	JPY	－
jppfs_cor:ProvisionForLossOnBusinessOfSubsidiariesAndAffiliatesCL	関係会社事業損失引当金、流動負債	CurrentYearInstant_NonConsolidatedMember	JPY	25154000000
jppfs_cor:OtherCL	その他、流動負債	Prior1YearInstant_NonConsolidatedMember	JPY	579000000
jppfs_cor:OtherCL	その他、流動負債	CurrentYearInstant_NonConsolidatedMember	JPY	84000000
jppfs_cor:CurrentLiabilities	流動負債	Prior1YearInstant_NonConsolidatedMember	JPY	1135644000000
jppfs_cor:CurrentLiabilities	流動負債	CurrentYearInstant_NonConsolidatedMember	JPY	1673162000000
jppfs_cor:BondsPayable	社債	Prior1YearInstant_NonConsolidatedMember	JPY	475000000000
jppfs_cor:BondsPayable	社債	CurrentYearInstant_NonConsolidatedMember	JPY	350000000000
jppfs_cor:LongTermLoansPayable	長期借入金	Prior1YearInstant_NonConsolidatedMember	JPY	305232000000
jppfs_cor:LongTermLoansPayable	長期借入金	CurrentYearInstant_NonConsolidatedMember	JPY	317820000000
jppfs_cor:LeaseObligationsNCL	リース負債、固定負債	Prior1YearInstant_NonConsolidatedMember	JPY	37000000
jppfs_cor:LeaseObligationsNCL	リース負債、固定負債	CurrentYearInstant_NonConsolidatedMember	JPY	50000000
jppfs_cor:DeferredTaxLiabilities	繰延税金負債	Prior1YearInstant_NonConsolidatedMember	JPY	3115000000
jppfs_cor:DeferredTaxLiabilities	繰延税金負債	CurrentYearInstant_NonConsolidatedMember	JPY	5333000000
jppfs_cor:ProvisionForRetirementBenefits	退職給付引当金	Prior1YearInstant_NonConsolidatedMember	JPY	14041000000
jppfs_cor:ProvisionForRetirementBenefits	退職給付引当金	CurrentYearInstant_NonConsolidatedMember	JPY	12366000000
jpcrp030000-asr_E01777-000:ProvisionForRecyclingCostsOfPersonalComputers		Prior1YearInstant_NonConsolidatedMember	JPY	344000000
jpcrp030000-asr_E01777-000:ProvisionForRecyclingCostsOfPersonalComputers		CurrentYearInstant_NonConsolidatedMember	JPY	294000000
jppfs_cor:ProvisionForShareBasedPaymentsNCL	株式報酬引当金、固定負債	Prior1YearInstant_NonConsolidatedMember	JPY	6412000000
jppfs_cor:ProvisionForShareBasedPaymentsNCL	株式報酬引当金、固定負債	CurrentYearInstant_NonConsolidatedMember	JPY	10388000000
jppfs_cor:AssetRetirementObligationsNCL	資産除去債務、固定負債	Prior1YearInstant_NonConsolidatedMember	JPY	7145000000
jppfs_cor:AssetRetirementObligationsNCL	資産除去債務、固定負債	CurrentYearInstant_NonConsolidatedMember	JPY	7131000000
jppfs_cor:OtherNCL	その他、固定負債	Prior1YearInstant_NonConsolidatedMember	JPY	39106000000
jppfs_cor:OtherNCL	その他、固定負債	CurrentYearInstant_NonConsolidatedMember	JPY	37808000000
jppfs_cor:NoncurrentLiabilities	固定負債	Prior1YearInstant_NonConsolidatedMember	JPY	850432000000
jppfs_cor:NoncurrentLiabilities	固定負債	CurrentYearInstant_NonConsolidatedMember	JPY	741189000000
jppfs_cor:Liabilities	負債	Prior1YearInstant_NonConsolidatedMember	JPY	1986077000000
jppfs_cor:Liabilities	負債	CurrentYearInstant_NonConsolidatedMember	JPY	2414351000000
jppfs_cor:CapitalStock	資本金	Prior1YearInstant_NonConsolidatedMember	JPY	881357000000
jppfs_cor:CapitalStock	資本金	CurrentYearInstant_NonConsolidatedMember	JPY	881357000000
jppfs_cor:LegalCapitalSurplus	資本準備金	Prior1YearInstant_NonConsolidatedMember	JPY	1095050000000
jppfs_cor:LegalCapitalSurplus	資本準備金	CurrentYearInstant_NonConsolidatedMember	JPY	－
jppfs_cor:OtherCapitalSurplus	その他資本剰余金	Prior1YearInstant_NonConsolidatedMember	JPY	－
jppfs_cor:OtherCapitalSurplus	その他資本剰余金	CurrentYearInstant_NonConsolidatedMember	JPY	1107848000000
jppfs_cor:CapitalSurplus	資本剰余金	Prior1YearInstant_NonConsolidatedMember	JPY	1095050000000
jppfs_cor:CapitalSurplus	資本剰余金	CurrentYearInstant_NonConsolidatedMember	JPY	1107848000000
jppfs_cor:LegalRetainedEarnings	利益準備金	Prior1YearInstant_NonConsolidatedMember	JPY	34870000000
jppfs_cor:LegalRetainedEarnings	利益準備金	CurrentYearInstant_NonConsolidatedMember	JPY	88730000000
jppfs_cor:RetainedEarningsBroughtForward	繰越利益剰余金	Prior1YearInstant_NonConsolidatedMember	JPY	1542197000000
jppfs_cor:RetainedEarningsBroughtForward	繰越利益剰余金	CurrentYearInstant_NonConsolidatedMember	JPY	1351800000000
jppfs_cor:RetainedEarnings	利益剰余金	Prior1YearInstant_NonConsolidatedMember	JPY	1577067000000
jppfs_cor:RetainedEarnings	利益剰余金	CurrentYearInstant_NonConsolidatedMember	JPY	1440530000000
jppfs_cor:TreasuryStock	自己株式	Prior1YearInstant_NonConsolidatedMember	JPY	-296860000000
jppfs_cor:TreasuryStock	自己株式	CurrentYearInstant_NonConsolidatedMember	JPY	-752106000000
jppfs_cor:ShareholdersEquity	株主資本	Prior1YearInstant_NonConsolidatedMember	JPY	3256613000000
jppfs_cor:ShareholdersEquity	株主資本	CurrentYearInstant_NonConsolidatedMember	JPY	2677628000000
jppfs_cor:ValuationDifferenceOnAvailableForSaleSecurities	その他有価証券評価差額金	Prior1YearInstant_NonConsolidatedMember	JPY	556000000
jppfs_cor:ValuationDifferenceOnAvailableForSaleSecurities	その他有価証券評価差額金	CurrentYearInstant_NonConsolidatedMember	JPY	-559000000
jppfs_cor:ValuationAndTranslationAdjustments	評価・換算差額等	Prior1YearInstant_NonConsolidatedMember	JPY	556000000
jppfs_cor:ValuationAndTranslationAdjustments	評価・換算差額等	CurrentYearInstant_NonConsolidatedMember	JPY	-559000000
jppfs_cor:SubscriptionRightsToShares	新株予約権	Prior1YearInstant_NonConsolidatedMember	JPY	38384000000
jppfs_cor:SubscriptionRightsToShares	新株予約権	CurrentYearInstant_NonConsolidatedMember	JPY	78189000000
jppfs_cor:NetAssets	純資産	Prior1YearInstant_NonConsolidatedMember	JPY	3295554000000
jppfs_cor:NetAssets	純資産	CurrentYearInstant_NonConsolidatedMember	JPY	2755258000000
jppfs_cor:LiabilitiesAndNetAssets	負債純資産	Prior1YearInstant_NonConsolidatedMember	JPY	5281630000000
jppfs_cor:LiabilitiesAndNetAssets	負債純資産	CurrentYearInstant_NonConsolidatedMember	JPY	5169609000000
jppfs_cor:NetSales	売上高	Prior1YearDuration_NonConsolidatedMember	JPY	173940000000
jppfs_cor:NetSales	売上高	CurrentYearDuration_NonConsolidatedMember	JPY	164460000000
jppfs_cor:DividendsFromSubsidiariesAndAffiliatesRevOA	関係会社受取配当金、営業活動による収益	Prior1YearDuration_NonConsolidatedMember	JPY	306982000000
jppfs_cor:DividendsFromSubsidiariesAndAffiliatesRevOA	関係会社受取配当金、営業活動による収益	CurrentYearDuration_NonConsolidatedMember	JPY	637672000000
jppfs_cor:OperatingRevenue1	営業収益	Prior1YearDuration_NonConsolidatedMember	JPY	480922000000
jppfs_cor:OperatingRevenue1	営業収益	CurrentYearDuration_NonConsolidatedMember	JPY	802132000000
jppfs_cor:CostOfSales	売上原価	Prior1YearDuration_NonConsolidatedMember	JPY	33604000000
jppfs_cor:CostOfSales	売上原価	CurrentYearDuration_NonConsolidatedMember	JPY	32361000000
jppfs_cor:GrossProfit	売上総利益又は売上総損失（△）	Prior1YearDuration_NonConsolidatedMember	JPY	447318000000
jppfs_cor:GrossProfit	売上総利益又は売上総損失（△）	CurrentYearDuration_NonConsolidatedMember	JPY	769771000000
jppfs_cor:SellingGeneralAndAdministrativeExpenses	販売費及び一般管理費	Prior1YearDuration_NonConsolidatedMember	JPY	127143000000
jppfs_cor:SellingGeneralAndAdministrativeExpenses	販売費及び一般管理費	CurrentYearDuration_NonConsolidatedMember	JPY	143098000000
jppfs_cor:OperatingIncome	営業利益又は営業損失（△）	Prior1YearDuration_NonConsolidatedMember	JPY	320175000000
jppfs_cor:OperatingIncome	営業利益又は営業損失（△）	CurrentYearDuration_NonConsolidatedMember	JPY	626673000000
jppfs_cor:InterestAndDividendsIncomeNOI	受取利息及び配当金、営業外収益	Prior1YearDuration_NonConsolidatedMember	JPY	18625000000
jppfs_cor:InterestAndDividendsIncomeNOI	受取利息及び配当金、営業外収益	CurrentYearDuration_NonConsolidatedMember	JPY	26372000000
jppfs_cor:OtherNOI	その他、営業外収益	Prior1YearDuration_NonConsolidatedMember	JPY	48707000000
jppfs_cor:OtherNOI	その他、営業外収益	CurrentYearDuration_NonConsolidatedMember	JPY	56910000000
jppfs_cor:NonOperatingIncome	営業外収益	Prior1YearDuration_NonConsolidatedMember	JPY	67332000000
jppfs_cor:NonOperatingIncome	営業外収益	CurrentYearDuration_NonConsolidatedMember	JPY	83283000000
jppfs_cor:InterestExpensesNOE	支払利息、営業外費用	Prior1YearDuration_NonConsolidatedMember	JPY	12634000000
jppfs_cor:InterestExpensesNOE	支払利息、営業外費用	CurrentYearDuration_NonConsolidatedMember	JPY	15268000000
jppfs_cor:OtherNOE	その他、営業外費用	Prior1YearDuration_NonConsolidatedMember	JPY	52009000000
jppfs_cor:OtherNOE	その他、営業外費用	CurrentYearDuration_NonConsolidatedMember	JPY	43945000000
jppfs_cor:NonOperatingExpenses	営業外費用	Prior1YearDuration_NonConsolidatedMember	JPY	64642000000
jppfs_cor:NonOperatingExpenses	営業外費用	CurrentYearDuration_NonConsolidatedMember	JPY	59212000000
jppfs_cor:OrdinaryIncome	経常利益又は経常損失（△）	Prior1YearDuration_NonConsolidatedMember	JPY	322865000000
jppfs_cor:OrdinaryIncome	経常利益又は経常損失（△）	CurrentYearDuration_NonConsolidatedMember	JPY	650743000000
jppfs_cor:LossOnValuationOfStocksOfSubsidiariesAndAffiliatesEL	関係会社株式評価損、特別損失	Prior1YearDuration_NonConsolidatedMember	JPY	－
jppfs_cor:LossOnValuationOfStocksOfSubsidiariesAndAffiliatesEL	関係会社株式評価損、特別損失	CurrentYearDuration_NonConsolidatedMember	JPY	100649000000
jpcrp030000-asr_E01777-000:ExpensesRelatedToAPartialSpinOffEL		Prior1YearDuration_NonConsolidatedMember	JPY	－
jpcrp030000-asr_E01777-000:ExpensesRelatedToAPartialSpinOffEL		CurrentYearDuration_NonConsolidatedMember	JPY	54074000000
jppfs_cor:ProvisionForLossOnBusinessOfSubsidiariesAndAffiliatesEL	関係会社事業損失引当金繰入額、特別損失	Prior1YearDuration_NonConsolidatedMember	JPY	－
jppfs_cor:ProvisionForLossOnBusinessOfSubsidiariesAndAffiliatesEL	関係会社事業損失引当金繰入額、特別損失	CurrentYearDuration_NonConsolidatedMember	JPY	25154000000
jppfs_cor:LossOnSupportToSubsidiariesAndSubsidiariesAndAffiliatesEL	関係会社支援損、特別損失	Prior1YearDuration_NonConsolidatedMember	JPY	－
jppfs_cor:LossOnSupportToSubsidiariesAndSubsidiariesAndAffiliatesEL	関係会社支援損、特別損失	CurrentYearDuration_NonConsolidatedMember	JPY	13775000000
jppfs_cor:ExtraordinaryLoss	特別損失	Prior1YearDuration_NonConsolidatedMember	JPY	－
jppfs_cor:ExtraordinaryLoss	特別損失	CurrentYearDuration_NonConsolidatedMember	JPY	193651000000
jppfs_cor:IncomeBeforeIncomeTaxes	税引前当期純利益又は税引前当期純損失（△）	Prior1YearDuration_NonConsolidatedMember	JPY	322865000000
jppfs_cor:IncomeBeforeIncomeTaxes	税引前当期純利益又は税引前当期純損失（△）	CurrentYearDuration_NonConsolidatedMember	JPY	457092000000
jppfs_cor:IncomeTaxesCurrent	法人税、住民税及び事業税	Prior1YearDuration_NonConsolidatedMember	JPY	-50697000000
jppfs_cor:IncomeTaxesCurrent	法人税、住民税及び事業税	CurrentYearDuration_NonConsolidatedMember	JPY	-7953000000
jppfs_cor:IncomeTaxesDeferred	法人税等調整額	Prior1YearDuration_NonConsolidatedMember	JPY	11883000000
jppfs_cor:IncomeTaxesDeferred	法人税等調整額	CurrentYearDuration_NonConsolidatedMember	JPY	2732000000
jppfs_cor:IncomeTaxes	法人税等	Prior1YearDuration_NonConsolidatedMember	JPY	-38814000000
jppfs_cor:IncomeTaxes	法人税等	CurrentYearDuration_NonConsolidatedMember	JPY	-5221000000
jppfs_cor:ProfitLoss	当期純利益又は当期純損失（△）（平成26年3月28日財規等改正後）	Prior1YearDuration_NonConsolidatedMember	JPY	361678000000
jppfs_cor:ProfitLoss	当期純利益又は当期純損失（△）（平成26年3月28日財規等改正後）	CurrentYearDuration_NonConsolidatedMember	JPY	462313000000
jppfs_cor:NetAssets	純資産	Prior2YearInstant_NonConsolidatedMember_CapitalStockMember	JPY	881357000000
jppfs_cor:NetAssets	純資産	Prior2YearInstant_NonConsolidatedMember_LegalCapitalSurplusMember	JPY	1095050000000
jppfs_cor:NetAssets	純資産	Prior2YearInstant_NonConsolidatedMember_OtherCapitalSurplusMember	JPY	839000000
jppfs_cor:NetAssets	純資産	Prior2YearInstant_NonConsolidatedMember_LegalRetainedEarningsMember	JPY	34870000000
jppfs_cor:NetAssets	純資産	Prior2YearInstant_NonConsolidatedMember_RetainedEarningsBroughtForwardMember	JPY	1636172000000
jppfs_cor:NetAssets	純資産	Prior2YearInstant_NonConsolidatedMember_TreasuryStockMember	JPY	-403934000000
jppfs_cor:NetAssets	純資産	Prior2YearInstant_NonConsolidatedMember_ShareholdersEquityMember	JPY	3244353000000
jppfs_cor:DividendsFromSurplus	剰余金の配当	Prior1YearDuration_NonConsolidatedMember_RetainedEarningsBroughtForwardMember	JPY	-115312000000
jppfs_cor:DividendsFromSurplus	剰余金の配当	Prior1YearDuration_NonConsolidatedMember_ShareholdersEquityMember	JPY	-115312000000
jppfs_cor:ProfitLoss	当期純利益又は当期純損失（△）（平成26年3月28日財規等改正後）	Prior1YearDuration_NonConsolidatedMember_RetainedEarningsBroughtForwardMember	JPY	361678000000
jppfs_cor:ProfitLoss	当期純利益又は当期純損失（△）（平成26年3月28日財規等改正後）	Prior1YearDuration_NonConsolidatedMember_ShareholdersEquityMember	JPY	361678000000
jppfs_cor:PurchaseOfTreasuryStock	自己株式の取得	Prior1YearDuration_NonConsolidatedMember_TreasuryStockMember	JPY	-285548000000
jppfs_cor:PurchaseOfTreasuryStock	自己株式の取得	Prior1YearDuration_NonConsolidatedMember_ShareholdersEquityMember	JPY	-285548000000
jppfs_cor:DisposalOfTreasuryStock	自己株式の処分	Prior1YearDuration_NonConsolidatedMember_OtherCapitalSurplusMember	JPY	1830000000
jppfs_cor:DisposalOfTreasuryStock	自己株式の処分	Prior1YearDuration_NonConsolidatedMember_TreasuryStockMember	JPY	49612000000
jppfs_cor:DisposalOfTreasuryStock	自己株式の処分	Prior1YearDuration_NonConsolidatedMember_ShareholdersEquityMember	JPY	51442000000
jppfs_cor:RetirementOfTreasuryStock	自己株式の消却	Prior1YearDuration_NonConsolidatedMember_OtherCapitalSurplusMember	JPY	-343010000000
jppfs_cor:RetirementOfTreasuryStock	自己株式の消却	Prior1YearDuration_NonConsolidatedMember_TreasuryStockMember	JPY	343010000000
jppfs_cor:RetirementOfTreasuryStock	自己株式の消却	Prior1YearDuration_NonConsolidatedMember_ShareholdersEquityMember	JPY	－
jppfs_cor:TransferToCapitalSurplusFromRetainedEarnings	利益剰余金から資本剰余金への振替	Prior1YearDuration_NonConsolidatedMember_OtherCapitalSurplusMember	JPY	340341000000
jppfs_cor:TransferToCapitalSurplusFromRetainedEarnings	利益剰余金から資本剰余金への振替	Prior1YearDuration_NonConsolidatedMember_RetainedEarningsBroughtForwardMember	JPY	-340341000000
jppfs_cor:TransferToCapitalSurplusFromRetainedEarnings	利益剰余金から資本剰余金への振替	Prior1YearDuration_NonConsolidatedMember_ShareholdersEquityMember	JPY	－
jppfs_cor:NetChangesOfItemsOtherThanShareholdersEquity	株主資本以外の項目の当期変動額（純額）	Prior1YearDuration_NonConsolidatedMember_ShareholdersEquityMember	JPY	－
jppfs_cor:TotalChangesOfItemsDuringThePeriod	当期変動額合計	Prior1YearDuration_NonConsolidatedMember_CapitalStockMember	JPY	－
jppfs_cor:TotalChangesOfItemsDuringThePeriod	当期変動額合計	Prior1YearDuration_NonConsolidatedMember_LegalCapitalSurplusMember	JPY	－
jppfs_cor:TotalChangesOfItemsDuringThePeriod	当期変動額合計	Prior1YearDuration_NonConsolidatedMember_OtherCapitalSurplusMember	JPY	-839000000
jppfs_cor:TotalChangesOfItemsDuringThePeriod	当期変動額合計	Prior1YearDuration_NonConsolidatedMember_LegalRetainedEarningsMember	JPY	－
jppfs_cor:TotalChangesOfItemsDuringThePeriod	当期変動額合計	Prior1YearDuration_NonConsolidatedMember_RetainedEarningsBroughtForwardMember	JPY	-93975000000
jppfs_cor:TotalChangesOfItemsDuringThePeriod	当期変動額合計	Prior1YearDuration_NonConsolidatedMember_TreasuryStockMember	JPY	107074000000
jppfs_cor:TotalChangesOfItemsDuringThePeriod	当期変動額合計	Prior1YearDuration_NonConsolidatedMember_ShareholdersEquityMember	JPY	12260000000
jppfs_cor:NetAssets	純資産	Prior1YearInstant_NonConsolidatedMember_CapitalStockMember	JPY	881357000000
jppfs_cor:NetAssets	純資産	Prior1YearInstant_NonConsolidatedMember_LegalCapitalSurplusMember	JPY	1095050000000
jppfs_cor:NetAssets	純資産	Prior1YearInstant_NonConsolidatedMember_OtherCapitalSurplusMember	JPY	－
jppfs_cor:NetAssets	純資産	Prior1YearInstant_NonConsolidatedMember_LegalRetainedEarningsMember	JPY	34870000000
jppfs_cor:NetAssets	純資産	Prior1YearInstant_NonConsolidatedMember_RetainedEarningsBroughtForwardMember	JPY	1542197000000
jppfs_cor:NetAssets	純資産	Prior1YearInstant_NonConsolidatedMember_TreasuryStockMember	JPY	-296860000000
jppfs_cor:NetAssets	純資産	Prior1YearInstant_NonConsolidatedMember_ShareholdersEquityMember	JPY	3256613000000
jppfs_cor:NetAssets	純資産	Prior2YearInstant_NonConsolidatedMember_ValuationDifferenceOnAvailableForSaleSecuritiesMember	JPY	6761000000
jppfs_cor:NetAssets	純資産	Prior2YearInstant_NonConsolidatedMember_SubscriptionRightsToSharesMember	JPY	38119000000
jppfs_cor:NetAssets	純資産	Prior2YearInstant_NonConsolidatedMember	JPY	3289233000000
jppfs_cor:DividendsFromSurplus	剰余金の配当	Prior1YearDuration_NonConsolidatedMember	JPY	-115312000000
jppfs_cor:ProfitLoss	当期純利益又は当期純損失（△）（平成26年3月28日財規等改正後）	Prior1YearDuration_NonConsolidatedMember	JPY	361678000000
jppfs_cor:PurchaseOfTreasuryStock	自己株式の取得	Prior1YearDuration_NonConsolidatedMember	JPY	-285548000000
jppfs_cor:DisposalOfTreasuryStock	自己株式の処分	Prior1YearDuration_NonConsolidatedMember	JPY	51442000000
jppfs_cor:RetirementOfTreasuryStock	自己株式の消却	Prior1YearDuration_NonConsolidatedMember	JPY	－
jppfs_cor:TransferToCapitalSurplusFromRetainedEarnings	利益剰余金から資本剰余金への振替	Prior1YearDuration_NonConsolidatedMember	JPY	－
jppfs_cor:NetChangesOfItemsOtherThanShareholdersEquity	株主資本以外の項目の当期変動額（純額）	Prior1YearDuration_NonConsolidatedMember_ValuationDifferenceOnAvailableForSaleSecuritiesMember	JPY	-6205000000
jppfs_cor:NetChangesOfItemsOtherThanShareholdersEquity	株主資本以外の項目の当期変動額（純額）	Prior1YearDuration_NonConsolidatedMember_SubscriptionRightsToSharesMember	JPY	265000000
jppfs_cor:NetChangesOfItemsOtherThanShareholdersEquity	株主資本以外の項目の当期変動額（純額）	Prior1YearDuration_NonConsolidatedMember	JPY	-5940000000
jppfs_cor:TotalChangesOfItemsDuringThePeriod	当期変動額合計	Prior1YearDuration_NonConsolidatedMember_ValuationDifferenceOnAvailableForSaleSecuritiesMember	JPY	-6205000000
jppfs_cor:TotalChangesOfItemsDuringThePeriod	当期変動額合計	Prior1YearDuration_NonConsolidatedMember_SubscriptionRightsToSharesMember	JPY	265000000
jppfs_cor:TotalChangesOfItemsDuringThePeriod	当期変動額合計	Prior1YearDuration_NonConsolidatedMember	JPY	6320000000
jppfs_cor:NetAssets	純資産	Prior1YearInstant_NonConsolidatedMember_ValuationDifferenceOnAvailableForSaleSecuritiesMember	JPY	556000000
jppfs_cor:NetAssets	純資産	Prior1YearInstant_NonConsolidatedMember_SubscriptionRightsToSharesMember	JPY	38384000000
jppfs_cor:NetAssets	純資産	Prior1YearInstant_NonConsolidatedMember	JPY	3295554000000
jppfs_cor:NetAssets	純資産	Prior1YearInstant_NonConsolidatedMember_CapitalStockMember	JPY	881357000000
jppfs_cor:NetAssets	純資産	Prior1YearInstant_NonConsolidatedMember_LegalCapitalSurplusMember	JPY	1095050000000
jppfs_cor:NetAssets	純資産	Prior1YearInstant_NonConsolidatedMember_OtherCapitalSurplusMember	JPY	－
jppfs_cor:NetAssets	純資産	Prior1YearInstant_NonConsolidatedMember_LegalRetainedEarningsMember	JPY	34870000000
jppfs_cor:NetAssets	純資産	Prior1YearInstant_NonConsolidatedMember_RetainedEarningsBroughtForwardMember	JPY	1542197000000
jppfs_cor:NetAssets	純資産	Prior1YearInstant_NonConsolidatedMember_TreasuryStockMember	JPY	-296860000000
jppfs_cor:NetAssets	純資産	Prior1YearInstant_NonConsolidatedMember_ShareholdersEquityMember	JPY	3256613000000
jppfs_cor:CumulativeEffectsOfChangesInAccountingPolicies	会計方針の変更による累積的影響額	Prior1YearInstant_NonConsolidatedMember_ShareholdersEquityMember	JPY	－
jppfs_cor:RestatedBalance	会計方針の変更を反映した当期首残高	Prior1YearInstant_NonConsolidatedMember_CapitalStockMember	JPY	881357000000
jppfs_cor:RestatedBalance	会計方針の変更を反映した当期首残高	Prior1YearInstant_NonConsolidatedMember_LegalCapitalSurplusMember	JPY	1095050000000
jppfs_cor:RestatedBalance	会計方針の変更を反映した当期首残高	Prior1YearInstant_NonConsolidatedMember_OtherCapitalSurplusMember	JPY	－
jppfs_cor:RestatedBalance	会計方針の変更を反映した当期首残高	Prior1YearInstant_NonConsolidatedMember_LegalRetainedEarningsMember	JPY	34870000000
jppfs_cor:RestatedBalance	会計方針の変更を反映した当期首残高	Prior1YearInstant_NonConsolidatedMember_RetainedEarningsBroughtForwardMember	JPY	1542197000000
jppfs_cor:RestatedBalance	会計方針の変更を反映した当期首残高	Prior1YearInstant_NonConsolidatedMember_TreasuryStockMember	JPY	-296860000000
jppfs_cor:RestatedBalance	会計方針の変更を反映した当期首残高	Prior1YearInstant_NonConsolidatedMember_ShareholdersEquityMember	JPY	3256613000000
jppfs_cor:DividendsFromSurplus	剰余金の配当	CurrentYearDuration_NonConsolidatedMember_RetainedEarningsBroughtForwardMember	JPY	-134964000000
jppfs_cor:DividendsFromSurplus	剰余金の配当	CurrentYearDuration_NonConsolidatedMember_ShareholdersEquityMember	JPY	-134964000000
jpcrp030000-asr_E01777-000:DividendsInKindUponExecutionOfTheSpinOff		CurrentYearDuration_NonConsolidatedMember_RetainedEarningsBroughtForwardMember	JPY	-463886000000
jpcrp030000-asr_E01777-000:DividendsInKindUponExecutionOfTheSpinOff		CurrentYearDuration_NonConsolidatedMember_ShareholdersEquityMember	JPY	-463886000000
jppfs_cor:ProvisionOfLegalRetainedEarnings	利益準備金の積立	CurrentYearDuration_NonConsolidatedMember_LegalRetainedEarningsMember	JPY	53860000000
jppfs_cor:ProvisionOfLegalRetainedEarnings	利益準備金の積立	CurrentYearDuration_NonConsolidatedMember_RetainedEarningsBroughtForwardMember	JPY	-53860000000
jppfs_cor:ProvisionOfLegalRetainedEarnings	利益準備金の積立	CurrentYearDuration_NonConsolidatedMember_ShareholdersEquityMember	JPY	－
jppfs_cor:ProfitLoss	当期純利益又は当期純損失（△）（平成26年3月28日財規等改正後）	CurrentYearDuration_NonConsolidatedMember_RetainedEarningsBroughtForwardMember	JPY	462313000000
jppfs_cor:ProfitLoss	当期純利益又は当期純損失（△）（平成26年3月28日財規等改正後）	CurrentYearDuration_NonConsolidatedMember_ShareholdersEquityMember	JPY	462313000000
jppfs_cor:PurchaseOfTreasuryStock	自己株式の取得	CurrentYearDuration_NonConsolidatedMember_TreasuryStockMember	JPY	-522090000000
jppfs_cor:PurchaseOfTreasuryStock	自己株式の取得	CurrentYearDuration_NonConsolidatedMember_ShareholdersEquityMember	JPY	-522090000000
jppfs_cor:DisposalOfTreasuryStock	自己株式の処分	CurrentYearDuration_NonConsolidatedMember_OtherCapitalSurplusMember	JPY	12798000000
jppfs_cor:DisposalOfTreasuryStock	自己株式の処分	CurrentYearDuration_NonConsolidatedMember_TreasuryStockMember	JPY	66844000000
jppfs_cor:DisposalOfTreasuryStock	自己株式の処分	CurrentYearDuration_NonConsolidatedMember_ShareholdersEquityMember	JPY	79642000000
jpcrp030000-asr_E01777-000:TransferFromCapitalLegalSurplusToOtherCapitalSurplus		CurrentYearDuration_NonConsolidatedMember_LegalCapitalSurplusMember	JPY	-1095050000000
jpcrp030000-asr_E01777-000:TransferFromCapitalLegalSurplusToOtherCapitalSurplus		CurrentYearDuration_NonConsolidatedMember_OtherCapitalSurplusMember	JPY	1095050000000
jpcrp030000-asr_E01777-000:TransferFromCapitalLegalSurplusToOtherCapitalSurplus		CurrentYearDuration_NonConsolidatedMember_ShareholdersEquityMember	JPY	－
jpcrp030000-asr_E01777-000:ChangesOfItemsDueToAnAdjustmentOfExercisePriceOfStockAcquisitionRightsDueToTheSpinOff		CurrentYearDuration_NonConsolidatedMember_ShareholdersEquityMember	JPY	－
jppfs_cor:NetChangesOfItemsOtherThanShareholdersEquity	株主資本以外の項目の当期変動額（純額）	CurrentYearDuration_NonConsolidatedMember_ShareholdersEquityMember	JPY	－
jppfs_cor:TotalChangesOfItemsDuringThePeriod	当期変動額合計	CurrentYearDuration_NonConsolidatedMember_CapitalStockMember	JPY	－
jppfs_cor:TotalChangesOfItemsDuringThePeriod	当期変動額合計	CurrentYearDuration_NonConsolidatedMember_LegalCapitalSurplusMember	JPY	-1095050000000
jppfs_cor:TotalChangesOfItemsDuringThePeriod	当期変動額合計	CurrentYearDuration_NonConsolidatedMember_OtherCapitalSurplusMember	JPY	1107848000000
jppfs_cor:TotalChangesOfItemsDuringThePeriod	当期変動額合計	CurrentYearDuration_NonConsolidatedMember_LegalRetainedEarningsMember	JPY	53860000000
jppfs_cor:TotalChangesOfItemsDuringThePeriod	当期変動額合計	CurrentYearDuration_NonConsolidatedMember_RetainedEarningsBroughtForwardMember	JPY	-190397000000
jppfs_cor:TotalChangesOfItemsDuringThePeriod	当期変動額合計	CurrentYearDuration_NonConsolidatedMember_TreasuryStockMember	JPY	-455246000000
jppfs_cor:TotalChangesOfItemsDuringThePeriod	当期変動額合計	CurrentYearDuration_NonConsolidatedMember_ShareholdersEquityMember	JPY	-578985000000
jppfs_cor:NetAssets	純資産	CurrentYearInstant_NonConsolidatedMember_CapitalStockMember	JPY	881357000000
jppfs_cor:NetAssets	純資産	CurrentYearInstant_NonConsolidatedMember_LegalCapitalSurplusMember	JPY	－
jppfs_cor:NetAssets	純資産	CurrentYearInstant_NonConsolidatedMember_OtherCapitalSurplusMember	JPY	1107848000000
jppfs_cor:NetAssets	純資産	CurrentYearInstant_NonConsolidatedMember_LegalRetainedEarningsMember	JPY	88730000000
jppfs_cor:NetAssets	純資産	CurrentYearInstant_NonConsolidatedMember_RetainedEarningsBroughtForwardMember	JPY	1351800000000
jppfs_cor:NetAssets	純資産	CurrentYearInstant_NonConsolidatedMember_TreasuryStockMember	JPY	-752106000000
jppfs_cor:NetAssets	純資産	CurrentYearInstant_NonConsolidatedMember_ShareholdersEquityMember	JPY	2677628000000
jppfs_cor:NetAssets	純資産	Prior1YearInstant_NonConsolidatedMember_ValuationDifferenceOnAvailableForSaleSecuritiesMember	JPY	556000000
jppfs_cor:NetAssets	純資産	Prior1YearInstant_NonConsolidatedMember_SubscriptionRightsToSharesMember	JPY	38384000000
jppfs_cor:NetAssets	純資産	Prior1YearInstant_NonConsolidatedMember	JPY	3295554000000
jppfs_cor:CumulativeEffectsOfChangesInAccountingPolicies	会計方針の変更による累積的影響額	Prior1YearInstant_NonConsolidatedMember_ValuationDifferenceOnAvailableForSaleSecuritiesMember	JPY	1156000000
jppfs_cor:CumulativeEffectsOfChangesInAccountingPolicies	会計方針の変更による累積的影響額	Prior1YearInstant_NonConsolidatedMember	JPY	1156000000
jppfs_cor:RestatedBalance	会計方針の変更を反映した当期首残高	Prior1YearInstant_NonConsolidatedMember_ValuationDifferenceOnAvailableForSaleSecuritiesMember	JPY	1712000000
jppfs_cor:RestatedBalance	会計方針の変更を反映した当期首残高	Prior1YearInstant_NonConsolidatedMember_SubscriptionRightsToSharesMember	JPY	38384000000
jppfs_cor:RestatedBalance	会計方針の変更を反映した当期首残高	Prior1YearInstant_NonConsolidatedMember	JPY	3296709000000
jppfs_cor:DividendsFromSurplus	剰余金の配当	CurrentYearDuration_NonConsolidatedMember	JPY	-134964000000
jpcrp030000-asr_E01777-000:DividendsInKindUponExecutionOfTheSpinOff		CurrentYearDuration_NonConsolidatedMember	JPY	-463886000000
jppfs_cor:ProvisionOfLegalRetainedEarnings	利益準備金の積立	CurrentYearDuration_NonConsolidatedMember	JPY	－
jppfs_cor:ProfitLoss	当期純利益又は当期純損失（△）（平成26年3月28日財規等改正後）	CurrentYearDuration_NonConsolidatedMember	JPY	462313000000
jppfs_cor:PurchaseOfTreasuryStock	自己株式の取得	CurrentYearDuration_NonConsolidatedMember	JPY	-522090000000
jppfs_cor:DisposalOfTreasuryStock	自己株式の処分	CurrentYearDuration_NonConsolidatedMember	JPY	79642000000
jpcrp030000-asr_E01777-000:TransferFromCapitalLegalSurplusToOtherCapitalSurplus		CurrentYearDuration_NonConsolidatedMember	JPY	－
jpcrp030000-asr_E01777-000:ChangesOfItemsDueToAnAdjustmentOfExercisePriceOfStockAcquisitionRightsDueToTheSpinOff		CurrentYearDuration_NonConsolidatedMember_SubscriptionRightsToSharesMember	JPY	47988000000
jpcrp030000-asr_E01777-000:ChangesOfItemsDueToAnAdjustmentOfExercisePriceOfStockAcquisitionRightsDueToTheSpinOff		CurrentYearDuration_NonConsolidatedMember	JPY	47988000000
jppfs_cor:NetChangesOfItemsOtherThanShareholdersEquity	株主資本以外の項目の当期変動額（純額）	CurrentYearDuration_NonConsolidatedMember_ValuationDifferenceOnAvailableForSaleSecuritiesMember	JPY	-2271000000
jppfs_cor:NetChangesOfItemsOtherThanShareholdersEquity	株主資本以外の項目の当期変動額（純額）	CurrentYearDuration_NonConsolidatedMember_SubscriptionRightsToSharesMember	JPY	-8183000000
jppfs_cor:NetChangesOfItemsOtherThanShareholdersEquity	株主資本以外の項目の当期変動額（純額）	CurrentYearDuration_NonConsolidatedMember	JPY	-10455000000
jppfs_cor:TotalChangesOfItemsDuringThePeriod	当期変動額合計	CurrentYearDuration_NonConsolidatedMember_ValuationDifferenceOnAvailableForSaleSecuritiesMember	JPY	-2271000000
jppfs_cor:TotalChangesOfItemsDuringThePeriod	当期変動額合計	CurrentYearDuration_NonConsolidatedMember_SubscriptionRightsToSharesMember	JPY	39804000000
jppfs_cor:TotalChangesOfItemsDuringThePeriod	当期変動額合計	CurrentYearDuration_NonConsolidatedMember	JPY	-541452000000
jppfs_cor:NetAssets	純資産	CurrentYearInstant_NonConsolidatedMember_ValuationDifferenceOnAvailableForSaleSecuritiesMember	JPY	-559000000
jppfs_cor:NetAssets	純資産	CurrentYearInstant_NonConsolidatedMember_SubscriptionRightsToSharesMember	JPY	78189000000
jppfs_cor:NetAssets	純資産	CurrentYearInstant_NonConsolidatedMember	JPY	2755258000000
jppfs_cor:RetirementBenefitExpensesSGA	退職給付費用、販売費及び一般管理費	Prior1YearDuration_NonConsolidatedMember	JPY	-28301000000
jppfs_cor:RetirementBenefitExpensesSGA	退職給付費用、販売費及び一般管理費	CurrentYearDuration_NonConsolidatedMember	JPY	-6264000000
jppfs_cor:BusinessConsignmentExpensesSGA	業務委託費、販売費及び一般管理費	Prior1YearDuration_NonConsolidatedMember	JPY	47628000000
jppfs_cor:BusinessConsignmentExpensesSGA	業務委託費、販売費及び一般管理費	CurrentYearDuration_NonConsolidatedMember	JPY	45253000000
jppfs_cor:DevelopmentAndResearchExpensesSGA	開発研究費、販売費及び一般管理費	Prior1YearDuration_NonConsolidatedMember	JPY	36158000000
jppfs_cor:DevelopmentAndResearchExpensesSGA	開発研究費、販売費及び一般管理費	CurrentYearDuration_NonConsolidatedMember	JPY	35025000000
jppfs_cor:OtherSGA	その他、販売費及び一般管理費	Prior1YearDuration_NonConsolidatedMember	JPY	71658000000
jppfs_cor:OtherSGA	その他、販売費及び一般管理費	CurrentYearDuration_NonConsolidatedMember	JPY	69084000000
jpcrp_cor:DocumentTitleCoverPage	提出書類、表紙	FilingDateInstant	－	有価証券報告書
jpcrp_cor:ClauseOfStipulationCoverPage	根拠条文、表紙	FilingDateInstant	－	金融商品取引法第24条第１項
jpcrp_cor:PlaceOfFilingCoverPage	提出先、表紙	FilingDateInstant	－	関東財務局長
jpcrp_cor:FilingDateCoverPage	提出日、表紙	FilingDateInstant	－	2026-06-18
jpcrp_cor:FiscalYearCoverPage	事業年度、表紙	FilingDateInstant	－	2025年度（自　2025年４月１日　至　2026年３月31日）
jpcrp_cor:CompanyNameCoverPage	会社名、表紙	FilingDateInstant	－	ソニーグループ株式会社
jpcrp_cor:CompanyNameInEnglishCoverPage	英訳名、表紙	FilingDateInstant	－	SONY GROUP CORPORATION
jpcrp_cor:TitleAndNameOfRepresentativeCoverPage	代表者の役職氏名、表紙	FilingDateInstant	－	代表執行役　　十時　裕樹
jpcrp_cor:AddressOfRegisteredHeadquarterCoverPage	本店の所在の場所、表紙	FilingDateInstant	－	東京都港区港南１丁目７番１号
jpcrp_cor:TelephoneNumberAddressOfRegisteredHeadquarterCoverPage	電話番号、本店の所在の場所、表紙	FilingDateInstant	－	03-6748-2111（代表）
jpcrp_cor:NameOfContactPersonAddressOfRegisteredHeadquarterCoverPage	事務連絡者氏名、本店の所在の場所、表紙	FilingDateInstant	－	IR部　IRグループ　ゼネラルマネジャー　　新地　俊介
jpcrp_cor:NearestPlaceOfContactCoverPage	最寄りの連絡場所、表紙	FilingDateInstant	－	東京都港区港南１丁目７番１号
jpcrp_cor:TelephoneNumberNearestPlaceOfContactCoverPage	電話番号、最寄りの連絡場所、表紙	FilingDateInstant	－	03-6748-2111（代表）
jpcrp_cor:NameOfContactPersonNearestPlaceOfContactCoverPage	事務連絡者氏名、最寄りの連絡場所、表紙	FilingDateInstant	－	IR部　IRグループ　ゼネラルマネジャー　　新地　俊介
jpcrp_cor:PlaceForPublicInspectionCoverPageTextBlock	縦覧に供する場所、表紙 [テキストブロック]	FilingDateInstant	－	株式会社東京証券取引所（東京都中央区日本橋兜町２番１号）
jpdei_cor:EDINETCodeDEI	EDINETコード、DEI	FilingDateInstant	－	E01777
jpdei_cor:FundCodeDEI	ファンドコード、DEI	FilingDateInstant	－	－
jpdei_cor:SecurityCodeDEI	証券コード、DEI	FilingDateInstant	－	67580
jpdei_cor:FilerNameInJapaneseDEI	提出者名（日本語表記）、DEI	FilingDateInstant	－	ソニーグループ株式会社
jpdei_cor:FilerNameInEnglishDEI	提出者名（英語表記）、DEI	FilingDateInstant	－	SONY GROUP CORPORATION
jpdei_cor:FundNameInJapaneseDEI	ファンド名称（日本語表記）、DEI	FilingDateInstant	－	－
jpdei_cor:FundNameInEnglishDEI	ファンド名称（英語表記）、DEI	FilingDateInstant	－	－
jpdei_cor:CabinetOfficeOrdinanceDEI	府令、DEI	FilingDateInstant	－	企業内容等の開示に関する内閣府令
jpdei_cor:DocumentTypeDEI	様式、DEI	FilingDateInstant	－	第三号様式
jpdei_cor:AccountingStandardsDEI	会計基準、DEI	FilingDateInstant	－	IFRS
jpdei_cor:WhetherConsolidatedFinancialStatementsArePreparedDEI	連結決算の有無、DEI	FilingDateInstant	－	true
jpdei_cor:IndustryCodeWhenConsolidatedFinancialStatementsArePreparedInAccordanceWithIndustrySpecificRegulationsDEI	別記事業（連結）、DEI	FilingDateInstant	－	CTE
jpdei_cor:IndustryCodeWhenFinancialStatementsArePreparedInAccordanceWithIndustrySpecificRegulationsDEI	別記事業（個別）、DEI	FilingDateInstant	－	CTE
jpdei_cor:CurrentFiscalYearStartDateDEI	当事業年度開始日、DEI	FilingDateInstant	－	2025-04-01
jpdei_cor:CurrentPeriodEndDateDEI	当会計期間終了日、DEI	FilingDateInstant	－	2026-03-31
jpdei_cor:TypeOfCurrentPeriodDEI	当会計期間の種類、DEI	FilingDateInstant	－	FY
jpdei_cor:CurrentFiscalYearEndDateDEI	当事業年度終了日、DEI	FilingDateInstant	－	2026-03-31
jpdei_cor:PreviousFiscalYearStartDateDEI	前事業年度開始日、DEI	FilingDateInstant	－	2024-04-01
jpdei_cor:ComparativePeriodEndDateDEI	比較対象会計期間終了日、DEI	FilingDateInstant	－	2025-03-31
jpdei_cor:PreviousFiscalYearEndDateDEI	前事業年度終了日、DEI	FilingDateInstant	－	2025-03-31
jpdei_cor:NextFiscalYearStartDateDEI	次の事業年度開始日、DEI	FilingDateInstant	－	－
jpdei_cor:EndDateOfQuarterlyOrSemiAnnualPeriodOfNextFiscalYearDEI	次の中間期の会計期間終了日、DEI	FilingDateInstant	－	－
jpdei_cor:AmendmentFlagDEI	訂正の有無、DEI	FilingDateInstant	－	false
jpdei_cor:IdentificationOfDocumentSubjectToAmendmentDEI	訂正対象書類の書類管理番号、DEI	FilingDateInstant	－	－
jpdei_cor:ReportAmendmentFlagDEI	記載事項訂正のフラグ、DEI	FilingDateInstant	－	false
jpdei_cor:XBRLAmendmentFlagDEI	XBRL訂正のフラグ、DEI	FilingDateInstant	－	false
jpcrp_cor:BusinessResultsOfGroupTextBlock	連結経営指標等 [テキストブロック]	FilingDateInstant	－	(1) 連結経営指標等回次2021年度2022年度2023年度2024年度2025年度決算年月2022年３月2023年３月2024年３月2025年３月2026年３月売上高及び金融ビジネス収入百万円9,921,51310,974,37311,
jpcrp_cor:BusinessResultsOfReportingCompanyTextBlock	提出会社の経営指標等 [テキストブロック]	FilingDateInstant	－	(2) 提出会社の経営指標等回次2021年度2022年度2023年度2024年度2025年度決算年月2022年３月2023年３月2024年３月2025年３月2026年３月営業収益百万円406,247490,890473,255480,922
jpcrp_cor:CompanyHistoryTextBlock	沿革 [テキストブロック]	FilingDateInstant	－	２【沿革】年月経過1946年５月電気通信機及び測定器の研究・製作を目的とし、東京都中央区日本橋に資本金19万円をもって東京通信工業㈱を設立。1947年２月本社及び工場を東京都品川区に移転。1955年８月東京店頭市場に株式公開。1958年１月
jpcrp_cor:DescriptionOfBusinessTextBlock	事業の内容 [テキストブロック]	FilingDateInstant	－	３【事業の内容】　ゲーム＆ネットワークサービス（以下「Ｇ＆ＮＳ」）分野には、主にデジタルソフトウェア・アドオンコンテンツの制作・販売、ネットワークサービス事業及び家庭用ゲーム機の製造・販売が含まれています。音楽分野には、主に音楽制作、音楽出
jpcrp_cor:OverviewOfAffiliatedEntitiesTextBlock	関係会社の状況 [テキストブロック]	FilingDateInstant	－	４【関係会社の状況】(1) 連結子会社                                                                                            2026年３月31
jpcrp_cor:BusinessPolicyBusinessEnvironmentIssuesToAddressEtcTextBlock	経営方針、経営環境及び対処すべき課題等 [テキストブロック]	FilingDateInstant	－	１【経営方針、経営環境及び対処すべき課題等】　ソニーの経営方針、経営環境及び対処すべき課題等は以下のとおりです。文中の将来に関する事項は、本書提出日現在において判断したものです。 　ソニーは、グローバルに多様な事業を展開しており、ウクライナ
jpcrp_cor:DisclosureOfSustainabilityRelatedFinancialInformationTextBlock	サステナビリティに関する考え方及び取組 [テキストブロック]	FilingDateInstant	－	２【サステナビリティに関する考え方及び取り組み】　文中の将来に関する事項は、本書提出日現在において判断したものです。 ソニーのサステナビリティに関する基本方針　当社は、取締役会において、サステナビリティに関する基本方針を以下のとおり定めてい
jpcrp_cor:RiskManagementTextBlock	リスク管理 [テキストブロック]	FilingDateInstant	－	＜推進体制＞　当社は、サステナビリティ担当上級役員のもと、サステナビリティ推進部を設置し、同部がビジネスユニット及び事業会社（以下あわせて「各事業部門」）及び当社関連部署（コンプライアンス、人事、経営企画管理、財務、法務等）（以下「関連部門
jpcrp_cor:ReferenceToOtherInformationRiskManagement	他の記載への参照、リスク管理	FilingDateInstant	－	サステナビリティに関連するリスクの詳細は、「第２　事業の状況」『３　事業等のリスク』をご参照ください。
jpcrp_cor:GovernanceTextBlock	ガバナンス [テキストブロック]	FilingDateInstant	－	＜推進のための主な取り組み＞　上記体制のもとで、サステナビリティ推進部は、前述の「ソニーのサステナビリティに関する基本方針」にもとづき、ソニーの事業活動への当該基本方針の浸透を図るとともに、「感動に満ちた世界を創り、次世代へつなぐ」というS
jpcrp_cor:StrategyTextBlock	戦略 [テキストブロック]	FilingDateInstant	－	(2）サステナビリティに係る戦略等　2025年度に実施した重要トピック分析の結果、「多様性」、「人権の尊重」及び「気候変動」を重要トピックとして特定しました。 ＜重要トピック特定の背景＞・多様性：ソニーにとって多様性は、創業以来大切にしてき
jpcrp_cor:ReferenceToOtherInformationStrategy	他の記載への参照、戦略	FilingDateInstant	－	　多様性に関する戦略等については、「(3）人的資本に関する戦略ならびに指標及び目標」をご参照ください。
jpcrp_cor:MetricsAndTargetsTextBlock	指標及び目標 [テキストブロック]	FilingDateInstant	－	・気候変動　ソニーは、グループ全体で地球環境に及ぼす負荷を2050年までにゼロとすることをめざす長期環境計画「Road to Zero」を2010年に掲げ、それ以来、気候変動、資源、化学物質、生物多様性の４つの視点から環境負荷低減のための取
jpcrp_cor:DescriptionOfMetricsRelatedToPolicyOnDevelopmentOfHumanResourcesAndInternalEnvironmentAndTargetsAndPerformanceUsingSuchMetricsMetricsAndTargetsTextBlock	人材の育成及び社内環境整備に関する方針に関する指標の内容並びに当該指標を用いた目標及び実績、指標及び目標 [テキストブロック]	FilingDateInstant	－	(3）人的資本に関する戦略ならびに指標及び目標ソニーグループの社員の多様性に関する考え方や指標、及び、多様な個を活かし、さらなる価値創造へと繋げる具体的な人材戦略については、「第４　提出会社の状況」『５　従業員の状況等』の「（１）人材戦略に
jpcrp_cor:PolicyOnDevelopmentOfHumanResourcesAndInternalEnvironmentStrategyTextBlock	人材の育成及び社内環境整備に関する方針、戦略 [テキストブロック]	FilingDateInstant	－	(3）人的資本に関する戦略ならびに指標及び目標ソニーグループの社員の多様性に関する考え方や指標、及び、多様な個を活かし、さらなる価値創造へと繋げる具体的な人材戦略については、「第４　提出会社の状況」『５　従業員の状況等』の「（１）人材戦略に
jpcrp030000-asr_E01777-000:ReferenceToOtherInformationStrategyHumanCapital		FilingDateInstant	－	「第４　提出会社の状況」『５　従業員の状況等』の「（１）人材戦略に関する基本方針等」
jpcrp030000-asr_E01777-000:ReferenceToOtherInformationMetricsAndTargetsHumanCapital		FilingDateInstant	－	「第４　提出会社の状況」『５　従業員の状況等』の「（１）人材戦略に関する基本方針等」
jpcrp_cor:BusinessRisksTextBlock	事業等のリスク [テキストブロック]	FilingDateInstant	－	３【事業等のリスク】　有価証券報告書に記載した事業の状況、経理の状況等に関する事項のうち、投資者の判断に重要な影響を及ぼす可能性のある事項には、以下のようなものがあると考えています。なお、当該事項は、本書提出日現在において入手し得る情報にも
jpcrp_cor:ManagementAnalysisOfFinancialPositionOperatingResultsAndCashFlowsTextBlock	経営者による財政状態、経営成績及びキャッシュ・フローの状況の分析 [テキストブロック]	FilingDateInstant	－	４【経営者による財政状態、経営成績及びキャッシュ・フローの状況の分析】　文中の将来に関する事項は、当連結会計年度末現在において判断したものです。（1）重要な会計上の見積り　IFRSに従った連結財務諸表の作成は、決算日における資産・負債の報告
jpcrp_cor:CriticalContractsTextBlock	重要な契約等 [テキストブロック]	FilingDateInstant	－	５【重要な契約等】　プレイステーション®4及びPS5ハードウェアを含むソニーのブルーレイディスク™プレーヤー機能付製品は、米国のVia Licensing Alliance LLCとのライセンス契約にもとづきライセンスを供与されている、ブル
jpcrp_cor:ResearchAndDevelopmentActivitiesTextBlock	研究開発活動 [テキストブロック]	FilingDateInstant	－	６【研究開発活動】「クリエイティビティとテクノロジーの力で、世界を感動で満たす」ことをPurpose（存在意義）とするソニーでは、10年後のありたい姿を示す長期ビジョンとして「Creative Entertainment Vision」を掲
jpcrp_cor:OverviewOfCapitalExpendituresEtcTextBlock	設備投資等の概要 [テキストブロック]	FilingDateInstant	－	１【設備投資等の概要】　ソニーは、生産部門の合理化及び品質向上、ならびに需要増大にともなう生産設備の増強を目的とした設備投資のほか、研究開発の強化を図るため継続して投資を行っています。  当年度の設備投資額の内訳は以下のとおりです。 セグメ
jpcrp_cor:MajorFacilitiesTextBlock	主要な設備の状況 [テキストブロック]	FilingDateInstant	－	２【主要な設備の状況】　ソニーは、多種多様な事業を国内外で行っており、その設備の状況はセグメントごとの数値とともに主たる設備の状況を開示する方法によっています。　当年度末における主要な設備の状況は以下のとおりです。 (1)　セグメント内訳 
jpcrp_cor:PlannedAdditionsRetirementsEtcOfFacilitiesTextBlock	設備の新設、除却等の計画 [テキストブロック]	FilingDateInstant	－	３【設備の新設、除却等の計画】　ソニーは多種多様な事業を国内外で行っており、設備の新設・拡充の計画はセグメントごとの数値を開示する方法によっています。 　2026年度（自2026年４月１日 至2027年３月31日）におけるセグメントごとの設
jpcrp_cor:TotalNumberOfSharesTextBlock	株式の総数 [テキストブロック]	FilingDateInstant	－	①【株式の総数】 種類発行可能株式総数（株）普通株式18,000,000,000計18,000,000,000 
jpcrp_cor:IssuedSharesTotalNumberOfSharesEtcTextBlock	発行済株式、株式の総数等 [テキストブロック]	FilingDateInstant	－	②【発行済株式】種類事業年度末現在発行数（株）（2026年３月31日）提出日現在発行数（株）（2026年６月18日）上場金融商品取引所名又は登録認可金融商品取引業協会名内容普通株式6,149,810,6455,965,316,326東京・ニ
jpcrp_cor:ClassIssuedSharesTotalNumberOfSharesEtc	種類、発行済株式、株式の総数等	FilingDateInstant_OrdinaryShareMember	－	普通株式
jpcrp_cor:NameOfFinancialInstrumentsExchangeOnWhichSecuritiesAreListedOrAuthorizedFinancialInstrumentsBusinessAssociationToWhichSecuritiesAreRegistered	上場金融商品取引所名又は登録認可金融商品取引業協会名	FilingDateInstant_OrdinaryShareMember	－	東京・ニューヨーク各証券取引所
jpcrp_cor:DescriptionIssuedSharesTotalNumberOfSharesEtc	内容、発行済株式、株式の総数等	FilingDateInstant_OrdinaryShareMember	－	単元株式数は100株
jpcrp_cor:DetailsOfEmployeeShareOptionProgramTextBlock	ストックオプション制度の内容 [テキストブロック]	FilingDateInstant	－	①【ストックオプション制度の内容】　当社は、新株予約権方式によるストック・オプション制度を採用しています。第32回普通株式新株予約権乃至第50回普通株式新株予約権は、会社法第236条、第238条及び第239条の規定にもとづき、定時株主総会に
jpcrp_cor:DescriptionOfRightsPlanTextBlock	ライツプランの内容 [テキストブロック]	FilingDateInstant	－	②【ライツプランの内容】　該当事項はありません。
jpcrp_cor:OtherInformationOnShareAcquisitionRightsTextBlock	その他の新株予約権等の状況 [テキストブロック]	FilingDateInstant	－	③【その他の新株予約権等の状況】　該当事項はありません。
jpcrp_cor:ExercisesEtcOfMovingStrikeConvertibleBondsEtcTextBlock	行使価額修正条項付新株予約権付社債券等の行使状況等 [テキストブロック]	FilingDateInstant	－	（３）【行使価額修正条項付新株予約権付社債券等の行使状況等】該当事項はありません。 
jpcrp_cor:ChangesInNumberOfIssuedSharesStatedCapitalEtcTextBlock	発行済株式総数、資本金等の推移 [テキストブロック]	FilingDateInstant	－	（４）【発行済株式総数、資本金等の推移】年月日発行済株式総数増減数（千株）発行済株式総数残高（千株）資本金増減額（百万円）資本金残高（百万円）資本準備金増減額（百万円）資本準備金残高（百万円）2021年４月１日～2022年３月31日 *12
jpcrp_cor:ShareholdingByShareholderCategoryTextBlock	所有者別状況 [テキストブロック]	FilingDateInstant	－	（５）【所有者別状況】       2026年３月31日現在区分株式の状況（１単元の株式数 100株）単元未満株式の状況（株）政府及び地方公共団体金融機関金融商品取引業者その他の法人外国法人等個人その他計個人以外個人株主数（人）516086
jpcrp_cor:MajorShareholdersTextBlock	大株主の状況 [テキストブロック]	FilingDateInstant	－	（６）【大株主の状況】  2026年３月31日現在氏名又は名称住所所有株式数（千株）発行済株式（自己株式を除く。）の総数に対する所有株式数の割合（％）日本マスタートラスト信託銀行㈱（信託口） *1東京都港区赤坂１－８－１　赤坂インターシティ
jpcrp_cor:NameMajorShareholders	氏名又は名称、大株主の状況	CurrentYearInstant_No1MajorShareholdersMember	－	日本マスタートラスト信託銀行㈱（信託口） *1
jpcrp_cor:AddressMajorShareholders	住所、大株主の状況	CurrentYearInstant_No1MajorShareholdersMember	－	東京都港区赤坂１－８－１　赤坂インターシティAIR
jpcrp_cor:NameMajorShareholders	氏名又は名称、大株主の状況	CurrentYearInstant_No2MajorShareholdersMember	－	MOXLEY AND CO LLC *2（常任代理人　㈱三菱UFJ銀行）
jpcrp_cor:AddressMajorShareholders	住所、大株主の状況	CurrentYearInstant_No2MajorShareholdersMember	－	383 MADISON AVENUE, FLOOR 11 NEW YORK, NEW YORK 10179 U.S.A.（東京都千代田区丸の内１－４－５）
jpcrp_cor:NameMajorShareholders	氏名又は名称、大株主の状況	CurrentYearInstant_No3MajorShareholdersMember	－	㈱日本カストディ銀行（信託口） *1
jpcrp_cor:AddressMajorShareholders	住所、大株主の状況	CurrentYearInstant_No3MajorShareholdersMember	－	東京都中央区晴海１－８－12
jpcrp_cor:NameMajorShareholders	氏名又は名称、大株主の状況	CurrentYearInstant_No4MajorShareholdersMember	－	STATE STREET BANK AND TRUST COMPANY 505001 *3（常任代理人　㈱みずほ銀行）
jpcrp_cor:AddressMajorShareholders	住所、大株主の状況	CurrentYearInstant_No4MajorShareholdersMember	－	ONE CONGRESS STREET, SUITE 1, BOSTON, MASSACHUSETTS（東京都港区港南２－15－１　品川インターシティA棟）
jpcrp_cor:NameMajorShareholders	氏名又は名称、大株主の状況	CurrentYearInstant_No5MajorShareholdersMember	－	GOVERNMENT OF NORWAY（常任代理人　シティバンク）
jpcrp_cor:AddressMajorShareholders	住所、大株主の状況	CurrentYearInstant_No5MajorShareholdersMember	－	BANKPLASSEN 2, 0107 OSLO 1 OSLO 0107 NO（東京都新宿区新宿６－27－30）
jpcrp_cor:NameMajorShareholders	氏名又は名称、大株主の状況	CurrentYearInstant_No6MajorShareholdersMember	－	THE CHASE MANHATTAN BANK,N.A. LONDONSECS LENDING OMNIBUS ACCOUNT *3（常任代理人　㈱みずほ銀行）
jpcrp_cor:AddressMajorShareholders	住所、大株主の状況	CurrentYearInstant_No6MajorShareholdersMember	－	WOOLGATE HOUSE, COLEM AN STREET LONDON EC2P 2HD, ENGLAND（東京都港区港南２－15－１　品川インターシティA棟）
jpcrp_cor:NameMajorShareholders	氏名又は名称、大株主の状況	CurrentYearInstant_No7MajorShareholdersMember	－	JP MORGAN CHASE BANK 385781 *3（常任代理人　㈱みずほ銀行）
jpcrp_cor:AddressMajorShareholders	住所、大株主の状況	CurrentYearInstant_No7MajorShareholdersMember	－	25 BANK STREET, CANARY WHARF, LONDON, E14 5JP, UNITED KINGDOM（東京都港区港南２－15－１　品川インターシティA棟）
jpcrp_cor:NameMajorShareholders	氏名又は名称、大株主の状況	CurrentYearInstant_No8MajorShareholdersMember	－	JP MORGAN CHASE BANK 385642 *3（常任代理人　㈱みずほ銀行）
jpcrp_cor:AddressMajorShareholders	住所、大株主の状況	CurrentYearInstant_No8MajorShareholdersMember	－	25 BANK STREET, CANARY WHARF, LONDON, E14 5JP, UNITED KINGDOM（東京都港区港南２－15－１　品川インターシティA棟）
jpcrp_cor:NameMajorShareholders	氏名又は名称、大株主の状況	CurrentYearInstant_No9MajorShareholdersMember	－	STATE STREET BANK AND TRUST COMPANY 505103 *3（常任代理人　㈱みずほ銀行）
jpcrp_cor:AddressMajorShareholders	住所、大株主の状況	CurrentYearInstant_No9MajorShareholdersMember	－	ONE CONGRESS STREET, SUITE 1, BOSTON, MASSACHUSETTS（東京都港区港南２－15－１　品川インターシティA棟）
jpcrp_cor:NameMajorShareholders	氏名又は名称、大株主の状況	CurrentYearInstant_No10MajorShareholdersMember	－	HSBC HONG KONG-TREASURY SERVICES A/C ASIAN EQUITIES DERIVATIVES *3（常任代理人　香港上海銀行）
jpcrp_cor:AddressMajorShareholders	住所、大株主の状況	CurrentYearInstant_No10MajorShareholdersMember	－	1 QUEEN'S ROAD CENTRAL, HONG KONG（東京都中央区日本橋３丁目11－１）
jpcrp_cor:IssuedSharesVotingRightsTextBlock	発行済株式、議決権の状況 [テキストブロック]	FilingDateInstant	－	①【発行済株式】    2026年３月31日現在区　　　　分株式数（株）議決権の数（個）内　　　容無議決権株式 －－－議決権制限株式（自己株式等） －－－議決権制限株式（その他） －－－完全議決権株式（自己株式等）普通株式242,143,3
jpcrp_cor:DescriptionIssuedSharesVotingRights	内容、発行済株式、議決権の状況	CurrentYearInstant_SharesWithNoVotingRightsMember	－	－
jpcrp_cor:DescriptionIssuedSharesVotingRights	内容、発行済株式、議決権の状況	CurrentYearInstant_SharesWithRestrictedVotingRightsTreasurySharesEtcMember	－	－
jpcrp_cor:DescriptionIssuedSharesVotingRights	内容、発行済株式、議決権の状況	CurrentYearInstant_SharesWithRestrictedVotingRightsOtherMember	－	－
jpcrp_cor:DescriptionIssuedSharesVotingRights	内容、発行済株式、議決権の状況	CurrentYearInstant_SharesWithFullVotingRightsTreasurySharesEtcMember	－	－
jpcrp_cor:DescriptionIssuedSharesVotingRights	内容、発行済株式、議決権の状況	CurrentYearInstant_SharesWithFullVotingRightsOtherMember	－	－
jpcrp_cor:DescriptionIssuedSharesVotingRights	内容、発行済株式、議決権の状況	CurrentYearInstant_SharesLessThanOneUnitMember	－	１単元（100株）未満の株式
jpcrp_cor:TreasurySharesEtcTextBlock	自己株式等 [テキストブロック]	FilingDateInstant	－	②【自己株式等】    2026年３月31日現在所有者の氏名又は名称所有者の住所自己名義所有株式数（株）他人名義所有株式数（株）所有株式数の合計（株）発行済株式総数に対する所有株式数の割合（％）ソニーグループ㈱（自己保有株式）東京都港区港南
jpcrp_cor:NameOfShareholderTreasurySharesEtc	所有者の氏名又は名称、自己株式等	CurrentYearInstant_Row1Member	－	ソニーグループ㈱
jpcrp_cor:AddressOfShareholderTreasurySharesEtc	所有者の住所、自己株式等	CurrentYearInstant_Row1Member	－	東京都港区港南１－７－１
jpcrp_cor:ClassesOfSharesEtcTextBlock	株式の種類等 [テキストブロック]	FilingDateInstant	－	【株式の種類等】　会社法第155条第３号及び会社法第155条第７号による普通株式の取得
jpcrp_cor:AcquisitionsByResolutionOfShareholdersMeetingTextBlock	株主総会決議による取得の状況 [テキストブロック]	FilingDateInstant	－	（１）【株主総会決議による取得の状況】　該当事項はありません。
jpcrp_cor:AcquisitionsByResolutionOfBoardOfDirectorsMeetingTextBlock	取締役会決議による取得の状況 [テキストブロック]	FilingDateInstant	－	（２）【取締役会決議による取得の状況】会社法第155条第３号による普通株式の取得区分株式数（株）価額の総額（円）取締役会（2024年５月14日）での決議状況（取得期間　2024年５月15日～2025年５月14日）150,000,000250
jpcrp_cor:AcquisitionsNotBasedOnResolutionOfShareholdersMeetingOrBoardOfDirectorsMeetingTextBlock	株主総会決議又は取締役会決議に基づかないものの内容 [テキストブロック]	FilingDateInstant	－	（３）【株主総会決議又は取締役会決議にもとづかないものの内容】会社法第155条第７号による普通株式の取得区分株式数（株）価額の総額（円）当事業年度における取得自己株式5,36220,648,946当期間における取得自己株式8702,938,
jpcrp_cor:DisposalsOrHoldingOfAcquiredTreasurySharesTextBlock	取得自己株式の処理状況及び保有状況 [テキストブロック]	FilingDateInstant	－	（４）【取得自己株式の処理状況及び保有状況】区分当事業年度当期間株式数（株）処分価額の総額（円）株式数（株）処分価額の総額（円）引き受ける者の募集を行った取得自己株式5,250,57615,594,267,960－－消却の処分を行った取得自
jpcrp_cor:DividendPolicyTextBlock	配当政策 [テキストブロック]	FilingDateInstant	－	３【配当政策】　当社は、株主の皆様への利益還元は、継続的な企業価値の増大及び配当を通じて実施していくことを基本と考えています。安定的な配当の継続に努めたうえで、内部留保資金については、成長力の維持及び競争力強化等、企業価値向上に資する様々な
jpcrp_cor:DateOfResolutionDividendsOfSurplus	決議日付、剰余金の配当	FilingDateInstant_Row1Member	－	2025-11-11
jpcrp_cor:ResolutionDividendsOfSurplus	決議、剰余金の配当	FilingDateInstant_Row1Member	－	取締役会決議
jpcrp_cor:DateOfResolutionDividendsOfSurplus	決議日付、剰余金の配当	FilingDateInstant_Row2Member	－	2026-05-08
jpcrp_cor:ResolutionDividendsOfSurplus	決議、剰余金の配当	FilingDateInstant_Row2Member	－	取締役会決議
jpcrp_cor:OverviewOfCorporateGovernanceTextBlock	コーポレート・ガバナンスの概要 [テキストブロック]	FilingDateInstant	－	（１）【コーポレート・ガバナンスの概要】（以下の記述は、連結会社の企業統治に係るものです。） 　当社のコーポレート・ガバナンスの状況に関する最新の情報は、東京証券取引所に提出している「コーポレート・ガバナンスに関する報告書」において開示して
jpcrp_cor:CorporateGovernanceCompanyWithNominatingAndOtherCommitteesTextBlock	企業統治の体制の概要（指名委員会等設置会社） [テキストブロック]	FilingDateInstant	－	（以下の記述は、連結会社の企業統治に係るものです。） 　当社のコーポレート・ガバナンスの状況に関する最新の情報は、東京証券取引所に提出している「コーポレート・ガバナンスに関する報告書」において開示しており、以下のWebサイトにてご覧頂けます
jpcrp_cor:InformationAboutOfficersTextBlock	役員の状況 [テキストブロック]	FilingDateInstant	－	（２）【役員の状況】①　役員一覧（i）本書提出日現在の当社の役員の状況は、以下のとおりです。男性10名　女性5名　（役員のうち女性の比率33.3％）（1）取締役の状況役職名氏名生年月日略歴任期所有株式数（交付予定株式数）（千株）*3取締役吉
jpcrp_cor:OfficialTitleOrPositionInformationAboutDirectorsAndCorporateAuditors	役職名、役員の状況（取締役（及び監査役））	FilingDateInstant_jpcrp030000-asr_E01777-000YoshidaKenichiroMember	－	取締役
jpcrp_cor:NameInformationAboutDirectorsAndCorporateAuditors	氏名、役員の状況（取締役（及び監査役））	FilingDateInstant_jpcrp030000-asr_E01777-000YoshidaKenichiroMember	－	吉田　憲一郎
jpcrp_cor:DateOfBirthInformationAboutDirectorsAndCorporateAuditors	生年月日、役員の状況（取締役（及び監査役））	FilingDateInstant_jpcrp030000-asr_E01777-000YoshidaKenichiroMember	－	1959-10-20
jpcrp_cor:CareerSummaryInformationAboutDirectorsAndCorporateAuditorsTextBlock	略歴、役員の状況（取締役（及び監査役）） [テキストブロック]	FilingDateInstant_jpcrp030000-asr_E01777-000YoshidaKenichiroMember	－	1983年４月当社入社2000年７月ソニーコミュニケーションネットワーク㈱（現 ソニーネットワークコミュニケーションズ㈱）入社2000年９月ソネット・エムスリー㈱（現エムスリー㈱）社外取締役2001年５月ソニーコミュニケーションネットワーク
jpcrp_cor:TermOfOfficeInformationAboutDirectorsAndCorporateAuditors	任期、役員の状況（取締役（及び監査役））	FilingDateInstant_jpcrp030000-asr_E01777-000YoshidaKenichiroMember	－	*2
jpcrp_cor:OfficialTitleOrPositionInformationAboutDirectorsAndCorporateAuditors	役職名、役員の状況（取締役（及び監査役））	FilingDateInstant_jpcrp030000-asr_E01777-000TotokiHirokiMember	－	取締役
jpcrp_cor:NameInformationAboutDirectorsAndCorporateAuditors	氏名、役員の状況（取締役（及び監査役））	FilingDateInstant_jpcrp030000-asr_E01777-000TotokiHirokiMember	－	十時　裕樹
jpcrp_cor:DateOfBirthInformationAboutDirectorsAndCorporateAuditors	生年月日、役員の状況（取締役（及び監査役））	FilingDateInstant_jpcrp030000-asr_E01777-000TotokiHirokiMember	－	1964-07-17
jpcrp_cor:CareerSummaryInformationAboutDirectorsAndCorporateAuditorsTextBlock	略歴、役員の状況（取締役（及び監査役）） [テキストブロック]	FilingDateInstant_jpcrp030000-asr_E01777-000TotokiHirokiMember	－	1987年４月当社入社2002年２月ソニー銀行㈱ 代表取締役2005年６月ソニーコミュニケーションネットワーク㈱（現 ソニーネットワークコミュニケーションズ㈱） 取締役 兼 執行役員専務2012年４月ソネットエンタテインメント㈱（現 ソニー
jpcrp_cor:TermOfOfficeInformationAboutDirectorsAndCorporateAuditors	任期、役員の状況（取締役（及び監査役））	FilingDateInstant_jpcrp030000-asr_E01777-000TotokiHirokiMember	－	*2
jpcrp_cor:OfficialTitleOrPositionInformationAboutDirectorsAndCorporateAuditors	役職名、役員の状況（取締役（及び監査役））	FilingDateInstant_jpcrp030000-asr_E01777-000WendyBeckerMember	－	取締役取締役会議長指名委員会議長
jpcrp_cor:NameInformationAboutDirectorsAndCorporateAuditors	氏名、役員の状況（取締役（及び監査役））	FilingDateInstant_jpcrp030000-asr_E01777-000WendyBeckerMember	－	Wendy Becker[ウェンディ・ベッカー]
jpcrp_cor:DateOfBirthInformationAboutDirectorsAndCorporateAuditors	生年月日、役員の状況（取締役（及び監査役））	FilingDateInstant_jpcrp030000-asr_E01777-000WendyBeckerMember	－	1965-11-02
jpcrp_cor:CareerSummaryInformationAboutDirectorsAndCorporateAuditorsTextBlock	略歴、役員の状況（取締役（及び監査役）） [テキストブロック]	FilingDateInstant_jpcrp030000-asr_E01777-000WendyBeckerMember	－	1987年９月Procter &amp; Gamble Company ブランドマネジャー1993年９月McKinsey &amp; Company,Inc. コンサルタント1998年12月McKinsey &amp; Company,In
jpcrp_cor:TermOfOfficeInformationAboutDirectorsAndCorporateAuditors	任期、役員の状況（取締役（及び監査役））	FilingDateInstant_jpcrp030000-asr_E01777-000WendyBeckerMember	－	*2
jpcrp_cor:OfficialTitleOrPositionInformationAboutDirectorsAndCorporateAuditors	役職名、役員の状況（取締役（及び監査役））	FilingDateInstant_jpcrp030000-asr_E01777-000KishigamiKeikoMember	－	取締役監査委員
jpcrp_cor:NameInformationAboutDirectorsAndCorporateAuditors	氏名、役員の状況（取締役（及び監査役））	FilingDateInstant_jpcrp030000-asr_E01777-000KishigamiKeikoMember	－	岸上　恵子
jpcrp_cor:DateOfBirthInformationAboutDirectorsAndCorporateAuditors	生年月日、役員の状況（取締役（及び監査役））	FilingDateInstant_jpcrp030000-asr_E01777-000KishigamiKeikoMember	－	1957-01-28
jpcrp_cor:CareerSummaryInformationAboutDirectorsAndCorporateAuditorsTextBlock	略歴、役員の状況（取締役（及び監査役）） [テキストブロック]	FilingDateInstant_jpcrp030000-asr_E01777-000KishigamiKeikoMember	－	1985年10月港監査法人（現 EY新日本有限責任監査法人）入所1989年８月公認会計士登録（現在）1997年12月センチュリー監査法人（現 EY新日本有限責任監査法人）社員2004年５月新日本監査法人（現 EY新日本有限責任監査法人）代表
jpcrp_cor:TermOfOfficeInformationAboutDirectorsAndCorporateAuditors	任期、役員の状況（取締役（及び監査役））	FilingDateInstant_jpcrp030000-asr_E01777-000KishigamiKeikoMember	－	*2
jpcrp_cor:OfficialTitleOrPositionInformationAboutDirectorsAndCorporateAuditors	役職名、役員の状況（取締役（及び監査役））	FilingDateInstant_jpcrp030000-asr_E01777-000JosephAKraftJrMember	－	取締役監査委員会議長指名委員情報セキュリティ担当 
jpcrp_cor:NameInformationAboutDirectorsAndCorporateAuditors	氏名、役員の状況（取締役（及び監査役））	FilingDateInstant_jpcrp030000-asr_E01777-000JosephAKraftJrMember	－	Joseph A. Kraft Jr.[ジョセフ・クラフト]
jpcrp_cor:DateOfBirthInformationAboutDirectorsAndCorporateAuditors	生年月日、役員の状況（取締役（及び監査役））	FilingDateInstant_jpcrp030000-asr_E01777-000JosephAKraftJrMember	－	1964-05-12
jpcrp_cor:CareerSummaryInformationAboutDirectorsAndCorporateAuditorsTextBlock	略歴、役員の状況（取締役（及び監査役）） [テキストブロック]	FilingDateInstant_jpcrp030000-asr_E01777-000JosephAKraftJrMember	－	1986年７月Morgan Stanley Inc. 入社2000年１月Morgan Stanley Inc. マネージングダイレクター2007年４月Dresdner Kleinwort Japan キャピタル・マーケット本部長 マネージン
jpcrp_cor:TermOfOfficeInformationAboutDirectorsAndCorporateAuditors	任期、役員の状況（取締役（及び監査役））	FilingDateInstant_jpcrp030000-asr_E01777-000JosephAKraftJrMember	－	*2
jpcrp_cor:OfficialTitleOrPositionInformationAboutDirectorsAndCorporateAuditors	役職名、役員の状況（取締役（及び監査役））	FilingDateInstant_jpcrp030000-asr_E01777-000NeilHuntMember	－	取締役情報セキュリティ担当
jpcrp_cor:NameInformationAboutDirectorsAndCorporateAuditors	氏名、役員の状況（取締役（及び監査役））	FilingDateInstant_jpcrp030000-asr_E01777-000NeilHuntMember	－	Neil Hunt[ニール・ハント]
jpcrp_cor:DateOfBirthInformationAboutDirectorsAndCorporateAuditors	生年月日、役員の状況（取締役（及び監査役））	FilingDateInstant_jpcrp030000-asr_E01777-000NeilHuntMember	－	1962-01-12
jpcrp_cor:CareerSummaryInformationAboutDirectorsAndCorporateAuditorsTextBlock	略歴、役員の状況（取締役（及び監査役）） [テキストブロック]	FilingDateInstant_jpcrp030000-asr_E01777-000NeilHuntMember	－	1989年６月Iconicon ファウンダー、CTO1991年10月Pure Atria, Inc. ダイレクター・オブ・エンジニアリング1999年12月Netflix, Inc. チーフ・プロダクト・オフィサー2010年９月Logitec
jpcrp_cor:TermOfOfficeInformationAboutDirectorsAndCorporateAuditors	任期、役員の状況（取締役（及び監査役））	FilingDateInstant_jpcrp030000-asr_E01777-000NeilHuntMember	－	*2
jpcrp_cor:OfficialTitleOrPositionInformationAboutDirectorsAndCorporateAuditors	役職名、役員の状況（取締役（及び監査役））	FilingDateInstant_jpcrp030000-asr_E01777-000WilliamMorrowMember	－	取締役報酬委員会議長
jpcrp_cor:NameInformationAboutDirectorsAndCorporateAuditors	氏名、役員の状況（取締役（及び監査役））	FilingDateInstant_jpcrp030000-asr_E01777-000WilliamMorrowMember	－	William Morrow[ウィリアム・モロウ]
jpcrp_cor:DateOfBirthInformationAboutDirectorsAndCorporateAuditors	生年月日、役員の状況（取締役（及び監査役））	FilingDateInstant_jpcrp030000-asr_E01777-000WilliamMorrowMember	－	1959-07-02
jpcrp_cor:CareerSummaryInformationAboutDirectorsAndCorporateAuditorsTextBlock	略歴、役員の状況（取締役（及び監査役）） [テキストブロック]	FilingDateInstant_jpcrp030000-asr_E01777-000WilliamMorrowMember	－	1980年９月Pacific Bell Inc. ダイレクター2001年11月日本テレコム㈱ プレジデント2004年２月Vodafone UK LIMITED CEO2005年４月ボーダフォン㈱ プレジデント2006年５月Vodafone 
jpcrp_cor:TermOfOfficeInformationAboutDirectorsAndCorporateAuditors	任期、役員の状況（取締役（及び監査役））	FilingDateInstant_jpcrp030000-asr_E01777-000WilliamMorrowMember	－	*2
jpcrp_cor:OfficialTitleOrPositionInformationAboutDirectorsAndCorporateAuditors	役職名、役員の状況（取締役（及び監査役））	FilingDateInstant_jpcrp030000-asr_E01777-000KonomotoShingoMember	－	取締役監査委員
jpcrp_cor:NameInformationAboutDirectorsAndCorporateAuditors	氏名、役員の状況（取締役（及び監査役））	FilingDateInstant_jpcrp030000-asr_E01777-000KonomotoShingoMember	－	此本　臣吾
jpcrp_cor:DateOfBirthInformationAboutDirectorsAndCorporateAuditors	生年月日、役員の状況（取締役（及び監査役））	FilingDateInstant_jpcrp030000-asr_E01777-000KonomotoShingoMember	－	1960-02-11
jpcrp_cor:CareerSummaryInformationAboutDirectorsAndCorporateAuditorsTextBlock	略歴、役員の状況（取締役（及び監査役）） [テキストブロック]	FilingDateInstant_jpcrp030000-asr_E01777-000KonomotoShingoMember	－	1985年４月㈱野村総合研究所 入社2004年４月㈱野村総合研究所 執行役員 コンサルティング第三事業本部長2010年４月㈱野村総合研究所 常務執行役員 コンサルティング事業本部長2015年４月㈱野村総合研究所 専務執行役員 ビジネス部門担
jpcrp_cor:TermOfOfficeInformationAboutDirectorsAndCorporateAuditors	任期、役員の状況（取締役（及び監査役））	FilingDateInstant_jpcrp030000-asr_E01777-000KonomotoShingoMember	－	*2
jpcrp_cor:OfficialTitleOrPositionInformationAboutDirectorsAndCorporateAuditors	役職名、役員の状況（取締役（及び監査役））	FilingDateInstant_jpcrp030000-asr_E01777-000GotoYorikoMember	－	取締役監査委員
jpcrp_cor:NameInformationAboutDirectorsAndCorporateAuditors	氏名、役員の状況（取締役（及び監査役））	FilingDateInstant_jpcrp030000-asr_E01777-000GotoYorikoMember	－	後藤　順子
jpcrp_cor:DateOfBirthInformationAboutDirectorsAndCorporateAuditors	生年月日、役員の状況（取締役（及び監査役））	FilingDateInstant_jpcrp030000-asr_E01777-000GotoYorikoMember	－	1958-11-11
jpcrp_cor:CareerSummaryInformationAboutDirectorsAndCorporateAuditorsTextBlock	略歴、役員の状況（取締役（及び監査役）） [テキストブロック]	FilingDateInstant_jpcrp030000-asr_E01777-000GotoYorikoMember	－	1983年11月デロイト・ハスキンズ・アンド・セルズ公認会計士共同事務所（現 有限責任監査法人トーマツ）入所1987年３月公認会計士登録（現在）1996年６月監査法人トーマツ（現 有限責任監査法人トーマツ）パートナー2010年11月有限責任
jpcrp_cor:TermOfOfficeInformationAboutDirectorsAndCorporateAuditors	任期、役員の状況（取締役（及び監査役））	FilingDateInstant_jpcrp030000-asr_E01777-000GotoYorikoMember	－	*2
jpcrp_cor:OfficialTitleOrPositionInformationAboutDirectorsAndCorporateAuditors	役職名、役員の状況（取締役（及び監査役））	FilingDateInstant_jpcrp030000-asr_E01777-000NoraDenzelMember	－	取締役報酬委員情報セキュリティ担当
jpcrp_cor:NameInformationAboutDirectorsAndCorporateAuditors	氏名、役員の状況（取締役（及び監査役））	FilingDateInstant_jpcrp030000-asr_E01777-000NoraDenzelMember	－	Nora Denzel[ノラ・デンゼル]
jpcrp_cor:DateOfBirthInformationAboutDirectorsAndCorporateAuditors	生年月日、役員の状況（取締役（及び監査役））	FilingDateInstant_jpcrp030000-asr_E01777-000NoraDenzelMember	－	1962-08-31
jpcrp_cor:CareerSummaryInformationAboutDirectorsAndCorporateAuditorsTextBlock	略歴、役員の状況（取締役（及び監査役）） [テキストブロック]	FilingDateInstant_jpcrp030000-asr_E01777-000NoraDenzelMember	－	 1984年６月International Business Machines Corporation 入社1996年５月International Business Machines Corporation Storage Softwar
jpcrp_cor:TermOfOfficeInformationAboutDirectorsAndCorporateAuditors	任期、役員の状況（取締役（及び監査役））	FilingDateInstant_jpcrp030000-asr_E01777-000NoraDenzelMember	－	*2
jpcrp_cor:OfficialTitleOrPositionInformationAboutDirectorsAndCorporateAuditors	役職名、役員の状況（取締役（及び監査役））	FilingDateInstant_jpcrp030000-asr_E01777-000HyodoMasayukiMember	－	取締役指名委員報酬委員
jpcrp_cor:NameInformationAboutDirectorsAndCorporateAuditors	氏名、役員の状況（取締役（及び監査役））	FilingDateInstant_jpcrp030000-asr_E01777-000HyodoMasayukiMember	－	兵頭　誠之
jpcrp_cor:DateOfBirthInformationAboutDirectorsAndCorporateAuditors	生年月日、役員の状況（取締役（及び監査役））	FilingDateInstant_jpcrp030000-asr_E01777-000HyodoMasayukiMember	－	1959-06-26
jpcrp_cor:CareerSummaryInformationAboutDirectorsAndCorporateAuditorsTextBlock	略歴、役員の状況（取締役（及び監査役）） [テキストブロック]	FilingDateInstant_jpcrp030000-asr_E01777-000HyodoMasayukiMember	－	 1984年４月住友商事㈱ 入社1996年３月香港住友商事会社（香港）2009年４月住友商事㈱ 理事 電力・社会インフラ事業本部副本部長2010年４月住友商事㈱ 理事 アジア総支配人補佐インドネシア住友商事会社社長（ジャカルタ）2012年４
jpcrp_cor:TermOfOfficeInformationAboutDirectorsAndCorporateAuditors	任期、役員の状況（取締役（及び監査役））	FilingDateInstant_jpcrp030000-asr_E01777-000HyodoMasayukiMember	－	*2
jpcrp_cor:FootnotesDirectorsAndCorporateAuditorsTextBlock	脚注（取締役（及び監査役） [テキストブロック]	FilingDateInstant_Row1Member	－	　（注）1 Wendy Becker、岸上恵子、Joseph A. Kraft Jr.、Neil Hunt、William Morrow、此本臣吾、後藤順子、Nora Denzel及び兵頭誠之は、社外取締役です。
jpcrp_cor:FootnotesDirectorsAndCorporateAuditorsTextBlock	脚注（取締役（及び監査役） [テキストブロック]	FilingDateInstant_Row2Member	－	*2 2025年６月24日開催の定時株主総会の終結の時から2025年度に関する定時株主総会の終結の時までです。
jpcrp_cor:FootnotesDirectorsAndCorporateAuditorsTextBlock	脚注（取締役（及び監査役） [テキストブロック]	FilingDateInstant_Row3Member	－	*3 所有株式数は、2026年３月31日時点で所有している当社普通株式の数です。交付予定株式数は、各取締役が2026年３月31日時点で保有する譲渡制限付株式ユニット（RSU）が全て権利確定した場合に、当該取締役に交付されることになる当社普通
jpcrp_cor:OfficialTitleOrPositionInformationAboutExecutiveDirectors	役職名、役員の状況（執行役）	FilingDateInstant_jpcrp030000-asr_E01777-000TotokiHirokiMember	－	代表執行役社長 CEO
jpcrp_cor:NameInformationAboutExecutiveDirectors	氏名、役員の状況（執行役）	FilingDateInstant_jpcrp030000-asr_E01777-000TotokiHirokiMember	－	十時　裕樹
jpcrp_cor:DateOfBirthInformationAboutExecutiveDirectors	生年月日、役員の状況（執行役）	FilingDateInstant_jpcrp030000-asr_E01777-000TotokiHirokiMember	－	1964-07-17
jpcrp_cor:CareerSummaryInformationAboutExecutiveDirectorsTextBlock	略歴、役員の状況（執行役） [テキストブロック]	FilingDateInstant_jpcrp030000-asr_E01777-000TotokiHirokiMember	－	 （1）取締役の状況参照
jpcrp_cor:TermOfOfficeInformationAboutExecutiveDirectors	任期、役員の状況（執行役）	FilingDateInstant_jpcrp030000-asr_E01777-000TotokiHirokiMember	－	*1
jpcrp_cor:OfficialTitleOrPositionInformationAboutExecutiveDirectors	役職名、役員の状況（執行役）	FilingDateInstant_jpcrp030000-asr_E01777-000MitomoToshimotoMember	－	代表執行役CSO（法務、コンプライアンス、プライバシー、知的財産、事業戦略、サステナビリティ、渉外、事業開発プラットフォーム、クリエイティブプラットフォーム、モビリティ事業担当）
jpcrp_cor:NameInformationAboutExecutiveDirectors	氏名、役員の状況（執行役）	FilingDateInstant_jpcrp030000-asr_E01777-000MitomoToshimotoMember	－	御供　俊元
jpcrp_cor:DateOfBirthInformationAboutExecutiveDirectors	生年月日、役員の状況（執行役）	FilingDateInstant_jpcrp030000-asr_E01777-000MitomoToshimotoMember	－	1963-01-06
jpcrp_cor:CareerSummaryInformationAboutExecutiveDirectorsTextBlock	略歴、役員の状況（執行役） [テキストブロック]	FilingDateInstant_jpcrp030000-asr_E01777-000MitomoToshimotoMember	－	1985年４月  当社入社2013年６月  当社業務執行役員 SVP2019年６月  当社常務2022年４月  当社執行役 専務2023年４月  当社執行役 副社長 CSO2025年４月  当社代表執行役 CSO（現在）
jpcrp_cor:TermOfOfficeInformationAboutExecutiveDirectors	任期、役員の状況（執行役）	FilingDateInstant_jpcrp030000-asr_E01777-000MitomoToshimotoMember	－	*1
jpcrp_cor:OfficialTitleOrPositionInformationAboutExecutiveDirectors	役職名、役員の状況（執行役）	FilingDateInstant_jpcrp030000-asr_E01777-000KoderaTsuyoshiMember	－	執行役CDO（デジタル＆テクノロジープラットフォーム（デジタルトランスフォーメーション戦略、情報システム、情報セキュリティ、先端技術領域、R&amp;D、技術戦略、品質マネジメント）担当）
jpcrp_cor:NameInformationAboutExecutiveDirectors	氏名、役員の状況（執行役）	FilingDateInstant_jpcrp030000-asr_E01777-000KoderaTsuyoshiMember	－	小寺　剛
jpcrp_cor:DateOfBirthInformationAboutExecutiveDirectors	生年月日、役員の状況（執行役）	FilingDateInstant_jpcrp030000-asr_E01777-000KoderaTsuyoshiMember	－	1969-10-08
jpcrp_cor:CareerSummaryInformationAboutExecutiveDirectorsTextBlock	略歴、役員の状況（執行役） [テキストブロック]	FilingDateInstant_jpcrp030000-asr_E01777-000KoderaTsuyoshiMember	－	1992年４月当社入社2016年４月ソニー・インタラクティブエンタテインメント副社長2016年６月当社執行役員ビジネスエグゼクティブ2017年10月ソニー・インタラクティブエンタテインメント　社長 兼 CEO㈱ソニー・インタラクティブエンタ
jpcrp_cor:TermOfOfficeInformationAboutExecutiveDirectors	任期、役員の状況（執行役）	FilingDateInstant_jpcrp030000-asr_E01777-000KoderaTsuyoshiMember	－	*1
jpcrp_cor:OfficialTitleOrPositionInformationAboutExecutiveDirectors	役職名、役員の状況（執行役）	FilingDateInstant_jpcrp030000-asr_E01777-000ItoYasuhiroMember	－	執行役CPO（人事、総務、秘書部、ダイバーシティ担当）
jpcrp_cor:NameInformationAboutExecutiveDirectors	氏名、役員の状況（執行役）	FilingDateInstant_jpcrp030000-asr_E01777-000ItoYasuhiroMember	－	井藤　安博
jpcrp_cor:DateOfBirthInformationAboutExecutiveDirectors	生年月日、役員の状況（執行役）	FilingDateInstant_jpcrp030000-asr_E01777-000ItoYasuhiroMember	－	1971-09-10
jpcrp_cor:CareerSummaryInformationAboutExecutiveDirectorsTextBlock	略歴、役員の状況（執行役） [テキストブロック]	FilingDateInstant_jpcrp030000-asr_E01777-000ItoYasuhiroMember	－	1994年４月当社入社2018年４月ソニー・ピクチャーズ・エンタテインメントEVP 兼 ソニー・コーポレーション・オブ・アメリカ SVP2023年４月当社執行役員2025年４月当社執行役 CPO（現在）
jpcrp_cor:TermOfOfficeInformationAboutExecutiveDirectors	任期、役員の状況（執行役）	FilingDateInstant_jpcrp030000-asr_E01777-000ItoYasuhiroMember	－	*1
jpcrp_cor:OfficialTitleOrPositionInformationAboutExecutiveDirectors	役職名、役員の状況（執行役）	FilingDateInstant_jpcrp030000-asr_E01777-000TaoLinMember	－	執行役CFO（経営企画管理、経営戦略、経理、税務、財務、IR、ディスクロージャー・コントロール、リスク管理、内部監査及びSOX404対応担当）
jpcrp_cor:NameInformationAboutExecutiveDirectors	氏名、役員の状況（執行役）	FilingDateInstant_jpcrp030000-asr_E01777-000TaoLinMember	－	陶　琳
jpcrp_cor:DateOfBirthInformationAboutExecutiveDirectors	生年月日、役員の状況（執行役）	FilingDateInstant_jpcrp030000-asr_E01777-000TaoLinMember	－	1973-09-02
jpcrp_cor:CareerSummaryInformationAboutExecutiveDirectorsTextBlock	略歴、役員の状況（執行役） [テキストブロック]	FilingDateInstant_jpcrp030000-asr_E01777-000TaoLinMember	－	2000年４月当社入社2021年４月㈱ソニー・インタラクティブエンタテインメント 取締役副社長2021年７月ソニー・インタラクティブエンタテインメントファイナンス、コーポレートストラテジー＆デベロップメント SVP2022年10月㈱ソニー・
jpcrp_cor:TermOfOfficeInformationAboutExecutiveDirectors	任期、役員の状況（執行役）	FilingDateInstant_jpcrp030000-asr_E01777-000TaoLinMember	－	*1
jpcrp_cor:FootnotesExecutiveOfficersTextBlock	脚注（執行役） [テキストブロック]	FilingDateInstant_Row1Member	－	　（注）*1 選任後、１年以内に終了する事業年度の末日までです。
jpcrp_cor:FootnotesExecutiveOfficersTextBlock	脚注（執行役） [テキストブロック]	FilingDateInstant_Row2Member	－	*2 所有株式数は、2026年３月31日時点で所有している当社普通株式の数です。交付予定株式数は、各執行役が2026年３月31日時点で保有する譲渡制限付株式ユニット（RSU）が全て権利確定した場合に、当該執行役に交付されることになる当社普通
jpcrp_cor:OfficialTitleOrPositionInformationAboutDirectorsAndCorporateAuditorsProposal	役職名、役員の状況（取締役（及び監査役））（議案）	FilingDateInstant_jpcrp030000-asr_E01777-000TotokiHirokiMember	－	取締役
jpcrp_cor:NameInformationAboutDirectorsAndCorporateAuditorsProposal	氏名、役員の状況（取締役（及び監査役））（議案）	FilingDateInstant_jpcrp030000-asr_E01777-000TotokiHirokiMember	－	十時　裕樹
jpcrp_cor:DateOfBirthInformationAboutDirectorsAndCorporateAuditorsProposal	生年月日、役員の状況（取締役（及び監査役））（議案）	FilingDateInstant_jpcrp030000-asr_E01777-000TotokiHirokiMember	－	1964-07-17
jpcrp_cor:CareerSummaryInformationAboutDirectorsAndCorporateAuditorsProposalTextBlock	略歴、役員の状況（取締役（及び監査役））（議案） [テキストブロック]	FilingDateInstant_jpcrp030000-asr_E01777-000TotokiHirokiMember	－	1987年４月当社入社2002年２月ソニー銀行㈱ 代表取締役2005年６月ソニーコミュニケーションネットワーク㈱（現 ソニーネットワークコミュニケーションズ㈱） 取締役 兼 執行役員専務2012年４月ソネットエンタテインメント㈱（現 ソニー
jpcrp_cor:TermOfOfficeInformationAboutDirectorsAndCorporateAuditorsProposal	任期、役員の状況（取締役（及び監査役））（議案）	FilingDateInstant_jpcrp030000-asr_E01777-000TotokiHirokiMember	－	*2
jpcrp_cor:OfficialTitleOrPositionInformationAboutDirectorsAndCorporateAuditorsProposal	役職名、役員の状況（取締役（及び監査役））（議案）	FilingDateInstant_jpcrp030000-asr_E01777-000TaoLinMember	－	取締役
jpcrp_cor:NameInformationAboutDirectorsAndCorporateAuditorsProposal	氏名、役員の状況（取締役（及び監査役））（議案）	FilingDateInstant_jpcrp030000-asr_E01777-000TaoLinMember	－	陶　琳
jpcrp_cor:DateOfBirthInformationAboutDirectorsAndCorporateAuditorsProposal	生年月日、役員の状況（取締役（及び監査役））（議案）	FilingDateInstant_jpcrp030000-asr_E01777-000TaoLinMember	－	1973-09-02
jpcrp_cor:CareerSummaryInformationAboutDirectorsAndCorporateAuditorsProposalTextBlock	略歴、役員の状況（取締役（及び監査役））（議案） [テキストブロック]	FilingDateInstant_jpcrp030000-asr_E01777-000TaoLinMember	－	 2000年４月当社入社2021年４月㈱ソニー・インタラクティブエンタテインメント 取締役副社長2021年７月ソニー・インタラクティブエンタテインメントファイナンス、コーポレートストラテジー＆デベロップメント SVP2022年10月㈱ソニー
jpcrp_cor:TermOfOfficeInformationAboutDirectorsAndCorporateAuditorsProposal	任期、役員の状況（取締役（及び監査役））（議案）	FilingDateInstant_jpcrp030000-asr_E01777-000TaoLinMember	－	*2
jpcrp_cor:OfficialTitleOrPositionInformationAboutDirectorsAndCorporateAuditorsProposal	役職名、役員の状況（取締役（及び監査役））（議案）	FilingDateInstant_jpcrp030000-asr_E01777-000WendyBeckerMember	－	取締役取締役会議長指名委員会議長
jpcrp_cor:NameInformationAboutDirectorsAndCorporateAuditorsProposal	氏名、役員の状況（取締役（及び監査役））（議案）	FilingDateInstant_jpcrp030000-asr_E01777-000WendyBeckerMember	－	Wendy Becker[ウェンディ・ベッカー]
jpcrp_cor:DateOfBirthInformationAboutDirectorsAndCorporateAuditorsProposal	生年月日、役員の状況（取締役（及び監査役））（議案）	FilingDateInstant_jpcrp030000-asr_E01777-000WendyBeckerMember	－	1965-11-02
jpcrp_cor:CareerSummaryInformationAboutDirectorsAndCorporateAuditorsProposalTextBlock	略歴、役員の状況（取締役（及び監査役））（議案） [テキストブロック]	FilingDateInstant_jpcrp030000-asr_E01777-000WendyBeckerMember	－	1987年９月Procter &amp; Gamble Company ブランドマネジャー1993年９月McKinsey &amp; Company,Inc. コンサルタント1998年12月McKinsey &amp; Company,In
jpcrp_cor:TermOfOfficeInformationAboutDirectorsAndCorporateAuditorsProposal	任期、役員の状況（取締役（及び監査役））（議案）	FilingDateInstant_jpcrp030000-asr_E01777-000WendyBeckerMember	－	*2
jpcrp_cor:OfficialTitleOrPositionInformationAboutDirectorsAndCorporateAuditorsProposal	役職名、役員の状況（取締役（及び監査役））（議案）	FilingDateInstant_jpcrp030000-asr_E01777-000JosephAKraftJrMember	－	取締役監査委員会議長指名委員情報セキュリティ担当
jpcrp_cor:NameInformationAboutDirectorsAndCorporateAuditorsProposal	氏名、役員の状況（取締役（及び監査役））（議案）	FilingDateInstant_jpcrp030000-asr_E01777-000JosephAKraftJrMember	－	Joseph A. Kraft Jr.[ジョセフ・クラフト]
jpcrp_cor:DateOfBirthInformationAboutDirectorsAndCorporateAuditorsProposal	生年月日、役員の状況（取締役（及び監査役））（議案）	FilingDateInstant_jpcrp030000-asr_E01777-000JosephAKraftJrMember	－	1964-05-12
jpcrp_cor:CareerSummaryInformationAboutDirectorsAndCorporateAuditorsProposalTextBlock	略歴、役員の状況（取締役（及び監査役））（議案） [テキストブロック]	FilingDateInstant_jpcrp030000-asr_E01777-000JosephAKraftJrMember	－	1986年７月Morgan Stanley Inc. 入社2000年１月Morgan Stanley Inc. マネージングダイレクター2007年４月Dresdner Kleinwort Japan キャピタル・マーケット本部長 マネージン
jpcrp_cor:TermOfOfficeInformationAboutDirectorsAndCorporateAuditorsProposal	任期、役員の状況（取締役（及び監査役））（議案）	FilingDateInstant_jpcrp030000-asr_E01777-000JosephAKraftJrMember	－	*2
jpcrp_cor:OfficialTitleOrPositionInformationAboutDirectorsAndCorporateAuditorsProposal	役職名、役員の状況（取締役（及び監査役））（議案）	FilingDateInstant_jpcrp030000-asr_E01777-000NeilHuntMember	－	取締役情報セキュリティ担当
jpcrp_cor:NameInformationAboutDirectorsAndCorporateAuditorsProposal	氏名、役員の状況（取締役（及び監査役））（議案）	FilingDateInstant_jpcrp030000-asr_E01777-000NeilHuntMember	－	Neil Hunt[ニール・ハント]
jpcrp_cor:DateOfBirthInformationAboutDirectorsAndCorporateAuditorsProposal	生年月日、役員の状況（取締役（及び監査役））（議案）	FilingDateInstant_jpcrp030000-asr_E01777-000NeilHuntMember	－	1962-01-12
jpcrp_cor:CareerSummaryInformationAboutDirectorsAndCorporateAuditorsProposalTextBlock	略歴、役員の状況（取締役（及び監査役））（議案） [テキストブロック]	FilingDateInstant_jpcrp030000-asr_E01777-000NeilHuntMember	－	1989年６月Iconicon ファウンダー、CTO1991年10月Pure Atria, Inc. ダイレクター・オブ・エンジニアリング1999年12月Netflix, Inc. チーフ・プロダクト・オフィサー2010年９月Logitec
jpcrp_cor:TermOfOfficeInformationAboutDirectorsAndCorporateAuditorsProposal	任期、役員の状況（取締役（及び監査役））（議案）	FilingDateInstant_jpcrp030000-asr_E01777-000NeilHuntMember	－	*2
jpcrp_cor:OfficialTitleOrPositionInformationAboutDirectorsAndCorporateAuditorsProposal	役職名、役員の状況（取締役（及び監査役））（議案）	FilingDateInstant_jpcrp030000-asr_E01777-000WilliamMorrowMember	－	取締役報酬委員会議長指名委員
jpcrp_cor:NameInformationAboutDirectorsAndCorporateAuditorsProposal	氏名、役員の状況（取締役（及び監査役））（議案）	FilingDateInstant_jpcrp030000-asr_E01777-000WilliamMorrowMember	－	William Morrow[ウィリアム・モロウ]
jpcrp_cor:DateOfBirthInformationAboutDirectorsAndCorporateAuditorsProposal	生年月日、役員の状況（取締役（及び監査役））（議案）	FilingDateInstant_jpcrp030000-asr_E01777-000WilliamMorrowMember	－	1959-07-02
jpcrp_cor:CareerSummaryInformationAboutDirectorsAndCorporateAuditorsProposalTextBlock	略歴、役員の状況（取締役（及び監査役））（議案） [テキストブロック]	FilingDateInstant_jpcrp030000-asr_E01777-000WilliamMorrowMember	－	1980年９月Pacific Bell Inc. ダイレクター2001年11月日本テレコム㈱ プレジデント2004年２月Vodafone UK LIMITED CEO2005年４月ボーダフォン㈱ プレジデント2006年５月Vodafone 
jpcrp_cor:TermOfOfficeInformationAboutDirectorsAndCorporateAuditorsProposal	任期、役員の状況（取締役（及び監査役））（議案）	FilingDateInstant_jpcrp030000-asr_E01777-000WilliamMorrowMember	－	*2
jpcrp_cor:OfficialTitleOrPositionInformationAboutDirectorsAndCorporateAuditorsProposal	役職名、役員の状況（取締役（及び監査役））（議案）	FilingDateInstant_jpcrp030000-asr_E01777-000KonomotoShingoMember	－	取締役監査委員
jpcrp_cor:NameInformationAboutDirectorsAndCorporateAuditorsProposal	氏名、役員の状況（取締役（及び監査役））（議案）	FilingDateInstant_jpcrp030000-asr_E01777-000KonomotoShingoMember	－	此本　臣吾
jpcrp_cor:DateOfBirthInformationAboutDirectorsAndCorporateAuditorsProposal	生年月日、役員の状況（取締役（及び監査役））（議案）	FilingDateInstant_jpcrp030000-asr_E01777-000KonomotoShingoMember	－	1960-02-11
jpcrp_cor:CareerSummaryInformationAboutDirectorsAndCorporateAuditorsProposalTextBlock	略歴、役員の状況（取締役（及び監査役））（議案） [テキストブロック]	FilingDateInstant_jpcrp030000-asr_E01777-000KonomotoShingoMember	－	1985年４月㈱野村総合研究所 入社2004年４月㈱野村総合研究所 執行役員 コンサルティング第三事業本部長2010年４月㈱野村総合研究所 常務執行役員 コンサルティング事業本部長2015年４月㈱野村総合研究所 専務執行役員 ビジネス部門担
jpcrp_cor:TermOfOfficeInformationAboutDirectorsAndCorporateAuditorsProposal	任期、役員の状況（取締役（及び監査役））（議案）	FilingDateInstant_jpcrp030000-asr_E01777-000KonomotoShingoMember	－	*2
jpcrp_cor:OfficialTitleOrPositionInformationAboutDirectorsAndCorporateAuditorsProposal	役職名、役員の状況（取締役（及び監査役））（議案）	FilingDateInstant_jpcrp030000-asr_E01777-000GotoYorikoMember	－	取締役監査委員
jpcrp_cor:NameInformationAboutDirectorsAndCorporateAuditorsProposal	氏名、役員の状況（取締役（及び監査役））（議案）	FilingDateInstant_jpcrp030000-asr_E01777-000GotoYorikoMember	－	後藤　順子
jpcrp_cor:DateOfBirthInformationAboutDirectorsAndCorporateAuditorsProposal	生年月日、役員の状況（取締役（及び監査役））（議案）	FilingDateInstant_jpcrp030000-asr_E01777-000GotoYorikoMember	－	1958-11-11
jpcrp_cor:CareerSummaryInformationAboutDirectorsAndCorporateAuditorsProposalTextBlock	略歴、役員の状況（取締役（及び監査役））（議案） [テキストブロック]	FilingDateInstant_jpcrp030000-asr_E01777-000GotoYorikoMember	－	1983年11月デロイト・ハスキンズ・アンド・セルズ公認会計士共同事務所（現 有限責任監査法人トーマツ）入所1987年３月公認会計士登録（現在）1996年６月監査法人トーマツ（現 有限責任監査法人トーマツ）パートナー2010年11月有限責任
jpcrp_cor:TermOfOfficeInformationAboutDirectorsAndCorporateAuditorsProposal	任期、役員の状況（取締役（及び監査役））（議案）	FilingDateInstant_jpcrp030000-asr_E01777-000GotoYorikoMember	－	*2
jpcrp_cor:OfficialTitleOrPositionInformationAboutDirectorsAndCorporateAuditorsProposal	役職名、役員の状況（取締役（及び監査役））（議案）	FilingDateInstant_jpcrp030000-asr_E01777-000NoraDenzelMember	－	取締役報酬委員情報セキュリティ担当
jpcrp_cor:NameInformationAboutDirectorsAndCorporateAuditorsProposal	氏名、役員の状況（取締役（及び監査役））（議案）	FilingDateInstant_jpcrp030000-asr_E01777-000NoraDenzelMember	－	Nora Denzel[ノラ・デンゼル]
jpcrp_cor:DateOfBirthInformationAboutDirectorsAndCorporateAuditorsProposal	生年月日、役員の状況（取締役（及び監査役））（議案）	FilingDateInstant_jpcrp030000-asr_E01777-000NoraDenzelMember	－	1962-08-31
jpcrp_cor:CareerSummaryInformationAboutDirectorsAndCorporateAuditorsProposalTextBlock	略歴、役員の状況（取締役（及び監査役））（議案） [テキストブロック]	FilingDateInstant_jpcrp030000-asr_E01777-000NoraDenzelMember	－	1984年６月International Business Machines Corporation 入社1996年５月International Business Machines Corporation Storage Software
jpcrp_cor:TermOfOfficeInformationAboutDirectorsAndCorporateAuditorsProposal	任期、役員の状況（取締役（及び監査役））（議案）	FilingDateInstant_jpcrp030000-asr_E01777-000NoraDenzelMember	－	*2
jpcrp_cor:OfficialTitleOrPositionInformationAboutDirectorsAndCorporateAuditorsProposal	役職名、役員の状況（取締役（及び監査役））（議案）	FilingDateInstant_jpcrp030000-asr_E01777-000HyodoMasayukiMember	－	取締役指名委員報酬委員
jpcrp_cor:NameInformationAboutDirectorsAndCorporateAuditorsProposal	氏名、役員の状況（取締役（及び監査役））（議案）	FilingDateInstant_jpcrp030000-asr_E01777-000HyodoMasayukiMember	－	兵頭　誠之
jpcrp_cor:DateOfBirthInformationAboutDirectorsAndCorporateAuditorsProposal	生年月日、役員の状況（取締役（及び監査役））（議案）	FilingDateInstant_jpcrp030000-asr_E01777-000HyodoMasayukiMember	－	1959-06-26
jpcrp_cor:CareerSummaryInformationAboutDirectorsAndCorporateAuditorsProposalTextBlock	略歴、役員の状況（取締役（及び監査役））（議案） [テキストブロック]	FilingDateInstant_jpcrp030000-asr_E01777-000HyodoMasayukiMember	－	1984年４月住友商事㈱ 入社1996年３月香港住友商事会社（香港）2009年４月住友商事㈱ 理事 電力・社会インフラ事業本部副本部長2010年４月住友商事㈱ 理事 アジア総支配人補佐インドネシア住友商事会社社長（ジャカルタ）2012年４月
jpcrp_cor:TermOfOfficeInformationAboutDirectorsAndCorporateAuditorsProposal	任期、役員の状況（取締役（及び監査役））（議案）	FilingDateInstant_jpcrp030000-asr_E01777-000HyodoMasayukiMember	－	*2
jpcrp_cor:FootnotesDirectorsAndCorporateAuditorsProposalTextBlock	脚注（取締役（及び監査役））（議案） [テキストブロック]	FilingDateInstant_Row1Member	－	　（注）1 Wendy Becker、Joseph A. Kraft Jr.、Neil Hunt、William Morrow、此本臣吾、後藤順子、Nora Denzel及び兵頭誠之は、社外取締役です。
jpcrp_cor:FootnotesDirectorsAndCorporateAuditorsProposalTextBlock	脚注（取締役（及び監査役））（議案） [テキストブロック]	FilingDateInstant_Row2Member	－	*2 2026年６月23日開催予定の定時株主総会の終結の時から2026年度に関する定時株主総会の終結の時までです。
jpcrp_cor:FootnotesDirectorsAndCorporateAuditorsProposalTextBlock	脚注（取締役（及び監査役））（議案） [テキストブロック]	FilingDateInstant_Row3Member	－	*3 所有株式数は、2026年３月31日時点で所有している当社普通株式の数です。交付予定株式数は、各取締役が2026年３月31日時点で保有する譲渡制限付株式ユニット（RSU）が全て権利確定した場合に、当該取締役に交付されることになる当社普通
jpcrp_cor:FootnotesExecutiveOfficersProposalTextBlock	脚注（執行役）（議案） [テキストブロック]	FilingDateInstant_Row1Member	－	上記（i）「（2）執行役の状況」からの変更はありません。 
jpcrp_cor:OutsideDirectorsAndOutsideCorporateAuditorsTextBlock	社外取締役（及び社外監査役） [テキストブロック]	FilingDateInstant	－	②　社外取締役の員数、社外取締役と当社との人的関係、資本的関係又は取引関係その他の利害関係　上記①（i）に記載のとおり、本書提出日現在の在任取締役全11名のうち、９名が会社法に定める社外取締役であり、各在任取締役は、前述の「（１）コーポレー
jpcrp_cor:AuditsTextBlock	監査の状況 [テキストブロック]	FilingDateInstant	－	（３）【監査の状況】①　監査委員会監査の状況　監査委員会は、法令及び取締役会の制定による監査委員会規定にもとづき、当年度に７回開催した監査委員会での審議、ならびに、各監査委員の活動（当社の執行役及び使用人あるいは主要子会社の取締役・監査役・
jpcrp_cor:RemunerationForDirectorsAndOtherOfficersTextBlock	役員の報酬等 [テキストブロック]	FilingDateInstant	－	（４）【役員の報酬等】取締役及び執行役の報酬等の額①　役員区分ごとの報酬等の総額及び対象となる役員の員数 定　額　報　酬業績連動報酬ストック・オプション（*7）譲渡制限付株式（*10）譲渡制限付株式ユニット（RSU）（*12）株式退職金（*
jpcrp_cor:RemunerationEtcPaidByGroupToEachDirectorOrOtherOfficerTextBlock	役員ごとの連結報酬等 [テキストブロック]	FilingDateInstant	－	②　取締役及び執行役に対する個人別の報酬等の額氏名役職（*1）定額報酬（*2）業績連動報酬（*2）（*3）株式退職金（*2）合計（*2）ストック・オプション（*2）（*4）譲渡制限付株式ユニット（RSU）（*2）（*5）権利確定の時期ユニッ
jpcrp_cor:ShareholdingsTextBlock	株式の保有状況 [テキストブロック]	FilingDateInstant	－	（５）【株式の保有状況】①　純投資目的である投資株式と純投資目的以外の目的である投資株式の区分の基準や考え方　当社は、当社及び当社の子会社が保有する投資株式（当社の上場子会社が保有する株式及び当社が保有する当該上場子会社の株式を除く）につい
jpcrp_cor:ReasonForIncreaseInNumberOfSharesSharesNotListedInvestmentSharesHeldForPurposesOtherThanPureInvestmentReportingCompany	株式数が増加した理由、非上場株式、保有目的が純投資目的以外の目的である投資株式、提出会社	CurrentYearDuration	－	新たな事業機会の創出や既存事業の強化・拡充を目的とした投資や、コーポレートベンチャーキャピタルを通じたベンチャー投資等
jpcrp_cor:ReasonForIncreaseInNumberOfSharesSharesOtherThanThoseNotListedInvestmentSharesHeldForPurposesOtherThanPureInvestmentReportingCompany	株式数が増加した理由、非上場株式以外の株式、保有目的が純投資目的以外の目的である投資株式、提出会社	CurrentYearDuration	－	当社の関連事業推進及び関係維持・強化等のための投資
jpcrp_cor:NameOfSecuritiesDetailsOfSpecifiedInvestmentEquitySecuritiesHeldForPurposesOtherThanPureInvestmentReportingCompany	銘柄、保有目的が純投資目的以外の目的である特定投資株式の明細、提出会社	CurrentYearInstant_Row1Member	－	㈱KADOKAWA
jpcrp_cor:PurposesOfHoldingDetailsOfSpecifiedInvestmentEquitySecuritiesHeldForPurposesOtherThanPureInvestmentReportingCompany	保有目的、保有目的が純投資目的以外の目的である特定投資株式の明細、提出会社	CurrentYearInstant_Row1Member	－	アニメ・ゲーム事業をはじめとしたエンタテインメント領域での同社との協業関係の維持・強化及び事業機会創出を目的とした保有
jpcrp_cor:QuantitativeEffectsOfShareholdingDetailsOfSpecifiedInvestmentSharesHeldForPurposesOtherThanPureInvestmentReportingCompany	定量的な保有効果、保有目的が純投資目的以外の目的である特定投資株式の明細、提出会社	CurrentYearInstant_Row1Member	－	前述の検証方法に従い、保有の合理性を判断しています。
jpcrp_cor:ReasonForIncreaseInNumberOfSharesDetailsOfSpecifiedInvestmentSharesHeldForPurposesOtherThanPureInvestmentReportingCompany	株式数が増加した理由、保有目的が純投資目的以外の目的である特定投資株式の明細、提出会社	CurrentYearInstant_Row1Member	－	当社の関連事業における連携強化及び事業機会の模索のため
jpcrp_cor:WhetherIssuerOfAforementionedSharesHoldsReportingCompanysSharesDetailsOfSpecifiedInvestmentSharesHeldForPurposesOtherThanPureInvestmentReportingCompany	当該株式の発行者による提出会社の株式の保有の有無、保有目的が純投資目的以外の目的である特定投資株式の明細、提出会社	CurrentYearInstant_Row1Member	－	有
jpcrp_cor:NameOfSecuritiesDetailsOfSpecifiedInvestmentEquitySecuritiesHeldForPurposesOtherThanPureInvestmentReportingCompany	銘柄、保有目的が純投資目的以外の目的である特定投資株式の明細、提出会社	CurrentYearInstant_Row2Member	－	㈱バンダイナムコホールディングス
jpcrp_cor:PurposesOfHoldingDetailsOfSpecifiedInvestmentEquitySecuritiesHeldForPurposesOtherThanPureInvestmentReportingCompany	保有目的、保有目的が純投資目的以外の目的である特定投資株式の明細、提出会社	CurrentYearInstant_Row2Member	－	エンタテインメント領域を中心とした各種事業での同社との協業関係の推進・強化及び事業機会創出を目的とした保有
jpcrp_cor:QuantitativeEffectsOfShareholdingDetailsOfSpecifiedInvestmentSharesHeldForPurposesOtherThanPureInvestmentReportingCompany	定量的な保有効果、保有目的が純投資目的以外の目的である特定投資株式の明細、提出会社	CurrentYearInstant_Row2Member	－	前述の検証方法に従い、保有の合理性を判断しています。
jpcrp_cor:ReasonForIncreaseInNumberOfSharesDetailsOfSpecifiedInvestmentSharesHeldForPurposesOtherThanPureInvestmentReportingCompany	株式数が増加した理由、保有目的が純投資目的以外の目的である特定投資株式の明細、提出会社	CurrentYearInstant_Row2Member	－	当社の関連事業における連携強化及び事業機会の模索のため
jpcrp_cor:WhetherIssuerOfAforementionedSharesHoldsReportingCompanysSharesDetailsOfSpecifiedInvestmentSharesHeldForPurposesOtherThanPureInvestmentReportingCompany	当該株式の発行者による提出会社の株式の保有の有無、保有目的が純投資目的以外の目的である特定投資株式の明細、提出会社	CurrentYearInstant_Row2Member	－	無
jpcrp_cor:NameOfSecuritiesDetailsOfSpecifiedInvestmentEquitySecuritiesHeldForPurposesOtherThanPureInvestmentReportingCompany	銘柄、保有目的が純投資目的以外の目的である特定投資株式の明細、提出会社	CurrentYearInstant_Row3Member	－	㈱アカツキ
jpcrp_cor:PurposesOfHoldingDetailsOfSpecifiedInvestmentEquitySecuritiesHeldForPurposesOtherThanPureInvestmentReportingCompany	保有目的、保有目的が純投資目的以外の目的である特定投資株式の明細、提出会社	CurrentYearInstant_Row3Member	－	アニメ・ゲーム事業、ライブオペレーション領域を中心に同社との協業関係の推進・強化及び事業機会創出を目的とした保有
jpcrp_cor:QuantitativeEffectsOfShareholdingDetailsOfSpecifiedInvestmentSharesHeldForPurposesOtherThanPureInvestmentReportingCompany	定量的な保有効果、保有目的が純投資目的以外の目的である特定投資株式の明細、提出会社	CurrentYearInstant_Row3Member	－	前述の検証方法に従い、保有の合理性を判断しています。
jpcrp_cor:ReasonForIncreaseInNumberOfSharesDetailsOfSpecifiedInvestmentSharesHeldForPurposesOtherThanPureInvestmentReportingCompany	株式数が増加した理由、保有目的が純投資目的以外の目的である特定投資株式の明細、提出会社	CurrentYearInstant_Row3Member	－	－
jpcrp_cor:WhetherIssuerOfAforementionedSharesHoldsReportingCompanysSharesDetailsOfSpecifiedInvestmentSharesHeldForPurposesOtherThanPureInvestmentReportingCompany	当該株式の発行者による提出会社の株式の保有の有無、保有目的が純投資目的以外の目的である特定投資株式の明細、提出会社	CurrentYearInstant_Row3Member	－	無
jpcrp_cor:NameOfSecuritiesDetailsOfSpecifiedInvestmentEquitySecuritiesHeldForPurposesOtherThanPureInvestmentReportingCompany	銘柄、保有目的が純投資目的以外の目的である特定投資株式の明細、提出会社	CurrentYearInstant_Row4Member	－	㈱ソラコム
jpcrp_cor:PurposesOfHoldingDetailsOfSpecifiedInvestmentEquitySecuritiesHeldForPurposesOtherThanPureInvestmentReportingCompany	保有目的、保有目的が純投資目的以外の目的である特定投資株式の明細、提出会社	CurrentYearInstant_Row4Member	－	IoT通信プラットフォーム事業領域での同社との協業関係の維持・強化及び事業機会創出を目的とした保有
jpcrp_cor:QuantitativeEffectsOfShareholdingDetailsOfSpecifiedInvestmentSharesHeldForPurposesOtherThanPureInvestmentReportingCompany	定量的な保有効果、保有目的が純投資目的以外の目的である特定投資株式の明細、提出会社	CurrentYearInstant_Row4Member	－	前述の検証方法に従い、保有の合理性を判断しています。
jpcrp_cor:ReasonForIncreaseInNumberOfSharesDetailsOfSpecifiedInvestmentSharesHeldForPurposesOtherThanPureInvestmentReportingCompany	株式数が増加した理由、保有目的が純投資目的以外の目的である特定投資株式の明細、提出会社	CurrentYearInstant_Row4Member	－	－
jpcrp_cor:WhetherIssuerOfAforementionedSharesHoldsReportingCompanysSharesDetailsOfSpecifiedInvestmentSharesHeldForPurposesOtherThanPureInvestmentReportingCompany	当該株式の発行者による提出会社の株式の保有の有無、保有目的が純投資目的以外の目的である特定投資株式の明細、提出会社	CurrentYearInstant_Row4Member	－	無
jpcrp_cor:NameOfSecuritiesDetailsOfSpecifiedInvestmentEquitySecuritiesHeldForPurposesOtherThanPureInvestmentReportingCompany	銘柄、保有目的が純投資目的以外の目的である特定投資株式の明細、提出会社	CurrentYearInstant_Row5Member	－	㈱WOWOW
jpcrp_cor:PurposesOfHoldingDetailsOfSpecifiedInvestmentEquitySecuritiesHeldForPurposesOtherThanPureInvestmentReportingCompany	保有目的、保有目的が純投資目的以外の目的である特定投資株式の明細、提出会社	CurrentYearInstant_Row5Member	－	放送設備や情報システム保守、映画コンテンツ販売等の取引を行う同社との協業関係の維持・強化を目的とした保有
jpcrp_cor:QuantitativeEffectsOfShareholdingDetailsOfSpecifiedInvestmentSharesHeldForPurposesOtherThanPureInvestmentReportingCompany	定量的な保有効果、保有目的が純投資目的以外の目的である特定投資株式の明細、提出会社	CurrentYearInstant_Row5Member	－	前述の検証方法に従い、保有の合理性を判断しています。
jpcrp_cor:ReasonForIncreaseInNumberOfSharesDetailsOfSpecifiedInvestmentSharesHeldForPurposesOtherThanPureInvestmentReportingCompany	株式数が増加した理由、保有目的が純投資目的以外の目的である特定投資株式の明細、提出会社	CurrentYearInstant_Row5Member	－	－
jpcrp_cor:WhetherIssuerOfAforementionedSharesHoldsReportingCompanysSharesDetailsOfSpecifiedInvestmentSharesHeldForPurposesOtherThanPureInvestmentReportingCompany	当該株式の発行者による提出会社の株式の保有の有無、保有目的が純投資目的以外の目的である特定投資株式の明細、提出会社	CurrentYearInstant_Row5Member	－	無
jpcrp_cor:NameOfSecuritiesDetailsOfSpecifiedInvestmentEquitySecuritiesHeldForPurposesOtherThanPureInvestmentReportingCompany	銘柄、保有目的が純投資目的以外の目的である特定投資株式の明細、提出会社	CurrentYearInstant_Row6Member	－	㈱テレビ東京ホールディングス
jpcrp_cor:PurposesOfHoldingDetailsOfSpecifiedInvestmentEquitySecuritiesHeldForPurposesOtherThanPureInvestmentReportingCompany	保有目的、保有目的が純投資目的以外の目的である特定投資株式の明細、提出会社	CurrentYearInstant_Row6Member	－	－
jpcrp_cor:QuantitativeEffectsOfShareholdingDetailsOfSpecifiedInvestmentSharesHeldForPurposesOtherThanPureInvestmentReportingCompany	定量的な保有効果、保有目的が純投資目的以外の目的である特定投資株式の明細、提出会社	CurrentYearInstant_Row6Member	－	－
jpcrp_cor:ReasonForIncreaseInNumberOfSharesDetailsOfSpecifiedInvestmentSharesHeldForPurposesOtherThanPureInvestmentReportingCompany	株式数が増加した理由、保有目的が純投資目的以外の目的である特定投資株式の明細、提出会社	CurrentYearInstant_Row6Member	－	－
jpcrp_cor:WhetherIssuerOfAforementionedSharesHoldsReportingCompanysSharesDetailsOfSpecifiedInvestmentSharesHeldForPurposesOtherThanPureInvestmentReportingCompany	当該株式の発行者による提出会社の株式の保有の有無、保有目的が純投資目的以外の目的である特定投資株式の明細、提出会社	CurrentYearInstant_Row6Member	－	無
jpcrp_cor:NameOfSecuritiesDetailsOfSpecifiedInvestmentEquitySecuritiesHeldForPurposesOtherThanPureInvestmentReportingCompany	銘柄、保有目的が純投資目的以外の目的である特定投資株式の明細、提出会社	CurrentYearInstant_Row7Member	－	㈱スマートドライブ
jpcrp_cor:PurposesOfHoldingDetailsOfSpecifiedInvestmentEquitySecuritiesHeldForPurposesOtherThanPureInvestmentReportingCompany	保有目的、保有目的が純投資目的以外の目的である特定投資株式の明細、提出会社	CurrentYearInstant_Row7Member	－	－
jpcrp_cor:QuantitativeEffectsOfShareholdingDetailsOfSpecifiedInvestmentSharesHeldForPurposesOtherThanPureInvestmentReportingCompany	定量的な保有効果、保有目的が純投資目的以外の目的である特定投資株式の明細、提出会社	CurrentYearInstant_Row7Member	－	－
jpcrp_cor:ReasonForIncreaseInNumberOfSharesDetailsOfSpecifiedInvestmentSharesHeldForPurposesOtherThanPureInvestmentReportingCompany	株式数が増加した理由、保有目的が純投資目的以外の目的である特定投資株式の明細、提出会社	CurrentYearInstant_Row7Member	－	－
jpcrp_cor:WhetherIssuerOfAforementionedSharesHoldsReportingCompanysSharesDetailsOfSpecifiedInvestmentSharesHeldForPurposesOtherThanPureInvestmentReportingCompany	当該株式の発行者による提出会社の株式の保有の有無、保有目的が純投資目的以外の目的である特定投資株式の明細、提出会社	CurrentYearInstant_Row7Member	－	無
jpcrp_cor:NameOfSecuritiesDetailsOfSpecifiedInvestmentEquitySecuritiesHeldForPurposesOtherThanPureInvestmentReportingCompany	銘柄、保有目的が純投資目的以外の目的である特定投資株式の明細、提出会社	CurrentYearInstant_Row8Member	－	㈱トヨコー
jpcrp_cor:PurposesOfHoldingDetailsOfSpecifiedInvestmentEquitySecuritiesHeldForPurposesOtherThanPureInvestmentReportingCompany	保有目的、保有目的が純投資目的以外の目的である特定投資株式の明細、提出会社	CurrentYearInstant_Row8Member	－	－
jpcrp_cor:QuantitativeEffectsOfShareholdingDetailsOfSpecifiedInvestmentSharesHeldForPurposesOtherThanPureInvestmentReportingCompany	定量的な保有効果、保有目的が純投資目的以外の目的である特定投資株式の明細、提出会社	CurrentYearInstant_Row8Member	－	－
jpcrp_cor:ReasonForIncreaseInNumberOfSharesDetailsOfSpecifiedInvestmentSharesHeldForPurposesOtherThanPureInvestmentReportingCompany	株式数が増加した理由、保有目的が純投資目的以外の目的である特定投資株式の明細、提出会社	CurrentYearInstant_Row8Member	－	－
jpcrp_cor:WhetherIssuerOfAforementionedSharesHoldsReportingCompanysSharesDetailsOfSpecifiedInvestmentSharesHeldForPurposesOtherThanPureInvestmentReportingCompany	当該株式の発行者による提出会社の株式の保有の有無、保有目的が純投資目的以外の目的である特定投資株式の明細、提出会社	CurrentYearInstant_Row8Member	－	無
jpcrp_cor:FootnotesSpecifiedInvestmentSharesHeldForPurposesOtherThanPureInvestmentReportingCompanyTextBlock	脚注（保有目的が純投資目的以外の目的である特定投資株式）、提出会社 [テキストブロック]	CurrentYearInstant_Row1Member	－	（注）*1 日本基準ベースで測定した金額を記載しています。
jpcrp_cor:FootnotesSpecifiedInvestmentSharesHeldForPurposesOtherThanPureInvestmentReportingCompanyTextBlock	脚注（保有目的が純投資目的以外の目的である特定投資株式）、提出会社 [テキストブロック]	CurrentYearInstant_Row2Member	－	*2 定量的保有効果の開示は困難であるため、保有の合理性を検証した方法を記載しています。
jpcrp_cor:FootnotesSpecifiedInvestmentSharesHeldForPurposesOtherThanPureInvestmentReportingCompanyTextBlock	脚注（保有目的が純投資目的以外の目的である特定投資株式）、提出会社 [テキストブロック]	CurrentYearInstant_Row3Member	－	*3 当社の株主名簿等により確認できる範囲で記載しています。
jpcrp_cor:FootnotesSpecifiedInvestmentSharesHeldForPurposesOtherThanPureInvestmentReportingCompanyTextBlock	脚注（保有目的が純投資目的以外の目的である特定投資株式）、提出会社 [テキストブロック]	CurrentYearInstant_Row4Member	－	*4 「－」は、当該銘柄を保有していないことを示しています。
jpcrp_cor:NameOfSecuritiesDetailsOfDeemedHoldingsOfEquitySecuritiesHeldForPurposesOtherThanPureInvestmentReportingCompany	銘柄、保有目的が純投資目的以外の目的であるみなし保有株式の明細、提出会社	CurrentYearInstant_Row1Member	－	㈱タムロン
jpcrp_cor:PurposesOfHoldingDetailsOfDeemedHoldingsOfEquitySecuritiesHeldForPurposesOtherThanPureInvestmentReportingCompany	保有目的、保有目的が純投資目的以外の目的であるみなし保有株式の明細、提出会社	CurrentYearInstant_Row1Member	－	カメラ事業を中心としたイメージング領域における同社との協業関係の維持・強化及び事業機会創出を目的とした保有（退職給付信託に拠出しており、当社は議決権の行使に関する指図権を有する）
jpcrp_cor:QuantitativeEffectsOfShareholdingDetailsOfDeemedHoldingsOfSharesHeldForPurposesOtherThanPureInvestmentReportingCompany	定量的な保有効果、保有目的が純投資目的以外の目的であるみなし保有株式の明細、提出会社	CurrentYearInstant_Row1Member	－	前述の検証方法に従い、保有の合理性を判断しています。
jpcrp_cor:ReasonForIncreaseInNumberOfSharesDetailsOfDeemedHoldingsOfSharesHeldForPurposesOtherThanPureInvestmentReportingCompany	株式数が増加した理由、保有目的が純投資目的以外の目的であるみなし保有株式の明細、提出会社	CurrentYearInstant_Row1Member	－	発行体の株式分割によるもの
jpcrp_cor:WhetherIssuerOfAforementionedSharesHoldsReportingCompanysSharesDetailsOfDeemedHoldingsOfSharesHeldForPurposesOtherThanPureInvestmentReportingCompany	当該株式の発行者による提出会社の株式の保有の有無、保有目的が純投資目的以外の目的であるみなし保有株式の明細、提出会社	CurrentYearInstant_Row1Member	－	有
jpcrp_cor:NameOfSecuritiesDetailsOfDeemedHoldingsOfEquitySecuritiesHeldForPurposesOtherThanPureInvestmentReportingCompany	銘柄、保有目的が純投資目的以外の目的であるみなし保有株式の明細、提出会社	CurrentYearInstant_Row2Member	－	東映アニメーション㈱
jpcrp_cor:PurposesOfHoldingDetailsOfDeemedHoldingsOfEquitySecuritiesHeldForPurposesOtherThanPureInvestmentReportingCompany	保有目的、保有目的が純投資目的以外の目的であるみなし保有株式の明細、提出会社	CurrentYearInstant_Row2Member	－	コンテンツ事業の拡大等の同社との協業関係の維持・強化を目的とした保有（退職給付信託に拠出しており、当社は議決権の行使に関する指図権を有する）
jpcrp_cor:QuantitativeEffectsOfShareholdingDetailsOfDeemedHoldingsOfSharesHeldForPurposesOtherThanPureInvestmentReportingCompany	定量的な保有効果、保有目的が純投資目的以外の目的であるみなし保有株式の明細、提出会社	CurrentYearInstant_Row2Member	－	前述の検証方法に従い、保有の合理性を判断しています。
jpcrp_cor:ReasonForIncreaseInNumberOfSharesDetailsOfDeemedHoldingsOfSharesHeldForPurposesOtherThanPureInvestmentReportingCompany	株式数が増加した理由、保有目的が純投資目的以外の目的であるみなし保有株式の明細、提出会社	CurrentYearInstant_Row2Member	－	－
jpcrp_cor:WhetherIssuerOfAforementionedSharesHoldsReportingCompanysSharesDetailsOfDeemedHoldingsOfSharesHeldForPurposesOtherThanPureInvestmentReportingCompany	当該株式の発行者による提出会社の株式の保有の有無、保有目的が純投資目的以外の目的であるみなし保有株式の明細、提出会社	CurrentYearInstant_Row2Member	－	無
jpcrp_cor:NameOfSecuritiesDetailsOfDeemedHoldingsOfEquitySecuritiesHeldForPurposesOtherThanPureInvestmentReportingCompany	銘柄、保有目的が純投資目的以外の目的であるみなし保有株式の明細、提出会社	CurrentYearInstant_Row3Member	－	㈱レスター
jpcrp_cor:PurposesOfHoldingDetailsOfDeemedHoldingsOfEquitySecuritiesHeldForPurposesOtherThanPureInvestmentReportingCompany	保有目的、保有目的が純投資目的以外の目的であるみなし保有株式の明細、提出会社	CurrentYearInstant_Row3Member	－	Ｉ＆ＳＳ事業における重要な販売特約店である同社との協業関係の維持・強化を目的とした保有（退職給付信託に拠出しており、当社は議決権の行使に関する指図権を有する）
jpcrp_cor:QuantitativeEffectsOfShareholdingDetailsOfDeemedHoldingsOfSharesHeldForPurposesOtherThanPureInvestmentReportingCompany	定量的な保有効果、保有目的が純投資目的以外の目的であるみなし保有株式の明細、提出会社	CurrentYearInstant_Row3Member	－	前述の検証方法に従い、保有の合理性を判断しています。
jpcrp_cor:ReasonForIncreaseInNumberOfSharesDetailsOfDeemedHoldingsOfSharesHeldForPurposesOtherThanPureInvestmentReportingCompany	株式数が増加した理由、保有目的が純投資目的以外の目的であるみなし保有株式の明細、提出会社	CurrentYearInstant_Row3Member	－	－
jpcrp_cor:WhetherIssuerOfAforementionedSharesHoldsReportingCompanysSharesDetailsOfDeemedHoldingsOfSharesHeldForPurposesOtherThanPureInvestmentReportingCompany	当該株式の発行者による提出会社の株式の保有の有無、保有目的が純投資目的以外の目的であるみなし保有株式の明細、提出会社	CurrentYearInstant_Row3Member	－	有
jpcrp_cor:FootnotesDeemedHoldingsOfSharesHeldForPurposesOtherThanPureInvestmentReportingCompanyTextBlock	脚注（保有目的が純投資目的以外の目的であるみなし保有株式）、提出会社 [テキストブロック]	CurrentYearInstant_Row1Member	－	（注）*1 日本基準ベースで測定した金額を記載しています。
jpcrp_cor:FootnotesDeemedHoldingsOfSharesHeldForPurposesOtherThanPureInvestmentReportingCompanyTextBlock	脚注（保有目的が純投資目的以外の目的であるみなし保有株式）、提出会社 [テキストブロック]	CurrentYearInstant_Row2Member	－	*2 定量的保有効果の開示は困難であるため、保有の合理性を検証した方法を記載しています。
jpcrp_cor:FootnotesDeemedHoldingsOfSharesHeldForPurposesOtherThanPureInvestmentReportingCompanyTextBlock	脚注（保有目的が純投資目的以外の目的であるみなし保有株式）、提出会社 [テキストブロック]	CurrentYearInstant_Row3Member	－	*3 当社の株主名簿等により確認できる範囲で記載しています。
jpcrp_cor:NameOfGroupCompanyHoldingLargestAmountOfInvestmentSharesInGroup	最大保有会社（提出会社でない場合）の名称	CurrentYearInstant	－	Sony Music Entertainment International Limited
jpcrp_cor:ReasonForIncreaseInNumberOfSharesSharesNotListedInvestmentSharesHeldForPurposesOtherThanPureInvestmentLargestHoldingCompany	株式数が増加した理由、非上場株式、保有目的が純投資目的以外の目的である投資株式、最大保有会社	CurrentYearDuration	－	－
jpcrp_cor:ReasonForIncreaseInNumberOfSharesSharesOtherThanThoseNotListedInvestmentSharesHeldForPurposesOtherThanPureInvestmentLargestHoldingCompany	株式数が増加した理由、非上場株式以外の株式、保有目的が純投資目的以外の目的である投資株式、最大保有会社	CurrentYearDuration	－	－
jpcrp_cor:NameOfSecuritiesDetailsOfSpecifiedInvestmentEquitySecuritiesHeldForPurposesOtherThanPureInvestmentLargestHoldingCompany	銘柄、保有目的が純投資目的以外の目的である特定投資株式の明細、最大保有会社	CurrentYearInstant_Row1Member	－	Spotify Technology S.A.
jpcrp_cor:PurposesOfHoldingDetailsOfSpecifiedInvestmentEquitySecuritiesHeldForPurposesOtherThanPureInvestmentLargestHoldingCompany	保有目的、保有目的が純投資目的以外の目的である特定投資株式の明細、最大保有会社	CurrentYearInstant_Row1Member	－	グローバル音楽事業における、DSP（デジタルサービスプロバイダー）としての同社及びアーティストとの関係の維持・強化を目的とした保有
jpcrp_cor:QuantitativeEffectsOfShareholdingDetailsOfSpecifiedInvestmentSharesHeldForPurposesOtherThanPureInvestmentLargestHoldingCompany	定量的な保有効果、保有目的が純投資目的以外の目的である特定投資株式の明細、最大保有会社	CurrentYearInstant_Row1Member	－	前述の検証方法に従い、保有の合理性を判断しています。
jpcrp_cor:ReasonForIncreaseInNumberOfSharesDetailsOfSpecifiedInvestmentSharesHeldForPurposesOtherThanPureInvestmentLargestHoldingCompany	株式数が増加した理由、保有目的が純投資目的以外の目的である特定投資株式の明細、最大保有会社	CurrentYearInstant_Row1Member	－	－
jpcrp_cor:WhetherIssuerOfAforementionedSharesHoldsReportingCompanysSharesDetailsOfSpecifiedInvestmentSharesHeldForPurposesOtherThanPureInvestmentLargestHoldingCompany	当該株式の発行者による提出会社の株式の保有の有無、保有目的が純投資目的以外の目的である特定投資株式の明細、最大保有会社	CurrentYearInstant_Row1Member	－	無
jpcrp_cor:FootnotesSpecifiedInvestmentSharesHeldForPurposesOtherThanPureInvestmentLargestHoldingCompanyTextBlock	脚注（保有目的が純投資目的以外の目的である特定投資株式）、最大保有会社 [テキストブロック]	CurrentYearInstant_Row1Member	－	（注）*1 IFRSベースで測定した金額を記載しています。
jpcrp_cor:FootnotesSpecifiedInvestmentSharesHeldForPurposesOtherThanPureInvestmentLargestHoldingCompanyTextBlock	脚注（保有目的が純投資目的以外の目的である特定投資株式）、最大保有会社 [テキストブロック]	CurrentYearInstant_Row2Member	－	*2 定量的保有効果の開示は困難であるため、保有の合理性を検証した方法を記載しています。
jpcrp_cor:FootnotesSpecifiedInvestmentSharesHeldForPurposesOtherThanPureInvestmentLargestHoldingCompanyTextBlock	脚注（保有目的が純投資目的以外の目的である特定投資株式）、最大保有会社 [テキストブロック]	CurrentYearInstant_Row3Member	－	*3 当社の株主名簿等により確認できる範囲で記載しています。
jpcrp030000-asr_E01777-000:BasicPolicyOnHumanResourcesStrategyEmployeesEtcTextBlock		FilingDateInstant	－	（１）【人材戦略に関する基本方針等】①連結会社の人材戦略　現在のグループ経営方針の中核であり、長期ビジョンである「Creative Entertainment Vision」の実現において、ソニーの事業と人材の多様性が最も重要であり、異なる
jpcrp_cor:InformationAboutEmployeesTextBlock	従業員の状況 [テキストブロック]	FilingDateInstant	－	（２）【従業員の状況】①連結会社の状況 2026年３月31日現在セグメントの名称従業員数（人）Ｇ＆ＮＳ（ゲーム＆ネットワークサービス）12,300音楽11,400映画11,300ＥＴ＆Ｓ（エンタテインメント・テクノロジー＆サービス）33,1
jpcrp030000-asr_E01777-000:CompanyNameInformationAboutReportingCompanyInformationAboutEmployees		CurrentYearInstant_NonConsolidatedMember	－	ソニーグループ㈱
jpcrp_cor:ReportingCompanyMetricsOfReportingCompany	指標を公表した会社、提出会社の指標	CurrentYearInstant_NonConsolidatedMember	－	ソニーグループ㈱
jpcrp_cor:ConsolidatedSubsidiariesMetricsOfConsolidatedSubsidiaries	指標を公表した会社、連結子会社の指標	CurrentYearInstant_Row1Member	－	㈱ソニー・インタラクティブエンタテインメント
jpcrp_cor:ConsolidatedSubsidiariesMetricsOfConsolidatedSubsidiaries	指標を公表した会社、連結子会社の指標	CurrentYearInstant_Row2Member	－	㈱ソニー・ミュージックエンタテインメント
jpcrp_cor:ConsolidatedSubsidiariesMetricsOfConsolidatedSubsidiaries	指標を公表した会社、連結子会社の指標	CurrentYearInstant_Row3Member	－	ソニー㈱
jpcrp_cor:ConsolidatedSubsidiariesMetricsOfConsolidatedSubsidiaries	指標を公表した会社、連結子会社の指標	CurrentYearInstant_Row4Member	－	ソニーセミコンダクタソリューションズ㈱
jpcrp_cor:ConsolidatedSubsidiariesMetricsOfConsolidatedSubsidiaries	指標を公表した会社、連結子会社の指標	CurrentYearInstant_Row5Member	－	ソニーセミコンダクタマニュファクチャリング㈱
jpcrp_cor:ConsolidatedSubsidiariesMetricsOfConsolidatedSubsidiaries	指標を公表した会社、連結子会社の指標	CurrentYearInstant_Row6Member	－	ソニーグローバルマニュファクチャリング＆オペレーションズ㈱
jpcrp_cor:ConsolidatedSubsidiariesMetricsOfConsolidatedSubsidiaries	指標を公表した会社、連結子会社の指標	CurrentYearInstant_Row7Member	－	ソニーストレージメディア㈱
jpcrp_cor:ConsolidatedSubsidiariesMetricsOfConsolidatedSubsidiaries	指標を公表した会社、連結子会社の指標	CurrentYearInstant_Row8Member	－	ソニーマーケティング㈱
jpcrp_cor:ConsolidatedSubsidiariesMetricsOfConsolidatedSubsidiaries	指標を公表した会社、連結子会社の指標	CurrentYearInstant_Row9Member	－	ソニーネットワークコミュニケーションズ㈱
jpcrp_cor:DescriptionOfFactThatConsolidatedFinancialStatementsHaveBeenPreparedInAccordanceWithIFRSFinancialInformation	指定国際会計基準により連結財務諸表を作成した場合の記載、経理の状況	CurrentYearDuration	－	（1）　当社の連結財務諸表は、「連結財務諸表の用語、様式及び作成方法に関する規則」（1976年大蔵省令第28号）第312条の規定により、国際財務報告基準（以下「IFRS」）にもとづいて作成しています。 
jpcrp_cor:RegulationsInAccordanceWithWhichFinancialStatementsHaveBeenPreparedFinancialInformation	財務諸表が基づく規則、経理の状況	CurrentYearDuration	－	（2）　当社の財務諸表は、「財務諸表等の用語、様式及び作成方法に関する規則」（1963年大蔵省令第59号。以下「財務諸表等規則」）にもとづいて作成しています。
jpcrp_cor:DescriptionOfFactThatFinancialStatementsHaveBeenPreparedInAccordanceWithSpecialProvisionFinancialInformation	特例財務諸表を作成する場合の記載、経理の状況	CurrentYearDuration	－	 　　　また、当社は特例財務諸表提出会社に該当し、財務諸表等規則第127条の規定により財務諸表を作成しています。
jpcrp_cor:NoteOnIndependentAuditFinancialInformation	監査証明について、経理の状況	CurrentYearDuration	－	　当社は、金融商品取引法第193条の２第１項の規定にもとづき、2025年度（2025年４月１日から2026年３月31日まで）の連結財務諸表及び2025年度（2025年４月１日から2026年３月31日まで）の財務諸表について、PwC Japa
jpcrp_cor:RemarkableEffortsToEnsureFairPresentationOfConsolidatedFinancialStatementsEtcAndInternalSystemToPrepareConsolidatedFinancialStatementsEtcFairlyInAccordanceWithIFRSFinancialInformation	連結財務諸表等の適正性を確保するための特段の取組及び指定国際会計基準に基づいて連結財務諸表等を適正に作成することができる体制、経理の状況	CurrentYearDuration	－	　当社は、以下のとおり、連結財務諸表等の適正性を確保するための特段の取組を実施するとともに、IFRSにもとづいて連結財務諸表等を適正に作成することができる体制の整備を行っています。（1）　会計基準等の内容を適切に把握し、又は会計基準等の変更
jpigp_cor:ConsolidatedStatementOfFinancialPositionIFRSTextBlock	連結財政状態計算書（IFRS） [テキストブロック]	CurrentYearDuration	－	①【連結財政状態計算書】区分注記2024年度末（2025年３月31日）2025年度末（2026年３月31日）番号金額（百万円）金額（百万円）（資産の部）   流動資産   現金及び現金同等物*272,980,9562,208,879金融分野
jpigp_cor:ConsolidatedStatementOfProfitOrLossIFRSTextBlock	連結損益計算書（IFRS） [テキストブロック]	CurrentYearDuration	－	②【連結損益計算書】区分注記番号2024年度(自　2024年４月１日　至　2025年３月31日)2025年度(自　2025年４月１日　至　2026年３月31日) 金額（百万円）金額（百万円）継続事業   売上高*2212,034,91712
jpigp_cor:ConsolidatedStatementOfComprehensiveIncomeIFRSTextBlock	連結包括利益計算書（IFRS） [テキストブロック]	CurrentYearDuration	－	③【連結包括利益計算書】区分注記番号2024年度(自　2024年４月１日　至　2025年３月31日)2025年度(自　2025年４月１日　至　2026年３月31日) 金額（百万円）金額（百万円）包括利益   当期純利益（損失） 1,159,
jpigp_cor:ConsolidatedStatementOfChangesInEquityIFRSTextBlock	連結持分変動計算書（IFRS） [テキストブロック]	CurrentYearDuration	－	④【連結持分変動計算書】区分注記番号金額（百万円）資本金資本剰余金利益剰余金累積その他の包括利益自己株式当社株主に帰属する資本合計非支配持分資本合計2024年４月１日現在残高 881,3571,483,4106,002,407△376,06
jpigp_cor:ConsolidatedStatementOfCashFlowsIFRSTextBlock	連結キャッシュ・フロー計算書（IFRS） [テキストブロック]	CurrentYearDuration	－	⑤【連結キャッシュ・フロー計算書】区分注記番号2024年度(自　2024年４月１日至　2025年３月31日)2025年度(自　2025年４月１日至　2026年３月31日) 金額（百万円）金額（百万円）営業活動によるキャッシュ・フロー   継
jpigp_cor:NotesReportingEntityConsolidatedFinancialStatementsIFRSTextBlock	注記事項－報告企業、連結財務諸表（IFRS） [テキストブロック]	CurrentYearDuration	－	１．報告企業　当社は、日本に所在する株式会社です。当社及び当社の連結子会社（以下「ソニー」又は「ソニーグループ」）は、様々な一般消費者向け、業務向け及び産業向けのエレクトロニクス製品・部品、具体的にはネットワークサービス、家庭用ゲーム機、ゲ
jpigp_cor:NotesBasisOfPreparationConsolidatedFinancialStatementsIFRSTextBlock	注記事項－作成の基礎、連結財務諸表（IFRS） [テキストブロック]	CurrentYearDuration	－	２．作成の基礎(1) 連結財務諸表がIFRSに準拠している旨の記載　ソニーの連結財務諸表は「連結財務諸表の用語、様式及び作成方法に関する規則」（昭和51年大蔵省令第28号）第１条の２に掲げる「指定国際会計基準特定会社」の要件を満たすことから
jpigp_cor:NotesSignificantAccountingPoliciesConsolidatedFinancialStatementsIFRSTextBlock	注記事項－重要性がある会計方針、連結財務諸表（IFRS） [テキストブロック]	CurrentYearDuration	－	３．重要性がある会計方針の要約Ｉ．重要性がある会計方針(1) 連結の基礎ｉ）子会社　子会社とは当社により支配されている企業をいいます。支配とは、企業への関与により生じる変動リターンに対するエクスポージャー又は権利を有し、かつ企業に対するパワ
jpigp_cor:NotesSegmentInformationConsolidatedFinancialStatementsIFRSTextBlock	注記事項－セグメント情報、連結財務諸表（IFRS） [テキストブロック]	CurrentYearDuration	－	４．セグメント情報　以下の報告セグメントは、そのセグメントの財務情報が入手可能なもので、その営業利益（損失）が最高経営意思決定者によって経営資源の配分の決定及び業績の評価に通常使用されているものです。最高経営意思決定者は、個別の資産情報を使
jpigp_cor:DisclosureOfChangesInReportableSegmentsIFRSTextBlock	報告セグメントの変更に関する事項（IFRS） [テキストブロック]	CurrentYearDuration	－	　なお、金融事業のパーシャル・スピンオフの方針に係る決議にともない、金融事業を非継続事業に分類し、金融事業を報告セグメントから除外しています。これにともない比較期の数値を継続事業及び非継続事業に区分して再表示しています。非継続事業の詳細につ
jpigp_cor:InformationAboutProductsAndServicesIFRSTextBlock	製品及びサービスに関する情報（IFRS） [テキストブロック]	CurrentYearDuration	－	製品カテゴリー別売上高内訳：　下記の表は、各セグメントにおける製品カテゴリー別の外部顧客に対する売上高です。ソニーのマネジメントは、各セグメントをそれぞれ単一のオペレーティング・セグメントとして意思決定を行っています。項目2024年度202
jpigp_cor:InformationAboutGeographicalAreasIFRSTextBlock	地域に関する情報（IFRS） [テキストブロック]	CurrentYearDuration	－	【地域別情報】　顧客の所在国又は地域別に分類した2024年度及び2025年度における売上高ならびに2025年３月31日及び2026年３月31日現在の非流動資産（有形固定資産、使用権資産、のれん、コンテンツ資産及びその他の無形資産）は以下のと
jpigp_cor:InformationAboutMajorCustomersIFRSTextBlock	主要な顧客に関する情報（IFRS） [テキストブロック]	CurrentYearDuration	－	　2024年度及び2025年度において、単一顧客として重要な顧客に対する売上高はありません。
jpigp_cor:NotesFinancialInstrumentsConsolidatedFinancialStatementsIFRSTextBlock	注記事項－金融商品、連結財務諸表（IFRS） [テキストブロック]	CurrentYearDuration	－	５．金融商品(1) 金融商品の測定方法ごとの帳簿価額　2025年３月31日及び2026年３月31日現在、ソニーが保有する資産及び負債の測定方法ごとの帳簿価額は以下のとおりです。項目2025年３月31日2026年３月31日金額（百万円）金額（
jpcrp030000-asr_E01777-000:NotesFinancialInstrumentsRiskManagementConsolidatedFinancialStatementsIFRSTextBlock		CurrentYearDuration	－	６．金融商品に関連するリスク管理　当社は、金融事業のパーシャル・スピンオフの実行にともない、金融事業を営むSFGIを連結除外していることから、金融事業に関連する各リスクについては2025年３月31日時点におけるもののみを記載しています。 (
jpigp_cor:NotesInventoriesConsolidatedFinancialStatementsIFRSTextBlock	注記事項－棚卸資産、連結財務諸表（IFRS） [テキストブロック]	CurrentYearDuration	－	７．棚卸資産　棚卸資産の内訳は以下のとおりです。項目2025年３月31日2026年３月31日金額（百万円）金額（百万円）製品837,759791,272仕掛品314,011266,712原材料・購入部品159,000169,367合計1,3
jpcrp030000-asr_E01777-000:NotesInvestmentsInAssociatesAndJointVenturesConsolidatedFinancialStatementsIFRSTextBlock		CurrentYearDuration	－	８．関連会社及び共同支配企業に対する投資　ソニーにとって個々に重要性のある関連会社及び共同支配企業はありません。 　2025年３月31日及び2026年３月31日現在における、ソニーにとって個々には重要性のない関連会社及び共同支配企業への投資
jpigp_cor:NotesPropertyPlantAndEquipmentConsolidatedFinancialStatementsIFRSTextBlock	注記事項－有形固定資産、連結財務諸表（IFRS） [テキストブロック]	CurrentYearDuration	－	９．有形固定資産　2024年度及び2025年度における有形固定資産の変動は以下のとおりです。 金額（百万円） 土地建物及び構築物機械装置及びその他の有形固定資産建設仮勘定合計2024年４月１日残高     取得原価85,9831,033,7
jpigp_cor:NotesLeasesConsolidatedFinancialStatementsIFRSTextBlock	注記事項－リース、連結財務諸表（IFRS） [テキストブロック]	CurrentYearDuration	－	10．リース　ソニーは、情報関連及びその他の機器、工場施設、事務所、倉庫、従業員の住居施設及びその他の資産をリースとして賃借しています。 (1) リース契約の借手として認識した使用権資産　2024年度及び2025年度における使用権資産の変動
jpigp_cor:NotesGoodwillAndIntangibleAssetsConsolidatedFinancialStatementsIFRSTextBlock	注記事項－のれん及び無形資産、連結財務諸表（IFRS） [テキストブロック]	CurrentYearDuration	－	11．のれん及び無形資産(1) のれん　2024年度及び2025年度におけるのれんの変動は以下のとおりです。項目2024年度2025年度金額（百万円）金額（百万円）期首残高  取得原価1,884,6271,903,617減損損失累計額△39
jpigp_cor:NotesImpairmentLossesConsolidatedFinancialStatementsIFRSTextBlock	注記事項－減損損失、連結財務諸表（IFRS） [テキストブロック]	CurrentYearDuration	－	12．非金融資産の減損ソニーは、2025年度において、Ｇ＆ＮＳ分野の完全子会社であるBungie, Inc.（以下「Bungie」）の事業環境を踏まえ、同社の将来の見通しの見直しを行った結果、帳簿価額を上回る十分な将来キャッシュ・フローが得
jpcrp030000-asr_E01777-000:NotesInsuranceContractsInTheFinancialServicesBusinessConsolidatedFinancialStatementsIFRSTextBlock		CurrentYearDuration	－	13．金融事業における保険契約(1) 保険契約における重要な判断及び見積り　当社は、金融事業のパーシャル・スピンオフの実行にともない、金融事業を営むSFGIを連結除外していることから、本項目では2025年３月31日もしくは2025年９月30
jpcrp030000-asr_E01777-000:NotesShortTermBorrowingsAndLongTermDebtConsolidatedFinancialStatementsIFRSTextBlock		CurrentYearDuration	－	14．短期借入金及び長期借入債務　短期借入金及び長期借入債務の内訳は以下のとおりです。項目2025年３月31日帳簿価額（百万円）加重平均利率満期短期借入金1,843,9592.13％ 長期借入債務   長期借入金1,090,4271.81％
jpcrp030000-asr_E01777-000:NotesDerivativeInstrumentsAndHedgingActivitiesConsolidatedFinancialStatementsIFRSTextBlock		CurrentYearDuration	－	15．デリバティブ及びヘッジ活動　当社は、金融事業のパーシャル・スピンオフの実行にともない、金融事業を営むSFGIを連結除外していることから、金融事業に関連するデリバティブ及びヘッジ活動の内容については2025年３月31日時点におけるものの
jpigp_cor:NotesOffsettingOfFinancialAssetsAndFinancialLiabilitiesConsolidatedFinancialStatementsIFRSTextBlock	注記事項－金融資産と金融負債の相殺、連結財務諸表（IFRS） [テキストブロック]	CurrentYearDuration	－	16．金融資産と金融負債の相殺　2025年３月31日及び2026年３月31日現在の金融資産及び金融負債の総額、相殺額、連結財政状態計算書の計上額、及び取引相手との間の法的強制力のあるマスターネッティング契約又は類似契約の対象となっている金融
jpigp_cor:NotesEmployeeBenefitsConsolidatedFinancialStatementsIFRSTextBlock	注記事項－従業員給付、連結財務諸表（IFRS） [テキストブロック]	CurrentYearDuration	－	17．従業員給付(1) 確定給付制度及び退職金制度　当社及び国内子会社の従業員は、通常、退職時に以下のような退職一時金又は年金の受給資格を付与されます。当社及び一部の子会社では、１年間の従業員個別の貢献を反映したポイントが毎年加算されるポイ
jpcrp030000-asr_E01777-000:NotesParticipationAndResidualLiabilitiesInThePicturesSegmentConsolidatedFinancialStatementsIFRSTextBlock		CurrentYearDuration	－	18．映画分野における未払分配金債務　2025年度における未払分配金債務の変動は以下のとおりです。項目2025年度金額（百万円）期首残高425,671流動236,752非流動188,919未払分配金債務の計上額159,039時の経過による影
jpigp_cor:NotesOtherAssetsAndOtherLiabilitiesConsolidatedFinancialStatementsIFRSTextBlock	注記事項－その他の資産及びその他の負債、連結財務諸表（IFRS） [テキストブロック]	CurrentYearDuration	－	19．その他の資産及び負債(1) その他の資産　2025年３月31日及び2026年３月31日現在におけるその他の資産の内訳は以下のとおりです。項目2025年３月31日2026年３月31日金額（百万円）金額（百万円）前払金及び前払費用668,
jpigp_cor:NotesEquityConsolidatedFinancialStatementsIFRSTextBlock	注記事項－資本、連結財務諸表（IFRS） [テキストブロック]	CurrentYearDuration	－	20．資本(1) 資本金　2024年度及び2025年度における授権株式数は、18,000,000,000株です。 　2024年度及び2025年度における発行済株式数の変動は以下のとおりです。当社の発行する株式は、全て無額面の普通株式であり、
jpigp_cor:NotesShareBasedPaymentsConsolidatedFinancialStatementsIFRSTextBlock	注記事項－株式に基づく報酬、連結財務諸表（IFRS） [テキストブロック]	CurrentYearDuration	－	21．株式にもとづく報酬　ソニーは2024年度及び2025年度において、株式にもとづく報酬に係る費用として、それぞれ29,416百万円及び39,102百万円を計上しました。　なお、上記の金額には金融事業に係る費用が含まれています。当該費用に
jpigp_cor:NotesRevenue2ConsolidatedFinancialStatementsIFRSTextBlock	注記事項－収益、連結財務諸表（IFRS） [テキストブロック]	CurrentYearDuration	－	22．収益(1) 契約残高　顧客との契約から生じた債権、契約資産及び契約負債の残高は以下のとおりです。項目2024年４月１日2025年３月31日2026年３月31日金額（百万円）金額（百万円）金額（百万円）顧客との契約から生じた債権 *11
jpcrp030000-asr_E01777-000:NotesSupplementalConsolidatedStatementsOfIncomeInformationConsolidatedFinancialStatementsIFRSTextBlock		CurrentYearDuration	－	23．連結損益計算書についての補足情報(1) その他の営業損（益）（純額）　ソニーは、取引の性質又はソニーのコアビジネスとの関連性等を考慮し、その他の営業損（益）（純額）を計上しています。 　その他の営業損（益）（純額）の内訳は以下のとおり
jpigp_cor:NotesFinanceIncomeAndFinanceCostsConsolidatedFinancialStatementsIFRSTextBlock	注記事項－金融収益及び金融費用、連結財務諸表（IFRS） [テキストブロック]	CurrentYearDuration	－	24．金融収益及び費用　　連結損益計算書の継続事業に係る金融収益及び金融費用の内訳は以下のとおりです。 金融収益項目2024年度2025年度金額（百万円）金額（百万円）受取利息  償却原価で測定する金融資産50,92562,872受取配当金
jpigp_cor:NotesIncomeTaxesConsolidatedFinancialStatementsIFRSTextBlock	注記事項－法人所得税、連結財務諸表（IFRS） [テキストブロック]	CurrentYearDuration	－	25．法人所得税　税引前利益及び法人所得税の内訳は以下のとおりです。なお、金融事業のパーシャル・スピンオフの方針に係る決議にともない、金融事業を非継続事業に分類したことにより、金融事業の税引前利益及び法人所得税については非継続事業からの当期
jpigp_cor:NotesEarningsPerShareConsolidatedFinancialStatementsIFRSTextBlock	注記事項－１株当たり利益、連結財務諸表（IFRS） [テキストブロック]	CurrentYearDuration	－	26．基本的及び希薄化後EPSの調整表　2024年度及び2025年度における基本的及び希薄化後EPSの調整計算は以下のとおりです。 2024年度2025年度基本的及び希薄化後１株当たり情報の計算に用いる当社株主に帰属する当期純利益（損失）（
jpigp_cor:NotesCashFlowInformationConsolidatedFinancialStatementsIFRSTextBlock	注記事項－キャッシュ・フロー情報、連結財務諸表（IFRS） [テキストブロック]	CurrentYearDuration	－	27．キャッシュ・フローに関する補足情報(1) コンテンツ資産に係るキャッシュ・フローの分類　ソニーは、コンテンツ資産の増加（ビジネスの買収等による増加を除く）及び処分に係るキャッシュ・フローについて、主たる収益獲得活動から生じる変動である
jpigp_cor:NotesStructuredEntitiesConsolidatedFinancialStatementsIFRSTextBlock	注記事項－ストラクチャード・エンティティ、連結財務諸表（IFRS） [テキストブロック]	CurrentYearDuration	－	28．ストラクチャード・エンティティ　ソニーは、適宜ストラクチャード・エンティティとの間で各種の取決めを結んでいます。なお、金融事業のパーシャル・スピンオフの実行にともない、金融事業を営むSFGIを連結除外していることから、金融事業に関連す
jpigp_cor:NotesSubsidiariesConsolidatedFinancialStatementsIFRSTextBlock	注記事項－子会社、連結財務諸表（IFRS） [テキストブロック]	CurrentYearDuration	－	29．連結子会社　当社が直接的又は間接的に保有する主要な連結子会社は以下のとおりです。名称所在地議決権の所有割合（％）（2026年３月31日現在）㈱ソニー・インタラクティブエンタテインメント日本100.0㈱ソニー・ミュージックエンタテインメ
jpigp_cor:NotesBusinessCombinationsConsolidatedFinancialStatementsIFRSTextBlock	注記事項－企業結合、連結財務諸表（IFRS） [テキストブロック]	CurrentYearDuration	－	30．企業結合(1) Peanuts Holdingsの持分追加取得　2026年３月２日（東部標準時間）、ソニーの音楽分野の完全子会社であるSMEJ及び映画分野の完全子会社であるSony Pictures Entertainment Inc
jpigp_cor:NotesRelatedPartiesConsolidatedFinancialStatementsIFRSTextBlock	注記事項－関連当事者、連結財務諸表（IFRS） [テキストブロック]	CurrentYearDuration	－	31．関連当事者との取引(1) 持分法を適用している関連会社及び共同支配企業との取引残高及び取引高　持分法を適用している関連会社及び共同支配企業との主な取引残高及び取引高は以下のとおりです。項目2025年３月31日2026年３月31日金額（
jpigp_cor:NotesCommitmentsAndContingentLiabilitiesConsolidatedFinancialStatementsIFRSTextBlock	注記事項－コミットメント及び偶発債務、連結財務諸表（IFRS） [テキストブロック]	CurrentYearDuration	－	32．パーチェス・コミットメント、偶発債務及びその他(1) ローン・コミットメント　金融事業の子会社は、顧客に対する貸付契約にもとづき、貸付与信枠を有しています。2025年３月31日現在、これらのうち貸付未実行残高は27,564百万円です。
jpigp_cor:NotesDiscontinuedOperationsConsolidatedFinancialStatementsIFRSTextBlock	注記事項－非継続事業、連結財務諸表（IFRS） [テキストブロック]	CurrentYearDuration	－	33．非継続事業　当社は、2025年５月14日開催の取締役会において、金融事業のパーシャル・スピンオフを2025年10月１日付で実行することについて、2025年９月初旬の取締役会に付議する方針を決議しました。その後、2025年９月３日開催の
jpigp_cor:NotesSubsequentEventsConsolidatedFinancialStatementsIFRSTextBlock	注記事項－後発事象、連結財務諸表（IFRS） [テキストブロック]	CurrentYearDuration	－	34．重要な後発事象（自己株式の取得枠設定）　当社は、2026年５月８日開催の取締役会において、以下のとおり、会社法及び当社定款の規定にもとづき、自己株式の取得枠を設定することを決議しました。①取得し得る株式の総数：２億3,000万株（上限
jpcrp_cor:AnnexedConsolidatedDetailedScheduleOfCorporateBondsTextBlock	社債明細表、連結財務諸表 [テキストブロック]	CurrentYearDuration	－	【社債明細表】　連結財務諸表注記「14．短期借入金及び長期借入債務」に記載しています。
jpcrp_cor:AnnexedConsolidatedDetailedScheduleOfBorrowingsTextBlock	借入金等明細表、連結財務諸表 [テキストブロック]	CurrentYearDuration	－	【借入金等明細表】　連結財務諸表注記「14．短期借入金及び長期借入債務」に記載しています。
jpcrp_cor:AnnexedConsolidatedDetailedScheduleOfAssetRetirementObligationsTextBlock	資産除去債務明細表、連結財務諸表 [テキストブロック]	CurrentYearDuration	－	【資産除去債務明細表】　2026年３月31日現在における資産除去債務の金額に重要性がないため、記載を省略しています。 
jpcrp_cor:OtherInformationConsolidatedFinancialStatementsEtcTextBlock	その他、連結財務諸表等 [テキストブロック]	CurrentYearDuration	－	（２）【その他】①　当連結会計年度における半期情報等 中間連結会計期間当連結会計年度売上高（百万円）5,729,52212,479,620税引前利益（百万円）798,3621,422,374当社株主に帰属する中間（当期）純利益（損失）（百万
jpcrp_cor:BalanceSheetTextBlock	貸借対照表 [テキストブロック]	CurrentYearDuration	－	①【貸借対照表】  （単位：百万円） 2024年度（2025年３月31日）2025年度（2026年３月31日）資産の部  流動資産  現金及び預金95,672464,270売掛金57,92554,503仕掛品330293原材料及び貯蔵品15
jpcrp_cor:StatementOfIncomeTextBlock	損益計算書 [テキストブロック]	CurrentYearDuration	－	②【損益計算書】  （単位：百万円） 2024年度（自　2024年４月１日　　至　2025年３月31日）2025年度（自　2025年４月１日　　至　2026年３月31日）営業収益  売上高173,940164,460関係会社受取配当金306
jpcrp_cor:StatementOfChangesInEquityTextBlock	株主資本等変動計算書 [テキストブロック]	CurrentYearDuration	－	③【株主資本等変動計算書】2024年度（自　2024年４月１日　至　2025年３月31日）      （単位：百万円） 株主資本 資本金資本剰余金利益剰余金自己株式株主資本合計 資本準備金その他資本剰余金利益準備金その他利益剰余金 繰越利益
jpcrp_cor:NotesSignificantAccountingPoliciesFinancialStatementsTextBlock	重要な会計方針、財務諸表 [テキストブロック]	CurrentYearDuration	－	（重要な会計方針）１　資産の評価基準及び評価方法(1) 有価証券の評価基準及び評価方法① 子会社株式及び関連会社株式　移動平均法による原価法② その他有価証券　イ 市場価格のない株式等以外のもの　　 時価法（評価差額は全部純資産直入法により
jpcrp_cor:NotesChangesInAccountingPoliciesInAccordanceWithChangesInAccountingStandardsEtcFinancialStatementsTextBlock	会計基準等の改正等に伴う会計方針の変更、財務諸表 [テキストブロック]	CurrentYearDuration	－	（会計方針の変更）「金融商品会計に関する実務指針」の適用　「金融商品会計に関する実務指針（改正移管指針第９号 2025年３月11日公表分）を当事業年度の期首から適用しました。ベンチャーキャピタルファンドに相当する組合等の構成資産である市場価
jpcrp_cor:NotesNewAccountingStandardsNotYetAppliedFinancialStatementsTextBlock	未適用の会計基準等、財務諸表 [テキストブロック]	CurrentYearDuration	－	（未適用の会計基準等）１　「リースに関する会計基準」（企業会計基準第34号　2024年９月13日　企業会計基準委員会）　「リースに関する会計基準の適用指針」（企業会計基準適用指針第33号　2024年９月13日　企業会計基準委員会）等(1) 
jpcrp_cor:NotesAdditionalInformationFinancialStatementsTextBlock	追加情報、財務諸表 [テキストブロック]	CurrentYearDuration	－	（追加情報）　（金融事業のパーシャル・スピンオフの実行）　当社は、2025年10月１日付で金融事業のパーシャル・スピンオフを、当社が保有するSFGI株式の83.60％を当社の株主に現物配当により分配する方法で実行しました。その結果、現物配当
jpcrp_cor:NotesRegardingAssetsAndLiabilitiesIncurredFromTransactionsWithAffiliatedEntitiesTextBlock	関係会社に関する資産・負債の注記 [テキストブロック]	CurrentYearInstant_NonConsolidatedMember	－	※1　関係会社に対する金銭債権及び金銭債務 2024年度（2025年３月31日）2025年度（2026年３月31日）短期金銭債権1,949,014百万円1,942,087百万円長期金銭債権258,232 257,553 短期金銭債務983,
jpcrp_cor:NotesRegardingAmountsOfReductionEntryOfPropertyPlantAndEquipmentTextBlock	有形固定資産の圧縮記帳額の注記 [テキストブロック]	CurrentYearInstant_NonConsolidatedMember	－	※2　圧縮記帳　固定資産の取得価額から控除している圧縮記帳累計額 2024年度（2025年３月31日）2025年度（2026年３月31日）国庫補助金等454百万円454百万円保険金等25 25 
jpcrp_cor:NotesRegardingGuaranteeObligationsTextBlock	保証債務の注記 [テキストブロック]	CurrentYearInstant_NonConsolidatedMember	－	※3　保証債務等 2024年度（2025年３月31日）2025年度（2026年３月31日）債務保証契約484,868百万円418,344百万円経営指導念書等の差入れ　（注）4,527 2,052 （注）　経営指導念書等は、関係会社の信用を補
jpcrp_cor:NotesRegardingTotalAmountOfOperatingTransactionsFromOrToAffiliatedEntitiesAndTotalAmountOfNonOperatingTransactionsFromOrToAffiliatedEntitiesTextBlock	関係会社との営業取引による取引高の総額及び営業取引以外の取引による取引高の総額の注記 [テキストブロック]	CurrentYearDuration_NonConsolidatedMember	－	※1　関係会社との取引高 　2024年度（自　2024年４月１日　　至　2025年３月31日）　2025年度（自　2025年４月１日　　至　2026年３月31日）営業取引による取引高    売上高154,841百万円150,339百万円受取
jpcrp_cor:MajorComponentsOfSellingGeneralAndAdministrativeExpensesTextBlock	主要な販売費及び一般管理費 [テキストブロック]	CurrentYearDuration_NonConsolidatedMember	－	※2　販売費及び一般管理費のうち主要な費目及び金額 　2024年度（自　2024年４月１日　　至　2025年３月31日）　2025年度（自　2025年４月１日　　至　2026年３月31日）退職給付費用△28,301百万円△6,264百万円業
jpcrp_cor:NotesRegardingLossOnValuationOfSharesOfSubsidiariesAndAssociatesTextBlock	関係会社株式評価損の注記 [テキストブロック]	CurrentYearDuration_NonConsolidatedMember	－	※3　関係会社株式評価損 関連会社の株式に係る評価損100,649百万円を特別損失に計上しています。
jpcrp030000-asr_E01777-000:NotesRegardingExpensesRelatedToAPartialSpinOffTextBlock		CurrentYearDuration_NonConsolidatedMember	－	※4　パーシャル・スピンオフ関連費用 2025年10月１日付で実行した金融事業のパーシャル・スピンオフにともなう、過去に発行した新株予約権の行使価格の調整により発生した株式報酬費用等54,074百万円を特別損失に計上しています。
jpcrp030000-asr_E01777-000:NotesRegardingProvisionForLossOnBusinessOfSubsidiariesAndAssociatesTextBlock		CurrentYearDuration_NonConsolidatedMember	－	※5　関係会社事業損失引当金繰入額 関連会社の事業損失に備えるため、損失負担見込額25,154百万円を特別損失に計上しています。
jpcrp030000-asr_E01777-000:NotesRegardingLossOnSupportToSubsidiariesAndAssociatesTextBlock		CurrentYearDuration_NonConsolidatedMember	－	※6　関係会社支援損 子会社に対する貸付金を債権放棄したことによる損失13,775百万円を特別損失に計上しています。
jpcrp_cor:NotesRegardingDividendTextBlock	配当に関する注記 [テキストブロック]	Prior1YearDuration_NonConsolidatedMember	－	2024年度（自　2024年４月１日　至　2025年３月31日）配当に関する事項(1）配当金支払額（決議）株式の種類配当金の総額１株当たり配当額基準日効力発生日2024年５月14日取締役会普通株式54,965百万円45円00銭2024年３月
jpcrp_cor:NotesRegardingDividendTextBlock	配当に関する注記 [テキストブロック]	CurrentYearDuration_NonConsolidatedMember	－	2025年度（自　2025年４月１日　至　2026年３月31日）配当に関する事項(1）配当金支払額①　金銭による配当支払額（決議）株式の種類配当金の総額１株当たり配当額基準日効力発生日2025年５月14日取締役会普通株式60,250百万円1
jpcrp_cor:NotesSecuritiesFinancialStatementsTextBlock	有価証券関係、財務諸表 [テキストブロック]	CurrentYearDuration	－	（有価証券関係）子会社株式及び関連会社株式2024年度（2025年３月31日）区分貸借対照表計上額（百万円）時価（百万円）差額（百万円）子会社株式－－－関連会社株式26,794406,659379,864合計26,794406,659379
jpcrp_cor:NotesTaxEffectAccountingFinancialStatementsTextBlock	税効果会計関係、財務諸表 [テキストブロック]	CurrentYearDuration	－	（税効果会計関係）１　法人税及び地方法人税ならびに税効果会計の会計処理及び開示については「グループ通算制度を適用する場合の会計処理及び開示に関する取扱い」（実務対応報告第42号　2021年８月12日）にしたがっています。 ２　繰延税金資産及
jpcrp_cor:NotesSignificantEventsAfterReportingPeriodFinancialStatementsTextBlock	重要な後発事象、財務諸表 [テキストブロック]	CurrentYearDuration	－	（重要な後発事象）１　自己株式の取得枠設定当社は、2026年５月８日開催の取締役会において、以下のとおり、会社法及び当社定款の規定にもとづき、自己株式の取得枠を設定することを決議しました。①取得し得る株式の総数：２億3,000万株（上限）②
jpcrp_cor:AnnexedDetailedScheduleOfPropertyPlantAndEquipmentEtcTextBlock	有形固定資産等明細表 [テキストブロック]	CurrentYearDuration	－	【有形固定資産等明細表】       （単位：百万円）区分資産の種類期首残高当期増加額当期減少額期末残高期末減価償却累計額又は償却累計額当期償却額差引期末帳簿価額有形固定資産建物178,6102,7281,070180,268140,123
jpcrp_cor:AnnexedDetailedScheduleOfProvisionsTextBlock	引当金明細表 [テキストブロック]	CurrentYearDuration	－	【引当金明細表】    （単位：百万円） 科目当期首残高当期増加額当期減少額当期末残高 貸倒引当金61,042－7,45453,588 賞与引当金6,7728,3176,7728,317 退職給付引当金*△47,784－10,100△57,
jpcrp_cor:ComponentsOfMajorAssetsAndLiabilitiesTextBlock	主な資産及び負債の内容 [テキストブロック]	CurrentYearDuration	－	（２）【主な資産及び負債の内容】　連結財務諸表を作成しているため、記載を省略しています。 
jpcrp_cor:OtherInformationFinancialStatementsEtcTextBlock	その他、財務諸表等 [テキストブロック]	CurrentYearDuration	－	（３）【その他】　該当事項はありません。
jpcrp_cor:OverviewOfOperationalProceduresForSharesTextBlock	提出会社の株式事務の概要 [テキストブロック]	FilingDateInstant	－	第６【提出会社の株式事務の概要】事業年度４月１日から３月31日まで定時株主総会６月中基準日３月31日剰余金の配当の基準日９月30日３月31日１単元の株式数100株単元未満株式の買取り又は買増し 取扱場所東京都千代田区丸の内１丁目４番５号三菱
jpcrp_cor:InformationAboutParentCompanyEtcOfReportingCompanyTextBlock	提出会社の親会社等の情報 [テキストブロック]	FilingDateInstant	－	１【提出会社の親会社等の情報】　当社は、親会社等はありません。
jpcrp_cor:OtherReferenceInformationTextBlock	その他の参考情報 [テキストブロック]	FilingDateInstant	－	２【その他の参考情報】（１）公衆縦覧書類の一覧　当事業年度の開始日から有価証券報告書提出日までの間に、次の書類を提出しています。① 有価証券報告書及びその添付書類ならびに確認書     事業年度（2024年度）（自　2024年４月１日　至　
jpcrp_cor:InformationAboutCompanyWhichProvidesGuaranteeToReportingCompanyTextBlock	提出会社の保証会社等の情報 [テキストブロック]	FilingDateInstant	－	第二部【提出会社の保証会社等の情報】　該当事項はありません。
