jpcrp_cor:IndependentAuditorsReportConsolidatedTextBlock	独立監査人の報告書、連結 [テキストブロック]	FilingDateInstant	－	独立監査人の監査報告書及び内部統制監査報告書  　2026年6月10日トヨタ自動車株式会社  取  締  役  会  御  中PwC Japan有限責任監査法人名古屋事務所 指定有限責任社員業務執行社員 公認会計士木    内    仁  
jpcrp_cor:AuditFirm1Consolidated	監査法人１、連結	FilingDateInstant	－	PwC Japan有限責任監査法人
jpcrp_cor:CPA1AuditFirm1Consolidated	公認会計士１、監査法人１、連結	FilingDateInstant	－	木    内    仁    志
jpcrp_cor:CPA2AuditFirm1Consolidated	公認会計士２、監査法人１、連結	FilingDateInstant	－	杉    本    晃    司
jpcrp_cor:CPA3AuditFirm1Consolidated	公認会計士３、監査法人１、連結	FilingDateInstant	－	森　　　　　直　　子
jpcrp_cor:CPA4AuditFirm1Consolidated	公認会計士４、監査法人１、連結	FilingDateInstant	－	平    岩    修    一
jpcrp_cor:AuditOpinionConsolidatedTextBlock	監査意見、連結 [テキストブロック]	FilingDateInstant	－	監査意見当監査法人は、金融商品取引法第193条の2第1項の規定に基づく監査証明を行うため、「経理の状況」に掲げられているトヨタ自動車株式会社の2025年4月1日から2026年3月31日までの連結会計年度の連結財務諸表、すなわち、連結財政状態
jpcrp_cor:KeyAuditMattersConsolidatedTextBlock	監査上の主要な検討事項、連結 [テキストブロック]	FilingDateInstant	－	監査上の主要な検討事項監査上の主要な検討事項とは、当連結会計年度の連結財務諸表の監査において、監査人が職業的専門家として特に重要であると判断した事項である。監査上の主要な検討事項は、連結財務諸表全体に対する監査の実施過程及び監査意見の形成に
jpcrp_cor:OverviewKAMConsolidatedTextBlock	全体概要、監査上の主要な検討事項、連結 [テキストブロック]	FilingDateInstant	－	監査上の主要な検討事項とは、当連結会計年度の連結財務諸表の監査において、監査人が職業的専門家として特に重要であると判断した事項である。監査上の主要な検討事項は、連結財務諸表全体に対する監査の実施過程及び監査意見の形成において対応した事項であ
jpcrp_cor:ShortDescriptionKAMConsolidated	見出し、監査上の主要な検討事項、連結	FilingDateInstant_Row1Member	－	製品のリコール等の市場処置に係る負債
jpcrp_cor:ReferenceKAMConsolidated	開示への参照、監査上の主要な検討事項、連結	FilingDateInstant_Row1Member	－	（連結財務諸表注記3（14）及び24）
jpcrp_cor:DescriptionIncludingReasonKAMConsolidatedTextBlock	内容及び理由、監査上の主要な検討事項、連結 [テキストブロック]	FilingDateInstant_Row1Member	－	　トヨタ自動車株式会社は製品のリコール等の市場処置に係る負債を見積り計上している。2026年3月31日現在、製品のリコール等の市場処置に係る負債は1,431,112百万円であり、連結財政状態計算書の品質保証に係る負債に含まれている。会社は、
jpcrp_cor:AuditorsResponseKAMConsolidatedTextBlock	監査上の対応、監査上の主要な検討事項、連結 [テキストブロック]	FilingDateInstant_Row1Member	－	　当監査法人は、製品のリコール等の市場処置に係る包括的に算定された負債について、主として以下の監査手続を実施した。・見積りに使用された重要な仮定の決定や基礎データに関連する内部統制を含む製品のリコール等の市場処置に係る包括的に算定された負債
jpcrp_cor:ShortDescriptionKAMConsolidated	見出し、監査上の主要な検討事項、連結	FilingDateInstant_Row2Member	－	金融事業に係る債権のうち小売債権に対する金融損失引当金
jpcrp_cor:ReferenceKAMConsolidated	開示への参照、監査上の主要な検討事項、連結	FilingDateInstant_Row2Member	－	（連結財務諸表注記3（6）、8及び20（2））
jpcrp_cor:DescriptionIncludingReasonKAMConsolidatedTextBlock	内容及び理由、監査上の主要な検討事項、連結 [テキストブロック]	FilingDateInstant_Row2Member	－	　トヨタ自動車株式会社は、金融事業に係る債権のうち小売債権（以下、「小売金融債権」という。）に対して、予想信用損失を見積って金融損失引当金を計上している。2026年3月31日現在、連結財政状態計算書上に31,837,922百万円の小売金融債
jpcrp_cor:AuditorsResponseKAMConsolidatedTextBlock	監査上の対応、監査上の主要な検討事項、連結 [テキストブロック]	FilingDateInstant_Row2Member	－	　当監査法人は、小売金融債権に対する金融損失引当金について主として以下の監査手続を実施した。・引当金で使用する仮定及び調整の決定において使用する過去の実績等の基礎データに係る内部統制を含む、引当金に関連する内部統制の運用評価手続を実施した。
jpcrp_cor:OtherInformationConsolidatedTextBlock	その他の記載内容、連結 [テキストブロック]	FilingDateInstant	－	その他の記載内容その他の記載内容は、有価証券報告書に含まれる情報のうち、連結財務諸表及び財務諸表並びにこれらの監査報告書以外の情報である。経営者の責任は、その他の記載内容を作成し開示することにある。また、監査等委員会の責任は、その他の記載内
jpcrp_cor:FeeRelatedInformationConsolidatedTextBlock	報酬関連情報、連結 [テキストブロック]	FilingDateInstant	－	＜報酬関連情報＞当監査法人及び当監査法人と同一のネットワークに属する者に対する、会社及び子会社の監査証明業務に基づく報酬及び非監査業務に基づく報酬の額は、「提出会社の状況」に含まれるコーポレート・ガバナンスの状況等 (3)【監査の状況】に記
jpcrp_cor:IndependentAuditorsReportNonConsolidatedTextBlock	独立監査人の報告書、個別 [テキストブロック]	FilingDateInstant	－	独  立  監  査  人  の  監  査  報  告  書  　2026年6月10日トヨタ自動車株式会社  取  締  役  会  御  中PwC Japan有限責任監査法人名古屋事務所 指定有限責任社員業務執行社員 公認会計士木   
jpcrp_cor:AuditFirm1NonConsolidated	監査法人１、個別	FilingDateInstant	－	PwC Japan有限責任監査法人
jpcrp_cor:CPA1AuditFirm1NonConsolidated	公認会計士１、監査法人１、個別	FilingDateInstant	－	木    内    仁    志
jpcrp_cor:CPA2AuditFirm1NonConsolidated	公認会計士２、監査法人１、個別	FilingDateInstant	－	杉    本    晃    司
jpcrp_cor:CPA3AuditFirm1NonConsolidated	公認会計士３、監査法人１、個別	FilingDateInstant	－	森　　　　　直　　子
jpcrp_cor:CPA4AuditFirm1NonConsolidated	公認会計士４、監査法人１、個別	FilingDateInstant	－	平    岩    修    一
jpcrp_cor:AuditOpinionNonConsolidatedTextBlock	監査意見、個別 [テキストブロック]	FilingDateInstant	－	監査意見当監査法人は、金融商品取引法第193条の2第1項の規定に基づく監査証明を行うため、「経理の状況」に掲げられているトヨタ自動車株式会社の2025年4月1日から2026年3月31日までの第122期事業年度の財務諸表、すなわち、貸借対照表
jpcrp_cor:KeyAuditMattersNonConsolidatedTextBlock	監査上の主要な検討事項、個別 [テキストブロック]	FilingDateInstant	－	監査上の主要な検討事項監査上の主要な検討事項とは、当事業年度の財務諸表の監査において、監査人が職業的専門家として特に重要であると判断した事項である。監査上の主要な検討事項は、財務諸表全体に対する監査の実施過程及び監査意見の形成において対応し
jpcrp_cor:OverviewKAMNonConsolidatedTextBlock	全体概要、監査上の主要な検討事項、個別 [テキストブロック]	FilingDateInstant	－	監査上の主要な検討事項とは、当事業年度の財務諸表の監査において、監査人が職業的専門家として特に重要であると判断した事項である。監査上の主要な検討事項は、財務諸表全体に対する監査の実施過程及び監査意見の形成において対応した事項であり、当監査法
jpcrp_cor:ShortDescriptionKAMNonConsolidated	見出し、監査上の主要な検討事項、個別	FilingDateInstant_Row1Member	－	製品のリコール等の市場処置に係る負債
jpcrp_cor:ReferenceKAMNonConsolidated	開示への参照、監査上の主要な検討事項、個別	FilingDateInstant_Row1Member	－	（重要な会計方針3（2）及び重要な会計上の見積り1）
jpcrp_cor:DescriptionIncludingReasonKAMNonConsolidatedTextBlock	内容及び理由、監査上の主要な検討事項、個別 [テキストブロック]	FilingDateInstant_Row1Member	－	　トヨタ自動車株式会社は製品のリコール等の市場処置に係る負債を見積り計上している。2026年3月31日現在、製品のリコール等の市場処置に係る負債は、品質保証に係る負債1,457,897百万円の大部分を占めている。会社は、基本的に、製品のリコ
jpcrp_cor:AuditorsResponseKAMNonConsolidatedTextBlock	監査上の対応、監査上の主要な検討事項、個別 [テキストブロック]	FilingDateInstant_Row1Member	－	　当監査法人は、製品のリコール等の市場処置に係る包括的に算定された負債について、主として以下の監査手続を実施した。・見積りに使用された重要な仮定の決定や基礎データに関連する内部統制を含む製品のリコール等の市場処置に係る包括的に算定された負債
jpcrp_cor:OtherInformationNonConsolidatedTextBlock	その他の記載内容、個別 [テキストブロック]	FilingDateInstant	－	その他の記載内容その他の記載内容は、有価証券報告書に含まれる情報のうち、連結財務諸表及び財務諸表並びにこれらの監査報告書以外の情報である。経営者の責任は、その他の記載内容を作成し開示することにある。また、監査等委員会の責任は、その他の記載内
jpcrp_cor:FeeRelatedInformationNonConsolidatedTextBlock	報酬関連情報、個別 [テキストブロック]	FilingDateInstant	－	＜報酬関連情報＞報酬関連情報は、連結財務諸表の監査報告書に記載されている。
jpdei_cor:NumberOfSubmissionDEI	提出回数、DEI	FilingDateInstant	pure	1
jpcrp030000-asr_E02144-000:OperatingRevenuesIFRSKeyFinancialData		Prior4YearDuration	JPY	31379507000000
jpcrp030000-asr_E02144-000:OperatingRevenuesIFRSKeyFinancialData		Prior3YearDuration	JPY	37154298000000
jpcrp030000-asr_E02144-000:OperatingRevenuesIFRSKeyFinancialData		Prior2YearDuration	JPY	45095325000000
jpcrp030000-asr_E02144-000:OperatingRevenuesIFRSKeyFinancialData		Prior1YearDuration	JPY	48036704000000
jpcrp030000-asr_E02144-000:OperatingRevenuesIFRSKeyFinancialData		CurrentYearDuration	JPY	50684952000000
jpcrp_cor:ProfitLossBeforeTaxIFRSSummaryOfBusinessResults	税引前利益又は税引前損失（△）（IFRS）、経営指標等	Prior4YearDuration	JPY	3990532000000
jpcrp_cor:ProfitLossBeforeTaxIFRSSummaryOfBusinessResults	税引前利益又は税引前損失（△）（IFRS）、経営指標等	Prior3YearDuration	JPY	3668733000000
jpcrp_cor:ProfitLossBeforeTaxIFRSSummaryOfBusinessResults	税引前利益又は税引前損失（△）（IFRS）、経営指標等	Prior2YearDuration	JPY	6965085000000
jpcrp_cor:ProfitLossBeforeTaxIFRSSummaryOfBusinessResults	税引前利益又は税引前損失（△）（IFRS）、経営指標等	Prior1YearDuration	JPY	6414590000000
jpcrp_cor:ProfitLossBeforeTaxIFRSSummaryOfBusinessResults	税引前利益又は税引前損失（△）（IFRS）、経営指標等	CurrentYearDuration	JPY	5152996000000
jpcrp_cor:ProfitLossAttributableToOwnersOfParentIFRSSummaryOfBusinessResults	当期利益又は当期損失（△）：親会社の所有者に帰属（IFRS）、経営指標等	Prior4YearDuration	JPY	2850110000000
jpcrp_cor:ProfitLossAttributableToOwnersOfParentIFRSSummaryOfBusinessResults	当期利益又は当期損失（△）：親会社の所有者に帰属（IFRS）、経営指標等	Prior3YearDuration	JPY	2451318000000
jpcrp_cor:ProfitLossAttributableToOwnersOfParentIFRSSummaryOfBusinessResults	当期利益又は当期損失（△）：親会社の所有者に帰属（IFRS）、経営指標等	Prior2YearDuration	JPY	4944933000000
jpcrp_cor:ProfitLossAttributableToOwnersOfParentIFRSSummaryOfBusinessResults	当期利益又は当期損失（△）：親会社の所有者に帰属（IFRS）、経営指標等	Prior1YearDuration	JPY	4765086000000
jpcrp_cor:ProfitLossAttributableToOwnersOfParentIFRSSummaryOfBusinessResults	当期利益又は当期損失（△）：親会社の所有者に帰属（IFRS）、経営指標等	CurrentYearDuration	JPY	3848098000000
jpcrp_cor:ComprehensiveIncomeAttributableToOwnersOfParentIFRSSummaryOfBusinessResults	当期包括利益：親会社の所有者に帰属（IFRS）、経営指標等	Prior4YearDuration	JPY	3954350000000
jpcrp_cor:ComprehensiveIncomeAttributableToOwnersOfParentIFRSSummaryOfBusinessResults	当期包括利益：親会社の所有者に帰属（IFRS）、経営指標等	Prior3YearDuration	JPY	3251090000000
jpcrp_cor:ComprehensiveIncomeAttributableToOwnersOfParentIFRSSummaryOfBusinessResults	当期包括利益：親会社の所有者に帰属（IFRS）、経営指標等	Prior2YearDuration	JPY	6999828000000
jpcrp_cor:ComprehensiveIncomeAttributableToOwnersOfParentIFRSSummaryOfBusinessResults	当期包括利益：親会社の所有者に帰属（IFRS）、経営指標等	Prior1YearDuration	JPY	4011822000000
jpcrp_cor:ComprehensiveIncomeAttributableToOwnersOfParentIFRSSummaryOfBusinessResults	当期包括利益：親会社の所有者に帰属（IFRS）、経営指標等	CurrentYearDuration	JPY	5308095000000
jpcrp_cor:EquityAttributableToOwnersOfParentIFRSSummaryOfBusinessResults	親会社の所有者に帰属する持分（IFRS）、経営指標等	Prior4YearInstant	JPY	26245969000000
jpcrp_cor:EquityAttributableToOwnersOfParentIFRSSummaryOfBusinessResults	親会社の所有者に帰属する持分（IFRS）、経営指標等	Prior3YearInstant	JPY	28338706000000
jpcrp_cor:EquityAttributableToOwnersOfParentIFRSSummaryOfBusinessResults	親会社の所有者に帰属する持分（IFRS）、経営指標等	Prior2YearInstant	JPY	34220991000000
jpcrp_cor:EquityAttributableToOwnersOfParentIFRSSummaryOfBusinessResults	親会社の所有者に帰属する持分（IFRS）、経営指標等	Prior1YearInstant	JPY	35924826000000
jpcrp_cor:EquityAttributableToOwnersOfParentIFRSSummaryOfBusinessResults	親会社の所有者に帰属する持分（IFRS）、経営指標等	CurrentYearInstant	JPY	39918854000000
jpcrp_cor:TotalAssetsIFRSSummaryOfBusinessResults	総資産額（IFRS）、経営指標等	Prior4YearInstant	JPY	67688771000000
jpcrp_cor:TotalAssetsIFRSSummaryOfBusinessResults	総資産額（IFRS）、経営指標等	Prior3YearInstant	JPY	74303180000000
jpcrp_cor:TotalAssetsIFRSSummaryOfBusinessResults	総資産額（IFRS）、経営指標等	Prior2YearInstant	JPY	90114296000000
jpcrp_cor:TotalAssetsIFRSSummaryOfBusinessResults	総資産額（IFRS）、経営指標等	Prior1YearInstant	JPY	93601350000000
jpcrp_cor:TotalAssetsIFRSSummaryOfBusinessResults	総資産額（IFRS）、経営指標等	CurrentYearInstant	JPY	105522331000000
jpcrp_cor:EquityToAssetRatioIFRSSummaryOfBusinessResults	１株当たり親会社所有者帰属持分（IFRS）、経営指標等	Prior4YearInstant	JPYPerShares	1904.88
jpcrp_cor:EquityToAssetRatioIFRSSummaryOfBusinessResults	１株当たり親会社所有者帰属持分（IFRS）、経営指標等	Prior3YearInstant	JPYPerShares	2089.08
jpcrp_cor:EquityToAssetRatioIFRSSummaryOfBusinessResults	１株当たり親会社所有者帰属持分（IFRS）、経営指標等	Prior2YearInstant	JPYPerShares	2539.75
jpcrp_cor:EquityToAssetRatioIFRSSummaryOfBusinessResults	１株当たり親会社所有者帰属持分（IFRS）、経営指標等	Prior1YearInstant	JPYPerShares	2753.09
jpcrp_cor:EquityToAssetRatioIFRSSummaryOfBusinessResults	１株当たり親会社所有者帰属持分（IFRS）、経営指標等	CurrentYearInstant	JPYPerShares	3062.82
jpcrp_cor:BasicEarningsLossPerShareIFRSSummaryOfBusinessResults	基本的１株当たり利益又は損失（△）（IFRS）、経営指標等	Prior4YearDuration	JPYPerShares	205.23
jpcrp_cor:BasicEarningsLossPerShareIFRSSummaryOfBusinessResults	基本的１株当たり利益又は損失（△）（IFRS）、経営指標等	Prior3YearDuration	JPYPerShares	179.47
jpcrp_cor:BasicEarningsLossPerShareIFRSSummaryOfBusinessResults	基本的１株当たり利益又は損失（△）（IFRS）、経営指標等	Prior2YearDuration	JPYPerShares	365.94
jpcrp_cor:BasicEarningsLossPerShareIFRSSummaryOfBusinessResults	基本的１株当たり利益又は損失（△）（IFRS）、経営指標等	Prior1YearDuration	JPYPerShares	359.56
jpcrp_cor:BasicEarningsLossPerShareIFRSSummaryOfBusinessResults	基本的１株当たり利益又は損失（△）（IFRS）、経営指標等	CurrentYearDuration	JPYPerShares	295.25
jpcrp_cor:DilutedEarningsLossPerShareIFRSSummaryOfBusinessResults	希薄化後１株当たり利益又は損失（△）（IFRS）、経営指標等	Prior4YearDuration	JPYPerShares	205.23
jpcrp_cor:DilutedEarningsLossPerShareIFRSSummaryOfBusinessResults	希薄化後１株当たり利益又は損失（△）（IFRS）、経営指標等	Prior3YearDuration	JPYPerShares	179.47
jpcrp_cor:DilutedEarningsLossPerShareIFRSSummaryOfBusinessResults	希薄化後１株当たり利益又は損失（△）（IFRS）、経営指標等	Prior2YearDuration	JPYPerShares	365.94
jpcrp_cor:DilutedEarningsLossPerShareIFRSSummaryOfBusinessResults	希薄化後１株当たり利益又は損失（△）（IFRS）、経営指標等	Prior1YearDuration	JPYPerShares	359.56
jpcrp_cor:DilutedEarningsLossPerShareIFRSSummaryOfBusinessResults	希薄化後１株当たり利益又は損失（△）（IFRS）、経営指標等	CurrentYearDuration	JPYPerShares	295.25
jpcrp_cor:RatioOfOwnersEquityToGrossAssetsIFRSSummaryOfBusinessResults	親会社所有者帰属持分比率（IFRS）、経営指標等	Prior4YearInstant	pure	0.388
jpcrp_cor:RatioOfOwnersEquityToGrossAssetsIFRSSummaryOfBusinessResults	親会社所有者帰属持分比率（IFRS）、経営指標等	Prior3YearInstant	pure	0.381
jpcrp_cor:RatioOfOwnersEquityToGrossAssetsIFRSSummaryOfBusinessResults	親会社所有者帰属持分比率（IFRS）、経営指標等	Prior2YearInstant	pure	0.380
jpcrp_cor:RatioOfOwnersEquityToGrossAssetsIFRSSummaryOfBusinessResults	親会社所有者帰属持分比率（IFRS）、経営指標等	Prior1YearInstant	pure	0.384
jpcrp_cor:RatioOfOwnersEquityToGrossAssetsIFRSSummaryOfBusinessResults	親会社所有者帰属持分比率（IFRS）、経営指標等	CurrentYearInstant	pure	0.378
jpcrp_cor:RateOfReturnOnEquityIFRSSummaryOfBusinessResults	親会社所有者帰属持分利益率（IFRS）、経営指標等	Prior4YearDuration	pure	0.115
jpcrp_cor:RateOfReturnOnEquityIFRSSummaryOfBusinessResults	親会社所有者帰属持分利益率（IFRS）、経営指標等	Prior3YearDuration	pure	0.090
jpcrp_cor:RateOfReturnOnEquityIFRSSummaryOfBusinessResults	親会社所有者帰属持分利益率（IFRS）、経営指標等	Prior2YearDuration	pure	0.158
jpcrp_cor:RateOfReturnOnEquityIFRSSummaryOfBusinessResults	親会社所有者帰属持分利益率（IFRS）、経営指標等	Prior1YearDuration	pure	0.136
jpcrp_cor:RateOfReturnOnEquityIFRSSummaryOfBusinessResults	親会社所有者帰属持分利益率（IFRS）、経営指標等	CurrentYearDuration	pure	0.101
jpcrp_cor:PriceEarningsRatioIFRSSummaryOfBusinessResults	株価収益率（IFRS）、経営指標等	Prior4YearDuration	pure	10.8
jpcrp_cor:PriceEarningsRatioIFRSSummaryOfBusinessResults	株価収益率（IFRS）、経営指標等	Prior3YearDuration	pure	10.5
jpcrp_cor:PriceEarningsRatioIFRSSummaryOfBusinessResults	株価収益率（IFRS）、経営指標等	Prior2YearDuration	pure	10.4
jpcrp_cor:PriceEarningsRatioIFRSSummaryOfBusinessResults	株価収益率（IFRS）、経営指標等	Prior1YearDuration	pure	7.3
jpcrp_cor:PriceEarningsRatioIFRSSummaryOfBusinessResults	株価収益率（IFRS）、経営指標等	CurrentYearDuration	pure	10.7
jpcrp_cor:CashFlowsFromUsedInOperatingActivitiesIFRSSummaryOfBusinessResults	営業活動によるキャッシュ・フロー（IFRS）、経営指標等	Prior4YearDuration	JPY	3722615000000
jpcrp_cor:CashFlowsFromUsedInOperatingActivitiesIFRSSummaryOfBusinessResults	営業活動によるキャッシュ・フロー（IFRS）、経営指標等	Prior3YearDuration	JPY	2955076000000
jpcrp_cor:CashFlowsFromUsedInOperatingActivitiesIFRSSummaryOfBusinessResults	営業活動によるキャッシュ・フロー（IFRS）、経営指標等	Prior2YearDuration	JPY	4206373000000
jpcrp_cor:CashFlowsFromUsedInOperatingActivitiesIFRSSummaryOfBusinessResults	営業活動によるキャッシュ・フロー（IFRS）、経営指標等	Prior1YearDuration	JPY	3696934000000
jpcrp_cor:CashFlowsFromUsedInOperatingActivitiesIFRSSummaryOfBusinessResults	営業活動によるキャッシュ・フロー（IFRS）、経営指標等	CurrentYearDuration	JPY	5472920000000
jpcrp_cor:CashFlowsFromUsedInInvestingActivitiesIFRSSummaryOfBusinessResults	投資活動によるキャッシュ・フロー（IFRS）、経営指標等	Prior4YearDuration	JPY	-577496000000
jpcrp_cor:CashFlowsFromUsedInInvestingActivitiesIFRSSummaryOfBusinessResults	投資活動によるキャッシュ・フロー（IFRS）、経営指標等	Prior3YearDuration	JPY	-1598890000000
jpcrp_cor:CashFlowsFromUsedInInvestingActivitiesIFRSSummaryOfBusinessResults	投資活動によるキャッシュ・フロー（IFRS）、経営指標等	Prior2YearDuration	JPY	-4998751000000
jpcrp_cor:CashFlowsFromUsedInInvestingActivitiesIFRSSummaryOfBusinessResults	投資活動によるキャッシュ・フロー（IFRS）、経営指標等	Prior1YearDuration	JPY	-4189736000000
jpcrp_cor:CashFlowsFromUsedInInvestingActivitiesIFRSSummaryOfBusinessResults	投資活動によるキャッシュ・フロー（IFRS）、経営指標等	CurrentYearDuration	JPY	-1520307000000
jpcrp_cor:CashFlowsFromUsedInFinancingActivitiesIFRSSummaryOfBusinessResults	財務活動によるキャッシュ・フロー（IFRS）、経営指標等	Prior4YearDuration	JPY	-2466516000000
jpcrp_cor:CashFlowsFromUsedInFinancingActivitiesIFRSSummaryOfBusinessResults	財務活動によるキャッシュ・フロー（IFRS）、経営指標等	Prior3YearDuration	JPY	-56180000000
jpcrp_cor:CashFlowsFromUsedInFinancingActivitiesIFRSSummaryOfBusinessResults	財務活動によるキャッシュ・フロー（IFRS）、経営指標等	Prior2YearDuration	JPY	2497558000000
jpcrp_cor:CashFlowsFromUsedInFinancingActivitiesIFRSSummaryOfBusinessResults	財務活動によるキャッシュ・フロー（IFRS）、経営指標等	Prior1YearDuration	JPY	197236000000
jpcrp_cor:CashFlowsFromUsedInFinancingActivitiesIFRSSummaryOfBusinessResults	財務活動によるキャッシュ・フロー（IFRS）、経営指標等	CurrentYearDuration	JPY	-536659000000
jpcrp_cor:CashAndCashEquivalentsIFRSSummaryOfBusinessResults	現金及び現金同等物（IFRS）、経営指標等	Prior4YearInstant	JPY	6113655000000
jpcrp_cor:CashAndCashEquivalentsIFRSSummaryOfBusinessResults	現金及び現金同等物（IFRS）、経営指標等	Prior3YearInstant	JPY	7516966000000
jpcrp_cor:CashAndCashEquivalentsIFRSSummaryOfBusinessResults	現金及び現金同等物（IFRS）、経営指標等	Prior2YearInstant	JPY	9412060000000
jpcrp_cor:CashAndCashEquivalentsIFRSSummaryOfBusinessResults	現金及び現金同等物（IFRS）、経営指標等	Prior1YearInstant	JPY	8982404000000
jpcrp_cor:CashAndCashEquivalentsIFRSSummaryOfBusinessResults	現金及び現金同等物（IFRS）、経営指標等	CurrentYearInstant	JPY	12659622000000
jpcrp030000-asr_E02144-000:NumberOfEmployeesIFRSSummaryOfBusinessResults		Prior4YearDuration	pure	372817
jpcrp030000-asr_E02144-000:NumberOfEmployeesIFRSSummaryOfBusinessResults		Prior3YearDuration	pure	375235
jpcrp030000-asr_E02144-000:NumberOfEmployeesIFRSSummaryOfBusinessResults		Prior2YearDuration	pure	380793
jpcrp030000-asr_E02144-000:NumberOfEmployeesIFRSSummaryOfBusinessResults		Prior1YearDuration	pure	383853
jpcrp030000-asr_E02144-000:NumberOfEmployeesIFRSSummaryOfBusinessResults		CurrentYearDuration	pure	390927
jpcrp030000-asr_E02144-000:AverageNumberOfTemporaryWorkersIFRSSummaryOfBusinessResults		Prior4YearDuration	pure	87120
jpcrp030000-asr_E02144-000:AverageNumberOfTemporaryWorkersIFRSSummaryOfBusinessResults		Prior3YearDuration	pure	94974
jpcrp030000-asr_E02144-000:AverageNumberOfTemporaryWorkersIFRSSummaryOfBusinessResults		Prior2YearDuration	pure	96482
jpcrp030000-asr_E02144-000:AverageNumberOfTemporaryWorkersIFRSSummaryOfBusinessResults		Prior1YearDuration	pure	95530
jpcrp030000-asr_E02144-000:AverageNumberOfTemporaryWorkersIFRSSummaryOfBusinessResults		CurrentYearDuration	pure	99032
jpcrp_cor:NetSalesSummaryOfBusinessResults	売上高、経営指標等	Prior4YearDuration_NonConsolidatedMember	JPY	12607858000000
jpcrp_cor:NetSalesSummaryOfBusinessResults	売上高、経営指標等	Prior3YearDuration_NonConsolidatedMember	JPY	14076956000000
jpcrp_cor:NetSalesSummaryOfBusinessResults	売上高、経営指標等	Prior2YearDuration_NonConsolidatedMember	JPY	17575593000000
jpcrp_cor:NetSalesSummaryOfBusinessResults	売上高、経営指標等	Prior1YearDuration_NonConsolidatedMember	JPY	18277671000000
jpcrp_cor:NetSalesSummaryOfBusinessResults	売上高、経営指標等	CurrentYearDuration_NonConsolidatedMember	JPY	18259979000000
jpcrp_cor:OrdinaryIncomeLossSummaryOfBusinessResults	経常利益又は経常損失（△）、経営指標等	Prior4YearDuration_NonConsolidatedMember	JPY	2171530000000
jpcrp_cor:OrdinaryIncomeLossSummaryOfBusinessResults	経常利益又は経常損失（△）、経営指標等	Prior3YearDuration_NonConsolidatedMember	JPY	3520848000000
jpcrp_cor:OrdinaryIncomeLossSummaryOfBusinessResults	経常利益又は経常損失（△）、経営指標等	Prior2YearDuration_NonConsolidatedMember	JPY	5578695000000
jpcrp_cor:OrdinaryIncomeLossSummaryOfBusinessResults	経常利益又は経常損失（△）、経営指標等	Prior1YearDuration_NonConsolidatedMember	JPY	4538037000000
jpcrp_cor:OrdinaryIncomeLossSummaryOfBusinessResults	経常利益又は経常損失（△）、経営指標等	CurrentYearDuration_NonConsolidatedMember	JPY	4197319000000
jpcrp_cor:NetIncomeLossSummaryOfBusinessResults	当期純利益又は当期純損失（△）、経営指標等	Prior4YearDuration_NonConsolidatedMember	JPY	1693947000000
jpcrp_cor:NetIncomeLossSummaryOfBusinessResults	当期純利益又は当期純損失（△）、経営指標等	Prior3YearDuration_NonConsolidatedMember	JPY	2936379000000
jpcrp_cor:NetIncomeLossSummaryOfBusinessResults	当期純利益又は当期純損失（△）、経営指標等	Prior2YearDuration_NonConsolidatedMember	JPY	4399855000000
jpcrp_cor:NetIncomeLossSummaryOfBusinessResults	当期純利益又は当期純損失（△）、経営指標等	Prior1YearDuration_NonConsolidatedMember	JPY	3845213000000
jpcrp_cor:NetIncomeLossSummaryOfBusinessResults	当期純利益又は当期純損失（△）、経営指標等	CurrentYearDuration_NonConsolidatedMember	JPY	3392326000000
jpcrp_cor:CapitalStockSummaryOfBusinessResults	資本金、経営指標等	Prior4YearInstant_NonConsolidatedMember	JPY	635402000000
jpcrp_cor:CapitalStockSummaryOfBusinessResults	資本金、経営指標等	Prior3YearInstant_NonConsolidatedMember	JPY	635402000000
jpcrp_cor:CapitalStockSummaryOfBusinessResults	資本金、経営指標等	Prior2YearInstant_NonConsolidatedMember	JPY	635402000000
jpcrp_cor:CapitalStockSummaryOfBusinessResults	資本金、経営指標等	Prior1YearInstant_NonConsolidatedMember	JPY	635402000000
jpcrp_cor:CapitalStockSummaryOfBusinessResults	資本金、経営指標等	CurrentYearInstant_NonConsolidatedMember	JPY	635402000000
jpcrp_cor:TotalNumberOfIssuedSharesSummaryOfBusinessResults	発行済株式総数（普通株式）、経営指標等	Prior4YearInstant_NonConsolidatedMember	shares	16314987000
jpcrp_cor:TotalNumberOfIssuedSharesSummaryOfBusinessResults	発行済株式総数（普通株式）、経営指標等	Prior3YearInstant_NonConsolidatedMember	shares	16314987000
jpcrp_cor:TotalNumberOfIssuedSharesSummaryOfBusinessResults	発行済株式総数（普通株式）、経営指標等	Prior2YearInstant_NonConsolidatedMember	shares	16314987000
jpcrp_cor:TotalNumberOfIssuedSharesSummaryOfBusinessResults	発行済株式総数（普通株式）、経営指標等	Prior1YearInstant_NonConsolidatedMember	shares	15794987000
jpcrp_cor:TotalNumberOfIssuedSharesSummaryOfBusinessResults	発行済株式総数（普通株式）、経営指標等	CurrentYearInstant_NonConsolidatedMember	shares	15794987000
jpcrp_cor:NetAssetsSummaryOfBusinessResults	純資産額、経営指標等	Prior4YearInstant_NonConsolidatedMember	JPY	14607272000000
jpcrp_cor:NetAssetsSummaryOfBusinessResults	純資産額、経営指標等	Prior3YearInstant_NonConsolidatedMember	JPY	16493041000000
jpcrp_cor:NetAssetsSummaryOfBusinessResults	純資産額、経営指標等	Prior2YearInstant_NonConsolidatedMember	JPY	20440081000000
jpcrp_cor:NetAssetsSummaryOfBusinessResults	純資産額、経営指標等	Prior1YearInstant_NonConsolidatedMember	JPY	21504804000000
jpcrp_cor:NetAssetsSummaryOfBusinessResults	純資産額、経営指標等	CurrentYearInstant_NonConsolidatedMember	JPY	23664924000000
jpcrp_cor:TotalAssetsSummaryOfBusinessResults	総資産額、経営指標等	Prior4YearInstant_NonConsolidatedMember	JPY	20991040000000
jpcrp_cor:TotalAssetsSummaryOfBusinessResults	総資産額、経営指標等	Prior3YearInstant_NonConsolidatedMember	JPY	23230320000000
jpcrp_cor:TotalAssetsSummaryOfBusinessResults	総資産額、経営指標等	Prior2YearInstant_NonConsolidatedMember	JPY	28161955000000
jpcrp_cor:TotalAssetsSummaryOfBusinessResults	総資産額、経営指標等	Prior1YearInstant_NonConsolidatedMember	JPY	29046699000000
jpcrp_cor:TotalAssetsSummaryOfBusinessResults	総資産額、経営指標等	CurrentYearInstant_NonConsolidatedMember	JPY	31656325000000
jpcrp_cor:NetAssetsPerShareSummaryOfBusinessResults	１株当たり純資産額、経営指標等	Prior4YearInstant_NonConsolidatedMember	JPYPerShares	1060.16
jpcrp_cor:NetAssetsPerShareSummaryOfBusinessResults	１株当たり純資産額、経営指標等	Prior3YearInstant_NonConsolidatedMember	JPYPerShares	1215.84
jpcrp_cor:NetAssetsPerShareSummaryOfBusinessResults	１株当たり純資産額、経営指標等	Prior2YearInstant_NonConsolidatedMember	JPYPerShares	1516.98
jpcrp_cor:NetAssetsPerShareSummaryOfBusinessResults	１株当たり純資産額、経営指標等	Prior1YearInstant_NonConsolidatedMember	JPYPerShares	1648.01
jpcrp_cor:NetAssetsPerShareSummaryOfBusinessResults	１株当たり純資産額、経営指標等	CurrentYearInstant_NonConsolidatedMember	JPYPerShares	1815.72
jpcrp_cor:DividendPaidPerShareSummaryOfBusinessResults	１株当たり配当額、経営指標等	Prior4YearDuration_NonConsolidatedMember	JPYPerShares	148
jpcrp_cor:DividendPaidPerShareSummaryOfBusinessResults	１株当たり配当額、経営指標等	Prior3YearDuration_NonConsolidatedMember	JPYPerShares	60
jpcrp_cor:DividendPaidPerShareSummaryOfBusinessResults	１株当たり配当額、経営指標等	Prior2YearDuration_NonConsolidatedMember	JPYPerShares	75
jpcrp_cor:DividendPaidPerShareSummaryOfBusinessResults	１株当たり配当額、経営指標等	Prior1YearDuration_NonConsolidatedMember	JPYPerShares	90
jpcrp_cor:DividendPaidPerShareSummaryOfBusinessResults	１株当たり配当額、経営指標等	CurrentYearDuration_NonConsolidatedMember	JPYPerShares	95
jpcrp_cor:InterimDividendPaidPerShareSummaryOfBusinessResults	１株当たり中間配当額、経営指標等	Prior4YearDuration_NonConsolidatedMember	JPYPerShares	120
jpcrp_cor:InterimDividendPaidPerShareSummaryOfBusinessResults	１株当たり中間配当額、経営指標等	Prior3YearDuration_NonConsolidatedMember	JPYPerShares	25
jpcrp_cor:InterimDividendPaidPerShareSummaryOfBusinessResults	１株当たり中間配当額、経営指標等	Prior2YearDuration_NonConsolidatedMember	JPYPerShares	30
jpcrp_cor:InterimDividendPaidPerShareSummaryOfBusinessResults	１株当たり中間配当額、経営指標等	Prior1YearDuration_NonConsolidatedMember	JPYPerShares	40
jpcrp_cor:InterimDividendPaidPerShareSummaryOfBusinessResults	１株当たり中間配当額、経営指標等	CurrentYearDuration_NonConsolidatedMember	JPYPerShares	45
jpcrp_cor:BasicEarningsLossPerShareSummaryOfBusinessResults	１株当たり当期純利益又は当期純損失（△）、経営指標等	Prior4YearDuration_NonConsolidatedMember	JPYPerShares	121.98
jpcrp_cor:BasicEarningsLossPerShareSummaryOfBusinessResults	１株当たり当期純利益又は当期純損失（△）、経営指標等	Prior3YearDuration_NonConsolidatedMember	JPYPerShares	214.99
jpcrp_cor:BasicEarningsLossPerShareSummaryOfBusinessResults	１株当たり当期純利益又は当期純損失（△）、経営指標等	Prior2YearDuration_NonConsolidatedMember	JPYPerShares	325.61
jpcrp_cor:BasicEarningsLossPerShareSummaryOfBusinessResults	１株当たり当期純利益又は当期純損失（△）、経営指標等	Prior1YearDuration_NonConsolidatedMember	JPYPerShares	290.15
jpcrp_cor:BasicEarningsLossPerShareSummaryOfBusinessResults	１株当たり当期純利益又は当期純損失（△）、経営指標等	CurrentYearDuration_NonConsolidatedMember	JPYPerShares	260.28
jpcrp_cor:DilutedEarningsPerShareSummaryOfBusinessResults	潜在株式調整後１株当たり当期純利益、経営指標等	Prior4YearDuration_NonConsolidatedMember	JPYPerShares	121.97
jpcrp_cor:DilutedEarningsPerShareSummaryOfBusinessResults	潜在株式調整後１株当たり当期純利益、経営指標等	Prior3YearDuration_NonConsolidatedMember	JPYPerShares	214.99
jpcrp_cor:DilutedEarningsPerShareSummaryOfBusinessResults	潜在株式調整後１株当たり当期純利益、経営指標等	Prior2YearDuration_NonConsolidatedMember	JPYPerShares	325.61
jpcrp_cor:DilutedEarningsPerShareSummaryOfBusinessResults	潜在株式調整後１株当たり当期純利益、経営指標等	Prior1YearDuration_NonConsolidatedMember	JPYPerShares	290.15
jpcrp_cor:DilutedEarningsPerShareSummaryOfBusinessResults	潜在株式調整後１株当たり当期純利益、経営指標等	CurrentYearDuration_NonConsolidatedMember	JPYPerShares	260.28
jpcrp_cor:EquityToAssetRatioSummaryOfBusinessResults	自己資本比率、経営指標等	Prior4YearInstant_NonConsolidatedMember	pure	0.696
jpcrp_cor:EquityToAssetRatioSummaryOfBusinessResults	自己資本比率、経営指標等	Prior3YearInstant_NonConsolidatedMember	pure	0.710
jpcrp_cor:EquityToAssetRatioSummaryOfBusinessResults	自己資本比率、経営指標等	Prior2YearInstant_NonConsolidatedMember	pure	0.726
jpcrp_cor:EquityToAssetRatioSummaryOfBusinessResults	自己資本比率、経営指標等	Prior1YearInstant_NonConsolidatedMember	pure	0.740
jpcrp_cor:EquityToAssetRatioSummaryOfBusinessResults	自己資本比率、経営指標等	CurrentYearInstant_NonConsolidatedMember	pure	0.748
jpcrp_cor:RateOfReturnOnEquitySummaryOfBusinessResults	自己資本利益率、経営指標等	Prior4YearDuration_NonConsolidatedMember	pure	0.119
jpcrp_cor:RateOfReturnOnEquitySummaryOfBusinessResults	自己資本利益率、経営指標等	Prior3YearDuration_NonConsolidatedMember	pure	0.189
jpcrp_cor:RateOfReturnOnEquitySummaryOfBusinessResults	自己資本利益率、経営指標等	Prior2YearDuration_NonConsolidatedMember	pure	0.238
jpcrp_cor:RateOfReturnOnEquitySummaryOfBusinessResults	自己資本利益率、経営指標等	Prior1YearDuration_NonConsolidatedMember	pure	0.183
jpcrp_cor:RateOfReturnOnEquitySummaryOfBusinessResults	自己資本利益率、経営指標等	CurrentYearDuration_NonConsolidatedMember	pure	0.150
jpcrp_cor:PriceEarningsRatioSummaryOfBusinessResults	株価収益率、経営指標等	Prior4YearDuration_NonConsolidatedMember	pure	18.2
jpcrp_cor:PriceEarningsRatioSummaryOfBusinessResults	株価収益率、経営指標等	Prior3YearDuration_NonConsolidatedMember	pure	8.7
jpcrp_cor:PriceEarningsRatioSummaryOfBusinessResults	株価収益率、経営指標等	Prior2YearDuration_NonConsolidatedMember	pure	11.6
jpcrp_cor:PriceEarningsRatioSummaryOfBusinessResults	株価収益率、経営指標等	Prior1YearDuration_NonConsolidatedMember	pure	9.0
jpcrp_cor:PriceEarningsRatioSummaryOfBusinessResults	株価収益率、経営指標等	CurrentYearDuration_NonConsolidatedMember	pure	12.2
jpcrp_cor:PayoutRatioSummaryOfBusinessResults	配当性向、経営指標等	Prior4YearDuration_NonConsolidatedMember	pure	0.426
jpcrp_cor:PayoutRatioSummaryOfBusinessResults	配当性向、経営指標等	Prior3YearDuration_NonConsolidatedMember	pure	0.279
jpcrp_cor:PayoutRatioSummaryOfBusinessResults	配当性向、経営指標等	Prior2YearDuration_NonConsolidatedMember	pure	0.230
jpcrp_cor:PayoutRatioSummaryOfBusinessResults	配当性向、経営指標等	Prior1YearDuration_NonConsolidatedMember	pure	0.310
jpcrp_cor:PayoutRatioSummaryOfBusinessResults	配当性向、経営指標等	CurrentYearDuration_NonConsolidatedMember	pure	0.364
jpcrp_cor:NumberOfEmployees	従業員数	Prior4YearInstant_NonConsolidatedMember	pure	70710
jpcrp_cor:NumberOfEmployees	従業員数	Prior3YearInstant_NonConsolidatedMember	pure	70056
jpcrp_cor:NumberOfEmployees	従業員数	Prior2YearInstant_NonConsolidatedMember	pure	70224
jpcrp_cor:NumberOfEmployees	従業員数	Prior1YearInstant_NonConsolidatedMember	pure	71515
jpcrp_cor:NumberOfEmployees	従業員数	CurrentYearInstant_NonConsolidatedMember	pure	73133
jpcrp_cor:AverageNumberOfTemporaryWorkers	平均臨時雇用人員	Prior4YearInstant_NonConsolidatedMember	pure	9917
jpcrp_cor:AverageNumberOfTemporaryWorkers	平均臨時雇用人員	Prior3YearInstant_NonConsolidatedMember	pure	11405
jpcrp_cor:AverageNumberOfTemporaryWorkers	平均臨時雇用人員	Prior2YearInstant_NonConsolidatedMember	pure	13182
jpcrp_cor:AverageNumberOfTemporaryWorkers	平均臨時雇用人員	Prior1YearInstant_NonConsolidatedMember	pure	14956
jpcrp_cor:AverageNumberOfTemporaryWorkers	平均臨時雇用人員	CurrentYearInstant_NonConsolidatedMember	pure	16689
jpcrp_cor:TotalShareholderReturn	株主総利回り	Prior4YearInstant_NonConsolidatedMember	pure	1.320
jpcrp_cor:TotalShareholderReturn	株主総利回り	Prior3YearInstant_NonConsolidatedMember	pure	1.156
jpcrp_cor:TotalShareholderReturn	株主総利回り	Prior2YearInstant_NonConsolidatedMember	pure	2.309
jpcrp_cor:TotalShareholderReturn	株主総利回り	Prior1YearInstant_NonConsolidatedMember	pure	1.679
jpcrp_cor:TotalShareholderReturn	株主総利回り	CurrentYearInstant_NonConsolidatedMember	pure	2.051
jpcrp_cor:TotalReturnOnSharePriceIndex	株価指数における総利回り	Prior4YearInstant_NonConsolidatedMember	pure	1.020
jpcrp_cor:TotalReturnOnSharePriceIndex	株価指数における総利回り	Prior3YearInstant_NonConsolidatedMember	pure	1.079
jpcrp_cor:TotalReturnOnSharePriceIndex	株価指数における総利回り	Prior2YearInstant_NonConsolidatedMember	pure	1.525
jpcrp_cor:TotalReturnOnSharePriceIndex	株価指数における総利回り	Prior1YearInstant_NonConsolidatedMember	pure	1.502
jpcrp_cor:TotalReturnOnSharePriceIndex	株価指数における総利回り	CurrentYearInstant_NonConsolidatedMember	pure	2.022
jpcrp_cor:TargetsDescriptionOfMetricsRelatedToPolicyOnDevelopmentOfHumanResourcesAndInternalEnvironmentAndTargetsAndPerformanceUsingSuchMetrics	目標数値、人材の育成及び社内環境整備に関する方針に関する指標の内容並びに当該指標を用いた目標及び実績	CurrentYearInstant_Row1Member	pure	455
jpcrp_cor:TargetsDescriptionOfMetricsRelatedToPolicyOnDevelopmentOfHumanResourcesAndInternalEnvironmentAndTargetsAndPerformanceUsingSuchMetrics	目標数値、人材の育成及び社内環境整備に関する方針に関する指標の内容並びに当該指標を用いた目標及び実績	CurrentYearInstant_Row2Member	pure	85
jpcrp_cor:PerformanceDescriptionOfMetricsRelatedToPolicyOnDevelopmentOfHumanResourcesAndInternalEnvironmentAndTargetsAndPerformanceUsingSuchMetrics	実績数値、人材の育成及び社内環境整備に関する方針に関する指標の内容並びに当該指標を用いた目標及び実績	CurrentYearInstant_Row2Member	pure	79.0
jpcrp_cor:ResearchAndDevelopmentExpensesResearchAndDevelopmentActivities	研究開発費、研究開発活動	CurrentYearDuration	JPY	1522881000000
jpcrp_cor:ResearchAndDevelopmentExpensesResearchAndDevelopmentActivities	研究開発費、研究開発活動	CurrentYearDuration_jpcrp030000-asr_E02144-000AutomotiveReportableSegmentMember	JPY	1507038000000
jpcrp_cor:ResearchAndDevelopmentExpensesResearchAndDevelopmentActivities	研究開発費、研究開発活動	CurrentYearDuration_jpcrp030000-asr_E02144-000AllOtherReportableSegmentMember	JPY	15843000000
jpcrp_cor:CapitalExpendituresOverviewOfCapitalExpendituresEtc	設備投資額、設備投資等の概要	CurrentYearDuration_jpcrp030000-asr_E02144-000AutomotiveReportableSegmentMember	JPY	2284125000000
jpcrp_cor:CapitalExpendituresOverviewOfCapitalExpendituresEtc	設備投資額、設備投資等の概要	CurrentYearDuration_jpcrp030000-asr_E02144-000FinancialServicesReportableSegmentMember	JPY	41785000000
jpcrp_cor:CapitalExpendituresOverviewOfCapitalExpendituresEtc	設備投資額、設備投資等の概要	CurrentYearDuration_jpcrp030000-asr_E02144-000AllOtherReportableSegmentMember	JPY	64749000000
jpcrp_cor:CapitalExpendituresOverviewOfCapitalExpendituresEtc	設備投資額、設備投資等の概要	CurrentYearDuration	JPY	2390659000000
jpcrp_cor:CapitalExpendituresOverviewOfCapitalExpendituresEtc	設備投資額、設備投資等の概要	CurrentYearDuration_jpcrp030000-asr_E02144-000FinancialServicesReportableSegmentMember	JPY	41785000000
jpcrp_cor:CapitalExpendituresOverviewOfCapitalExpendituresEtc	設備投資額、設備投資等の概要	CurrentYearDuration_jpcrp030000-asr_E02144-000AllOtherReportableSegmentMember	JPY	64749000000
jpcrp_cor:NumberOfIssuedSharesAsOfFiscalYearEndIssuedSharesTotalNumberOfSharesEtc	事業年度末現在発行数（株）、発行済株式、株式の総数等	FilingDateInstant_OrdinaryShareMember	shares	15794987460
jpcrp_cor:NumberOfIssuedSharesAsOfFilingDateIssuedSharesTotalNumberOfSharesEtc	提出日現在発行数（株）、発行済株式、株式の総数等	FilingDateInstant_OrdinaryShareMember	shares	15794987460
jpcrp_cor:NumberOfIssuedSharesAsOfFiscalYearEndIssuedSharesTotalNumberOfSharesEtc	事業年度末現在発行数（株）、発行済株式、株式の総数等	FilingDateInstant	shares	15794987460
jpcrp_cor:NumberOfIssuedSharesAsOfFilingDateIssuedSharesTotalNumberOfSharesEtc	提出日現在発行数（株）、発行済株式、株式の総数等	FilingDateInstant	shares	15794987460
jpcrp_cor:NumberOfSharesConstitutingOneUnit	１単元の株式数	CurrentYearInstant_OrdinaryShareMember	shares	100
jpcrp_cor:NumberOfShareholdersNationalAndLocalGovernments	株主数－政府及び地方公共団体	CurrentYearInstant_OrdinaryShareMember	pure	4
jpcrp_cor:NumberOfShareholdersFinancialInstitutions	株主数－金融機関	CurrentYearInstant_OrdinaryShareMember	pure	384
jpcrp_cor:NumberOfShareholdersFinancialServiceProviders	株主数－金融商品取引業者	CurrentYearInstant_OrdinaryShareMember	pure	81
jpcrp_cor:NumberOfShareholdersOtherCorporations	株主数－その他の法人	CurrentYearInstant_OrdinaryShareMember	pure	7239
jpcrp_cor:NumberOfShareholdersForeignInvestorsOtherThanIndividuals	株主数－外国法人等－個人以外	CurrentYearInstant_OrdinaryShareMember	pure	1319
jpcrp_cor:NumberOfShareholdersForeignIndividualInvestors	株主数－外国法人等－個人	CurrentYearInstant_OrdinaryShareMember	pure	2777
jpcrp_cor:NumberOfShareholdersIndividualsAndOthers	株主数－個人その他	CurrentYearInstant_OrdinaryShareMember	pure	1068960
jpcrp_cor:NumberOfShareholdersTotal	株主数－計	CurrentYearInstant_OrdinaryShareMember	pure	1080764
jpcrp_cor:NumberOfSharesHeldNumberOfUnitsNationalAndLocalGovernments	所有株式数（単元）－政府及び地方公共団体	CurrentYearInstant_OrdinaryShareMember	pure	1431
jpcrp_cor:NumberOfSharesHeldNumberOfUnitsFinancialInstitutions	所有株式数（単元）－金融機関	CurrentYearInstant_OrdinaryShareMember	pure	42637988
jpcrp_cor:NumberOfSharesHeldNumberOfUnitsFinancialServiceProviders	所有株式数（単元）－金融商品取引業者	CurrentYearInstant_OrdinaryShareMember	pure	2327015
jpcrp_cor:NumberOfSharesHeldNumberOfUnitsOtherCorporations	所有株式数（単元）－その他の法人	CurrentYearInstant_OrdinaryShareMember	pure	32042166
jpcrp_cor:NumberOfSharesHeldNumberOfUnitsForeignInvestorsOtherThanIndividuals	所有株式数（単元）－外国法人等－個人以外	CurrentYearInstant_OrdinaryShareMember	pure	35989405
jpcrp_cor:NumberOfSharesHeldNumberOfUnitsForeignIndividualInvestors	所有株式数（単元）－外国法人等－個人	CurrentYearInstant_OrdinaryShareMember	pure	16802
jpcrp_cor:NumberOfSharesHeldNumberOfUnitsIndividualsAndOthers	所有株式数（単元）－個人その他	CurrentYearInstant_OrdinaryShareMember	pure	44878871
jpcrp_cor:NumberOfSharesHeldNumberOfUnitsTotal	所有株式数（単元）－計	CurrentYearInstant_OrdinaryShareMember	pure	157893678
jpcrp_cor:NumberOfSharesHeldSharesLessThanOneUnit	所有株式数－単元未満株式の状況（株）	CurrentYearInstant_OrdinaryShareMember	shares	5619660
jpcrp_cor:PercentageOfShareholdingsNationalAndLocalGovernments	所有株式数の割合（％）－政府及び地方公共団体	CurrentYearInstant_OrdinaryShareMember	pure	0.0000
jpcrp_cor:PercentageOfShareholdingsFinancialInstitutions	所有株式数の割合（％）－金融機関	CurrentYearInstant_OrdinaryShareMember	pure	0.2701
jpcrp_cor:PercentageOfShareholdingsFinancialServiceProviders	所有株式数の割合（％）－金融商品取引業者	CurrentYearInstant_OrdinaryShareMember	pure	0.0147
jpcrp_cor:PercentageOfShareholdingsOtherCorporations	所有株式数の割合（％）－その他の法人	CurrentYearInstant_OrdinaryShareMember	pure	0.2029
jpcrp_cor:PercentageOfShareholdingsForeignersOtherThanIndividuals	所有株式数の割合（％）－外国法人等－個人以外	CurrentYearInstant_OrdinaryShareMember	pure	0.2279
jpcrp_cor:PercentageOfShareholdingsForeignIndividuals	所有株式数の割合（％）－外国法人等－個人	CurrentYearInstant_OrdinaryShareMember	pure	0.0001
jpcrp_cor:PercentageOfShareholdingsIndividualsAndOthers	所有株式数の割合（％）－個人その他	CurrentYearInstant_OrdinaryShareMember	pure	0.2843
jpcrp_cor:NumberOfSharesHeld	所有株式数	CurrentYearInstant_No1MajorShareholdersMember	shares	1667971000
jpcrp_cor:ShareholdingRatio	発行済株式（自己株式を除く。）の総数に対する所有株式数の割合	CurrentYearInstant_No1MajorShareholdersMember	pure	0.1280
jpcrp_cor:NumberOfSharesHeld	所有株式数	CurrentYearInstant_No2MajorShareholdersMember	shares	1192331000
jpcrp_cor:ShareholdingRatio	発行済株式（自己株式を除く。）の総数に対する所有株式数の割合	CurrentYearInstant_No2MajorShareholdersMember	pure	0.0915
jpcrp_cor:NumberOfSharesHeld	所有株式数	CurrentYearInstant_No3MajorShareholdersMember	shares	794894000
jpcrp_cor:ShareholdingRatio	発行済株式（自己株式を除く。）の総数に対する所有株式数の割合	CurrentYearInstant_No3MajorShareholdersMember	pure	0.0610
jpcrp_cor:NumberOfSharesHeld	所有株式数	CurrentYearInstant_No4MajorShareholdersMember	shares	633045000
jpcrp_cor:ShareholdingRatio	発行済株式（自己株式を除く。）の総数に対する所有株式数の割合	CurrentYearInstant_No4MajorShareholdersMember	pure	0.0486
jpcrp_cor:NumberOfSharesHeld	所有株式数	CurrentYearInstant_No5MajorShareholdersMember	shares	602312000
jpcrp_cor:ShareholdingRatio	発行済株式（自己株式を除く。）の総数に対する所有株式数の割合	CurrentYearInstant_No5MajorShareholdersMember	pure	0.0462
jpcrp_cor:NumberOfSharesHeld	所有株式数	CurrentYearInstant_No6MajorShareholdersMember	shares	537926000
jpcrp_cor:ShareholdingRatio	発行済株式（自己株式を除く。）の総数に対する所有株式数の割合	CurrentYearInstant_No6MajorShareholdersMember	pure	0.0413
jpcrp_cor:NumberOfSharesHeld	所有株式数	CurrentYearInstant_No7MajorShareholdersMember	shares	449576000
jpcrp_cor:ShareholdingRatio	発行済株式（自己株式を除く。）の総数に対する所有株式数の割合	CurrentYearInstant_No7MajorShareholdersMember	pure	0.0345
jpcrp_cor:NumberOfSharesHeld	所有株式数	CurrentYearInstant_No8MajorShareholdersMember	shares	355369000
jpcrp_cor:ShareholdingRatio	発行済株式（自己株式を除く。）の総数に対する所有株式数の割合	CurrentYearInstant_No8MajorShareholdersMember	pure	0.0273
jpcrp_cor:NumberOfSharesHeld	所有株式数	CurrentYearInstant_No9MajorShareholdersMember	shares	249754000
jpcrp_cor:ShareholdingRatio	発行済株式（自己株式を除く。）の総数に対する所有株式数の割合	CurrentYearInstant_No9MajorShareholdersMember	pure	0.0192
jpcrp_cor:NumberOfSharesHeld	所有株式数	CurrentYearInstant_No10MajorShareholdersMember	shares	173246000
jpcrp_cor:ShareholdingRatio	発行済株式（自己株式を除く。）の総数に対する所有株式数の割合	CurrentYearInstant_No10MajorShareholdersMember	pure	0.0133
jpcrp_cor:NumberOfSharesHeld	所有株式数	CurrentYearInstant	shares	6656423000
jpcrp_cor:ShareholdingRatio	発行済株式（自己株式を除く。）の総数に対する所有株式数の割合	CurrentYearInstant	pure	0.5107
jpcrp_cor:NumberOfSharesIssuedSharesVotingRights	株式数（株）、発行済株式、議決権の状況	CurrentYearInstant_SharesWithNoVotingRightsMember	shares	－
jpcrp_cor:NumberOfSharesIssuedSharesVotingRights	株式数（株）、発行済株式、議決権の状況	CurrentYearInstant_SharesWithRestrictedVotingRightsTreasurySharesEtcMember	shares	－
jpcrp_cor:NumberOfSharesIssuedSharesVotingRights	株式数（株）、発行済株式、議決権の状況	CurrentYearInstant_SharesWithRestrictedVotingRightsOtherMember	shares	－
jpcrp_cor:NumberOfVotingRightsIssuedSharesVotingRights	議決権の数（個）、発行済株式、議決権の状況	CurrentYearInstant_SharesWithRestrictedVotingRightsOtherMember	pure	－
jpcrp_cor:NumberOfSharesIssuedSharesVotingRights	株式数（株）、発行済株式、議決権の状況	CurrentYearInstant_OrdinarySharesTreasurySharesSharesWithFullVotingRightsTreasurySharesEtcMember	shares	2785928500
jpcrp_cor:NumberOfVotingRightsIssuedSharesVotingRights	議決権の数（個）、発行済株式、議決権の状況	CurrentYearInstant_OrdinarySharesSharesWithFullVotingRightsOtherMember	pure	130034393
jpcrp_cor:NumberOfSharesIssuedSharesVotingRights	株式数（株）、発行済株式、議決権の状況	CurrentYearInstant_OrdinarySharesSharesWithFullVotingRightsOtherMember	shares	13003439300
jpcrp_cor:NumberOfSharesIssuedSharesVotingRights	株式数（株）、発行済株式、議決権の状況	CurrentYearInstant_OrdinarySharesSharesLessThanOneUnitMember	shares	5619660
jpcrp_cor:NumberOfSharesIssuedSharesVotingRights	株式数（株）、発行済株式、議決権の状況	CurrentYearInstant	shares	15794987460
jpcrp_cor:NumberOfVotingRightsIssuedSharesVotingRights	議決権の数（個）、発行済株式、議決権の状況	CurrentYearInstant	pure	130034393
jpcrp_cor:NumberOfSharesHeldInOwnNameTreasurySharesEtc	自己名義所有株式数（株）、自己株式等	CurrentYearInstant_Row1Member	shares	2761055400
jpcrp_cor:NumberOfSharesHeldInOthersNamesTreasurySharesEtc	他人名義所有株式数（株）、自己株式等	CurrentYearInstant_Row1Member	shares	－
jpcrp_cor:TotalNumberOfSharesHeldTreasurySharesEtc	所有株式数の合計（株）、自己株式等	CurrentYearInstant_Row1Member	shares	2761055400
jpcrp_cor:ShareholdingRatioTreasurySharesEtc	発行済株式総数に対する所有株式数の割合（％）、自己株式等	CurrentYearInstant_Row1Member	pure	0.1748
jpcrp_cor:NumberOfSharesHeldInOwnNameTreasurySharesEtc	自己名義所有株式数（株）、自己株式等	CurrentYearInstant_Row2Member	shares	4500000
jpcrp_cor:NumberOfSharesHeldInOthersNamesTreasurySharesEtc	他人名義所有株式数（株）、自己株式等	CurrentYearInstant_Row2Member	shares	－
jpcrp_cor:TotalNumberOfSharesHeldTreasurySharesEtc	所有株式数の合計（株）、自己株式等	CurrentYearInstant_Row2Member	shares	4500000
jpcrp_cor:ShareholdingRatioTreasurySharesEtc	発行済株式総数に対する所有株式数の割合（％）、自己株式等	CurrentYearInstant_Row2Member	pure	0.0003
jpcrp_cor:NumberOfSharesHeldInOwnNameTreasurySharesEtc	自己名義所有株式数（株）、自己株式等	CurrentYearInstant_Row3Member	shares	4081500
jpcrp_cor:NumberOfSharesHeldInOthersNamesTreasurySharesEtc	他人名義所有株式数（株）、自己株式等	CurrentYearInstant_Row3Member	shares	－
jpcrp_cor:TotalNumberOfSharesHeldTreasurySharesEtc	所有株式数の合計（株）、自己株式等	CurrentYearInstant_Row3Member	shares	4081500
jpcrp_cor:ShareholdingRatioTreasurySharesEtc	発行済株式総数に対する所有株式数の割合（％）、自己株式等	CurrentYearInstant_Row3Member	pure	0.0003
jpcrp_cor:NumberOfSharesHeldInOwnNameTreasurySharesEtc	自己名義所有株式数（株）、自己株式等	CurrentYearInstant_Row4Member	shares	2853300
jpcrp_cor:NumberOfSharesHeldInOthersNamesTreasurySharesEtc	他人名義所有株式数（株）、自己株式等	CurrentYearInstant_Row4Member	shares	－
jpcrp_cor:TotalNumberOfSharesHeldTreasurySharesEtc	所有株式数の合計（株）、自己株式等	CurrentYearInstant_Row4Member	shares	2853300
jpcrp_cor:ShareholdingRatioTreasurySharesEtc	発行済株式総数に対する所有株式数の割合（％）、自己株式等	CurrentYearInstant_Row4Member	pure	0.0002
jpcrp_cor:NumberOfSharesHeldInOwnNameTreasurySharesEtc	自己名義所有株式数（株）、自己株式等	CurrentYearInstant_Row5Member	shares	2500000
jpcrp_cor:NumberOfSharesHeldInOthersNamesTreasurySharesEtc	他人名義所有株式数（株）、自己株式等	CurrentYearInstant_Row5Member	shares	－
jpcrp_cor:TotalNumberOfSharesHeldTreasurySharesEtc	所有株式数の合計（株）、自己株式等	CurrentYearInstant_Row5Member	shares	2500000
jpcrp_cor:ShareholdingRatioTreasurySharesEtc	発行済株式総数に対する所有株式数の割合（％）、自己株式等	CurrentYearInstant_Row5Member	pure	0.0002
jpcrp_cor:NumberOfSharesHeldInOwnNameTreasurySharesEtc	自己名義所有株式数（株）、自己株式等	CurrentYearInstant_Row6Member	shares	2420300
jpcrp_cor:NumberOfSharesHeldInOthersNamesTreasurySharesEtc	他人名義所有株式数（株）、自己株式等	CurrentYearInstant_Row6Member	shares	－
jpcrp_cor:TotalNumberOfSharesHeldTreasurySharesEtc	所有株式数の合計（株）、自己株式等	CurrentYearInstant_Row6Member	shares	2420300
jpcrp_cor:ShareholdingRatioTreasurySharesEtc	発行済株式総数に対する所有株式数の割合（％）、自己株式等	CurrentYearInstant_Row6Member	pure	0.0002
jpcrp_cor:NumberOfSharesHeldInOwnNameTreasurySharesEtc	自己名義所有株式数（株）、自己株式等	CurrentYearInstant_Row7Member	shares	1736900
jpcrp_cor:NumberOfSharesHeldInOthersNamesTreasurySharesEtc	他人名義所有株式数（株）、自己株式等	CurrentYearInstant_Row7Member	shares	－
jpcrp_cor:TotalNumberOfSharesHeldTreasurySharesEtc	所有株式数の合計（株）、自己株式等	CurrentYearInstant_Row7Member	shares	1736900
jpcrp_cor:ShareholdingRatioTreasurySharesEtc	発行済株式総数に対する所有株式数の割合（％）、自己株式等	CurrentYearInstant_Row7Member	pure	0.0001
jpcrp_cor:NumberOfSharesHeldInOwnNameTreasurySharesEtc	自己名義所有株式数（株）、自己株式等	CurrentYearInstant_Row8Member	shares	1585800
jpcrp_cor:NumberOfSharesHeldInOthersNamesTreasurySharesEtc	他人名義所有株式数（株）、自己株式等	CurrentYearInstant_Row8Member	shares	－
jpcrp_cor:TotalNumberOfSharesHeldTreasurySharesEtc	所有株式数の合計（株）、自己株式等	CurrentYearInstant_Row8Member	shares	1585800
jpcrp_cor:ShareholdingRatioTreasurySharesEtc	発行済株式総数に対する所有株式数の割合（％）、自己株式等	CurrentYearInstant_Row8Member	pure	0.0001
jpcrp_cor:NumberOfSharesHeldInOwnNameTreasurySharesEtc	自己名義所有株式数（株）、自己株式等	CurrentYearInstant_Row9Member	shares	1242400
jpcrp_cor:NumberOfSharesHeldInOthersNamesTreasurySharesEtc	他人名義所有株式数（株）、自己株式等	CurrentYearInstant_Row9Member	shares	－
jpcrp_cor:TotalNumberOfSharesHeldTreasurySharesEtc	所有株式数の合計（株）、自己株式等	CurrentYearInstant_Row9Member	shares	1242400
jpcrp_cor:ShareholdingRatioTreasurySharesEtc	発行済株式総数に対する所有株式数の割合（％）、自己株式等	CurrentYearInstant_Row9Member	pure	0.0001
jpcrp_cor:NumberOfSharesHeldInOwnNameTreasurySharesEtc	自己名義所有株式数（株）、自己株式等	CurrentYearInstant_Row10Member	shares	1112000
jpcrp_cor:NumberOfSharesHeldInOthersNamesTreasurySharesEtc	他人名義所有株式数（株）、自己株式等	CurrentYearInstant_Row10Member	shares	－
jpcrp_cor:TotalNumberOfSharesHeldTreasurySharesEtc	所有株式数の合計（株）、自己株式等	CurrentYearInstant_Row10Member	shares	1112000
jpcrp_cor:ShareholdingRatioTreasurySharesEtc	発行済株式総数に対する所有株式数の割合（％）、自己株式等	CurrentYearInstant_Row10Member	pure	0.0001
jpcrp_cor:NumberOfSharesHeldInOwnNameTreasurySharesEtc	自己名義所有株式数（株）、自己株式等	CurrentYearInstant_Row11Member	shares	700000
jpcrp_cor:NumberOfSharesHeldInOthersNamesTreasurySharesEtc	他人名義所有株式数（株）、自己株式等	CurrentYearInstant_Row11Member	shares	－
jpcrp_cor:TotalNumberOfSharesHeldTreasurySharesEtc	所有株式数の合計（株）、自己株式等	CurrentYearInstant_Row11Member	shares	700000
jpcrp_cor:ShareholdingRatioTreasurySharesEtc	発行済株式総数に対する所有株式数の割合（％）、自己株式等	CurrentYearInstant_Row11Member	pure	0.0000
jpcrp_cor:NumberOfSharesHeldInOwnNameTreasurySharesEtc	自己名義所有株式数（株）、自己株式等	CurrentYearInstant_Row12Member	shares	500000
jpcrp_cor:NumberOfSharesHeldInOthersNamesTreasurySharesEtc	他人名義所有株式数（株）、自己株式等	CurrentYearInstant_Row12Member	shares	－
jpcrp_cor:TotalNumberOfSharesHeldTreasurySharesEtc	所有株式数の合計（株）、自己株式等	CurrentYearInstant_Row12Member	shares	500000
jpcrp_cor:ShareholdingRatioTreasurySharesEtc	発行済株式総数に対する所有株式数の割合（％）、自己株式等	CurrentYearInstant_Row12Member	pure	0.0000
jpcrp_cor:NumberOfSharesHeldInOwnNameTreasurySharesEtc	自己名義所有株式数（株）、自己株式等	CurrentYearInstant_Row13Member	shares	500000
jpcrp_cor:NumberOfSharesHeldInOthersNamesTreasurySharesEtc	他人名義所有株式数（株）、自己株式等	CurrentYearInstant_Row13Member	shares	－
jpcrp_cor:TotalNumberOfSharesHeldTreasurySharesEtc	所有株式数の合計（株）、自己株式等	CurrentYearInstant_Row13Member	shares	500000
jpcrp_cor:ShareholdingRatioTreasurySharesEtc	発行済株式総数に対する所有株式数の割合（％）、自己株式等	CurrentYearInstant_Row13Member	pure	0.0000
jpcrp_cor:NumberOfSharesHeldInOwnNameTreasurySharesEtc	自己名義所有株式数（株）、自己株式等	CurrentYearInstant_Row14Member	shares	488800
jpcrp_cor:NumberOfSharesHeldInOthersNamesTreasurySharesEtc	他人名義所有株式数（株）、自己株式等	CurrentYearInstant_Row14Member	shares	－
jpcrp_cor:TotalNumberOfSharesHeldTreasurySharesEtc	所有株式数の合計（株）、自己株式等	CurrentYearInstant_Row14Member	shares	488800
jpcrp_cor:ShareholdingRatioTreasurySharesEtc	発行済株式総数に対する所有株式数の割合（％）、自己株式等	CurrentYearInstant_Row14Member	pure	0.0000
jpcrp_cor:NumberOfSharesHeldInOwnNameTreasurySharesEtc	自己名義所有株式数（株）、自己株式等	CurrentYearInstant_Row15Member	shares	389900
jpcrp_cor:NumberOfSharesHeldInOthersNamesTreasurySharesEtc	他人名義所有株式数（株）、自己株式等	CurrentYearInstant_Row15Member	shares	－
jpcrp_cor:TotalNumberOfSharesHeldTreasurySharesEtc	所有株式数の合計（株）、自己株式等	CurrentYearInstant_Row15Member	shares	389900
jpcrp_cor:ShareholdingRatioTreasurySharesEtc	発行済株式総数に対する所有株式数の割合（％）、自己株式等	CurrentYearInstant_Row15Member	pure	0.0000
jpcrp_cor:NumberOfSharesHeldInOwnNameTreasurySharesEtc	自己名義所有株式数（株）、自己株式等	CurrentYearInstant_Row16Member	shares	76000
jpcrp_cor:NumberOfSharesHeldInOthersNamesTreasurySharesEtc	他人名義所有株式数（株）、自己株式等	CurrentYearInstant_Row16Member	shares	－
jpcrp_cor:TotalNumberOfSharesHeldTreasurySharesEtc	所有株式数の合計（株）、自己株式等	CurrentYearInstant_Row16Member	shares	76000
jpcrp_cor:ShareholdingRatioTreasurySharesEtc	発行済株式総数に対する所有株式数の割合（％）、自己株式等	CurrentYearInstant_Row16Member	pure	0.0000
jpcrp_cor:NumberOfSharesHeldInOwnNameTreasurySharesEtc	自己名義所有株式数（株）、自己株式等	CurrentYearInstant_Row17Member	shares	65000
jpcrp_cor:NumberOfSharesHeldInOthersNamesTreasurySharesEtc	他人名義所有株式数（株）、自己株式等	CurrentYearInstant_Row17Member	shares	－
jpcrp_cor:TotalNumberOfSharesHeldTreasurySharesEtc	所有株式数の合計（株）、自己株式等	CurrentYearInstant_Row17Member	shares	65000
jpcrp_cor:ShareholdingRatioTreasurySharesEtc	発行済株式総数に対する所有株式数の割合（％）、自己株式等	CurrentYearInstant_Row17Member	pure	0.0000
jpcrp_cor:NumberOfSharesHeldInOwnNameTreasurySharesEtc	自己名義所有株式数（株）、自己株式等	CurrentYearInstant_Row18Member	shares	49500
jpcrp_cor:NumberOfSharesHeldInOthersNamesTreasurySharesEtc	他人名義所有株式数（株）、自己株式等	CurrentYearInstant_Row18Member	shares	－
jpcrp_cor:TotalNumberOfSharesHeldTreasurySharesEtc	所有株式数の合計（株）、自己株式等	CurrentYearInstant_Row18Member	shares	49500
jpcrp_cor:ShareholdingRatioTreasurySharesEtc	発行済株式総数に対する所有株式数の割合（％）、自己株式等	CurrentYearInstant_Row18Member	pure	0.0000
jpcrp_cor:NumberOfSharesHeldInOwnNameTreasurySharesEtc	自己名義所有株式数（株）、自己株式等	CurrentYearInstant_Row19Member	shares	39000
jpcrp_cor:NumberOfSharesHeldInOthersNamesTreasurySharesEtc	他人名義所有株式数（株）、自己株式等	CurrentYearInstant_Row19Member	shares	－
jpcrp_cor:TotalNumberOfSharesHeldTreasurySharesEtc	所有株式数の合計（株）、自己株式等	CurrentYearInstant_Row19Member	shares	39000
jpcrp_cor:ShareholdingRatioTreasurySharesEtc	発行済株式総数に対する所有株式数の割合（％）、自己株式等	CurrentYearInstant_Row19Member	pure	0.0000
jpcrp_cor:NumberOfSharesHeldInOwnNameTreasurySharesEtc	自己名義所有株式数（株）、自己株式等	CurrentYearInstant_Row20Member	shares	31400
jpcrp_cor:NumberOfSharesHeldInOthersNamesTreasurySharesEtc	他人名義所有株式数（株）、自己株式等	CurrentYearInstant_Row20Member	shares	－
jpcrp_cor:TotalNumberOfSharesHeldTreasurySharesEtc	所有株式数の合計（株）、自己株式等	CurrentYearInstant_Row20Member	shares	31400
jpcrp_cor:ShareholdingRatioTreasurySharesEtc	発行済株式総数に対する所有株式数の割合（％）、自己株式等	CurrentYearInstant_Row20Member	pure	0.0000
jpcrp_cor:NumberOfSharesHeldInOwnNameTreasurySharesEtc	自己名義所有株式数（株）、自己株式等	CurrentYearInstant_Row21Member	shares	1300
jpcrp_cor:NumberOfSharesHeldInOthersNamesTreasurySharesEtc	他人名義所有株式数（株）、自己株式等	CurrentYearInstant_Row21Member	shares	－
jpcrp_cor:TotalNumberOfSharesHeldTreasurySharesEtc	所有株式数の合計（株）、自己株式等	CurrentYearInstant_Row21Member	shares	1300
jpcrp_cor:ShareholdingRatioTreasurySharesEtc	発行済株式総数に対する所有株式数の割合（％）、自己株式等	CurrentYearInstant_Row21Member	pure	0.0000
jpcrp_cor:NumberOfSharesHeldInOwnNameTreasurySharesEtc	自己名義所有株式数（株）、自己株式等	CurrentYearInstant	shares	2785928500
jpcrp_cor:NumberOfSharesHeldInOthersNamesTreasurySharesEtc	他人名義所有株式数（株）、自己株式等	CurrentYearInstant	shares	－
jpcrp_cor:TotalNumberOfSharesHeldTreasurySharesEtc	所有株式数の合計（株）、自己株式等	CurrentYearInstant	shares	2785928500
jpcrp_cor:ShareholdingRatioTreasurySharesEtc	発行済株式総数に対する所有株式数の割合（％）、自己株式等	CurrentYearInstant	pure	0.1764
jpcrp_cor:TotalAmountOfDividendsDividendsOfSurplus	配当金の総額、剰余金の配当	FilingDateInstant_Row1Member	JPY	586527000000
jpcrp_cor:DividendPerShareDividendsOfSurplus	１株当たり配当額、剰余金の配当	FilingDateInstant_Row1Member	JPYPerShares	45.00
jpcrp_cor:TotalAmountOfDividendsDividendsOfSurplus	配当金の総額、剰余金の配当	FilingDateInstant_Row2Member	JPY	651697000000
jpcrp_cor:DividendPerShareDividendsOfSurplus	１株当たり配当額、剰余金の配当	FilingDateInstant_Row2Member	JPYPerShares	50.00
jpcrp_cor:NumberOfMaleDirectorsAndOtherOfficers	役員のうち男性の人数	FilingDateInstant	pure	8
jpcrp_cor:NumberOfFemaleDirectorsAndOtherOfficers	役員のうち女性の人数	FilingDateInstant	pure	2
jpcrp_cor:RatioOfFemaleDirectorsAndOtherOfficers	役員のうち女性の比率	FilingDateInstant	pure	0.20
jpcrp_cor:NumberOfSharesHeldOrdinarySharesInformationAboutDirectorsAndCorporateAuditors	所有株式数（普通株式）、役員の状況（取締役（及び監査役））	FilingDateInstant_jpcrp030000-asr_E02144-000ToyodaAkioMember	shares	24099000
jpcrp_cor:NumberOfSharesHeldOrdinarySharesInformationAboutDirectorsAndCorporateAuditors	所有株式数（普通株式）、役員の状況（取締役（及び監査役））	FilingDateInstant_jpcrp030000-asr_E02144-000SatoKojiMember	shares	667000
jpcrp_cor:NumberOfSharesHeldOrdinarySharesInformationAboutDirectorsAndCorporateAuditors	所有株式数（普通株式）、役員の状況（取締役（及び監査役））	FilingDateInstant_jpcrp030000-asr_E02144-000NakajimaHirokiMember	shares	333000
jpcrp_cor:NumberOfSharesHeldOrdinarySharesInformationAboutDirectorsAndCorporateAuditors	所有株式数（普通株式）、役員の状況（取締役（及び監査役））	FilingDateInstant_jpcrp030000-asr_E02144-000MiyazakiYoichiMember	shares	328000
jpcrp_cor:NumberOfSharesHeldOrdinarySharesInformationAboutDirectorsAndCorporateAuditors	所有株式数（普通株式）、役員の状況（取締役（及び監査役））	FilingDateInstant_jpcrp030000-asr_E02144-000OkamotoShigeakiMember	shares	2000
jpcrp_cor:NumberOfSharesHeldOrdinarySharesInformationAboutDirectorsAndCorporateAuditors	所有株式数（普通株式）、役員の状況（取締役（及び監査役））	FilingDateInstant_jpcrp030000-asr_E02144-000FujisawaKumiMember	shares	0
jpcrp_cor:NumberOfSharesHeldOrdinarySharesInformationAboutDirectorsAndCorporateAuditors	所有株式数（普通株式）、役員の状況（取締役（及び監査役））	FilingDateInstant_jpcrp030000-asr_E02144-000GeorgeOlcottMember	shares	5000
jpcrp_cor:NumberOfSharesHeldOrdinarySharesInformationAboutDirectorsAndCorporateAuditors	所有株式数（普通株式）、役員の状況（取締役（及び監査役））	FilingDateInstant_jpcrp030000-asr_E02144-000ChristopherPReynoldsMember	shares	－
jpcrp_cor:NumberOfSharesHeldOrdinarySharesInformationAboutDirectorsAndCorporateAuditors	所有株式数（普通株式）、役員の状況（取締役（及び監査役））	FilingDateInstant_jpcrp030000-asr_E02144-000OshimaMasahikoMember	shares	3000
jpcrp_cor:NumberOfSharesHeldOrdinarySharesInformationAboutDirectorsAndCorporateAuditors	所有株式数（普通株式）、役員の状況（取締役（及び監査役））	FilingDateInstant_jpcrp030000-asr_E02144-000OsadaHiromiMember	shares	1000
jpcrp_cor:NumberOfSharesHeldOrdinarySharesInformationAboutDirectorsAndCorporateAuditors	所有株式数（普通株式）、役員の状況（取締役（及び監査役））	FilingDateInstant	shares	25438000
jpcrp_cor:NumberOfMaleDirectorsAndOtherOfficersProposal	役員のうち男性の人数（議案）	FilingDateInstant	pure	8
jpcrp_cor:NumberOfFemaleDirectorsAndOtherOfficersProposal	役員のうち女性の人数（議案）	FilingDateInstant	pure	2
jpcrp_cor:RatioOfFemaleDirectorsAndOtherOfficersProposal	役員のうち女性の比率（議案）	FilingDateInstant	pure	0.20
jpcrp_cor:NumberOfSharesHeldOrdinarySharesInformationAboutDirectorsAndCorporateAuditorsProposal	所有株式数（普通株式）、役員の状況（取締役（及び監査役））（議案）	FilingDateInstant_jpcrp030000-asr_E02144-000ToyodaAkioMember	shares	24099000
jpcrp_cor:NumberOfSharesHeldOrdinarySharesInformationAboutDirectorsAndCorporateAuditorsProposal	所有株式数（普通株式）、役員の状況（取締役（及び監査役））（議案）	FilingDateInstant_jpcrp030000-asr_E02144-000KonKentaMember	shares	74000
jpcrp_cor:NumberOfSharesHeldOrdinarySharesInformationAboutDirectorsAndCorporateAuditorsProposal	所有株式数（普通株式）、役員の状況（取締役（及び監査役））（議案）	FilingDateInstant_jpcrp030000-asr_E02144-000NakajimaHirokiMember	shares	333000
jpcrp_cor:NumberOfSharesHeldOrdinarySharesInformationAboutDirectorsAndCorporateAuditorsProposal	所有株式数（普通株式）、役員の状況（取締役（及び監査役））（議案）	FilingDateInstant_jpcrp030000-asr_E02144-000MiyazakiYoichiMember	shares	328000
jpcrp_cor:NumberOfSharesHeldOrdinarySharesInformationAboutDirectorsAndCorporateAuditorsProposal	所有株式数（普通株式）、役員の状況（取締役（及び監査役））（議案）	FilingDateInstant_jpcrp030000-asr_E02144-000OkamotoShigeakiMember	shares	2000
jpcrp_cor:NumberOfSharesHeldOrdinarySharesInformationAboutDirectorsAndCorporateAuditorsProposal	所有株式数（普通株式）、役員の状況（取締役（及び監査役））（議案）	FilingDateInstant_jpcrp030000-asr_E02144-000FujisawaKumiMember	shares	0
jpcrp_cor:NumberOfSharesHeldOrdinarySharesInformationAboutDirectorsAndCorporateAuditorsProposal	所有株式数（普通株式）、役員の状況（取締役（及び監査役））（議案）	FilingDateInstant_jpcrp030000-asr_E02144-000GeorgeOlcottMember	shares	5000
jpcrp_cor:NumberOfSharesHeldOrdinarySharesInformationAboutDirectorsAndCorporateAuditorsProposal	所有株式数（普通株式）、役員の状況（取締役（及び監査役））（議案）	FilingDateInstant_jpcrp030000-asr_E02144-000ChristopherPReynoldsMember	shares	－
jpcrp_cor:NumberOfSharesHeldOrdinarySharesInformationAboutDirectorsAndCorporateAuditorsProposal	所有株式数（普通株式）、役員の状況（取締役（及び監査役））（議案）	FilingDateInstant_jpcrp030000-asr_E02144-000OshimaMasahikoMember	shares	3000
jpcrp_cor:NumberOfSharesHeldOrdinarySharesInformationAboutDirectorsAndCorporateAuditorsProposal	所有株式数（普通株式）、役員の状況（取締役（及び監査役））（議案）	FilingDateInstant_jpcrp030000-asr_E02144-000OsadaHiromiMember	shares	1000
jpcrp_cor:NumberOfSharesHeldOrdinarySharesInformationAboutDirectorsAndCorporateAuditorsProposal	所有株式数（普通株式）、役員の状況（取締役（及び監査役））（議案）	FilingDateInstant	shares	24845000
jpcrp_cor:AuditFeesReportingCompany	監査証明業務に基づく報酬－提出会社、監査公認会計士等	Prior1YearDuration	JPY	1153000000
jpcrp_cor:NonAuditFeesReportingCompany	非監査業務に基づく報酬－提出会社、監査公認会計士等	Prior1YearDuration	JPY	3000000
jpcrp_cor:AuditFeesReportingCompany	監査証明業務に基づく報酬－提出会社、監査公認会計士等	CurrentYearDuration	JPY	1107000000
jpcrp_cor:NonAuditFeesReportingCompany	非監査業務に基づく報酬－提出会社、監査公認会計士等	CurrentYearDuration	JPY	3000000
jpcrp_cor:AuditFeesConsolidatedSubsidiaries	監査証明業務に基づく報酬－連結子会社、監査公認会計士等	Prior1YearDuration	JPY	1285000000
jpcrp_cor:NonAuditFeesConsolidatedSubsidiaries	非監査業務に基づく報酬－連結子会社、監査公認会計士等	Prior1YearDuration	JPY	16000000
jpcrp_cor:AuditFeesConsolidatedSubsidiaries	監査証明業務に基づく報酬－連結子会社、監査公認会計士等	CurrentYearDuration	JPY	1279000000
jpcrp_cor:NonAuditFeesConsolidatedSubsidiaries	非監査業務に基づく報酬－連結子会社、監査公認会計士等	CurrentYearDuration	JPY	18000000
jpcrp_cor:AuditFeesTotal	監査証明業務に基づく報酬－計、監査公認会計士等	Prior1YearDuration	JPY	2438000000
jpcrp_cor:NonAuditFeesTotal	非監査業務に基づく報酬－計、監査公認会計士等	Prior1YearDuration	JPY	19000000
jpcrp_cor:AuditFeesTotal	監査証明業務に基づく報酬－計、監査公認会計士等	CurrentYearDuration	JPY	2386000000
jpcrp_cor:NonAuditFeesTotal	非監査業務に基づく報酬－計、監査公認会計士等	CurrentYearDuration	JPY	21000000
jpcrp_cor:AuditFeesReportingCompanyNetworkFirms	監査証明業務に基づく報酬－提出会社、ネットワークファーム	Prior1YearDuration	JPY	－
jpcrp_cor:NonAuditFeesReportingCompanyNetworkFirms	非監査業務に基づく報酬－提出会社、ネットワークファーム	Prior1YearDuration	JPY	55000000
jpcrp_cor:AuditFeesReportingCompanyNetworkFirms	監査証明業務に基づく報酬－提出会社、ネットワークファーム	CurrentYearDuration	JPY	－
jpcrp_cor:NonAuditFeesReportingCompanyNetworkFirms	非監査業務に基づく報酬－提出会社、ネットワークファーム	CurrentYearDuration	JPY	122000000
jpcrp_cor:AuditFeesConsolidatedSubsidiariesNetworkFirms	監査証明業務に基づく報酬－連結子会社、ネットワークファーム	Prior1YearDuration	JPY	6341000000
jpcrp_cor:NonAuditFeesConsolidatedSubsidiariesNetworkFirms	非監査業務に基づく報酬－連結子会社、ネットワークファーム	Prior1YearDuration	JPY	574000000
jpcrp_cor:AuditFeesConsolidatedSubsidiariesNetworkFirms	監査証明業務に基づく報酬－連結子会社、ネットワークファーム	CurrentYearDuration	JPY	6394000000
jpcrp_cor:NonAuditFeesConsolidatedSubsidiariesNetworkFirms	非監査業務に基づく報酬－連結子会社、ネットワークファーム	CurrentYearDuration	JPY	512000000
jpcrp_cor:AuditFeesTotalNetworkFirms	監査証明業務に基づく報酬－計、ネットワークファーム	Prior1YearDuration	JPY	6341000000
jpcrp_cor:NonAuditFeesTotalNetworkFirms	非監査業務に基づく報酬－計、ネットワークファーム	Prior1YearDuration	JPY	628000000
jpcrp_cor:AuditFeesTotalNetworkFirms	監査証明業務に基づく報酬－計、ネットワークファーム	CurrentYearDuration	JPY	6394000000
jpcrp_cor:NonAuditFeesTotalNetworkFirms	非監査業務に基づく報酬－計、ネットワークファーム	CurrentYearDuration	JPY	634000000
jpcrp_cor:NumberOfDirectorsAndOtherOfficersRemunerationEtcByCategoryOfDirectorsAndOtherOfficers	対象となる役員の員数、役員区分ごとの報酬等	CurrentYearDuration_jpcrp030000-asr_E02144-000MembersOfTheBoardOfDirectorsExclDirectorsWhoAreAuditAndSupervisoryCommitteeMembersMember	pure	12
jpcrp_cor:FixedRemunerationRemunerationByCategoryOfDirectorsAndOtherOfficers	固定報酬、役員区分ごとの報酬等	CurrentYearDuration_jpcrp030000-asr_E02144-000MembersOfTheBoardOfDirectorsExclDirectorsWhoAreAuditAndSupervisoryCommitteeMembersMember	JPY	932000000
jpcrp_cor:BonusRemunerationEtcByCategoryOfDirectorsAndOtherOfficers	賞与、役員区分ごとの報酬等	CurrentYearDuration_jpcrp030000-asr_E02144-000MembersOfTheBoardOfDirectorsExclDirectorsWhoAreAuditAndSupervisoryCommitteeMembersMember	JPY	1206000000
jpcrp_cor:ShareAwardsRemunerationEtcByCategoryOfDirectorsAndOtherOfficers	株式報酬、役員区分ごとの報酬等	CurrentYearDuration_jpcrp030000-asr_E02144-000MembersOfTheBoardOfDirectorsExclDirectorsWhoAreAuditAndSupervisoryCommitteeMembersMember	JPY	1993000000
jpcrp_cor:TotalAmountOfRemunerationEtcRemunerationEtcByCategoryOfDirectorsAndOtherOfficers	報酬等の総額、役員区分ごとの報酬等	CurrentYearDuration_jpcrp030000-asr_E02144-000MembersOfTheBoardOfDirectorsExclDirectorsWhoAreAuditAndSupervisoryCommitteeMembersMember	JPY	4131000000
jpcrp_cor:NumberOfDirectorsAndOtherOfficersRemunerationEtcByCategoryOfDirectorsAndOtherOfficers	対象となる役員の員数、役員区分ごとの報酬等	CurrentYearDuration_jpcrp030000-asr_E02144-000OfWhichOutsideMembersOfTheBoardOfDirectorsMember	pure	6
jpcrp_cor:FixedRemunerationRemunerationByCategoryOfDirectorsAndOtherOfficers	固定報酬、役員区分ごとの報酬等	CurrentYearDuration_jpcrp030000-asr_E02144-000OfWhichOutsideMembersOfTheBoardOfDirectorsMember	JPY	101000000
jpcrp_cor:TotalAmountOfRemunerationEtcRemunerationEtcByCategoryOfDirectorsAndOtherOfficers	報酬等の総額、役員区分ごとの報酬等	CurrentYearDuration_jpcrp030000-asr_E02144-000OfWhichOutsideMembersOfTheBoardOfDirectorsMember	JPY	101000000
jpcrp_cor:NumberOfDirectorsAndOtherOfficersRemunerationEtcByCategoryOfDirectorsAndOtherOfficers	対象となる役員の員数、役員区分ごとの報酬等	CurrentYearDuration_jpcrp030000-asr_E02144-000MembersOfTheBoardOfDirectorsWhoAreAuditAndSupervisoryCommitteeMembersMember	pure	4
jpcrp_cor:FixedRemunerationRemunerationByCategoryOfDirectorsAndOtherOfficers	固定報酬、役員区分ごとの報酬等	CurrentYearDuration_jpcrp030000-asr_E02144-000MembersOfTheBoardOfDirectorsWhoAreAuditAndSupervisoryCommitteeMembersMember	JPY	194000000
jpcrp_cor:BonusRemunerationEtcByCategoryOfDirectorsAndOtherOfficers	賞与、役員区分ごとの報酬等	CurrentYearDuration_jpcrp030000-asr_E02144-000MembersOfTheBoardOfDirectorsWhoAreAuditAndSupervisoryCommitteeMembersMember	JPY	－
jpcrp_cor:ShareAwardsRemunerationEtcByCategoryOfDirectorsAndOtherOfficers	株式報酬、役員区分ごとの報酬等	CurrentYearDuration_jpcrp030000-asr_E02144-000MembersOfTheBoardOfDirectorsWhoAreAuditAndSupervisoryCommitteeMembersMember	JPY	－
jpcrp_cor:TotalAmountOfRemunerationEtcRemunerationEtcByCategoryOfDirectorsAndOtherOfficers	報酬等の総額、役員区分ごとの報酬等	CurrentYearDuration_jpcrp030000-asr_E02144-000MembersOfTheBoardOfDirectorsWhoAreAuditAndSupervisoryCommitteeMembersMember	JPY	194000000
jpcrp_cor:NumberOfDirectorsAndOtherOfficersRemunerationEtcByCategoryOfDirectorsAndOtherOfficers	対象となる役員の員数、役員区分ごとの報酬等	CurrentYearDuration_jpcrp030000-asr_E02144-000OfWhichOutsideMembersOfTheBoardOfDirectors1Member	pure	3
jpcrp_cor:FixedRemunerationRemunerationByCategoryOfDirectorsAndOtherOfficers	固定報酬、役員区分ごとの報酬等	CurrentYearDuration_jpcrp030000-asr_E02144-000OfWhichOutsideMembersOfTheBoardOfDirectors1Member	JPY	104000000
jpcrp_cor:TotalAmountOfRemunerationEtcRemunerationEtcByCategoryOfDirectorsAndOtherOfficers	報酬等の総額、役員区分ごとの報酬等	CurrentYearDuration_jpcrp030000-asr_E02144-000OfWhichOutsideMembersOfTheBoardOfDirectors1Member	JPY	104000000
jpcrp_cor:NumberOfDirectorsAndOtherOfficersRemunerationEtcByCategoryOfDirectorsAndOtherOfficers	対象となる役員の員数、役員区分ごとの報酬等	CurrentYearDuration_jpcrp030000-asr_E02144-000CorporateAuditorsMember	pure	6
jpcrp_cor:FixedRemunerationRemunerationByCategoryOfDirectorsAndOtherOfficers	固定報酬、役員区分ごとの報酬等	CurrentYearDuration_jpcrp030000-asr_E02144-000CorporateAuditorsMember	JPY	80000000
jpcrp_cor:BonusRemunerationEtcByCategoryOfDirectorsAndOtherOfficers	賞与、役員区分ごとの報酬等	CurrentYearDuration_jpcrp030000-asr_E02144-000CorporateAuditorsMember	JPY	－
jpcrp_cor:ShareAwardsRemunerationEtcByCategoryOfDirectorsAndOtherOfficers	株式報酬、役員区分ごとの報酬等	CurrentYearDuration_jpcrp030000-asr_E02144-000CorporateAuditorsMember	JPY	－
jpcrp_cor:TotalAmountOfRemunerationEtcRemunerationEtcByCategoryOfDirectorsAndOtherOfficers	報酬等の総額、役員区分ごとの報酬等	CurrentYearDuration_jpcrp030000-asr_E02144-000CorporateAuditorsMember	JPY	80000000
jpcrp_cor:NumberOfDirectorsAndOtherOfficersRemunerationEtcByCategoryOfDirectorsAndOtherOfficers	対象となる役員の員数、役員区分ごとの報酬等	CurrentYearDuration_OutsideCorporateAuditorsMember	pure	3
jpcrp_cor:FixedRemunerationRemunerationByCategoryOfDirectorsAndOtherOfficers	固定報酬、役員区分ごとの報酬等	CurrentYearDuration_OutsideCorporateAuditorsMember	JPY	28000000
jpcrp_cor:TotalAmountOfRemunerationEtcRemunerationEtcByCategoryOfDirectorsAndOtherOfficers	報酬等の総額、役員区分ごとの報酬等	CurrentYearDuration_OutsideCorporateAuditorsMember	JPY	28000000
jpcrp_cor:TotalAmountOfRemunerationEtcPaidByGroupRemunerationEtcPaidByGroupToEachDirectorOrOtherOfficer	連結報酬等の総額、役員ごとの連結報酬等	CurrentYearDuration_jpcrp030000-asr_E02144-000ToyodaAkioMember	JPY	2113000000
jpcrp_cor:TotalAmountOfRemunerationEtcPaidByGroupRemunerationEtcPaidByGroupToEachDirectorOrOtherOfficer	連結報酬等の総額、役員ごとの連結報酬等	CurrentYearDuration_jpcrp030000-asr_E02144-000SatoKojiMember	JPY	803000000
jpcrp_cor:TotalAmountOfRemunerationEtcPaidByGroupRemunerationEtcPaidByGroupToEachDirectorOrOtherOfficer	連結報酬等の総額、役員ごとの連結報酬等	CurrentYearDuration_jpcrp030000-asr_E02144-000NakajimaHirokiMember	JPY	476000000
jpcrp_cor:TotalAmountOfRemunerationEtcPaidByGroupRemunerationEtcPaidByGroupToEachDirectorOrOtherOfficer	連結報酬等の総額、役員ごとの連結報酬等	CurrentYearDuration_jpcrp030000-asr_E02144-000MiyazakiYoichiMember	JPY	481000000
jpcrp_cor:NumberOfIssuesSharesNotListedInvestmentSharesHeldForPurposesOtherThanPureInvestmentReportingCompany	銘柄数、非上場株式、保有目的が純投資目的以外の目的である投資株式、提出会社	CurrentYearInstant	pure	80
jpcrp_cor:CarryingAmountSharesNotListedInvestmentSharesHeldForPurposesOtherThanPureInvestmentReportingCompany	貸借対照表計上額、非上場株式、保有目的が純投資目的以外の目的である投資株式、提出会社	CurrentYearInstant	JPY	71851000000
jpcrp_cor:NumberOfIssuesSharesOtherThanThoseNotListedInvestmentSharesHeldForPurposesOtherThanPureInvestmentReportingCompany	銘柄数、非上場株式以外の株式、保有目的が純投資目的以外の目的である投資株式、提出会社	CurrentYearInstant	pure	34
jpcrp_cor:CarryingAmountSharesOtherThanThoseNotListedInvestmentSharesHeldForPurposesOtherThanPureInvestmentReportingCompany	貸借対照表計上額、非上場株式以外の株式、保有目的が純投資目的以外の目的である投資株式、提出会社	CurrentYearInstant	JPY	3237498000000
jpcrp_cor:NumberOfIssuesWhoseNumberOfSharesIncreasedSharesNotListedInvestmentSharesHeldForPurposesOtherThanPureInvestmentReportingCompany	株式数が増加した銘柄数、非上場株式、保有目的が純投資目的以外の目的である投資株式、提出会社	CurrentYearDuration	pure	4
jpcrp_cor:TotalAcquisitionCostForIncreasedSharesSharesNotListedInvestmentSharesHeldForPurposesOtherThanPureInvestmentReportingCompany	株式数の増加に係る取得価額の合計額、非上場株式、保有目的が純投資目的以外の目的である投資株式、提出会社	CurrentYearDuration	JPY	4196000000
jpcrp_cor:NumberOfIssuesWhoseNumberOfSharesIncreasedSharesOtherThanThoseNotListedInvestmentSharesHeldForPurposesOtherThanPureInvestmentReportingCompany	株式数が増加した銘柄数、非上場株式以外の株式、保有目的が純投資目的以外の目的である投資株式、提出会社	CurrentYearDuration	pure	6
jpcrp_cor:TotalAcquisitionCostForIncreasedSharesSharesOtherThanThoseNotListedInvestmentSharesHeldForPurposesOtherThanPureInvestmentReportingCompany	株式数の増加に係る取得価額の合計額、非上場株式以外の株式、保有目的が純投資目的以外の目的である投資株式、提出会社	CurrentYearDuration	JPY	93737000000
jpcrp_cor:NumberOfIssuesWhoseNumberOfSharesDecreasedSharesNotListedInvestmentSharesHeldForPurposesOtherThanPureInvestmentReportingCompany	株式数が減少した銘柄数、非上場株式、保有目的が純投資目的以外の目的である投資株式、提出会社	CurrentYearDuration	pure	4
jpcrp_cor:TotalSaleAmountForDecreasedSharesSharesNotListedInvestmentSharesHeldForPurposesOtherThanPureInvestmentReportingCompany	株式数の減少に係る売却価額の合計額、非上場株式、保有目的が純投資目的以外の目的である投資株式、提出会社	CurrentYearDuration	JPY	26000000
jpcrp_cor:NumberOfIssuesWhoseNumberOfSharesDecreasedSharesOtherThanThoseNotListedInvestmentSharesHeldForPurposesOtherThanPureInvestmentReportingCompany	株式数が減少した銘柄数、非上場株式以外の株式、保有目的が純投資目的以外の目的である投資株式、提出会社	CurrentYearDuration	pure	5
jpcrp_cor:TotalSaleAmountForDecreasedSharesSharesOtherThanThoseNotListedInvestmentSharesHeldForPurposesOtherThanPureInvestmentReportingCompany	株式数の減少に係る売却価額の合計額、非上場株式以外の株式、保有目的が純投資目的以外の目的である投資株式、提出会社	CurrentYearDuration	JPY	238784000000
jpcrp_cor:NumberOfSharesHeldDetailsOfSpecifiedInvestmentEquitySecuritiesHeldForPurposesOtherThanPureInvestmentReportingCompany	株式数、保有目的が純投資目的以外の目的である特定投資株式の明細、提出会社	CurrentYearInstant_Row1Member	shares	363365900
jpcrp_cor:NumberOfSharesHeldDetailsOfSpecifiedInvestmentEquitySecuritiesHeldForPurposesOtherThanPureInvestmentReportingCompany	株式数、保有目的が純投資目的以外の目的である特定投資株式の明細、提出会社	Prior1YearInstant_Row1Member	shares	203294600
jpcrp_cor:BookValueDetailsOfSpecifiedInvestmentEquitySecuritiesHeldForPurposesOtherThanPureInvestmentReportingCompany	貸借対照表計上額、保有目的が純投資目的以外の目的である特定投資株式の明細、提出会社	CurrentYearInstant_Row1Member	JPY	989627000000
jpcrp_cor:BookValueDetailsOfSpecifiedInvestmentEquitySecuritiesHeldForPurposesOtherThanPureInvestmentReportingCompany	貸借対照表計上額、保有目的が純投資目的以外の目的である特定投資株式の明細、提出会社	Prior1YearInstant_Row1Member	JPY	959347000000
jpcrp_cor:NumberOfSharesHeldDetailsOfSpecifiedInvestmentEquitySecuritiesHeldForPurposesOtherThanPureInvestmentReportingCompany	株式数、保有目的が純投資目的以外の目的である特定投資株式の明細、提出会社	CurrentYearInstant_Row2Member	shares	2019385000
jpcrp_cor:NumberOfSharesHeldDetailsOfSpecifiedInvestmentEquitySecuritiesHeldForPurposesOtherThanPureInvestmentReportingCompany	株式数、保有目的が純投資目的以外の目的である特定投資株式の明細、提出会社	Prior1YearInstant_Row2Member	shares	2019385000
jpcrp_cor:BookValueDetailsOfSpecifiedInvestmentEquitySecuritiesHeldForPurposesOtherThanPureInvestmentReportingCompany	貸借対照表計上額、保有目的が純投資目的以外の目的である特定投資株式の明細、提出会社	CurrentYearInstant_Row2Member	JPY	317447000000
jpcrp_cor:BookValueDetailsOfSpecifiedInvestmentEquitySecuritiesHeldForPurposesOtherThanPureInvestmentReportingCompany	貸借対照表計上額、保有目的が純投資目的以外の目的である特定投資株式の明細、提出会社	Prior1YearInstant_Row2Member	JPY	292205000000
jpcrp_cor:NumberOfSharesHeldDetailsOfSpecifiedInvestmentEquitySecuritiesHeldForPurposesOtherThanPureInvestmentReportingCompany	株式数、保有目的が純投資目的以外の目的である特定投資株式の明細、提出会社	CurrentYearInstant_Row3Member	shares	70371899
jpcrp_cor:NumberOfSharesHeldDetailsOfSpecifiedInvestmentEquitySecuritiesHeldForPurposesOtherThanPureInvestmentReportingCompany	株式数、保有目的が純投資目的以外の目的である特定投資株式の明細、提出会社	Prior1YearInstant_Row3Member	shares	105551899
jpcrp_cor:BookValueDetailsOfSpecifiedInvestmentEquitySecuritiesHeldForPurposesOtherThanPureInvestmentReportingCompany	貸借対照表計上額、保有目的が純投資目的以外の目的である特定投資株式の明細、提出会社	CurrentYearInstant_Row3Member	JPY	283739000000
jpcrp_cor:BookValueDetailsOfSpecifiedInvestmentEquitySecuritiesHeldForPurposesOtherThanPureInvestmentReportingCompany	貸借対照表計上額、保有目的が純投資目的以外の目的である特定投資株式の明細、提出会社	Prior1YearInstant_Row3Member	JPY	340405000000
jpcrp_cor:NumberOfSharesHeldDetailsOfSpecifiedInvestmentEquitySecuritiesHeldForPurposesOtherThanPureInvestmentReportingCompany	株式数、保有目的が純投資目的以外の目的である特定投資株式の明細、提出会社	CurrentYearInstant_Row4Member	shares	102580000
jpcrp_cor:NumberOfSharesHeldDetailsOfSpecifiedInvestmentEquitySecuritiesHeldForPurposesOtherThanPureInvestmentReportingCompany	株式数、保有目的が純投資目的以外の目的である特定投資株式の明細、提出会社	Prior1YearInstant_Row4Member	shares	102580000
jpcrp_cor:BookValueDetailsOfSpecifiedInvestmentEquitySecuritiesHeldForPurposesOtherThanPureInvestmentReportingCompany	貸借対照表計上額、保有目的が純投資目的以外の目的である特定投資株式の明細、提出会社	CurrentYearInstant_Row4Member	JPY	266708000000
jpcrp_cor:BookValueDetailsOfSpecifiedInvestmentEquitySecuritiesHeldForPurposesOtherThanPureInvestmentReportingCompany	貸借対照表計上額、保有目的が純投資目的以外の目的である特定投資株式の明細、提出会社	Prior1YearInstant_Row4Member	JPY	206288000000
jpcrp_cor:NumberOfSharesHeldDetailsOfSpecifiedInvestmentEquitySecuritiesHeldForPurposesOtherThanPureInvestmentReportingCompany	株式数、保有目的が純投資目的以外の目的である特定投資株式の明細、提出会社	CurrentYearInstant_Row5Member	shares	96000000
jpcrp_cor:NumberOfSharesHeldDetailsOfSpecifiedInvestmentEquitySecuritiesHeldForPurposesOtherThanPureInvestmentReportingCompany	株式数、保有目的が純投資目的以外の目的である特定投資株式の明細、提出会社	Prior1YearInstant_Row5Member	shares	96000000
jpcrp_cor:BookValueDetailsOfSpecifiedInvestmentEquitySecuritiesHeldForPurposesOtherThanPureInvestmentReportingCompany	貸借対照表計上額、保有目的が純投資目的以外の目的である特定投資株式の明細、提出会社	CurrentYearInstant_Row5Member	JPY	180048000000
jpcrp_cor:BookValueDetailsOfSpecifiedInvestmentEquitySecuritiesHeldForPurposesOtherThanPureInvestmentReportingCompany	貸借対照表計上額、保有目的が純投資目的以外の目的である特定投資株式の明細、提出会社	Prior1YearInstant_Row5Member	JPY	173760000000
jpcrp_cor:NumberOfSharesHeldDetailsOfSpecifiedInvestmentEquitySecuritiesHeldForPurposesOtherThanPureInvestmentReportingCompany	株式数、保有目的が純投資目的以外の目的である特定投資株式の明細、提出会社	CurrentYearInstant_Row6Member	shares	122573621
jpcrp_cor:NumberOfSharesHeldDetailsOfSpecifiedInvestmentEquitySecuritiesHeldForPurposesOtherThanPureInvestmentReportingCompany	株式数、保有目的が純投資目的以外の目的である特定投資株式の明細、提出会社	Prior1YearInstant_Row6Member	shares	72871831
jpcrp_cor:BookValueDetailsOfSpecifiedInvestmentEquitySecuritiesHeldForPurposesOtherThanPureInvestmentReportingCompany	貸借対照表計上額、保有目的が純投資目的以外の目的である特定投資株式の明細、提出会社	CurrentYearInstant_Row6Member	JPY	161872000000
jpcrp_cor:BookValueDetailsOfSpecifiedInvestmentEquitySecuritiesHeldForPurposesOtherThanPureInvestmentReportingCompany	貸借対照表計上額、保有目的が純投資目的以外の目的である特定投資株式の明細、提出会社	Prior1YearInstant_Row6Member	JPY	65593000000
jpcrp_cor:NumberOfSharesHeldDetailsOfSpecifiedInvestmentEquitySecuritiesHeldForPurposesOtherThanPureInvestmentReportingCompany	株式数、保有目的が純投資目的以外の目的である特定投資株式の明細、提出会社	CurrentYearInstant_Row7Member	shares	75015900
jpcrp_cor:NumberOfSharesHeldDetailsOfSpecifiedInvestmentEquitySecuritiesHeldForPurposesOtherThanPureInvestmentReportingCompany	株式数、保有目的が純投資目的以外の目的である特定投資株式の明細、提出会社	Prior1YearInstant_Row7Member	shares	75015900
jpcrp_cor:BookValueDetailsOfSpecifiedInvestmentEquitySecuritiesHeldForPurposesOtherThanPureInvestmentReportingCompany	貸借対照表計上額、保有目的が純投資目的以外の目的である特定投資株式の明細、提出会社	CurrentYearInstant_Row7Member	JPY	161397000000
jpcrp_cor:BookValueDetailsOfSpecifiedInvestmentEquitySecuritiesHeldForPurposesOtherThanPureInvestmentReportingCompany	貸借対照表計上額、保有目的が純投資目的以外の目的である特定投資株式の明細、提出会社	Prior1YearInstant_Row7Member	JPY	149094000000
jpcrp_cor:NumberOfSharesHeldDetailsOfSpecifiedInvestmentEquitySecuritiesHeldForPurposesOtherThanPureInvestmentReportingCompany	株式数、保有目的が純投資目的以外の目的である特定投資株式の明細、提出会社	CurrentYearInstant_Row8Member	shares	56617792
jpcrp_cor:NumberOfSharesHeldDetailsOfSpecifiedInvestmentEquitySecuritiesHeldForPurposesOtherThanPureInvestmentReportingCompany	株式数、保有目的が純投資目的以外の目的である特定投資株式の明細、提出会社	Prior1YearInstant_Row8Member	shares	45294234
jpcrp_cor:BookValueDetailsOfSpecifiedInvestmentEquitySecuritiesHeldForPurposesOtherThanPureInvestmentReportingCompany	貸借対照表計上額、保有目的が純投資目的以外の目的である特定投資株式の明細、提出会社	CurrentYearInstant_Row8Member	JPY	136600000000
jpcrp_cor:BookValueDetailsOfSpecifiedInvestmentEquitySecuritiesHeldForPurposesOtherThanPureInvestmentReportingCompany	貸借対照表計上額、保有目的が純投資目的以外の目的である特定投資株式の明細、提出会社	Prior1YearInstant_Row8Member	JPY	124609000000
jpcrp_cor:NumberOfSharesHeldDetailsOfSpecifiedInvestmentEquitySecuritiesHeldForPurposesOtherThanPureInvestmentReportingCompany	株式数、保有目的が純投資目的以外の目的である特定投資株式の明細、提出会社	CurrentYearInstant_Row9Member	shares	222906079
jpcrp_cor:NumberOfSharesHeldDetailsOfSpecifiedInvestmentEquitySecuritiesHeldForPurposesOtherThanPureInvestmentReportingCompany	株式数、保有目的が純投資目的以外の目的である特定投資株式の明細、提出会社	Prior1YearInstant_Row9Member	shares	222906079
jpcrp_cor:BookValueDetailsOfSpecifiedInvestmentEquitySecuritiesHeldForPurposesOtherThanPureInvestmentReportingCompany	貸借対照表計上額、保有目的が純投資目的以外の目的である特定投資株式の明細、提出会社	CurrentYearInstant_Row9Member	JPY	130436000000
jpcrp_cor:BookValueDetailsOfSpecifiedInvestmentEquitySecuritiesHeldForPurposesOtherThanPureInvestmentReportingCompany	貸借対照表計上額、保有目的が純投資目的以外の目的である特定投資株式の明細、提出会社	Prior1YearInstant_Row9Member	JPY	150980000000
jpcrp_cor:NumberOfSharesHeldDetailsOfSpecifiedInvestmentEquitySecuritiesHeldForPurposesOtherThanPureInvestmentReportingCompany	株式数、保有目的が純投資目的以外の目的である特定投資株式の明細、提出会社	CurrentYearInstant_Row10Member	shares	1920000000
jpcrp_cor:NumberOfSharesHeldDetailsOfSpecifiedInvestmentEquitySecuritiesHeldForPurposesOtherThanPureInvestmentReportingCompany	株式数、保有目的が純投資目的以外の目的である特定投資株式の明細、提出会社	Prior1YearInstant_Row10Member	shares	1920000000
jpcrp_cor:BookValueDetailsOfSpecifiedInvestmentEquitySecuritiesHeldForPurposesOtherThanPureInvestmentReportingCompany	貸借対照表計上額、保有目的が純投資目的以外の目的である特定投資株式の明細、提出会社	CurrentYearInstant_Row10Member	JPY	112800000000
jpcrp_cor:BookValueDetailsOfSpecifiedInvestmentEquitySecuritiesHeldForPurposesOtherThanPureInvestmentReportingCompany	貸借対照表計上額、保有目的が純投資目的以外の目的である特定投資株式の明細、提出会社	Prior1YearInstant_Row10Member	JPY	85962000000
jpcrp_cor:NumberOfSharesHeldDetailsOfSpecifiedInvestmentEquitySecuritiesHeldForPurposesOtherThanPureInvestmentReportingCompany	株式数、保有目的が純投資目的以外の目的である特定投資株式の明細、提出会社	CurrentYearInstant_Row11Member	shares	11058000
jpcrp_cor:NumberOfSharesHeldDetailsOfSpecifiedInvestmentEquitySecuritiesHeldForPurposesOtherThanPureInvestmentReportingCompany	株式数、保有目的が純投資目的以外の目的である特定投資株式の明細、提出会社	Prior1YearInstant_Row11Member	shares	11058000
jpcrp_cor:BookValueDetailsOfSpecifiedInvestmentEquitySecuritiesHeldForPurposesOtherThanPureInvestmentReportingCompany	貸借対照表計上額、保有目的が純投資目的以外の目的である特定投資株式の明細、提出会社	CurrentYearInstant_Row11Member	JPY	97919000000
jpcrp_cor:BookValueDetailsOfSpecifiedInvestmentEquitySecuritiesHeldForPurposesOtherThanPureInvestmentReportingCompany	貸借対照表計上額、保有目的が純投資目的以外の目的である特定投資株式の明細、提出会社	Prior1YearInstant_Row11Member	JPY	35883000000
jpcrp_cor:NumberOfSharesHeldDetailsOfSpecifiedInvestmentEquitySecuritiesHeldForPurposesOtherThanPureInvestmentReportingCompany	株式数、保有目的が純投資目的以外の目的である特定投資株式の明細、提出会社	CurrentYearInstant_Row12Member	shares	39000000
jpcrp_cor:NumberOfSharesHeldDetailsOfSpecifiedInvestmentEquitySecuritiesHeldForPurposesOtherThanPureInvestmentReportingCompany	株式数、保有目的が純投資目的以外の目的である特定投資株式の明細、提出会社	Prior1YearInstant_Row12Member	shares	39000000
jpcrp_cor:BookValueDetailsOfSpecifiedInvestmentEquitySecuritiesHeldForPurposesOtherThanPureInvestmentReportingCompany	貸借対照表計上額、保有目的が純投資目的以外の目的である特定投資株式の明細、提出会社	CurrentYearInstant_Row12Member	JPY	86619000000
jpcrp_cor:BookValueDetailsOfSpecifiedInvestmentEquitySecuritiesHeldForPurposesOtherThanPureInvestmentReportingCompany	貸借対照表計上額、保有目的が純投資目的以外の目的である特定投資株式の明細、提出会社	Prior1YearInstant_Row12Member	JPY	78644000000
jpcrp_cor:NumberOfSharesHeldDetailsOfSpecifiedInvestmentEquitySecuritiesHeldForPurposesOtherThanPureInvestmentReportingCompany	株式数、保有目的が純投資目的以外の目的である特定投資株式の明細、提出会社	CurrentYearInstant_Row13Member	shares	42453831
jpcrp_cor:NumberOfSharesHeldDetailsOfSpecifiedInvestmentEquitySecuritiesHeldForPurposesOtherThanPureInvestmentReportingCompany	株式数、保有目的が純投資目的以外の目的である特定投資株式の明細、提出会社	Prior1YearInstant_Row13Member	shares	42453831
jpcrp_cor:BookValueDetailsOfSpecifiedInvestmentEquitySecuritiesHeldForPurposesOtherThanPureInvestmentReportingCompany	貸借対照表計上額、保有目的が純投資目的以外の目的である特定投資株式の明細、提出会社	CurrentYearInstant_Row13Member	JPY	64074000000
jpcrp_cor:BookValueDetailsOfSpecifiedInvestmentEquitySecuritiesHeldForPurposesOtherThanPureInvestmentReportingCompany	貸借対照表計上額、保有目的が純投資目的以外の目的である特定投資株式の明細、提出会社	Prior1YearInstant_Row13Member	JPY	55987000000
jpcrp_cor:NumberOfSharesHeldDetailsOfSpecifiedInvestmentEquitySecuritiesHeldForPurposesOtherThanPureInvestmentReportingCompany	株式数、保有目的が純投資目的以外の目的である特定投資株式の明細、提出会社	CurrentYearInstant_Row14Member	shares	5125868
jpcrp_cor:NumberOfSharesHeldDetailsOfSpecifiedInvestmentEquitySecuritiesHeldForPurposesOtherThanPureInvestmentReportingCompany	株式数、保有目的が純投資目的以外の目的である特定投資株式の明細、提出会社	Prior1YearInstant_Row14Member	shares	5125868
jpcrp_cor:BookValueDetailsOfSpecifiedInvestmentEquitySecuritiesHeldForPurposesOtherThanPureInvestmentReportingCompany	貸借対照表計上額、保有目的が純投資目的以外の目的である特定投資株式の明細、提出会社	CurrentYearInstant_Row14Member	JPY	58948000000
jpcrp_cor:BookValueDetailsOfSpecifiedInvestmentEquitySecuritiesHeldForPurposesOtherThanPureInvestmentReportingCompany	貸借対照表計上額、保有目的が純投資目的以外の目的である特定投資株式の明細、提出会社	Prior1YearInstant_Row14Member	JPY	55841000000
jpcrp_cor:NumberOfSharesHeldDetailsOfSpecifiedInvestmentEquitySecuritiesHeldForPurposesOtherThanPureInvestmentReportingCompany	株式数、保有目的が純投資目的以外の目的である特定投資株式の明細、提出会社	CurrentYearInstant_Row15Member	shares	31928500
jpcrp_cor:NumberOfSharesHeldDetailsOfSpecifiedInvestmentEquitySecuritiesHeldForPurposesOtherThanPureInvestmentReportingCompany	株式数、保有目的が純投資目的以外の目的である特定投資株式の明細、提出会社	Prior1YearInstant_Row15Member	shares	31928500
jpcrp_cor:BookValueDetailsOfSpecifiedInvestmentEquitySecuritiesHeldForPurposesOtherThanPureInvestmentReportingCompany	貸借対照表計上額、保有目的が純投資目的以外の目的である特定投資株式の明細、提出会社	CurrentYearInstant_Row15Member	JPY	33174000000
jpcrp_cor:BookValueDetailsOfSpecifiedInvestmentEquitySecuritiesHeldForPurposesOtherThanPureInvestmentReportingCompany	貸借対照表計上額、保有目的が純投資目的以外の目的である特定投資株式の明細、提出会社	Prior1YearInstant_Row15Member	JPY	30083000000
jpcrp_cor:NumberOfSharesHeldDetailsOfSpecifiedInvestmentEquitySecuritiesHeldForPurposesOtherThanPureInvestmentReportingCompany	株式数、保有目的が純投資目的以外の目的である特定投資株式の明細、提出会社	CurrentYearInstant_Row16Member	shares	47348178
jpcrp_cor:NumberOfSharesHeldDetailsOfSpecifiedInvestmentEquitySecuritiesHeldForPurposesOtherThanPureInvestmentReportingCompany	株式数、保有目的が純投資目的以外の目的である特定投資株式の明細、提出会社	Prior1YearInstant_Row16Member	shares	47348178
jpcrp_cor:BookValueDetailsOfSpecifiedInvestmentEquitySecuritiesHeldForPurposesOtherThanPureInvestmentReportingCompany	貸借対照表計上額、保有目的が純投資目的以外の目的である特定投資株式の明細、提出会社	CurrentYearInstant_Row16Member	JPY	31189000000
jpcrp_cor:BookValueDetailsOfSpecifiedInvestmentEquitySecuritiesHeldForPurposesOtherThanPureInvestmentReportingCompany	貸借対照表計上額、保有目的が純投資目的以外の目的である特定投資株式の明細、提出会社	Prior1YearInstant_Row16Member	JPY	47610000000
jpcrp_cor:NumberOfSharesHeldDetailsOfSpecifiedInvestmentEquitySecuritiesHeldForPurposesOtherThanPureInvestmentReportingCompany	株式数、保有目的が純投資目的以外の目的である特定投資株式の明細、提出会社	CurrentYearInstant_Row17Member	shares	7977348
jpcrp_cor:NumberOfSharesHeldDetailsOfSpecifiedInvestmentEquitySecuritiesHeldForPurposesOtherThanPureInvestmentReportingCompany	株式数、保有目的が純投資目的以外の目的である特定投資株式の明細、提出会社	Prior1YearInstant_Row17Member	shares	－
jpcrp_cor:BookValueDetailsOfSpecifiedInvestmentEquitySecuritiesHeldForPurposesOtherThanPureInvestmentReportingCompany	貸借対照表計上額、保有目的が純投資目的以外の目的である特定投資株式の明細、提出会社	CurrentYearInstant_Row17Member	JPY	26062000000
jpcrp_cor:BookValueDetailsOfSpecifiedInvestmentEquitySecuritiesHeldForPurposesOtherThanPureInvestmentReportingCompany	貸借対照表計上額、保有目的が純投資目的以外の目的である特定投資株式の明細、提出会社	Prior1YearInstant_Row17Member	JPY	－
jpcrp_cor:NumberOfSharesHeldDetailsOfSpecifiedInvestmentEquitySecuritiesHeldForPurposesOtherThanPureInvestmentReportingCompany	株式数、保有目的が純投資目的以外の目的である特定投資株式の明細、提出会社	CurrentYearInstant_Row18Member	shares	18750000
jpcrp_cor:NumberOfSharesHeldDetailsOfSpecifiedInvestmentEquitySecuritiesHeldForPurposesOtherThanPureInvestmentReportingCompany	株式数、保有目的が純投資目的以外の目的である特定投資株式の明細、提出会社	Prior1YearInstant_Row18Member	shares	18750000
jpcrp_cor:BookValueDetailsOfSpecifiedInvestmentEquitySecuritiesHeldForPurposesOtherThanPureInvestmentReportingCompany	貸借対照表計上額、保有目的が純投資目的以外の目的である特定投資株式の明細、提出会社	CurrentYearInstant_Row18Member	JPY	21103000000
jpcrp_cor:BookValueDetailsOfSpecifiedInvestmentEquitySecuritiesHeldForPurposesOtherThanPureInvestmentReportingCompany	貸借対照表計上額、保有目的が純投資目的以外の目的である特定投資株式の明細、提出会社	Prior1YearInstant_Row18Member	JPY	22350000000
jpcrp_cor:NumberOfSharesHeldDetailsOfSpecifiedInvestmentEquitySecuritiesHeldForPurposesOtherThanPureInvestmentReportingCompany	株式数、保有目的が純投資目的以外の目的である特定投資株式の明細、提出会社	CurrentYearInstant_Row19Member	shares	2420000
jpcrp_cor:NumberOfSharesHeldDetailsOfSpecifiedInvestmentEquitySecuritiesHeldForPurposesOtherThanPureInvestmentReportingCompany	株式数、保有目的が純投資目的以外の目的である特定投資株式の明細、提出会社	Prior1YearInstant_Row19Member	shares	2420000
jpcrp_cor:BookValueDetailsOfSpecifiedInvestmentEquitySecuritiesHeldForPurposesOtherThanPureInvestmentReportingCompany	貸借対照表計上額、保有目的が純投資目的以外の目的である特定投資株式の明細、提出会社	CurrentYearInstant_Row19Member	JPY	20280000000
jpcrp_cor:BookValueDetailsOfSpecifiedInvestmentEquitySecuritiesHeldForPurposesOtherThanPureInvestmentReportingCompany	貸借対照表計上額、保有目的が純投資目的以外の目的である特定投資株式の明細、提出会社	Prior1YearInstant_Row19Member	JPY	5968000000
jpcrp_cor:NumberOfSharesHeldDetailsOfSpecifiedInvestmentEquitySecuritiesHeldForPurposesOtherThanPureInvestmentReportingCompany	株式数、保有目的が純投資目的以外の目的である特定投資株式の明細、提出会社	CurrentYearInstant_Row20Member	shares	2236080
jpcrp_cor:NumberOfSharesHeldDetailsOfSpecifiedInvestmentEquitySecuritiesHeldForPurposesOtherThanPureInvestmentReportingCompany	株式数、保有目的が純投資目的以外の目的である特定投資株式の明細、提出会社	Prior1YearInstant_Row20Member	shares	2236080
jpcrp_cor:BookValueDetailsOfSpecifiedInvestmentEquitySecuritiesHeldForPurposesOtherThanPureInvestmentReportingCompany	貸借対照表計上額、保有目的が純投資目的以外の目的である特定投資株式の明細、提出会社	CurrentYearInstant_Row20Member	JPY	11800000000
jpcrp_cor:BookValueDetailsOfSpecifiedInvestmentEquitySecuritiesHeldForPurposesOtherThanPureInvestmentReportingCompany	貸借対照表計上額、保有目的が純投資目的以外の目的である特定投資株式の明細、提出会社	Prior1YearInstant_Row20Member	JPY	5327000000
jpcrp_cor:NumberOfSharesHeldDetailsOfSpecifiedInvestmentEquitySecuritiesHeldForPurposesOtherThanPureInvestmentReportingCompany	株式数、保有目的が純投資目的以外の目的である特定投資株式の明細、提出会社	CurrentYearInstant_Row21Member	shares	6666327
jpcrp_cor:NumberOfSharesHeldDetailsOfSpecifiedInvestmentEquitySecuritiesHeldForPurposesOtherThanPureInvestmentReportingCompany	株式数、保有目的が純投資目的以外の目的である特定投資株式の明細、提出会社	Prior1YearInstant_Row21Member	shares	6666327
jpcrp_cor:BookValueDetailsOfSpecifiedInvestmentEquitySecuritiesHeldForPurposesOtherThanPureInvestmentReportingCompany	貸借対照表計上額、保有目的が純投資目的以外の目的である特定投資株式の明細、提出会社	CurrentYearInstant_Row21Member	JPY	10551000000
jpcrp_cor:BookValueDetailsOfSpecifiedInvestmentEquitySecuritiesHeldForPurposesOtherThanPureInvestmentReportingCompany	貸借対照表計上額、保有目的が純投資目的以外の目的である特定投資株式の明細、提出会社	Prior1YearInstant_Row21Member	JPY	8657000000
jpcrp_cor:NumberOfSharesHeldDetailsOfSpecifiedInvestmentEquitySecuritiesHeldForPurposesOtherThanPureInvestmentReportingCompany	株式数、保有目的が純投資目的以外の目的である特定投資株式の明細、提出会社	CurrentYearInstant_Row22Member	shares	5748133
jpcrp_cor:NumberOfSharesHeldDetailsOfSpecifiedInvestmentEquitySecuritiesHeldForPurposesOtherThanPureInvestmentReportingCompany	株式数、保有目的が純投資目的以外の目的である特定投資株式の明細、提出会社	Prior1YearInstant_Row22Member	shares	5748133
jpcrp_cor:BookValueDetailsOfSpecifiedInvestmentEquitySecuritiesHeldForPurposesOtherThanPureInvestmentReportingCompany	貸借対照表計上額、保有目的が純投資目的以外の目的である特定投資株式の明細、提出会社	CurrentYearInstant_Row22Member	JPY	10028000000
jpcrp_cor:BookValueDetailsOfSpecifiedInvestmentEquitySecuritiesHeldForPurposesOtherThanPureInvestmentReportingCompany	貸借対照表計上額、保有目的が純投資目的以外の目的である特定投資株式の明細、提出会社	Prior1YearInstant_Row22Member	JPY	11275000000
jpcrp_cor:NumberOfSharesHeldDetailsOfSpecifiedInvestmentEquitySecuritiesHeldForPurposesOtherThanPureInvestmentReportingCompany	株式数、保有目的が純投資目的以外の目的である特定投資株式の明細、提出会社	CurrentYearInstant_Row23Member	shares	4345000
jpcrp_cor:NumberOfSharesHeldDetailsOfSpecifiedInvestmentEquitySecuritiesHeldForPurposesOtherThanPureInvestmentReportingCompany	株式数、保有目的が純投資目的以外の目的である特定投資株式の明細、提出会社	Prior1YearInstant_Row23Member	shares	4345000
jpcrp_cor:BookValueDetailsOfSpecifiedInvestmentEquitySecuritiesHeldForPurposesOtherThanPureInvestmentReportingCompany	貸借対照表計上額、保有目的が純投資目的以外の目的である特定投資株式の明細、提出会社	CurrentYearInstant_Row23Member	JPY	7875000000
jpcrp_cor:BookValueDetailsOfSpecifiedInvestmentEquitySecuritiesHeldForPurposesOtherThanPureInvestmentReportingCompany	貸借対照表計上額、保有目的が純投資目的以外の目的である特定投資株式の明細、提出会社	Prior1YearInstant_Row23Member	JPY	5171000000
jpcrp_cor:NumberOfSharesHeldDetailsOfSpecifiedInvestmentEquitySecuritiesHeldForPurposesOtherThanPureInvestmentReportingCompany	株式数、保有目的が純投資目的以外の目的である特定投資株式の明細、提出会社	CurrentYearInstant_Row24Member	shares	744000
jpcrp_cor:NumberOfSharesHeldDetailsOfSpecifiedInvestmentEquitySecuritiesHeldForPurposesOtherThanPureInvestmentReportingCompany	株式数、保有目的が純投資目的以外の目的である特定投資株式の明細、提出会社	Prior1YearInstant_Row24Member	shares	744000
jpcrp_cor:BookValueDetailsOfSpecifiedInvestmentEquitySecuritiesHeldForPurposesOtherThanPureInvestmentReportingCompany	貸借対照表計上額、保有目的が純投資目的以外の目的である特定投資株式の明細、提出会社	CurrentYearInstant_Row24Member	JPY	4657000000
jpcrp_cor:BookValueDetailsOfSpecifiedInvestmentEquitySecuritiesHeldForPurposesOtherThanPureInvestmentReportingCompany	貸借対照表計上額、保有目的が純投資目的以外の目的である特定投資株式の明細、提出会社	Prior1YearInstant_Row24Member	JPY	3152000000
jpcrp_cor:NumberOfSharesHeldDetailsOfSpecifiedInvestmentEquitySecuritiesHeldForPurposesOtherThanPureInvestmentReportingCompany	株式数、保有目的が純投資目的以外の目的である特定投資株式の明細、提出会社	CurrentYearInstant_Row25Member	shares	4272000
jpcrp_cor:NumberOfSharesHeldDetailsOfSpecifiedInvestmentEquitySecuritiesHeldForPurposesOtherThanPureInvestmentReportingCompany	株式数、保有目的が純投資目的以外の目的である特定投資株式の明細、提出会社	Prior1YearInstant_Row25Member	shares	4272000
jpcrp_cor:BookValueDetailsOfSpecifiedInvestmentEquitySecuritiesHeldForPurposesOtherThanPureInvestmentReportingCompany	貸借対照表計上額、保有目的が純投資目的以外の目的である特定投資株式の明細、提出会社	CurrentYearInstant_Row25Member	JPY	4229000000
jpcrp_cor:BookValueDetailsOfSpecifiedInvestmentEquitySecuritiesHeldForPurposesOtherThanPureInvestmentReportingCompany	貸借対照表計上額、保有目的が純投資目的以外の目的である特定投資株式の明細、提出会社	Prior1YearInstant_Row25Member	JPY	4533000000
jpcrp_cor:NumberOfSharesHeldDetailsOfSpecifiedInvestmentEquitySecuritiesHeldForPurposesOtherThanPureInvestmentReportingCompany	株式数、保有目的が純投資目的以外の目的である特定投資株式の明細、提出会社	CurrentYearInstant_Row26Member	shares	4677500
jpcrp_cor:NumberOfSharesHeldDetailsOfSpecifiedInvestmentEquitySecuritiesHeldForPurposesOtherThanPureInvestmentReportingCompany	株式数、保有目的が純投資目的以外の目的である特定投資株式の明細、提出会社	Prior1YearInstant_Row26Member	shares	4677500
jpcrp_cor:BookValueDetailsOfSpecifiedInvestmentEquitySecuritiesHeldForPurposesOtherThanPureInvestmentReportingCompany	貸借対照表計上額、保有目的が純投資目的以外の目的である特定投資株式の明細、提出会社	CurrentYearInstant_Row26Member	JPY	2755000000
jpcrp_cor:BookValueDetailsOfSpecifiedInvestmentEquitySecuritiesHeldForPurposesOtherThanPureInvestmentReportingCompany	貸借対照表計上額、保有目的が純投資目的以外の目的である特定投資株式の明細、提出会社	Prior1YearInstant_Row26Member	JPY	3237000000
jpcrp_cor:NumberOfSharesHeldDetailsOfSpecifiedInvestmentEquitySecuritiesHeldForPurposesOtherThanPureInvestmentReportingCompany	株式数、保有目的が純投資目的以外の目的である特定投資株式の明細、提出会社	CurrentYearInstant_Row27Member	shares	766600
jpcrp_cor:NumberOfSharesHeldDetailsOfSpecifiedInvestmentEquitySecuritiesHeldForPurposesOtherThanPureInvestmentReportingCompany	株式数、保有目的が純投資目的以外の目的である特定投資株式の明細、提出会社	Prior1YearInstant_Row27Member	shares	766600
jpcrp_cor:BookValueDetailsOfSpecifiedInvestmentEquitySecuritiesHeldForPurposesOtherThanPureInvestmentReportingCompany	貸借対照表計上額、保有目的が純投資目的以外の目的である特定投資株式の明細、提出会社	CurrentYearInstant_Row27Member	JPY	2033000000
jpcrp_cor:BookValueDetailsOfSpecifiedInvestmentEquitySecuritiesHeldForPurposesOtherThanPureInvestmentReportingCompany	貸借対照表計上額、保有目的が純投資目的以外の目的である特定投資株式の明細、提出会社	Prior1YearInstant_Row27Member	JPY	2251000000
jpcrp_cor:NumberOfSharesHeldDetailsOfSpecifiedInvestmentEquitySecuritiesHeldForPurposesOtherThanPureInvestmentReportingCompany	株式数、保有目的が純投資目的以外の目的である特定投資株式の明細、提出会社	CurrentYearInstant_Row28Member	shares	15495175
jpcrp_cor:NumberOfSharesHeldDetailsOfSpecifiedInvestmentEquitySecuritiesHeldForPurposesOtherThanPureInvestmentReportingCompany	株式数、保有目的が純投資目的以外の目的である特定投資株式の明細、提出会社	Prior1YearInstant_Row28Member	shares	15495175
jpcrp_cor:BookValueDetailsOfSpecifiedInvestmentEquitySecuritiesHeldForPurposesOtherThanPureInvestmentReportingCompany	貸借対照表計上額、保有目的が純投資目的以外の目的である特定投資株式の明細、提出会社	CurrentYearInstant_Row28Member	JPY	1813000000
jpcrp_cor:BookValueDetailsOfSpecifiedInvestmentEquitySecuritiesHeldForPurposesOtherThanPureInvestmentReportingCompany	貸借対照表計上額、保有目的が純投資目的以外の目的である特定投資株式の明細、提出会社	Prior1YearInstant_Row28Member	JPY	1658000000
jpcrp_cor:NumberOfSharesHeldDetailsOfSpecifiedInvestmentEquitySecuritiesHeldForPurposesOtherThanPureInvestmentReportingCompany	株式数、保有目的が純投資目的以外の目的である特定投資株式の明細、提出会社	CurrentYearInstant_Row29Member	shares	291911
jpcrp_cor:NumberOfSharesHeldDetailsOfSpecifiedInvestmentEquitySecuritiesHeldForPurposesOtherThanPureInvestmentReportingCompany	株式数、保有目的が純投資目的以外の目的である特定投資株式の明細、提出会社	Prior1YearInstant_Row29Member	shares	291911
jpcrp_cor:BookValueDetailsOfSpecifiedInvestmentEquitySecuritiesHeldForPurposesOtherThanPureInvestmentReportingCompany	貸借対照表計上額、保有目的が純投資目的以外の目的である特定投資株式の明細、提出会社	CurrentYearInstant_Row29Member	JPY	678000000
jpcrp_cor:BookValueDetailsOfSpecifiedInvestmentEquitySecuritiesHeldForPurposesOtherThanPureInvestmentReportingCompany	貸借対照表計上額、保有目的が純投資目的以外の目的である特定投資株式の明細、提出会社	Prior1YearInstant_Row29Member	JPY	955000000
jpcrp_cor:NumberOfSharesHeldDetailsOfSpecifiedInvestmentEquitySecuritiesHeldForPurposesOtherThanPureInvestmentReportingCompany	株式数、保有目的が純投資目的以外の目的である特定投資株式の明細、提出会社	CurrentYearInstant_Row30Member	shares	792000
jpcrp_cor:NumberOfSharesHeldDetailsOfSpecifiedInvestmentEquitySecuritiesHeldForPurposesOtherThanPureInvestmentReportingCompany	株式数、保有目的が純投資目的以外の目的である特定投資株式の明細、提出会社	Prior1YearInstant_Row30Member	shares	792000
jpcrp_cor:BookValueDetailsOfSpecifiedInvestmentEquitySecuritiesHeldForPurposesOtherThanPureInvestmentReportingCompany	貸借対照表計上額、保有目的が純投資目的以外の目的である特定投資株式の明細、提出会社	CurrentYearInstant_Row30Member	JPY	493000000
jpcrp_cor:BookValueDetailsOfSpecifiedInvestmentEquitySecuritiesHeldForPurposesOtherThanPureInvestmentReportingCompany	貸借対照表計上額、保有目的が純投資目的以外の目的である特定投資株式の明細、提出会社	Prior1YearInstant_Row30Member	JPY	371000000
jpcrp_cor:NumberOfSharesHeldDetailsOfSpecifiedInvestmentEquitySecuritiesHeldForPurposesOtherThanPureInvestmentReportingCompany	株式数、保有目的が純投資目的以外の目的である特定投資株式の明細、提出会社	CurrentYearInstant_Row31Member	shares	7142857
jpcrp_cor:NumberOfSharesHeldDetailsOfSpecifiedInvestmentEquitySecuritiesHeldForPurposesOtherThanPureInvestmentReportingCompany	株式数、保有目的が純投資目的以外の目的である特定投資株式の明細、提出会社	Prior1YearInstant_Row31Member	shares	－
jpcrp_cor:BookValueDetailsOfSpecifiedInvestmentEquitySecuritiesHeldForPurposesOtherThanPureInvestmentReportingCompany	貸借対照表計上額、保有目的が純投資目的以外の目的である特定投資株式の明細、提出会社	CurrentYearInstant_Row31Member	JPY	290000000
jpcrp_cor:BookValueDetailsOfSpecifiedInvestmentEquitySecuritiesHeldForPurposesOtherThanPureInvestmentReportingCompany	貸借対照表計上額、保有目的が純投資目的以外の目的である特定投資株式の明細、提出会社	Prior1YearInstant_Row31Member	JPY	－
jpcrp_cor:NumberOfSharesHeldDetailsOfSpecifiedInvestmentEquitySecuritiesHeldForPurposesOtherThanPureInvestmentReportingCompany	株式数、保有目的が純投資目的以外の目的である特定投資株式の明細、提出会社	CurrentYearInstant_Row32Member	shares	85000
jpcrp_cor:NumberOfSharesHeldDetailsOfSpecifiedInvestmentEquitySecuritiesHeldForPurposesOtherThanPureInvestmentReportingCompany	株式数、保有目的が純投資目的以外の目的である特定投資株式の明細、提出会社	Prior1YearInstant_Row32Member	shares	80000
jpcrp_cor:BookValueDetailsOfSpecifiedInvestmentEquitySecuritiesHeldForPurposesOtherThanPureInvestmentReportingCompany	貸借対照表計上額、保有目的が純投資目的以外の目的である特定投資株式の明細、提出会社	CurrentYearInstant_Row32Member	JPY	132000000
jpcrp_cor:BookValueDetailsOfSpecifiedInvestmentEquitySecuritiesHeldForPurposesOtherThanPureInvestmentReportingCompany	貸借対照表計上額、保有目的が純投資目的以外の目的である特定投資株式の明細、提出会社	Prior1YearInstant_Row32Member	JPY	136000000
jpcrp_cor:NumberOfSharesHeldDetailsOfSpecifiedInvestmentEquitySecuritiesHeldForPurposesOtherThanPureInvestmentReportingCompany	株式数、保有目的が純投資目的以外の目的である特定投資株式の明細、提出会社	CurrentYearInstant_Row33Member	shares	13000
jpcrp_cor:NumberOfSharesHeldDetailsOfSpecifiedInvestmentEquitySecuritiesHeldForPurposesOtherThanPureInvestmentReportingCompany	株式数、保有目的が純投資目的以外の目的である特定投資株式の明細、提出会社	Prior1YearInstant_Row33Member	shares	－
jpcrp_cor:BookValueDetailsOfSpecifiedInvestmentEquitySecuritiesHeldForPurposesOtherThanPureInvestmentReportingCompany	貸借対照表計上額、保有目的が純投資目的以外の目的である特定投資株式の明細、提出会社	CurrentYearInstant_Row33Member	JPY	117000000
jpcrp_cor:BookValueDetailsOfSpecifiedInvestmentEquitySecuritiesHeldForPurposesOtherThanPureInvestmentReportingCompany	貸借対照表計上額、保有目的が純投資目的以外の目的である特定投資株式の明細、提出会社	Prior1YearInstant_Row33Member	JPY	－
jpcrp_cor:NumberOfSharesHeldDetailsOfSpecifiedInvestmentEquitySecuritiesHeldForPurposesOtherThanPureInvestmentReportingCompany	株式数、保有目的が純投資目的以外の目的である特定投資株式の明細、提出会社	CurrentYearInstant_Row34Member	shares	10000
jpcrp_cor:NumberOfSharesHeldDetailsOfSpecifiedInvestmentEquitySecuritiesHeldForPurposesOtherThanPureInvestmentReportingCompany	株式数、保有目的が純投資目的以外の目的である特定投資株式の明細、提出会社	Prior1YearInstant_Row34Member	shares	10000
jpcrp_cor:BookValueDetailsOfSpecifiedInvestmentEquitySecuritiesHeldForPurposesOtherThanPureInvestmentReportingCompany	貸借対照表計上額、保有目的が純投資目的以外の目的である特定投資株式の明細、提出会社	CurrentYearInstant_Row34Member	JPY	6000000
jpcrp_cor:BookValueDetailsOfSpecifiedInvestmentEquitySecuritiesHeldForPurposesOtherThanPureInvestmentReportingCompany	貸借対照表計上額、保有目的が純投資目的以外の目的である特定投資株式の明細、提出会社	Prior1YearInstant_Row34Member	JPY	15000000
jpcrp_cor:NumberOfSharesHeldDetailsOfSpecifiedInvestmentEquitySecuritiesHeldForPurposesOtherThanPureInvestmentReportingCompany	株式数、保有目的が純投資目的以外の目的である特定投資株式の明細、提出会社	CurrentYearInstant_Row35Member	shares	－
jpcrp_cor:NumberOfSharesHeldDetailsOfSpecifiedInvestmentEquitySecuritiesHeldForPurposesOtherThanPureInvestmentReportingCompany	株式数、保有目的が純投資目的以外の目的である特定投資株式の明細、提出会社	Prior1YearInstant_Row35Member	shares	8227800
jpcrp_cor:BookValueDetailsOfSpecifiedInvestmentEquitySecuritiesHeldForPurposesOtherThanPureInvestmentReportingCompany	貸借対照表計上額、保有目的が純投資目的以外の目的である特定投資株式の明細、提出会社	CurrentYearInstant_Row35Member	JPY	－
jpcrp_cor:BookValueDetailsOfSpecifiedInvestmentEquitySecuritiesHeldForPurposesOtherThanPureInvestmentReportingCompany	貸借対照表計上額、保有目的が純投資目的以外の目的である特定投資株式の明細、提出会社	Prior1YearInstant_Row35Member	JPY	14576000000
jpcrp_cor:NumberOfSharesHeldDetailsOfSpecifiedInvestmentEquitySecuritiesHeldForPurposesOtherThanPureInvestmentReportingCompany	株式数、保有目的が純投資目的以外の目的である特定投資株式の明細、提出会社	CurrentYearInstant_Row36Member	shares	－
jpcrp_cor:NumberOfSharesHeldDetailsOfSpecifiedInvestmentEquitySecuritiesHeldForPurposesOtherThanPureInvestmentReportingCompany	株式数、保有目的が純投資目的以外の目的である特定投資株式の明細、提出会社	Prior1YearInstant_Row36Member	shares	2938834
jpcrp_cor:BookValueDetailsOfSpecifiedInvestmentEquitySecuritiesHeldForPurposesOtherThanPureInvestmentReportingCompany	貸借対照表計上額、保有目的が純投資目的以外の目的である特定投資株式の明細、提出会社	CurrentYearInstant_Row36Member	JPY	－
jpcrp_cor:BookValueDetailsOfSpecifiedInvestmentEquitySecuritiesHeldForPurposesOtherThanPureInvestmentReportingCompany	貸借対照表計上額、保有目的が純投資目的以外の目的である特定投資株式の明細、提出会社	Prior1YearInstant_Row36Member	JPY	8637000000
jpcrp_cor:NumberOfSharesHeldDetailsOfSpecifiedInvestmentEquitySecuritiesHeldForPurposesOtherThanPureInvestmentReportingCompany	株式数、保有目的が純投資目的以外の目的である特定投資株式の明細、提出会社	CurrentYearInstant_Row37Member	shares	－
jpcrp_cor:NumberOfSharesHeldDetailsOfSpecifiedInvestmentEquitySecuritiesHeldForPurposesOtherThanPureInvestmentReportingCompany	株式数、保有目的が純投資目的以外の目的である特定投資株式の明細、提出会社	Prior1YearInstant_Row37Member	shares	1078000
jpcrp_cor:BookValueDetailsOfSpecifiedInvestmentEquitySecuritiesHeldForPurposesOtherThanPureInvestmentReportingCompany	貸借対照表計上額、保有目的が純投資目的以外の目的である特定投資株式の明細、提出会社	CurrentYearInstant_Row37Member	JPY	－
jpcrp_cor:BookValueDetailsOfSpecifiedInvestmentEquitySecuritiesHeldForPurposesOtherThanPureInvestmentReportingCompany	貸借対照表計上額、保有目的が純投資目的以外の目的である特定投資株式の明細、提出会社	Prior1YearInstant_Row37Member	JPY	825000000
jpcrp_cor:NumberOfSharesHeldDetailsOfDeemedHoldingsOfEquitySecuritiesHeldForPurposesOtherThanPureInvestmentReportingCompany	株式数、保有目的が純投資目的以外の目的であるみなし保有株式の明細、提出会社	CurrentYearInstant_Row1Member	shares	－
jpcrp_cor:NumberOfSharesHeldDetailsOfDeemedHoldingsOfEquitySecuritiesHeldForPurposesOtherThanPureInvestmentReportingCompany	株式数、保有目的が純投資目的以外の目的であるみなし保有株式の明細、提出会社	Prior1YearInstant_Row1Member	shares	3988674
jpcrp_cor:BookValueDetailsOfDeemedHoldingsOfEquitySecuritiesHeldForPurposesOtherThanPureInvestmentReportingCompany	貸借対照表計上額、保有目的が純投資目的以外の目的であるみなし保有株式の明細、提出会社	CurrentYearInstant_Row1Member	JPY	－
jpcrp_cor:BookValueDetailsOfDeemedHoldingsOfEquitySecuritiesHeldForPurposesOtherThanPureInvestmentReportingCompany	貸借対照表計上額、保有目的が純投資目的以外の目的であるみなし保有株式の明細、提出会社	Prior1YearInstant_Row1Member	JPY	23912000000
jpcrp_cor:NumberOfSharesHeldDetailsOfDeemedHoldingsOfEquitySecuritiesHeldForPurposesOtherThanPureInvestmentReportingCompany	株式数、保有目的が純投資目的以外の目的であるみなし保有株式の明細、提出会社	CurrentYearInstant_Row2Member	shares	－
jpcrp_cor:NumberOfSharesHeldDetailsOfDeemedHoldingsOfEquitySecuritiesHeldForPurposesOtherThanPureInvestmentReportingCompany	株式数、保有目的が純投資目的以外の目的であるみなし保有株式の明細、提出会社	Prior1YearInstant_Row2Member	shares	1378700
jpcrp_cor:BookValueDetailsOfDeemedHoldingsOfEquitySecuritiesHeldForPurposesOtherThanPureInvestmentReportingCompany	貸借対照表計上額、保有目的が純投資目的以外の目的であるみなし保有株式の明細、提出会社	CurrentYearInstant_Row2Member	JPY	－
jpcrp_cor:BookValueDetailsOfDeemedHoldingsOfEquitySecuritiesHeldForPurposesOtherThanPureInvestmentReportingCompany	貸借対照表計上額、保有目的が純投資目的以外の目的であるみなし保有株式の明細、提出会社	Prior1YearInstant_Row2Member	JPY	2596000000
jpcrp_cor:NumberOfSharesHeldDetailsOfDeemedHoldingsOfEquitySecuritiesHeldForPurposesOtherThanPureInvestmentReportingCompany	株式数、保有目的が純投資目的以外の目的であるみなし保有株式の明細、提出会社	CurrentYearInstant_Row3Member	shares	－
jpcrp_cor:NumberOfSharesHeldDetailsOfDeemedHoldingsOfEquitySecuritiesHeldForPurposesOtherThanPureInvestmentReportingCompany	株式数、保有目的が純投資目的以外の目的であるみなし保有株式の明細、提出会社	Prior1YearInstant_Row3Member	shares	76000
jpcrp_cor:BookValueDetailsOfDeemedHoldingsOfEquitySecuritiesHeldForPurposesOtherThanPureInvestmentReportingCompany	貸借対照表計上額、保有目的が純投資目的以外の目的であるみなし保有株式の明細、提出会社	CurrentYearInstant_Row3Member	JPY	－
jpcrp_cor:BookValueDetailsOfDeemedHoldingsOfEquitySecuritiesHeldForPurposesOtherThanPureInvestmentReportingCompany	貸借対照表計上額、保有目的が純投資目的以外の目的であるみなし保有株式の明細、提出会社	Prior1YearInstant_Row3Member	JPY	530000000
jpcrp_cor:NumberOfSharesHeldDetailsOfDeemedHoldingsOfEquitySecuritiesHeldForPurposesOtherThanPureInvestmentReportingCompany	株式数、保有目的が純投資目的以外の目的であるみなし保有株式の明細、提出会社	CurrentYearInstant_Row4Member	shares	－
jpcrp_cor:NumberOfSharesHeldDetailsOfDeemedHoldingsOfEquitySecuritiesHeldForPurposesOtherThanPureInvestmentReportingCompany	株式数、保有目的が純投資目的以外の目的であるみなし保有株式の明細、提出会社	Prior1YearInstant_Row4Member	shares	5000
jpcrp_cor:BookValueDetailsOfDeemedHoldingsOfEquitySecuritiesHeldForPurposesOtherThanPureInvestmentReportingCompany	貸借対照表計上額、保有目的が純投資目的以外の目的であるみなし保有株式の明細、提出会社	CurrentYearInstant_Row4Member	JPY	－
jpcrp_cor:BookValueDetailsOfDeemedHoldingsOfEquitySecuritiesHeldForPurposesOtherThanPureInvestmentReportingCompany	貸借対照表計上額、保有目的が純投資目的以外の目的であるみなし保有株式の明細、提出会社	Prior1YearInstant_Row4Member	JPY	9000000
jpcrp_cor:NumberOfSharesHeldDetailsOfDeemedHoldingsOfEquitySecuritiesHeldForPurposesOtherThanPureInvestmentReportingCompany	株式数、保有目的が純投資目的以外の目的であるみなし保有株式の明細、提出会社	CurrentYearInstant_Row5Member	shares	－
jpcrp_cor:NumberOfSharesHeldDetailsOfDeemedHoldingsOfEquitySecuritiesHeldForPurposesOtherThanPureInvestmentReportingCompany	株式数、保有目的が純投資目的以外の目的であるみなし保有株式の明細、提出会社	Prior1YearInstant_Row5Member	shares	12279
jpcrp_cor:BookValueDetailsOfDeemedHoldingsOfEquitySecuritiesHeldForPurposesOtherThanPureInvestmentReportingCompany	貸借対照表計上額、保有目的が純投資目的以外の目的であるみなし保有株式の明細、提出会社	CurrentYearInstant_Row5Member	JPY	－
jpcrp_cor:BookValueDetailsOfDeemedHoldingsOfEquitySecuritiesHeldForPurposesOtherThanPureInvestmentReportingCompany	貸借対照表計上額、保有目的が純投資目的以外の目的であるみなし保有株式の明細、提出会社	Prior1YearInstant_Row5Member	JPY	7000000
jpcrp_cor:NumberOfEmployees	従業員数	CurrentYearInstant_jpcrp030000-asr_E02144-000AutomotiveReportableSegmentMember	pure	343952
jpcrp_cor:AverageNumberOfTemporaryWorkers	平均臨時雇用人員	CurrentYearInstant_jpcrp030000-asr_E02144-000AutomotiveReportableSegmentMember	pure	85655
jpcrp_cor:NumberOfEmployees	従業員数	CurrentYearInstant_jpcrp030000-asr_E02144-000FinancialServicesReportableSegmentMember	pure	16222
jpcrp_cor:AverageNumberOfTemporaryWorkers	平均臨時雇用人員	CurrentYearInstant_jpcrp030000-asr_E02144-000FinancialServicesReportableSegmentMember	pure	1713
jpcrp_cor:NumberOfEmployees	従業員数	CurrentYearInstant_jpcrp030000-asr_E02144-000AllOtherReportableSegmentMember	pure	23934
jpcrp_cor:AverageNumberOfTemporaryWorkers	平均臨時雇用人員	CurrentYearInstant_jpcrp030000-asr_E02144-000AllOtherReportableSegmentMember	pure	10204
jpcrp_cor:NumberOfEmployees	従業員数	CurrentYearInstant_CorporateSharedMember	pure	6819
jpcrp_cor:AverageNumberOfTemporaryWorkers	平均臨時雇用人員	CurrentYearInstant_CorporateSharedMember	pure	1460
jpcrp_cor:NumberOfEmployees	従業員数	CurrentYearInstant	pure	390927
jpcrp_cor:AverageNumberOfTemporaryWorkers	平均臨時雇用人員	CurrentYearInstant	pure	99032
jpcrp_cor:NumberOfEmployees	従業員数	CurrentYearInstant_NonConsolidatedMember	pure	73133
jpcrp_cor:AverageNumberOfTemporaryWorkers	平均臨時雇用人員	CurrentYearInstant_NonConsolidatedMember	pure	16689
jpcrp_cor:AverageAgeYearsInformationAboutReportingCompanyInformationAboutEmployees	平均年齢（年）、提出会社の状況、従業員の状況	CurrentYearInstant_NonConsolidatedMember	pure	40.5
jpcrp_cor:AverageLengthOfServiceYearsInformationAboutReportingCompanyInformationAboutEmployees	平均勤続年数（年）、提出会社の状況、従業員の状況	CurrentYearInstant_NonConsolidatedMember	pure	15.1
jpcrp_cor:AverageAnnualSalaryInformationAboutReportingCompanyInformationAboutEmployees	平均年間給与、提出会社の状況、従業員の状況	CurrentYearInstant_NonConsolidatedMember	JPY	10060464
jpcrp030000-asr_E02144-000:ChangeFromPreviousFiscalYearInAverageAnnualSalaryInformationAboutReportingCompanyInformationAboutEmployees		CurrentYearInstant_NonConsolidatedMember	pure	0.024
jpcrp_cor:NumberOfEmployees	従業員数	CurrentYearInstant_NonConsolidatedMember_jpcrp030000-asr_E02144-000AutomotiveReportableSegmentMember	pure	66018
jpcrp_cor:AverageNumberOfTemporaryWorkers	平均臨時雇用人員	CurrentYearInstant_NonConsolidatedMember_jpcrp030000-asr_E02144-000AutomotiveReportableSegmentMember	pure	15159
jpcrp_cor:NumberOfEmployees	従業員数	CurrentYearInstant_NonConsolidatedMember_jpcrp030000-asr_E02144-000AllOtherReportableSegmentMember	pure	307
jpcrp_cor:AverageNumberOfTemporaryWorkers	平均臨時雇用人員	CurrentYearInstant_NonConsolidatedMember_jpcrp030000-asr_E02144-000AllOtherReportableSegmentMember	pure	70
jpcrp_cor:NumberOfEmployees	従業員数	CurrentYearInstant_NonConsolidatedMember_CorporateSharedMember	pure	6808
jpcrp_cor:AverageNumberOfTemporaryWorkers	平均臨時雇用人員	CurrentYearInstant_NonConsolidatedMember_CorporateSharedMember	pure	1460
jpcrp_cor:NumberOfEmployees	従業員数	CurrentYearInstant_NonConsolidatedMember	pure	73133
jpcrp_cor:AverageNumberOfTemporaryWorkers	平均臨時雇用人員	CurrentYearInstant_NonConsolidatedMember	pure	16689
jpcrp_cor:RatioOfFemaleEmployeesInManagerialPositionsMetricsOfReportingCompany	管理職に占める女性労働者の割合、提出会社の指標	CurrentYearInstant_NonConsolidatedMember	pure	0.039
jpcrp_cor:AllEmployeesCalculatedBasedOnProvisionsOfArticle714Item1OfOrdinanceForEnforcementOfActOnChildcareLeaveCaregiverLeaveAndOtherMeasuresForTheWelfareOfWorkersCaringForChildrenOrOtherFamilyMembersRatioOfMaleEmployeesTakingChildcareLeaveMetricsOfReportingCompany	全労働者、育児休業、介護休業等育児又は家族介護を行う労働者の福祉に関する法律施行規則第71条の6第1号における割合を算出、男性労働者の育児休業取得率、提出会社の指標	CurrentYearInstant_NonConsolidatedMember	pure	0.790
jpcrp_cor:AllEmployeesDifferencesInWagesBetweenMaleAndFemaleEmployeesMetricsOfReportingCompany	全労働者、労働者の男女の賃金の差異、提出会社の指標	CurrentYearInstant_NonConsolidatedMember	pure	0.670
jpcrp_cor:RegularEmployeesDifferencesInWagesBetweenMaleAndFemaleEmployeesMetricsOfReportingCompany	正規雇用労働者、労働者の男女の賃金の差異、提出会社の指標	CurrentYearInstant_NonConsolidatedMember	pure	0.668
jpcrp_cor:NonRegularEmployeesDifferencesInWagesBetweenMaleAndFemaleEmployeesMetricsOfReportingCompany	非正規雇用労働者、労働者の男女の賃金の差異、提出会社の指標	CurrentYearInstant_NonConsolidatedMember	pure	0.597
jpcrp_cor:RatioOfFemaleEmployeesInManagerialPositionsMetricsOfConsolidatedSubsidiaries	管理職に占める女性労働者の割合、連結子会社の指標	CurrentYearInstant_Row1Member	pure	0.028
jpcrp_cor:AllEmployeesRatioOfMaleEmployeesTakingChildcareLeaveMetricsOfConsolidatedSubsidiaries	全労働者、男性労働者の育児休業取得率、連結子会社の指標	CurrentYearInstant_Row1Member	pure	0.780
jpcrp_cor:AllEmployeesDifferencesInWagesBetweenMaleAndFemaleEmployeesMetricsOfConsolidatedSubsidiaries	全労働者、労働者の男女の賃金の差異、連結子会社の指標	CurrentYearInstant_Row1Member	pure	0.787
jpcrp_cor:RegularEmployeesDifferencesInWagesBetweenMaleAndFemaleEmployeesMetricsOfConsolidatedSubsidiaries	正規雇用労働者、労働者の男女の賃金の差異、連結子会社の指標	CurrentYearInstant_Row1Member	pure	0.782
jpcrp_cor:NonRegularEmployeesDifferencesInWagesBetweenMaleAndFemaleEmployeesMetricsOfConsolidatedSubsidiaries	非正規雇用労働者、労働者の男女の賃金の差異、連結子会社の指標	CurrentYearInstant_Row1Member	pure	0.944
jpcrp_cor:RatioOfFemaleEmployeesInManagerialPositionsMetricsOfConsolidatedSubsidiaries	管理職に占める女性労働者の割合、連結子会社の指標	CurrentYearInstant_Row2Member	pure	－
jpcrp_cor:AllEmployeesRatioOfMaleEmployeesTakingChildcareLeaveMetricsOfConsolidatedSubsidiaries	全労働者、男性労働者の育児休業取得率、連結子会社の指標	CurrentYearInstant_Row2Member	pure	0.690
jpcrp_cor:AllEmployeesDifferencesInWagesBetweenMaleAndFemaleEmployeesMetricsOfConsolidatedSubsidiaries	全労働者、労働者の男女の賃金の差異、連結子会社の指標	CurrentYearInstant_Row2Member	pure	0.802
jpcrp_cor:RegularEmployeesDifferencesInWagesBetweenMaleAndFemaleEmployeesMetricsOfConsolidatedSubsidiaries	正規雇用労働者、労働者の男女の賃金の差異、連結子会社の指標	CurrentYearInstant_Row2Member	pure	0.795
jpcrp_cor:NonRegularEmployeesDifferencesInWagesBetweenMaleAndFemaleEmployeesMetricsOfConsolidatedSubsidiaries	非正規雇用労働者、労働者の男女の賃金の差異、連結子会社の指標	CurrentYearInstant_Row2Member	pure	0.833
jpcrp_cor:RatioOfFemaleEmployeesInManagerialPositionsMetricsOfConsolidatedSubsidiaries	管理職に占める女性労働者の割合、連結子会社の指標	CurrentYearInstant_Row3Member	pure	0.031
jpcrp_cor:AllEmployeesRatioOfMaleEmployeesTakingChildcareLeaveMetricsOfConsolidatedSubsidiaries	全労働者、男性労働者の育児休業取得率、連結子会社の指標	CurrentYearInstant_Row3Member	pure	0.730
jpcrp_cor:AllEmployeesDifferencesInWagesBetweenMaleAndFemaleEmployeesMetricsOfConsolidatedSubsidiaries	全労働者、労働者の男女の賃金の差異、連結子会社の指標	CurrentYearInstant_Row3Member	pure	0.782
jpcrp_cor:RegularEmployeesDifferencesInWagesBetweenMaleAndFemaleEmployeesMetricsOfConsolidatedSubsidiaries	正規雇用労働者、労働者の男女の賃金の差異、連結子会社の指標	CurrentYearInstant_Row3Member	pure	0.790
jpcrp_cor:NonRegularEmployeesDifferencesInWagesBetweenMaleAndFemaleEmployeesMetricsOfConsolidatedSubsidiaries	非正規雇用労働者、労働者の男女の賃金の差異、連結子会社の指標	CurrentYearInstant_Row3Member	pure	0.691
jpcrp_cor:RatioOfFemaleEmployeesInManagerialPositionsMetricsOfConsolidatedSubsidiaries	管理職に占める女性労働者の割合、連結子会社の指標	CurrentYearInstant_Row4Member	pure	0.028
jpcrp_cor:AllEmployeesRatioOfMaleEmployeesTakingChildcareLeaveMetricsOfConsolidatedSubsidiaries	全労働者、男性労働者の育児休業取得率、連結子会社の指標	CurrentYearInstant_Row4Member	pure	0.870
jpcrp_cor:AllEmployeesDifferencesInWagesBetweenMaleAndFemaleEmployeesMetricsOfConsolidatedSubsidiaries	全労働者、労働者の男女の賃金の差異、連結子会社の指標	CurrentYearInstant_Row4Member	pure	0.749
jpcrp_cor:RegularEmployeesDifferencesInWagesBetweenMaleAndFemaleEmployeesMetricsOfConsolidatedSubsidiaries	正規雇用労働者、労働者の男女の賃金の差異、連結子会社の指標	CurrentYearInstant_Row4Member	pure	0.740
jpcrp_cor:NonRegularEmployeesDifferencesInWagesBetweenMaleAndFemaleEmployeesMetricsOfConsolidatedSubsidiaries	非正規雇用労働者、労働者の男女の賃金の差異、連結子会社の指標	CurrentYearInstant_Row4Member	pure	0.790
jpcrp_cor:RatioOfFemaleEmployeesInManagerialPositionsMetricsOfConsolidatedSubsidiaries	管理職に占める女性労働者の割合、連結子会社の指標	CurrentYearInstant_Row5Member	pure	0.034
jpcrp_cor:AllEmployeesRatioOfMaleEmployeesTakingChildcareLeaveMetricsOfConsolidatedSubsidiaries	全労働者、男性労働者の育児休業取得率、連結子会社の指標	CurrentYearInstant_Row5Member	pure	0.580
jpcrp_cor:AllEmployeesDifferencesInWagesBetweenMaleAndFemaleEmployeesMetricsOfConsolidatedSubsidiaries	全労働者、労働者の男女の賃金の差異、連結子会社の指標	CurrentYearInstant_Row5Member	pure	0.690
jpcrp_cor:RegularEmployeesDifferencesInWagesBetweenMaleAndFemaleEmployeesMetricsOfConsolidatedSubsidiaries	正規雇用労働者、労働者の男女の賃金の差異、連結子会社の指標	CurrentYearInstant_Row5Member	pure	0.690
jpcrp_cor:NonRegularEmployeesDifferencesInWagesBetweenMaleAndFemaleEmployeesMetricsOfConsolidatedSubsidiaries	非正規雇用労働者、労働者の男女の賃金の差異、連結子会社の指標	CurrentYearInstant_Row5Member	pure	0.707
jpcrp_cor:RatioOfFemaleEmployeesInManagerialPositionsMetricsOfConsolidatedSubsidiaries	管理職に占める女性労働者の割合、連結子会社の指標	CurrentYearInstant_Row6Member	pure	0.024
jpcrp_cor:AllEmployeesRatioOfMaleEmployeesTakingChildcareLeaveMetricsOfConsolidatedSubsidiaries	全労働者、男性労働者の育児休業取得率、連結子会社の指標	CurrentYearInstant_Row6Member	pure	0.590
jpcrp_cor:AllEmployeesDifferencesInWagesBetweenMaleAndFemaleEmployeesMetricsOfConsolidatedSubsidiaries	全労働者、労働者の男女の賃金の差異、連結子会社の指標	CurrentYearInstant_Row6Member	pure	0.787
jpcrp_cor:RegularEmployeesDifferencesInWagesBetweenMaleAndFemaleEmployeesMetricsOfConsolidatedSubsidiaries	正規雇用労働者、労働者の男女の賃金の差異、連結子会社の指標	CurrentYearInstant_Row6Member	pure	0.777
jpcrp_cor:NonRegularEmployeesDifferencesInWagesBetweenMaleAndFemaleEmployeesMetricsOfConsolidatedSubsidiaries	非正規雇用労働者、労働者の男女の賃金の差異、連結子会社の指標	CurrentYearInstant_Row6Member	pure	0.661
jpcrp_cor:RatioOfFemaleEmployeesInManagerialPositionsMetricsOfConsolidatedSubsidiaries	管理職に占める女性労働者の割合、連結子会社の指標	CurrentYearInstant_Row7Member	pure	0.129
jpcrp_cor:AllEmployeesRatioOfMaleEmployeesTakingChildcareLeaveMetricsOfConsolidatedSubsidiaries	全労働者、男性労働者の育児休業取得率、連結子会社の指標	CurrentYearInstant_Row7Member	pure	0.800
jpcrp_cor:AllEmployeesDifferencesInWagesBetweenMaleAndFemaleEmployeesMetricsOfConsolidatedSubsidiaries	全労働者、労働者の男女の賃金の差異、連結子会社の指標	CurrentYearInstant_Row7Member	pure	0.784
jpcrp_cor:RegularEmployeesDifferencesInWagesBetweenMaleAndFemaleEmployeesMetricsOfConsolidatedSubsidiaries	正規雇用労働者、労働者の男女の賃金の差異、連結子会社の指標	CurrentYearInstant_Row7Member	pure	0.813
jpcrp_cor:NonRegularEmployeesDifferencesInWagesBetweenMaleAndFemaleEmployeesMetricsOfConsolidatedSubsidiaries	非正規雇用労働者、労働者の男女の賃金の差異、連結子会社の指標	CurrentYearInstant_Row7Member	pure	0.770
jpcrp_cor:RatioOfFemaleEmployeesInManagerialPositionsMetricsOfConsolidatedSubsidiaries	管理職に占める女性労働者の割合、連結子会社の指標	CurrentYearInstant_Row8Member	pure	0.149
jpcrp030000-asr_E02144-000:SpecialistsRatioOfMaleEmployeesTakingChildcareLeaveMetricsOfConsolidatedSubsidiaries		CurrentYearInstant_Row8Member	pure	1.000
jpcrp_cor:AllEmployeesDifferencesInWagesBetweenMaleAndFemaleEmployeesMetricsOfConsolidatedSubsidiaries	全労働者、労働者の男女の賃金の差異、連結子会社の指標	CurrentYearInstant_Row8Member	pure	0.713
jpcrp_cor:RegularEmployeesDifferencesInWagesBetweenMaleAndFemaleEmployeesMetricsOfConsolidatedSubsidiaries	正規雇用労働者、労働者の男女の賃金の差異、連結子会社の指標	CurrentYearInstant_Row8Member	pure	0.750
jpcrp_cor:NonRegularEmployeesDifferencesInWagesBetweenMaleAndFemaleEmployeesMetricsOfConsolidatedSubsidiaries	非正規雇用労働者、労働者の男女の賃金の差異、連結子会社の指標	CurrentYearInstant_Row8Member	pure	0.518
jpcrp_cor:RatioOfFemaleEmployeesInManagerialPositionsMetricsOfConsolidatedSubsidiaries	管理職に占める女性労働者の割合、連結子会社の指標	CurrentYearInstant_Row9Member	pure	0.076
jpcrp_cor:AllEmployeesRatioOfMaleEmployeesTakingChildcareLeaveMetricsOfConsolidatedSubsidiaries	全労働者、男性労働者の育児休業取得率、連結子会社の指標	CurrentYearInstant_Row9Member	pure	0.930
jpcrp_cor:AllEmployeesDifferencesInWagesBetweenMaleAndFemaleEmployeesMetricsOfConsolidatedSubsidiaries	全労働者、労働者の男女の賃金の差異、連結子会社の指標	CurrentYearInstant_Row9Member	pure	0.515
jpcrp_cor:RegularEmployeesDifferencesInWagesBetweenMaleAndFemaleEmployeesMetricsOfConsolidatedSubsidiaries	正規雇用労働者、労働者の男女の賃金の差異、連結子会社の指標	CurrentYearInstant_Row9Member	pure	0.515
jpcrp_cor:NonRegularEmployeesDifferencesInWagesBetweenMaleAndFemaleEmployeesMetricsOfConsolidatedSubsidiaries	非正規雇用労働者、労働者の男女の賃金の差異、連結子会社の指標	CurrentYearInstant_Row9Member	pure	0.533
jpigp_cor:CashAndCashEquivalentsIFRS	現金及び現金同等物（IFRS）	Prior1YearInstant	JPY	8982404000000
jpigp_cor:CashAndCashEquivalentsIFRS	現金及び現金同等物（IFRS）	CurrentYearInstant	JPY	12659622000000
jpigp_cor:TradeAndOtherReceivablesCAIFRS	営業債権及びその他の債権、流動資産（IFRS）	Prior1YearInstant	JPY	3679722000000
jpigp_cor:TradeAndOtherReceivablesCAIFRS	営業債権及びその他の債権、流動資産（IFRS）	CurrentYearInstant	JPY	3795986000000
jpcrp030000-asr_E02144-000:ReceivablesRelatedToFinancialServicesCAIFRS		Prior1YearInstant	JPY	11453249000000
jpcrp030000-asr_E02144-000:ReceivablesRelatedToFinancialServicesCAIFRS		CurrentYearInstant	JPY	13478474000000
jpigp_cor:OtherFinancialAssetsCAIFRS	その他の金融資産、流動資産（IFRS）	Prior1YearInstant	JPY	6935759000000
jpigp_cor:OtherFinancialAssetsCAIFRS	その他の金融資産、流動資産（IFRS）	CurrentYearInstant	JPY	3982445000000
jpigp_cor:InventoriesCAIFRS	棚卸資産、流動資産（IFRS）	Prior1YearInstant	JPY	4598232000000
jpigp_cor:InventoriesCAIFRS	棚卸資産、流動資産（IFRS）	CurrentYearInstant	JPY	5134996000000
jpigp_cor:IncomeTaxesReceivableCAIFRS	未収法人所得税、流動資産（IFRS）	Prior1YearInstant	JPY	216528000000
jpigp_cor:IncomeTaxesReceivableCAIFRS	未収法人所得税、流動資産（IFRS）	CurrentYearInstant	JPY	235425000000
jpigp_cor:OtherCurrentAssetsCAIFRS	その他の流動資産（IFRS）	Prior1YearInstant	JPY	1212783000000
jpigp_cor:OtherCurrentAssetsCAIFRS	その他の流動資産（IFRS）	CurrentYearInstant	JPY	1520330000000
jpigp_cor:CurrentAssetsOtherThanAssetsHeldForSaleCAIFRS	売却目的で保有する資産を除く流動資産（IFRS）	Prior1YearInstant	JPY	37078676000000
jpigp_cor:CurrentAssetsOtherThanAssetsHeldForSaleCAIFRS	売却目的で保有する資産を除く流動資産（IFRS）	CurrentYearInstant	JPY	40807277000000
jpigp_cor:AssetsHeldForSaleIFRS	売却目的で保有する資産（IFRS）	Prior1YearInstant	JPY	－
jpigp_cor:AssetsHeldForSaleIFRS	売却目的で保有する資産（IFRS）	CurrentYearInstant	JPY	2016804000000
jpigp_cor:CurrentAssetsIFRS	流動資産（IFRS）	Prior1YearInstant	JPY	37078676000000
jpigp_cor:CurrentAssetsIFRS	流動資産（IFRS）	CurrentYearInstant	JPY	42824081000000
jpigp_cor:InvestmentsAccountedForUsingEquityMethodIFRS	持分法で会計処理されている投資（IFRS）	Prior1YearInstant	JPY	5798051000000
jpigp_cor:InvestmentsAccountedForUsingEquityMethodIFRS	持分法で会計処理されている投資（IFRS）	CurrentYearInstant	JPY	5342548000000
jpcrp030000-asr_E02144-000:ReceivablesRelatedToFinancialServicesNCAIFRS		Prior1YearInstant	JPY	22171786000000
jpcrp030000-asr_E02144-000:ReceivablesRelatedToFinancialServicesNCAIFRS		CurrentYearInstant	JPY	25488182000000
jpigp_cor:OtherFinancialAssetsNCAIFRS	その他の金融資産、非流動資産（IFRS）	Prior1YearInstant	JPY	9882841000000
jpigp_cor:OtherFinancialAssetsNCAIFRS	その他の金融資産、非流動資産（IFRS）	CurrentYearInstant	JPY	11135799000000
jpigp_cor:LandAcquisitionCostIFRS	土地、取得原価（IFRS）	Prior1YearInstant	JPY	1428122000000
jpigp_cor:LandAcquisitionCostIFRS	土地、取得原価（IFRS）	CurrentYearInstant	JPY	1351625000000
jpigp_cor:BuildingsAcquisitionCostIFRS	建物、取得原価（IFRS）	Prior1YearInstant	JPY	6170063000000
jpigp_cor:BuildingsAcquisitionCostIFRS	建物、取得原価（IFRS）	CurrentYearInstant	JPY	6284907000000
jpigp_cor:MachineryAndEquipmentAcquisitionCostIFRS	機械装置、取得原価（IFRS）	Prior1YearInstant	JPY	16621243000000
jpigp_cor:MachineryAndEquipmentAcquisitionCostIFRS	機械装置、取得原価（IFRS）	CurrentYearInstant	JPY	17509377000000
jpcrp030000-asr_E02144-000:VehiclesAndEquipmentOnOperatingLeasesAcquisitionCostIFRS		Prior1YearInstant	JPY	8051945000000
jpcrp030000-asr_E02144-000:VehiclesAndEquipmentOnOperatingLeasesAcquisitionCostIFRS		CurrentYearInstant	JPY	9705647000000
jpigp_cor:ConstructionInProgressAcquisitionCostIFRS	建設仮勘定、取得原価（IFRS）	Prior1YearInstant	JPY	1596145000000
jpigp_cor:ConstructionInProgressAcquisitionCostIFRS	建設仮勘定、取得原価（IFRS）	CurrentYearInstant	JPY	1719808000000
jpigp_cor:PropertyPlantAndEquipmentAcquisitionCostIFRS	有形固定資産、取得原価（IFRS）	Prior1YearInstant	JPY	33867518000000
jpigp_cor:PropertyPlantAndEquipmentAcquisitionCostIFRS	有形固定資産、取得原価（IFRS）	CurrentYearInstant	JPY	36571364000000
jpigp_cor:PropertyPlantAndEquipmentAccumulatedDepreciationAndImpairmentLossesIFRS	有形固定資産、減価償却累計額及び減損損失累計額（IFRS）	Prior1YearInstant	JPY	-18533826000000
jpigp_cor:PropertyPlantAndEquipmentAccumulatedDepreciationAndImpairmentLossesIFRS	有形固定資産、減価償却累計額及び減損損失累計額（IFRS）	CurrentYearInstant	JPY	-19504000000000
jpigp_cor:PropertyPlantAndEquipmentIFRS	有形固定資産（IFRS）	Prior1YearInstant	JPY	15333693000000
jpigp_cor:PropertyPlantAndEquipmentIFRS	有形固定資産（IFRS）	CurrentYearInstant	JPY	17067365000000
jpigp_cor:RightOfUseAssetsIFRS	使用権資産（IFRS）	Prior1YearInstant	JPY	583068000000
jpigp_cor:RightOfUseAssetsIFRS	使用権資産（IFRS）	CurrentYearInstant	JPY	901232000000
jpigp_cor:IntangibleAssetsIFRS	無形資産（IFRS）	Prior1YearInstant	JPY	1363266000000
jpigp_cor:IntangibleAssetsIFRS	無形資産（IFRS）	CurrentYearInstant	JPY	1392755000000
jpigp_cor:DeferredTaxAssetsIFRS	繰延税金資産（IFRS）	Prior1YearInstant	JPY	517869000000
jpigp_cor:DeferredTaxAssetsIFRS	繰延税金資産（IFRS）	CurrentYearInstant	JPY	555596000000
jpigp_cor:OtherNonCurrentAssetsNCAIFRS	その他の非流動資産（IFRS）	Prior1YearInstant	JPY	872101000000
jpigp_cor:OtherNonCurrentAssetsNCAIFRS	その他の非流動資産（IFRS）	CurrentYearInstant	JPY	814773000000
jpigp_cor:NonCurrentAssetsIFRS	非流動資産（IFRS）	Prior1YearInstant	JPY	56522674000000
jpigp_cor:NonCurrentAssetsIFRS	非流動資産（IFRS）	CurrentYearInstant	JPY	62698250000000
jpigp_cor:AssetsIFRS	資産（IFRS）	Prior1YearInstant	JPY	93601350000000
jpigp_cor:AssetsIFRS	資産（IFRS）	CurrentYearInstant	JPY	105522331000000
jpigp_cor:TradeAndOtherPayablesCLIFRS	営業債務及びその他の債務、流動負債（IFRS）	Prior1YearInstant	JPY	5527347000000
jpigp_cor:TradeAndOtherPayablesCLIFRS	営業債務及びその他の債務、流動負債（IFRS）	CurrentYearInstant	JPY	5856945000000
jpigp_cor:InterestBearingLiabilitiesCLIFRS	有利子負債、流動負債（IFRS）	Prior1YearInstant	JPY	15829516000000
jpigp_cor:InterestBearingLiabilitiesCLIFRS	有利子負債、流動負債（IFRS）	CurrentYearInstant	JPY	17581104000000
jpigp_cor:AccruedExpensesCLIFRS	未払費用、流動負債（IFRS）	Prior1YearInstant	JPY	1827933000000
jpigp_cor:AccruedExpensesCLIFRS	未払費用、流動負債（IFRS）	CurrentYearInstant	JPY	2112571000000
jpigp_cor:OtherFinancialLiabilitiesCLIFRS	その他の金融負債、流動負債（IFRS）	Prior1YearInstant	JPY	1869117000000
jpigp_cor:OtherFinancialLiabilitiesCLIFRS	その他の金融負債、流動負債（IFRS）	CurrentYearInstant	JPY	2384008000000
jpigp_cor:IncomeTaxesPayableCLIFRS	未払法人所得税、流動負債（IFRS）	Prior1YearInstant	JPY	505500000000
jpigp_cor:IncomeTaxesPayableCLIFRS	未払法人所得税、流動負債（IFRS）	CurrentYearInstant	JPY	711675000000
jpcrp030000-asr_E02144-000:LiabilitiesForQualityAssuranceCLIFRS		Prior1YearInstant	JPY	1965748000000
jpcrp030000-asr_E02144-000:LiabilitiesForQualityAssuranceCLIFRS		CurrentYearInstant	JPY	2097943000000
jpigp_cor:ProvisionsCLIFRS	引当金、流動負債（IFRS）	Prior1YearInstant	JPY	413352000000
jpigp_cor:ProvisionsCLIFRS	引当金、流動負債（IFRS）	CurrentYearInstant	JPY	431191000000
jpigp_cor:OtherCurrentLiabilitiesCLIFRS	その他の流動負債（IFRS）	Prior1YearInstant	JPY	1495707000000
jpigp_cor:OtherCurrentLiabilitiesCLIFRS	その他の流動負債（IFRS）	CurrentYearInstant	JPY	1735034000000
jpigp_cor:LiabilitiesOtherThanLiabilitiesDirectlyAssociatedWithAssetsHeldForSaleIFRS	売却目的で保有する資産に直接関連する負債を除く負債（IFRS）	Prior1YearInstant	JPY	29434220000000
jpigp_cor:LiabilitiesOtherThanLiabilitiesDirectlyAssociatedWithAssetsHeldForSaleIFRS	売却目的で保有する資産に直接関連する負債を除く負債（IFRS）	CurrentYearInstant	JPY	32910472000000
jpigp_cor:LiabilitiesDirectlyAssociatedWithAssetsHeldForSaleIFRS	売却目的で保有する資産に直接関連する負債（IFRS）	Prior1YearInstant	JPY	－
jpigp_cor:LiabilitiesDirectlyAssociatedWithAssetsHeldForSaleIFRS	売却目的で保有する資産に直接関連する負債（IFRS）	CurrentYearInstant	JPY	694547000000
jpigp_cor:TotalCurrentLiabilitiesIFRS	流動負債（IFRS）	Prior1YearInstant	JPY	29434220000000
jpigp_cor:TotalCurrentLiabilitiesIFRS	流動負債（IFRS）	CurrentYearInstant	JPY	33605019000000
jpigp_cor:InterestBearingLiabilitiesNCLIFRS	有利子負債、非流動負債（IFRS）	Prior1YearInstant	JPY	22963363000000
jpigp_cor:InterestBearingLiabilitiesNCLIFRS	有利子負債、非流動負債（IFRS）	CurrentYearInstant	JPY	25624365000000
jpigp_cor:OtherFinancialLiabilitiesNCLIFRS	その他の金融負債、非流動負債（IFRS）	Prior1YearInstant	JPY	435594000000
jpigp_cor:OtherFinancialLiabilitiesNCLIFRS	その他の金融負債、非流動負債（IFRS）	CurrentYearInstant	JPY	1157413000000
jpigp_cor:RetirementBenefitLiabilityNCLIFRS	退職給付に係る負債、非流動負債（IFRS）	Prior1YearInstant	JPY	1019568000000
jpigp_cor:RetirementBenefitLiabilityNCLIFRS	退職給付に係る負債、非流動負債（IFRS）	CurrentYearInstant	JPY	1022483000000
jpigp_cor:DeferredTaxLiabilitiesIFRS	繰延税金負債（IFRS）	Prior1YearInstant	JPY	1659433000000
jpigp_cor:DeferredTaxLiabilitiesIFRS	繰延税金負債（IFRS）	CurrentYearInstant	JPY	1584505000000
jpigp_cor:ProvisionsNCLIFRS	引当金、非流動負債（IFRS）	Prior1YearInstant	JPY	301103000000
jpigp_cor:ProvisionsNCLIFRS	引当金、非流動負債（IFRS）	CurrentYearInstant	JPY	498463000000
jpigp_cor:OtherNonCurrentLiabilitiesNCLIFRS	その他の非流動負債（IFRS）	Prior1YearInstant	JPY	909156000000
jpigp_cor:OtherNonCurrentLiabilitiesNCLIFRS	その他の非流動負債（IFRS）	CurrentYearInstant	JPY	1010015000000
jpigp_cor:NonCurrentLabilitiesIFRS	非流動負債（IFRS）	Prior1YearInstant	JPY	27288217000000
jpigp_cor:NonCurrentLabilitiesIFRS	非流動負債（IFRS）	CurrentYearInstant	JPY	30897244000000
jpigp_cor:LiabilitiesIFRS	負債（IFRS）	Prior1YearInstant	JPY	56722437000000
jpigp_cor:LiabilitiesIFRS	負債（IFRS）	CurrentYearInstant	JPY	64502263000000
jpigp_cor:ShareCapitalIFRS	資本金（IFRS）	Prior1YearInstant	JPY	397050000000
jpigp_cor:ShareCapitalIFRS	資本金（IFRS）	CurrentYearInstant	JPY	397050000000
jpigp_cor:CapitalSurplusIFRS	資本剰余金（IFRS）	Prior1YearInstant	JPY	492368000000
jpigp_cor:CapitalSurplusIFRS	資本剰余金（IFRS）	CurrentYearInstant	JPY	456742000000
jpigp_cor:RetainedEarningsIFRS	利益剰余金（IFRS）	Prior1YearInstant	JPY	35841218000000
jpigp_cor:RetainedEarningsIFRS	利益剰余金（IFRS）	CurrentYearInstant	JPY	38709858000000
jpigp_cor:OtherComponentsOfEquityIFRS	その他の資本の構成要素（IFRS）	Prior1YearInstant	JPY	3610133000000
jpigp_cor:OtherComponentsOfEquityIFRS	その他の資本の構成要素（IFRS）	CurrentYearInstant	JPY	4544019000000
jpcrp030000-asr_E02144-000:OtherComprehensiveIncomeRelatedToAssetsHeldForSaleEquityAttributableToOwnersOfParentIFRS		Prior1YearInstant	JPY	－
jpcrp030000-asr_E02144-000:OtherComprehensiveIncomeRelatedToAssetsHeldForSaleEquityAttributableToOwnersOfParentIFRS		CurrentYearInstant	JPY	266596000000
jpigp_cor:TreasurySharesIFRS	自己株式（IFRS）	Prior1YearInstant	JPY	-4415943000000
jpigp_cor:TreasurySharesIFRS	自己株式（IFRS）	CurrentYearInstant	JPY	-4455410000000
jpigp_cor:EquityAttributableToOwnersOfParentIFRS	親会社の所有者に帰属する持分（IFRS）	Prior1YearInstant	JPY	35924826000000
jpigp_cor:EquityAttributableToOwnersOfParentIFRS	親会社の所有者に帰属する持分（IFRS）	CurrentYearInstant	JPY	39918854000000
jpigp_cor:NonControllingInterestsIFRS	非支配持分（IFRS）	Prior1YearInstant	JPY	954088000000
jpigp_cor:NonControllingInterestsIFRS	非支配持分（IFRS）	CurrentYearInstant	JPY	1101214000000
jpigp_cor:EquityIFRS	資本（IFRS）	Prior1YearInstant	JPY	36878913000000
jpigp_cor:EquityIFRS	資本（IFRS）	CurrentYearInstant	JPY	41020068000000
jpigp_cor:LiabilitiesAndEquityIFRS	負債及び資本（IFRS）	Prior1YearInstant	JPY	93601350000000
jpigp_cor:LiabilitiesAndEquityIFRS	負債及び資本（IFRS）	CurrentYearInstant	JPY	105522331000000
jpcrp030000-asr_E02144-000:SalesOfProductsIFRS		Prior1YearDuration	JPY	43598877000000
jpcrp030000-asr_E02144-000:SalesOfProductsIFRS		CurrentYearDuration	JPY	45865949000000
jpcrp030000-asr_E02144-000:FinancingOperationsIFRS		Prior1YearDuration	JPY	4437827000000
jpcrp030000-asr_E02144-000:FinancingOperationsIFRS		CurrentYearDuration	JPY	4819003000000
jpcrp030000-asr_E02144-000:TotalNetRevenuesIFRS		Prior1YearDuration	JPY	48036704000000
jpcrp030000-asr_E02144-000:TotalNetRevenuesIFRS		CurrentYearDuration	JPY	50684952000000
jpigp_cor:CostOfSalesIFRS	売上原価（IFRS）	Prior1YearDuration	JPY	35510157000000
jpigp_cor:CostOfSalesIFRS	売上原価（IFRS）	CurrentYearDuration	JPY	39141418000000
jpcrp030000-asr_E02144-000:CostOfFinancingOperationsIFRS		Prior1YearDuration	JPY	2948509000000
jpcrp030000-asr_E02144-000:CostOfFinancingOperationsIFRS		CurrentYearDuration	JPY	3079794000000
jpigp_cor:SellingGeneralAndAdministrativeExpensesIFRS	販売費及び一般管理費（IFRS）	Prior1YearDuration	JPY	4782452000000
jpigp_cor:SellingGeneralAndAdministrativeExpensesIFRS	販売費及び一般管理費（IFRS）	CurrentYearDuration	JPY	4697524000000
jpcrp030000-asr_E02144-000:TotalCostsAndExpensesIFRS		Prior1YearDuration	JPY	43241118000000
jpcrp030000-asr_E02144-000:TotalCostsAndExpensesIFRS		CurrentYearDuration	JPY	46918736000000
jpigp_cor:OperatingProfitLossIFRS	営業利益（△損失）（IFRS）	Prior1YearDuration	JPY	4795586000000
jpigp_cor:OperatingProfitLossIFRS	営業利益（△損失）（IFRS）	CurrentYearDuration	JPY	3766216000000
jpigp_cor:ShareOfProfitLossOfInvestmentsAccountedForUsingEquityMethodIFRS	持分法による投資損益（△は損失）（IFRS）	Prior1YearDuration	JPY	591219000000
jpigp_cor:ShareOfProfitLossOfInvestmentsAccountedForUsingEquityMethodIFRS	持分法による投資損益（△は損失）（IFRS）	CurrentYearDuration	JPY	552742000000
jpigp_cor:OtherFinanceIncomeIFRS	その他、金融収益（IFRS）	Prior1YearDuration	JPY	556700000000
jpigp_cor:OtherFinanceIncomeIFRS	その他、金融収益（IFRS）	CurrentYearDuration	JPY	594243000000
jpigp_cor:OtherFinanceCostsIFRS	その他、金融費用（IFRS）	Prior1YearDuration	JPY	190711000000
jpigp_cor:OtherFinanceCostsIFRS	その他、金融費用（IFRS）	CurrentYearDuration	JPY	86746000000
jpcrp030000-asr_E02144-000:ForeignExchangeGainLossNetIFRS		Prior1YearDuration	JPY	705292000000
jpcrp030000-asr_E02144-000:ForeignExchangeGainLossNetIFRS		CurrentYearDuration	JPY	400780000000
jpcrp030000-asr_E02144-000:OtherIncomeLossNetIFRS		Prior1YearDuration	JPY	-43497000000
jpcrp030000-asr_E02144-000:OtherIncomeLossNetIFRS		CurrentYearDuration	JPY	-74239000000
jpigp_cor:ProfitLossBeforeTaxIFRS	継続事業からの税引前利益（△損失）（IFRS）	Prior1YearDuration	JPY	6414590000000
jpigp_cor:ProfitLossBeforeTaxIFRS	継続事業からの税引前利益（△損失）（IFRS）	CurrentYearDuration	JPY	5152996000000
jpigp_cor:IncomeTaxExpenseIFRS	法人所得税費用（IFRS）	Prior1YearDuration	JPY	1624835000000
jpigp_cor:IncomeTaxExpenseIFRS	法人所得税費用（IFRS）	CurrentYearDuration	JPY	1167234000000
jpigp_cor:ProfitLossIFRS	当期利益（△損失）（IFRS）	Prior1YearDuration	JPY	4789755000000
jpigp_cor:ProfitLossIFRS	当期利益（△損失）（IFRS）	CurrentYearDuration	JPY	3985761000000
jpigp_cor:ProfitLossAttributableToOwnersOfParentIFRS	親会社の所有者、当期利益（△損失）（IFRS）	Prior1YearDuration	JPY	4765086000000
jpigp_cor:ProfitLossAttributableToOwnersOfParentIFRS	親会社の所有者、当期利益（△損失）（IFRS）	CurrentYearDuration	JPY	3848098000000
jpigp_cor:ProfitLossAttributableToNonControllingInterestsIFRS	非支配持分、当期利益（△損失）（IFRS）	Prior1YearDuration	JPY	24670000000
jpigp_cor:ProfitLossAttributableToNonControllingInterestsIFRS	非支配持分、当期利益（△損失）（IFRS）	CurrentYearDuration	JPY	137664000000
jpigp_cor:ProfitLossIFRS	当期利益（△損失）（IFRS）	Prior1YearDuration	JPY	4789755000000
jpigp_cor:ProfitLossIFRS	当期利益（△損失）（IFRS）	CurrentYearDuration	JPY	3985761000000
jpigp_cor:BasicAndDilutedEarningsLossPerShareIFRS	基本的及び希薄化後１株当たり当期利益（△損失）（IFRS）	Prior1YearDuration	JPYPerShares	359.56
jpigp_cor:BasicAndDilutedEarningsLossPerShareIFRS	基本的及び希薄化後１株当たり当期利益（△損失）（IFRS）	CurrentYearDuration	JPYPerShares	295.25
jpigp_cor:ProfitLossIFRS	当期利益（△損失）（IFRS）	Prior1YearDuration	JPY	4789755000000
jpigp_cor:ProfitLossIFRS	当期利益（△損失）（IFRS）	CurrentYearDuration	JPY	3985761000000
jpcrp030000-asr_E02144-000:NetChangesInRevaluationOfFinancialAssetsMeasuredAtFairValueThroughOtherComprehensiveIncomeNetOfTaxItemsThatWillNotBeReclassifiedToProfitOrLossOCIIFRS		Prior1YearDuration	JPY	102129000000
jpcrp030000-asr_E02144-000:NetChangesInRevaluationOfFinancialAssetsMeasuredAtFairValueThroughOtherComprehensiveIncomeNetOfTaxItemsThatWillNotBeReclassifiedToProfitOrLossOCIIFRS		CurrentYearDuration	JPY	351684000000
jpigp_cor:RemeasurementsOfDefinedBenefitPlansNetOfTaxItemsThatWillNotBeReclassifiedToProfitOrLossOCIIFRS	確定給付制度の再測定（税引後）、純損益に振り替えられることのないその他の包括利益（IFRS）	Prior1YearDuration	JPY	-109598000000
jpigp_cor:RemeasurementsOfDefinedBenefitPlansNetOfTaxItemsThatWillNotBeReclassifiedToProfitOrLossOCIIFRS	確定給付制度の再測定（税引後）、純損益に振り替えられることのないその他の包括利益（IFRS）	CurrentYearDuration	JPY	101352000000
jpcrp030000-asr_E02144-000:ShareOfOtherComprehensiveIncomeOfInvestmentsAccountedForUsingTheEquityMethodNetOfTaxItemsThatWillNotBeReclassifiedToProfitOrLossOCIIFRS		Prior1YearDuration	JPY	-63213000000
jpcrp030000-asr_E02144-000:ShareOfOtherComprehensiveIncomeOfInvestmentsAccountedForUsingTheEquityMethodNetOfTaxItemsThatWillNotBeReclassifiedToProfitOrLossOCIIFRS		CurrentYearDuration	JPY	22331000000
jpigp_cor:TotalOfItemsThatWillNotBeReclassifiedToProfitOrLossOCIIFRS	純損益に振り替えられることのない項目合計（IFRS）	Prior1YearDuration	JPY	-70682000000
jpigp_cor:TotalOfItemsThatWillNotBeReclassifiedToProfitOrLossOCIIFRS	純損益に振り替えられることのない項目合計（IFRS）	CurrentYearDuration	JPY	475366000000
jpigp_cor:ExchangeDifferencesOnTranslationOfForeignOperationsNetOfTaxItemsThatMayBeReclassifiedToProfitOrLossOCIIFRS	在外営業活動体の外貨換算差額（税引後）、純損益に振り替えられる可能性のあるその他の包括利益（IFRS）	Prior1YearDuration	JPY	-827848000000
jpigp_cor:ExchangeDifferencesOnTranslationOfForeignOperationsNetOfTaxItemsThatMayBeReclassifiedToProfitOrLossOCIIFRS	在外営業活動体の外貨換算差額（税引後）、純損益に振り替えられる可能性のあるその他の包括利益（IFRS）	CurrentYearDuration	JPY	946309000000
jpcrp030000-asr_E02144-000:ChangeInFairValueOfFinancialAssetsMeasuredAtFairValueThroughOtherComprehensiveIncomeNetOfTaxItemsThatMayBeReclassifiedToProfitOrLossOCIIFRS		Prior1YearDuration	JPY	31158000000
jpcrp030000-asr_E02144-000:ChangeInFairValueOfFinancialAssetsMeasuredAtFairValueThroughOtherComprehensiveIncomeNetOfTaxItemsThatMayBeReclassifiedToProfitOrLossOCIIFRS		CurrentYearDuration	JPY	-53181000000
jpcrp030000-asr_E02144-000:ShareOfOtherComprehensiveIncomeOfInvestmentsAccountedForUsingTheEquityMethodNetOfTaxItemsThatMayBeReclassifiedToProfitOrLossOCIIFRS		Prior1YearDuration	JPY	121340000000
jpcrp030000-asr_E02144-000:ShareOfOtherComprehensiveIncomeOfInvestmentsAccountedForUsingTheEquityMethodNetOfTaxItemsThatMayBeReclassifiedToProfitOrLossOCIIFRS		CurrentYearDuration	JPY	161450000000
jpigp_cor:TotalOfItemsThatMayBeReclassifiedToProfitOrLossOCIIFRS	純損益に振り替えられる可能性のある項目合計（IFRS）	Prior1YearDuration	JPY	-675349000000
jpigp_cor:TotalOfItemsThatMayBeReclassifiedToProfitOrLossOCIIFRS	純損益に振り替えられる可能性のある項目合計（IFRS）	CurrentYearDuration	JPY	1054578000000
jpcrp030000-asr_E02144-000:OtherComprehensiveIncomeLossNetOfTaxIFRS		Prior1YearDuration	JPY	-746031000000
jpcrp030000-asr_E02144-000:OtherComprehensiveIncomeLossNetOfTaxIFRS		CurrentYearDuration	JPY	1529944000000
jpigp_cor:ComprehensiveIncomeIFRS	当期包括利益（IFRS）	Prior1YearDuration	JPY	4043724000000
jpigp_cor:ComprehensiveIncomeIFRS	当期包括利益（IFRS）	CurrentYearDuration	JPY	5515705000000
jpigp_cor:ComprehensiveIncomeAttributableToOwnersOfParentIFRS	親会社の所有者、当期包括利益（IFRS）	Prior1YearDuration	JPY	4011822000000
jpigp_cor:ComprehensiveIncomeAttributableToOwnersOfParentIFRS	親会社の所有者、当期包括利益（IFRS）	CurrentYearDuration	JPY	5308095000000
jpigp_cor:ComprehensiveIncomeAttributableToNonControllingInterestsIFRS	非支配持分、当期包括利益（IFRS）	Prior1YearDuration	JPY	31903000000
jpigp_cor:ComprehensiveIncomeAttributableToNonControllingInterestsIFRS	非支配持分、当期包括利益（IFRS）	CurrentYearDuration	JPY	207610000000
jpigp_cor:ComprehensiveIncomeIFRS	当期包括利益（IFRS）	Prior1YearDuration	JPY	4043724000000
jpigp_cor:ComprehensiveIncomeIFRS	当期包括利益（IFRS）	CurrentYearDuration	JPY	5515705000000
jpigp_cor:EquityIFRS	資本（IFRS）	Prior2YearInstant_ShareCapitalIFRSMember	JPY	397050000000
jpigp_cor:EquityIFRS	資本（IFRS）	Prior2YearInstant_CapitalSurplusIFRSMember	JPY	491802000000
jpigp_cor:EquityIFRS	資本（IFRS）	Prior2YearInstant_RetainedEarningsIFRSMember	JPY	32795365000000
jpigp_cor:EquityIFRS	資本（IFRS）	Prior2YearInstant_OtherComponentsOfEquityIFRSMember	JPY	4503756000000
jpigp_cor:EquityIFRS	資本（IFRS）	Prior2YearInstant_TreasurySharesIFRSMember	JPY	-3966982000000
jpigp_cor:EquityIFRS	資本（IFRS）	Prior2YearInstant_EquityAttributableToOwnersOfParentIFRSMember	JPY	34220991000000
jpigp_cor:EquityIFRS	資本（IFRS）	Prior2YearInstant_NonControllingInterestsIFRSMember	JPY	1018347000000
jpigp_cor:EquityIFRS	資本（IFRS）	Prior2YearInstant	JPY	35239338000000
jpigp_cor:ProfitLossIFRS	当期利益（△損失）（IFRS）	Prior1YearDuration_ShareCapitalIFRSMember	JPY	－
jpigp_cor:ProfitLossIFRS	当期利益（△損失）（IFRS）	Prior1YearDuration_CapitalSurplusIFRSMember	JPY	－
jpigp_cor:ProfitLossIFRS	当期利益（△損失）（IFRS）	Prior1YearDuration_RetainedEarningsIFRSMember	JPY	4765086000000
jpigp_cor:ProfitLossIFRS	当期利益（△損失）（IFRS）	Prior1YearDuration_OtherComponentsOfEquityIFRSMember	JPY	－
jpigp_cor:ProfitLossIFRS	当期利益（△損失）（IFRS）	Prior1YearDuration_TreasurySharesIFRSMember	JPY	－
jpigp_cor:ProfitLossIFRS	当期利益（△損失）（IFRS）	Prior1YearDuration_EquityAttributableToOwnersOfParentIFRSMember	JPY	4765086000000
jpigp_cor:ProfitLossIFRS	当期利益（△損失）（IFRS）	Prior1YearDuration_NonControllingInterestsIFRSMember	JPY	24670000000
jpigp_cor:ProfitLossIFRS	当期利益（△損失）（IFRS）	Prior1YearDuration	JPY	4789755000000
jpcrp030000-asr_E02144-000:OtherComprehensiveIncomeLossNetOfTaxIFRS		Prior1YearDuration_ShareCapitalIFRSMember	JPY	－
jpcrp030000-asr_E02144-000:OtherComprehensiveIncomeLossNetOfTaxIFRS		Prior1YearDuration_CapitalSurplusIFRSMember	JPY	－
jpcrp030000-asr_E02144-000:OtherComprehensiveIncomeLossNetOfTaxIFRS		Prior1YearDuration_RetainedEarningsIFRSMember	JPY	－
jpcrp030000-asr_E02144-000:OtherComprehensiveIncomeLossNetOfTaxIFRS		Prior1YearDuration_OtherComponentsOfEquityIFRSMember	JPY	-753264000000
jpcrp030000-asr_E02144-000:OtherComprehensiveIncomeLossNetOfTaxIFRS		Prior1YearDuration_TreasurySharesIFRSMember	JPY	－
jpcrp030000-asr_E02144-000:OtherComprehensiveIncomeLossNetOfTaxIFRS		Prior1YearDuration_EquityAttributableToOwnersOfParentIFRSMember	JPY	-753264000000
jpcrp030000-asr_E02144-000:OtherComprehensiveIncomeLossNetOfTaxIFRS		Prior1YearDuration_NonControllingInterestsIFRSMember	JPY	7233000000
jpcrp030000-asr_E02144-000:OtherComprehensiveIncomeLossNetOfTaxIFRS		Prior1YearDuration	JPY	-746031000000
jpigp_cor:ComprehensiveIncomeIFRS	当期包括利益（IFRS）	Prior1YearDuration_ShareCapitalIFRSMember	JPY	－
jpigp_cor:ComprehensiveIncomeIFRS	当期包括利益（IFRS）	Prior1YearDuration_CapitalSurplusIFRSMember	JPY	－
jpigp_cor:ComprehensiveIncomeIFRS	当期包括利益（IFRS）	Prior1YearDuration_RetainedEarningsIFRSMember	JPY	4765086000000
jpigp_cor:ComprehensiveIncomeIFRS	当期包括利益（IFRS）	Prior1YearDuration_OtherComponentsOfEquityIFRSMember	JPY	-753264000000
jpigp_cor:ComprehensiveIncomeIFRS	当期包括利益（IFRS）	Prior1YearDuration_TreasurySharesIFRSMember	JPY	－
jpigp_cor:ComprehensiveIncomeIFRS	当期包括利益（IFRS）	Prior1YearDuration_EquityAttributableToOwnersOfParentIFRSMember	JPY	4011822000000
jpigp_cor:ComprehensiveIncomeIFRS	当期包括利益（IFRS）	Prior1YearDuration_NonControllingInterestsIFRSMember	JPY	31903000000
jpigp_cor:ComprehensiveIncomeIFRS	当期包括利益（IFRS）	Prior1YearDuration	JPY	4043724000000
jpigp_cor:DividendsSSIFRS	配当金、持分変動計算書（IFRS）	Prior1YearDuration_ShareCapitalIFRSMember	JPY	－
jpigp_cor:DividendsSSIFRS	配当金、持分変動計算書（IFRS）	Prior1YearDuration_CapitalSurplusIFRSMember	JPY	－
jpigp_cor:DividendsSSIFRS	配当金、持分変動計算書（IFRS）	Prior1YearDuration_RetainedEarningsIFRSMember	JPY	-1132329000000
jpigp_cor:DividendsSSIFRS	配当金、持分変動計算書（IFRS）	Prior1YearDuration_OtherComponentsOfEquityIFRSMember	JPY	－
jpigp_cor:DividendsSSIFRS	配当金、持分変動計算書（IFRS）	Prior1YearDuration_TreasurySharesIFRSMember	JPY	－
jpigp_cor:DividendsSSIFRS	配当金、持分変動計算書（IFRS）	Prior1YearDuration_EquityAttributableToOwnersOfParentIFRSMember	JPY	-1132329000000
jpigp_cor:DividendsSSIFRS	配当金、持分変動計算書（IFRS）	Prior1YearDuration_NonControllingInterestsIFRSMember	JPY	-127232000000
jpigp_cor:DividendsSSIFRS	配当金、持分変動計算書（IFRS）	Prior1YearDuration	JPY	-1259560000000
jpigp_cor:PurchaseOfTreasurySharesSSIFRS	自己株式の取得、持分変動計算書（IFRS）	Prior1YearDuration_ShareCapitalIFRSMember	JPY	－
jpigp_cor:PurchaseOfTreasurySharesSSIFRS	自己株式の取得、持分変動計算書（IFRS）	Prior1YearDuration_CapitalSurplusIFRSMember	JPY	－
jpigp_cor:PurchaseOfTreasurySharesSSIFRS	自己株式の取得、持分変動計算書（IFRS）	Prior1YearDuration_RetainedEarningsIFRSMember	JPY	－
jpigp_cor:PurchaseOfTreasurySharesSSIFRS	自己株式の取得、持分変動計算書（IFRS）	Prior1YearDuration_OtherComponentsOfEquityIFRSMember	JPY	－
jpigp_cor:PurchaseOfTreasurySharesSSIFRS	自己株式の取得、持分変動計算書（IFRS）	Prior1YearDuration_TreasurySharesIFRSMember	JPY	-1179043000000
jpigp_cor:PurchaseOfTreasurySharesSSIFRS	自己株式の取得、持分変動計算書（IFRS）	Prior1YearDuration_EquityAttributableToOwnersOfParentIFRSMember	JPY	-1179043000000
jpigp_cor:PurchaseOfTreasurySharesSSIFRS	自己株式の取得、持分変動計算書（IFRS）	Prior1YearDuration_NonControllingInterestsIFRSMember	JPY	－
jpigp_cor:PurchaseOfTreasurySharesSSIFRS	自己株式の取得、持分変動計算書（IFRS）	Prior1YearDuration	JPY	-1179043000000
jpigp_cor:DisposalOfTreasurySharesSSIFRS	自己株式の処分、持分変動計算書（IFRS）	Prior1YearDuration_ShareCapitalIFRSMember	JPY	－
jpigp_cor:DisposalOfTreasurySharesSSIFRS	自己株式の処分、持分変動計算書（IFRS）	Prior1YearDuration_CapitalSurplusIFRSMember	JPY	1356000000
jpigp_cor:DisposalOfTreasurySharesSSIFRS	自己株式の処分、持分変動計算書（IFRS）	Prior1YearDuration_RetainedEarningsIFRSMember	JPY	－
jpigp_cor:DisposalOfTreasurySharesSSIFRS	自己株式の処分、持分変動計算書（IFRS）	Prior1YearDuration_OtherComponentsOfEquityIFRSMember	JPY	－
jpigp_cor:DisposalOfTreasurySharesSSIFRS	自己株式の処分、持分変動計算書（IFRS）	Prior1YearDuration_TreasurySharesIFRSMember	JPY	866000000
jpigp_cor:DisposalOfTreasurySharesSSIFRS	自己株式の処分、持分変動計算書（IFRS）	Prior1YearDuration_EquityAttributableToOwnersOfParentIFRSMember	JPY	2222000000
jpigp_cor:DisposalOfTreasurySharesSSIFRS	自己株式の処分、持分変動計算書（IFRS）	Prior1YearDuration_NonControllingInterestsIFRSMember	JPY	－
jpigp_cor:DisposalOfTreasurySharesSSIFRS	自己株式の処分、持分変動計算書（IFRS）	Prior1YearDuration	JPY	2222000000
jpigp_cor:CancellationOfTreasurySharesSSIFRS	自己株式の消却、持分変動計算書（IFRS）	Prior1YearDuration_ShareCapitalIFRSMember	JPY	－
jpigp_cor:CancellationOfTreasurySharesSSIFRS	自己株式の消却、持分変動計算書（IFRS）	Prior1YearDuration_CapitalSurplusIFRSMember	JPY	-1953000000
jpigp_cor:CancellationOfTreasurySharesSSIFRS	自己株式の消却、持分変動計算書（IFRS）	Prior1YearDuration_RetainedEarningsIFRSMember	JPY	-727264000000
jpigp_cor:CancellationOfTreasurySharesSSIFRS	自己株式の消却、持分変動計算書（IFRS）	Prior1YearDuration_OtherComponentsOfEquityIFRSMember	JPY	－
jpigp_cor:CancellationOfTreasurySharesSSIFRS	自己株式の消却、持分変動計算書（IFRS）	Prior1YearDuration_TreasurySharesIFRSMember	JPY	729217000000
jpigp_cor:CancellationOfTreasurySharesSSIFRS	自己株式の消却、持分変動計算書（IFRS）	Prior1YearDuration_EquityAttributableToOwnersOfParentIFRSMember	JPY	－
jpigp_cor:CancellationOfTreasurySharesSSIFRS	自己株式の消却、持分変動計算書（IFRS）	Prior1YearDuration_NonControllingInterestsIFRSMember	JPY	－
jpigp_cor:CancellationOfTreasurySharesSSIFRS	自己株式の消却、持分変動計算書（IFRS）	Prior1YearDuration	JPY	－
jpigp_cor:OtherSSIFRS	その他、持分変動計算書（IFRS）	Prior1YearDuration_ShareCapitalIFRSMember	JPY	－
jpigp_cor:OtherSSIFRS	その他、持分変動計算書（IFRS）	Prior1YearDuration_CapitalSurplusIFRSMember	JPY	1163000000
jpigp_cor:OtherSSIFRS	その他、持分変動計算書（IFRS）	Prior1YearDuration_RetainedEarningsIFRSMember	JPY	－
jpigp_cor:OtherSSIFRS	その他、持分変動計算書（IFRS）	Prior1YearDuration_OtherComponentsOfEquityIFRSMember	JPY	－
jpigp_cor:OtherSSIFRS	その他、持分変動計算書（IFRS）	Prior1YearDuration_TreasurySharesIFRSMember	JPY	－
jpigp_cor:OtherSSIFRS	その他、持分変動計算書（IFRS）	Prior1YearDuration_EquityAttributableToOwnersOfParentIFRSMember	JPY	1163000000
jpigp_cor:OtherSSIFRS	その他、持分変動計算書（IFRS）	Prior1YearDuration_NonControllingInterestsIFRSMember	JPY	31069000000
jpigp_cor:OtherSSIFRS	その他、持分変動計算書（IFRS）	Prior1YearDuration	JPY	32232000000
jpigp_cor:TotalTransactionsWithOwnersIFRS	所有者との取引額（IFRS）	Prior1YearDuration_ShareCapitalIFRSMember	JPY	－
jpigp_cor:TotalTransactionsWithOwnersIFRS	所有者との取引額（IFRS）	Prior1YearDuration_CapitalSurplusIFRSMember	JPY	567000000
jpigp_cor:TotalTransactionsWithOwnersIFRS	所有者との取引額（IFRS）	Prior1YearDuration_RetainedEarningsIFRSMember	JPY	-1859593000000
jpigp_cor:TotalTransactionsWithOwnersIFRS	所有者との取引額（IFRS）	Prior1YearDuration_OtherComponentsOfEquityIFRSMember	JPY	－
jpigp_cor:TotalTransactionsWithOwnersIFRS	所有者との取引額（IFRS）	Prior1YearDuration_TreasurySharesIFRSMember	JPY	-448961000000
jpigp_cor:TotalTransactionsWithOwnersIFRS	所有者との取引額（IFRS）	Prior1YearDuration_EquityAttributableToOwnersOfParentIFRSMember	JPY	-2307987000000
jpigp_cor:TotalTransactionsWithOwnersIFRS	所有者との取引額（IFRS）	Prior1YearDuration_NonControllingInterestsIFRSMember	JPY	-96162000000
jpigp_cor:TotalTransactionsWithOwnersIFRS	所有者との取引額（IFRS）	Prior1YearDuration	JPY	-2404149000000
jpigp_cor:TransferFromOtherComponentsOfEquityToRetainedEarningsSSIFRS	その他の資本の構成要素から利益剰余金への振替、持分変動計算書（IFRS）	Prior1YearDuration_ShareCapitalIFRSMember	JPY	－
jpigp_cor:TransferFromOtherComponentsOfEquityToRetainedEarningsSSIFRS	その他の資本の構成要素から利益剰余金への振替、持分変動計算書（IFRS）	Prior1YearDuration_CapitalSurplusIFRSMember	JPY	－
jpigp_cor:TransferFromOtherComponentsOfEquityToRetainedEarningsSSIFRS	その他の資本の構成要素から利益剰余金への振替、持分変動計算書（IFRS）	Prior1YearDuration_RetainedEarningsIFRSMember	JPY	140359000000
jpigp_cor:TransferFromOtherComponentsOfEquityToRetainedEarningsSSIFRS	その他の資本の構成要素から利益剰余金への振替、持分変動計算書（IFRS）	Prior1YearDuration_OtherComponentsOfEquityIFRSMember	JPY	-140359000000
jpigp_cor:TransferFromOtherComponentsOfEquityToRetainedEarningsSSIFRS	その他の資本の構成要素から利益剰余金への振替、持分変動計算書（IFRS）	Prior1YearDuration_TreasurySharesIFRSMember	JPY	－
jpigp_cor:TransferFromOtherComponentsOfEquityToRetainedEarningsSSIFRS	その他の資本の構成要素から利益剰余金への振替、持分変動計算書（IFRS）	Prior1YearDuration_EquityAttributableToOwnersOfParentIFRSMember	JPY	－
jpigp_cor:TransferFromOtherComponentsOfEquityToRetainedEarningsSSIFRS	その他の資本の構成要素から利益剰余金への振替、持分変動計算書（IFRS）	Prior1YearDuration_NonControllingInterestsIFRSMember	JPY	－
jpigp_cor:TransferFromOtherComponentsOfEquityToRetainedEarningsSSIFRS	その他の資本の構成要素から利益剰余金への振替、持分変動計算書（IFRS）	Prior1YearDuration	JPY	－
jpigp_cor:EquityIFRS	資本（IFRS）	Prior1YearInstant_ShareCapitalIFRSMember	JPY	397050000000
jpigp_cor:EquityIFRS	資本（IFRS）	Prior1YearInstant_CapitalSurplusIFRSMember	JPY	492368000000
jpigp_cor:EquityIFRS	資本（IFRS）	Prior1YearInstant_RetainedEarningsIFRSMember	JPY	35841218000000
jpigp_cor:EquityIFRS	資本（IFRS）	Prior1YearInstant_OtherComponentsOfEquityIFRSMember	JPY	3610133000000
jpigp_cor:EquityIFRS	資本（IFRS）	Prior1YearInstant_TreasurySharesIFRSMember	JPY	-4415943000000
jpigp_cor:EquityIFRS	資本（IFRS）	Prior1YearInstant_EquityAttributableToOwnersOfParentIFRSMember	JPY	35924826000000
jpigp_cor:EquityIFRS	資本（IFRS）	Prior1YearInstant_NonControllingInterestsIFRSMember	JPY	954088000000
jpigp_cor:EquityIFRS	資本（IFRS）	Prior1YearInstant	JPY	36878913000000
jpigp_cor:EquityIFRS	資本（IFRS）	Prior1YearInstant_ShareCapitalIFRSMember	JPY	397050000000
jpigp_cor:EquityIFRS	資本（IFRS）	Prior1YearInstant_CapitalSurplusIFRSMember	JPY	492368000000
jpigp_cor:EquityIFRS	資本（IFRS）	Prior1YearInstant_RetainedEarningsIFRSMember	JPY	35841218000000
jpigp_cor:EquityIFRS	資本（IFRS）	Prior1YearInstant_OtherComponentsOfEquityIFRSMember	JPY	3610133000000
jpigp_cor:EquityIFRS	資本（IFRS）	Prior1YearInstant_jpcrp030000-asr_E02144-000OtherComprehensiveIncomeRelatedToAssetsHeldForSaleIFRSMember	JPY	－
jpigp_cor:EquityIFRS	資本（IFRS）	Prior1YearInstant_TreasurySharesIFRSMember	JPY	-4415943000000
jpigp_cor:EquityIFRS	資本（IFRS）	Prior1YearInstant_EquityAttributableToOwnersOfParentIFRSMember	JPY	35924826000000
jpigp_cor:EquityIFRS	資本（IFRS）	Prior1YearInstant_NonControllingInterestsIFRSMember	JPY	954088000000
jpigp_cor:EquityIFRS	資本（IFRS）	Prior1YearInstant	JPY	36878913000000
jpigp_cor:ProfitLossIFRS	当期利益（△損失）（IFRS）	CurrentYearDuration_ShareCapitalIFRSMember	JPY	－
jpigp_cor:ProfitLossIFRS	当期利益（△損失）（IFRS）	CurrentYearDuration_CapitalSurplusIFRSMember	JPY	－
jpigp_cor:ProfitLossIFRS	当期利益（△損失）（IFRS）	CurrentYearDuration_RetainedEarningsIFRSMember	JPY	3848098000000
jpigp_cor:ProfitLossIFRS	当期利益（△損失）（IFRS）	CurrentYearDuration_OtherComponentsOfEquityIFRSMember	JPY	－
jpigp_cor:ProfitLossIFRS	当期利益（△損失）（IFRS）	CurrentYearDuration_jpcrp030000-asr_E02144-000OtherComprehensiveIncomeRelatedToAssetsHeldForSaleIFRSMember	JPY	－
jpigp_cor:ProfitLossIFRS	当期利益（△損失）（IFRS）	CurrentYearDuration_TreasurySharesIFRSMember	JPY	－
jpigp_cor:ProfitLossIFRS	当期利益（△損失）（IFRS）	CurrentYearDuration_EquityAttributableToOwnersOfParentIFRSMember	JPY	3848098000000
jpigp_cor:ProfitLossIFRS	当期利益（△損失）（IFRS）	CurrentYearDuration_NonControllingInterestsIFRSMember	JPY	137664000000
jpigp_cor:ProfitLossIFRS	当期利益（△損失）（IFRS）	CurrentYearDuration	JPY	3985761000000
jpcrp030000-asr_E02144-000:OtherComprehensiveIncomeLossNetOfTaxIFRS		CurrentYearDuration_ShareCapitalIFRSMember	JPY	－
jpcrp030000-asr_E02144-000:OtherComprehensiveIncomeLossNetOfTaxIFRS		CurrentYearDuration_CapitalSurplusIFRSMember	JPY	－
jpcrp030000-asr_E02144-000:OtherComprehensiveIncomeLossNetOfTaxIFRS		CurrentYearDuration_RetainedEarningsIFRSMember	JPY	－
jpcrp030000-asr_E02144-000:OtherComprehensiveIncomeLossNetOfTaxIFRS		CurrentYearDuration_OtherComponentsOfEquityIFRSMember	JPY	1459998000000
jpcrp030000-asr_E02144-000:OtherComprehensiveIncomeLossNetOfTaxIFRS		CurrentYearDuration_jpcrp030000-asr_E02144-000OtherComprehensiveIncomeRelatedToAssetsHeldForSaleIFRSMember	JPY	－
jpcrp030000-asr_E02144-000:OtherComprehensiveIncomeLossNetOfTaxIFRS		CurrentYearDuration_TreasurySharesIFRSMember	JPY	－
jpcrp030000-asr_E02144-000:OtherComprehensiveIncomeLossNetOfTaxIFRS		CurrentYearDuration_EquityAttributableToOwnersOfParentIFRSMember	JPY	1459998000000
jpcrp030000-asr_E02144-000:OtherComprehensiveIncomeLossNetOfTaxIFRS		CurrentYearDuration_NonControllingInterestsIFRSMember	JPY	69946000000
jpcrp030000-asr_E02144-000:OtherComprehensiveIncomeLossNetOfTaxIFRS		CurrentYearDuration	JPY	1529944000000
jpigp_cor:ComprehensiveIncomeIFRS	当期包括利益（IFRS）	CurrentYearDuration_ShareCapitalIFRSMember	JPY	－
jpigp_cor:ComprehensiveIncomeIFRS	当期包括利益（IFRS）	CurrentYearDuration_CapitalSurplusIFRSMember	JPY	－
jpigp_cor:ComprehensiveIncomeIFRS	当期包括利益（IFRS）	CurrentYearDuration_RetainedEarningsIFRSMember	JPY	3848098000000
jpigp_cor:ComprehensiveIncomeIFRS	当期包括利益（IFRS）	CurrentYearDuration_OtherComponentsOfEquityIFRSMember	JPY	1459998000000
jpigp_cor:ComprehensiveIncomeIFRS	当期包括利益（IFRS）	CurrentYearDuration_jpcrp030000-asr_E02144-000OtherComprehensiveIncomeRelatedToAssetsHeldForSaleIFRSMember	JPY	－
jpigp_cor:ComprehensiveIncomeIFRS	当期包括利益（IFRS）	CurrentYearDuration_TreasurySharesIFRSMember	JPY	－
jpigp_cor:ComprehensiveIncomeIFRS	当期包括利益（IFRS）	CurrentYearDuration_EquityAttributableToOwnersOfParentIFRSMember	JPY	5308095000000
jpigp_cor:ComprehensiveIncomeIFRS	当期包括利益（IFRS）	CurrentYearDuration_NonControllingInterestsIFRSMember	JPY	207610000000
jpigp_cor:ComprehensiveIncomeIFRS	当期包括利益（IFRS）	CurrentYearDuration	JPY	5515705000000
jpigp_cor:DividendsSSIFRS	配当金、持分変動計算書（IFRS）	CurrentYearDuration_ShareCapitalIFRSMember	JPY	－
jpigp_cor:DividendsSSIFRS	配当金、持分変動計算書（IFRS）	CurrentYearDuration_CapitalSurplusIFRSMember	JPY	－
jpigp_cor:DividendsSSIFRS	配当金、持分変動計算書（IFRS）	CurrentYearDuration_RetainedEarningsIFRSMember	JPY	-1238974000000
jpigp_cor:DividendsSSIFRS	配当金、持分変動計算書（IFRS）	CurrentYearDuration_OtherComponentsOfEquityIFRSMember	JPY	－
jpigp_cor:DividendsSSIFRS	配当金、持分変動計算書（IFRS）	CurrentYearDuration_jpcrp030000-asr_E02144-000OtherComprehensiveIncomeRelatedToAssetsHeldForSaleIFRSMember	JPY	－
jpigp_cor:DividendsSSIFRS	配当金、持分変動計算書（IFRS）	CurrentYearDuration_TreasurySharesIFRSMember	JPY	－
jpigp_cor:DividendsSSIFRS	配当金、持分変動計算書（IFRS）	CurrentYearDuration_EquityAttributableToOwnersOfParentIFRSMember	JPY	-1238974000000
jpigp_cor:DividendsSSIFRS	配当金、持分変動計算書（IFRS）	CurrentYearDuration_NonControllingInterestsIFRSMember	JPY	-125416000000
jpigp_cor:DividendsSSIFRS	配当金、持分変動計算書（IFRS）	CurrentYearDuration	JPY	-1364389000000
jpigp_cor:PurchaseOfTreasurySharesSSIFRS	自己株式の取得、持分変動計算書（IFRS）	CurrentYearDuration_ShareCapitalIFRSMember	JPY	－
jpigp_cor:PurchaseOfTreasurySharesSSIFRS	自己株式の取得、持分変動計算書（IFRS）	CurrentYearDuration_CapitalSurplusIFRSMember	JPY	－
jpigp_cor:PurchaseOfTreasurySharesSSIFRS	自己株式の取得、持分変動計算書（IFRS）	CurrentYearDuration_RetainedEarningsIFRSMember	JPY	－
jpigp_cor:PurchaseOfTreasurySharesSSIFRS	自己株式の取得、持分変動計算書（IFRS）	CurrentYearDuration_OtherComponentsOfEquityIFRSMember	JPY	－
jpigp_cor:PurchaseOfTreasurySharesSSIFRS	自己株式の取得、持分変動計算書（IFRS）	CurrentYearDuration_jpcrp030000-asr_E02144-000OtherComprehensiveIncomeRelatedToAssetsHeldForSaleIFRSMember	JPY	－
jpigp_cor:PurchaseOfTreasurySharesSSIFRS	自己株式の取得、持分変動計算書（IFRS）	CurrentYearDuration_TreasurySharesIFRSMember	JPY	-39975000000
jpigp_cor:PurchaseOfTreasurySharesSSIFRS	自己株式の取得、持分変動計算書（IFRS）	CurrentYearDuration_EquityAttributableToOwnersOfParentIFRSMember	JPY	-39975000000
jpigp_cor:PurchaseOfTreasurySharesSSIFRS	自己株式の取得、持分変動計算書（IFRS）	CurrentYearDuration_NonControllingInterestsIFRSMember	JPY	－
jpigp_cor:PurchaseOfTreasurySharesSSIFRS	自己株式の取得、持分変動計算書（IFRS）	CurrentYearDuration	JPY	-39975000000
jpigp_cor:DisposalOfTreasurySharesSSIFRS	自己株式の処分、持分変動計算書（IFRS）	CurrentYearDuration_ShareCapitalIFRSMember	JPY	－
jpigp_cor:DisposalOfTreasurySharesSSIFRS	自己株式の処分、持分変動計算書（IFRS）	CurrentYearDuration_CapitalSurplusIFRSMember	JPY	1358000000
jpigp_cor:DisposalOfTreasurySharesSSIFRS	自己株式の処分、持分変動計算書（IFRS）	CurrentYearDuration_RetainedEarningsIFRSMember	JPY	－
jpigp_cor:DisposalOfTreasurySharesSSIFRS	自己株式の処分、持分変動計算書（IFRS）	CurrentYearDuration_OtherComponentsOfEquityIFRSMember	JPY	－
jpigp_cor:DisposalOfTreasurySharesSSIFRS	自己株式の処分、持分変動計算書（IFRS）	CurrentYearDuration_jpcrp030000-asr_E02144-000OtherComprehensiveIncomeRelatedToAssetsHeldForSaleIFRSMember	JPY	－
jpigp_cor:DisposalOfTreasurySharesSSIFRS	自己株式の処分、持分変動計算書（IFRS）	CurrentYearDuration_TreasurySharesIFRSMember	JPY	508000000
jpigp_cor:DisposalOfTreasurySharesSSIFRS	自己株式の処分、持分変動計算書（IFRS）	CurrentYearDuration_EquityAttributableToOwnersOfParentIFRSMember	JPY	1866000000
jpigp_cor:DisposalOfTreasurySharesSSIFRS	自己株式の処分、持分変動計算書（IFRS）	CurrentYearDuration_NonControllingInterestsIFRSMember	JPY	－
jpigp_cor:DisposalOfTreasurySharesSSIFRS	自己株式の処分、持分変動計算書（IFRS）	CurrentYearDuration	JPY	1866000000
jpigp_cor:CancellationOfTreasurySharesSSIFRS	自己株式の消却、持分変動計算書（IFRS）	CurrentYearDuration_ShareCapitalIFRSMember	JPY	－
jpigp_cor:CancellationOfTreasurySharesSSIFRS	自己株式の消却、持分変動計算書（IFRS）	CurrentYearDuration_CapitalSurplusIFRSMember	JPY	－
jpigp_cor:CancellationOfTreasurySharesSSIFRS	自己株式の消却、持分変動計算書（IFRS）	CurrentYearDuration_RetainedEarningsIFRSMember	JPY	－
jpigp_cor:CancellationOfTreasurySharesSSIFRS	自己株式の消却、持分変動計算書（IFRS）	CurrentYearDuration_OtherComponentsOfEquityIFRSMember	JPY	－
jpigp_cor:CancellationOfTreasurySharesSSIFRS	自己株式の消却、持分変動計算書（IFRS）	CurrentYearDuration_jpcrp030000-asr_E02144-000OtherComprehensiveIncomeRelatedToAssetsHeldForSaleIFRSMember	JPY	－
jpigp_cor:CancellationOfTreasurySharesSSIFRS	自己株式の消却、持分変動計算書（IFRS）	CurrentYearDuration_TreasurySharesIFRSMember	JPY	－
jpigp_cor:CancellationOfTreasurySharesSSIFRS	自己株式の消却、持分変動計算書（IFRS）	CurrentYearDuration_EquityAttributableToOwnersOfParentIFRSMember	JPY	－
jpigp_cor:CancellationOfTreasurySharesSSIFRS	自己株式の消却、持分変動計算書（IFRS）	CurrentYearDuration_NonControllingInterestsIFRSMember	JPY	－
jpigp_cor:CancellationOfTreasurySharesSSIFRS	自己株式の消却、持分変動計算書（IFRS）	CurrentYearDuration	JPY	－
jpigp_cor:OtherSSIFRS	その他、持分変動計算書（IFRS）	CurrentYearDuration_ShareCapitalIFRSMember	JPY	－
jpigp_cor:OtherSSIFRS	その他、持分変動計算書（IFRS）	CurrentYearDuration_CapitalSurplusIFRSMember	JPY	-36984000000
jpigp_cor:OtherSSIFRS	その他、持分変動計算書（IFRS）	CurrentYearDuration_RetainedEarningsIFRSMember	JPY	－
jpigp_cor:OtherSSIFRS	その他、持分変動計算書（IFRS）	CurrentYearDuration_OtherComponentsOfEquityIFRSMember	JPY	－
jpigp_cor:OtherSSIFRS	その他、持分変動計算書（IFRS）	CurrentYearDuration_jpcrp030000-asr_E02144-000OtherComprehensiveIncomeRelatedToAssetsHeldForSaleIFRSMember	JPY	－
jpigp_cor:OtherSSIFRS	その他、持分変動計算書（IFRS）	CurrentYearDuration_TreasurySharesIFRSMember	JPY	－
jpigp_cor:OtherSSIFRS	その他、持分変動計算書（IFRS）	CurrentYearDuration_EquityAttributableToOwnersOfParentIFRSMember	JPY	-36984000000
jpigp_cor:OtherSSIFRS	その他、持分変動計算書（IFRS）	CurrentYearDuration_NonControllingInterestsIFRSMember	JPY	64932000000
jpigp_cor:OtherSSIFRS	その他、持分変動計算書（IFRS）	CurrentYearDuration	JPY	27948000000
jpigp_cor:TotalTransactionsWithOwnersIFRS	所有者との取引額（IFRS）	CurrentYearDuration_ShareCapitalIFRSMember	JPY	－
jpigp_cor:TotalTransactionsWithOwnersIFRS	所有者との取引額（IFRS）	CurrentYearDuration_CapitalSurplusIFRSMember	JPY	-35626000000
jpigp_cor:TotalTransactionsWithOwnersIFRS	所有者との取引額（IFRS）	CurrentYearDuration_RetainedEarningsIFRSMember	JPY	-1238974000000
jpigp_cor:TotalTransactionsWithOwnersIFRS	所有者との取引額（IFRS）	CurrentYearDuration_OtherComponentsOfEquityIFRSMember	JPY	－
jpigp_cor:TotalTransactionsWithOwnersIFRS	所有者との取引額（IFRS）	CurrentYearDuration_jpcrp030000-asr_E02144-000OtherComprehensiveIncomeRelatedToAssetsHeldForSaleIFRSMember	JPY	－
jpigp_cor:TotalTransactionsWithOwnersIFRS	所有者との取引額（IFRS）	CurrentYearDuration_TreasurySharesIFRSMember	JPY	-39467000000
jpigp_cor:TotalTransactionsWithOwnersIFRS	所有者との取引額（IFRS）	CurrentYearDuration_EquityAttributableToOwnersOfParentIFRSMember	JPY	-1314067000000
jpigp_cor:TotalTransactionsWithOwnersIFRS	所有者との取引額（IFRS）	CurrentYearDuration_NonControllingInterestsIFRSMember	JPY	-60483000000
jpigp_cor:TotalTransactionsWithOwnersIFRS	所有者との取引額（IFRS）	CurrentYearDuration	JPY	-1374550000000
jpigp_cor:TransferFromOtherComponentsOfEquityToRetainedEarningsSSIFRS	その他の資本の構成要素から利益剰余金への振替、持分変動計算書（IFRS）	CurrentYearDuration_ShareCapitalIFRSMember	JPY	－
jpigp_cor:TransferFromOtherComponentsOfEquityToRetainedEarningsSSIFRS	その他の資本の構成要素から利益剰余金への振替、持分変動計算書（IFRS）	CurrentYearDuration_CapitalSurplusIFRSMember	JPY	－
jpigp_cor:TransferFromOtherComponentsOfEquityToRetainedEarningsSSIFRS	その他の資本の構成要素から利益剰余金への振替、持分変動計算書（IFRS）	CurrentYearDuration_RetainedEarningsIFRSMember	JPY	259516000000
jpigp_cor:TransferFromOtherComponentsOfEquityToRetainedEarningsSSIFRS	その他の資本の構成要素から利益剰余金への振替、持分変動計算書（IFRS）	CurrentYearDuration_OtherComponentsOfEquityIFRSMember	JPY	-259516000000
jpigp_cor:TransferFromOtherComponentsOfEquityToRetainedEarningsSSIFRS	その他の資本の構成要素から利益剰余金への振替、持分変動計算書（IFRS）	CurrentYearDuration_jpcrp030000-asr_E02144-000OtherComprehensiveIncomeRelatedToAssetsHeldForSaleIFRSMember	JPY	－
jpigp_cor:TransferFromOtherComponentsOfEquityToRetainedEarningsSSIFRS	その他の資本の構成要素から利益剰余金への振替、持分変動計算書（IFRS）	CurrentYearDuration_TreasurySharesIFRSMember	JPY	－
jpigp_cor:TransferFromOtherComponentsOfEquityToRetainedEarningsSSIFRS	その他の資本の構成要素から利益剰余金への振替、持分変動計算書（IFRS）	CurrentYearDuration_EquityAttributableToOwnersOfParentIFRSMember	JPY	－
jpigp_cor:TransferFromOtherComponentsOfEquityToRetainedEarningsSSIFRS	その他の資本の構成要素から利益剰余金への振替、持分変動計算書（IFRS）	CurrentYearDuration_NonControllingInterestsIFRSMember	JPY	－
jpigp_cor:TransferFromOtherComponentsOfEquityToRetainedEarningsSSIFRS	その他の資本の構成要素から利益剰余金への振替、持分変動計算書（IFRS）	CurrentYearDuration	JPY	－
jpcrp030000-asr_E02144-000:OtherComprehensiveIncomeRelatedToAssetsHeldForSaleIFRS		CurrentYearDuration_ShareCapitalIFRSMember	JPY	－
jpcrp030000-asr_E02144-000:OtherComprehensiveIncomeRelatedToAssetsHeldForSaleIFRS		CurrentYearDuration_CapitalSurplusIFRSMember	JPY	－
jpcrp030000-asr_E02144-000:OtherComprehensiveIncomeRelatedToAssetsHeldForSaleIFRS		CurrentYearDuration_RetainedEarningsIFRSMember	JPY	－
jpcrp030000-asr_E02144-000:OtherComprehensiveIncomeRelatedToAssetsHeldForSaleIFRS		CurrentYearDuration_OtherComponentsOfEquityIFRSMember	JPY	-266596000000
jpcrp030000-asr_E02144-000:OtherComprehensiveIncomeRelatedToAssetsHeldForSaleIFRS		CurrentYearDuration_jpcrp030000-asr_E02144-000OtherComprehensiveIncomeRelatedToAssetsHeldForSaleIFRSMember	JPY	266596000000
jpcrp030000-asr_E02144-000:OtherComprehensiveIncomeRelatedToAssetsHeldForSaleIFRS		CurrentYearDuration_TreasurySharesIFRSMember	JPY	－
jpcrp030000-asr_E02144-000:OtherComprehensiveIncomeRelatedToAssetsHeldForSaleIFRS		CurrentYearDuration_EquityAttributableToOwnersOfParentIFRSMember	JPY	－
jpcrp030000-asr_E02144-000:OtherComprehensiveIncomeRelatedToAssetsHeldForSaleIFRS		CurrentYearDuration_NonControllingInterestsIFRSMember	JPY	－
jpcrp030000-asr_E02144-000:OtherComprehensiveIncomeRelatedToAssetsHeldForSaleIFRS		CurrentYearDuration	JPY	－
jpigp_cor:EquityIFRS	資本（IFRS）	CurrentYearInstant_ShareCapitalIFRSMember	JPY	397050000000
jpigp_cor:EquityIFRS	資本（IFRS）	CurrentYearInstant_CapitalSurplusIFRSMember	JPY	456742000000
jpigp_cor:EquityIFRS	資本（IFRS）	CurrentYearInstant_RetainedEarningsIFRSMember	JPY	38709858000000
jpigp_cor:EquityIFRS	資本（IFRS）	CurrentYearInstant_OtherComponentsOfEquityIFRSMember	JPY	4544019000000
jpigp_cor:EquityIFRS	資本（IFRS）	CurrentYearInstant_jpcrp030000-asr_E02144-000OtherComprehensiveIncomeRelatedToAssetsHeldForSaleIFRSMember	JPY	266596000000
jpigp_cor:EquityIFRS	資本（IFRS）	CurrentYearInstant_TreasurySharesIFRSMember	JPY	-4455410000000
jpigp_cor:EquityIFRS	資本（IFRS）	CurrentYearInstant_EquityAttributableToOwnersOfParentIFRSMember	JPY	39918854000000
jpigp_cor:EquityIFRS	資本（IFRS）	CurrentYearInstant_NonControllingInterestsIFRSMember	JPY	1101214000000
jpigp_cor:EquityIFRS	資本（IFRS）	CurrentYearInstant	JPY	41020068000000
jpigp_cor:ProfitLossIFRS	当期利益（△損失）（IFRS）	Prior1YearDuration	JPY	4789755000000
jpigp_cor:ProfitLossIFRS	当期利益（△損失）（IFRS）	CurrentYearDuration	JPY	3985761000000
jpigp_cor:DepreciationAndAmortizationOpeCFIFRS	減価償却費及び償却費、営業活動によるキャッシュ・フロー（IFRS）	Prior1YearDuration	JPY	2251233000000
jpigp_cor:DepreciationAndAmortizationOpeCFIFRS	減価償却費及び償却費、営業活動によるキャッシュ・フロー（IFRS）	CurrentYearDuration	JPY	2392519000000
jpcrp030000-asr_E02144-000:FinanceIncomeAndFinanceCostsNetOpeCFIFRS		Prior1YearDuration	JPY	-747742000000
jpcrp030000-asr_E02144-000:FinanceIncomeAndFinanceCostsNetOpeCFIFRS		CurrentYearDuration	JPY	-809088000000
jpigp_cor:ShareOfLossProfitOfInvestmentsAccountedForUsingEquityMethodOpeCFIFRS	持分法による投資損益（△は益）、営業活動によるキャッシュ・フロー（IFRS）	Prior1YearDuration	JPY	-591219000000
jpigp_cor:ShareOfLossProfitOfInvestmentsAccountedForUsingEquityMethodOpeCFIFRS	持分法による投資損益（△は益）、営業活動によるキャッシュ・フロー（IFRS）	CurrentYearDuration	JPY	-552742000000
jpigp_cor:IncomeTaxExpenseOpeCFIFRS	法人所得税費用、営業活動によるキャッシュ・フロー（IFRS）	Prior1YearDuration	JPY	1624835000000
jpigp_cor:IncomeTaxExpenseOpeCFIFRS	法人所得税費用、営業活動によるキャッシュ・フロー（IFRS）	CurrentYearDuration	JPY	1167234000000
jpcrp030000-asr_E02144-000:ChangesInOperatingAssetsAndLiabilitiesAndOtherOpeCFIFRS		Prior1YearDuration	JPY	-2815549000000
jpcrp030000-asr_E02144-000:ChangesInOperatingAssetsAndLiabilitiesAndOtherOpeCFIFRS		CurrentYearDuration	JPY	-976558000000
jpigp_cor:DecreaseIncreaseInTradeAndOtherReceivablesOpeCFIFRS	営業債権及びその他の債権の増減額（△は増加）、営業活動によるキャッシュ・フロー（IFRS）	Prior1YearDuration	JPY	55139000000
jpigp_cor:DecreaseIncreaseInTradeAndOtherReceivablesOpeCFIFRS	営業債権及びその他の債権の増減額（△は増加）、営業活動によるキャッシュ・フロー（IFRS）	CurrentYearDuration	JPY	-539370000000
jpcrp030000-asr_E02144-000:DecreaseIncreaseInReceivablesRelatedToFinancialServicesOpeCFIFRS		Prior1YearDuration	JPY	-2389665000000
jpcrp030000-asr_E02144-000:DecreaseIncreaseInReceivablesRelatedToFinancialServicesOpeCFIFRS		CurrentYearDuration	JPY	-2017214000000
jpigp_cor:DecreaseIncreaseInInventoriesOpeCFIFRS	棚卸資産の増減額（△は増加）、営業活動によるキャッシュ・フロー（IFRS）	Prior1YearDuration	JPY	-70654000000
jpigp_cor:DecreaseIncreaseInInventoriesOpeCFIFRS	棚卸資産の増減額（△は増加）、営業活動によるキャッシュ・フロー（IFRS）	CurrentYearDuration	JPY	-468883000000
jpcrp030000-asr_E02144-000:DecreaseIncreaseInOtherCurrentAssetsOpeCFIFRS		Prior1YearDuration	JPY	-462114000000
jpcrp030000-asr_E02144-000:DecreaseIncreaseInOtherCurrentAssetsOpeCFIFRS		CurrentYearDuration	JPY	-175944000000
jpigp_cor:IncreaseDecreaseInTradeAndOtherPayablesOpeCFIFRS	営業債務及びその他の債務の増減額（△は減少）、営業活動によるキャッシュ・フロー（IFRS）	Prior1YearDuration	JPY	362924000000
jpigp_cor:IncreaseDecreaseInTradeAndOtherPayablesOpeCFIFRS	営業債務及びその他の債務の増減額（△は減少）、営業活動によるキャッシュ・フロー（IFRS）	CurrentYearDuration	JPY	378798000000
jpcrp030000-asr_E02144-000:IncreaseDecreaseInOtherCurrentLiabilitiesOpeCFIFRS		Prior1YearDuration	JPY	659088000000
jpcrp030000-asr_E02144-000:IncreaseDecreaseInOtherCurrentLiabilitiesOpeCFIFRS		CurrentYearDuration	JPY	1477356000000
jpigp_cor:IncreaseDecreaseInRetirementBenefitLiabilityOpeCFIFRS	退職給付に係る負債の増減額（△は減少）、営業活動によるキャッシュ・フロー（IFRS）	Prior1YearDuration	JPY	17377000000
jpigp_cor:IncreaseDecreaseInRetirementBenefitLiabilityOpeCFIFRS	退職給付に係る負債の増減額（△は減少）、営業活動によるキャッシュ・フロー（IFRS）	CurrentYearDuration	JPY	153351000000
jpigp_cor:OtherChangesInWorkingCapitalOpeCFIFRS	その他、運転資本の増減、営業活動によるキャッシュ・フロー（IFRS）	Prior1YearDuration	JPY	-987645000000
jpigp_cor:OtherChangesInWorkingCapitalOpeCFIFRS	その他、運転資本の増減、営業活動によるキャッシュ・フロー（IFRS）	CurrentYearDuration	JPY	215348000000
jpigp_cor:InterestReceivedOpeCFIFRS	利息の受取額、営業活動によるキャッシュ・フロー（IFRS）	Prior1YearDuration	JPY	2672724000000
jpigp_cor:InterestReceivedOpeCFIFRS	利息の受取額、営業活動によるキャッシュ・フロー（IFRS）	CurrentYearDuration	JPY	2760711000000
jpigp_cor:DividendsReceivedOpeCFIFRS	配当金の受取額、営業活動によるキャッシュ・フロー（IFRS）	Prior1YearDuration	JPY	623295000000
jpigp_cor:DividendsReceivedOpeCFIFRS	配当金の受取額、営業活動によるキャッシュ・フロー（IFRS）	CurrentYearDuration	JPY	430774000000
jpigp_cor:InterestPaidOpeCFIFRS	利息の支払額、営業活動によるキャッシュ・フロー（IFRS）	Prior1YearDuration	JPY	-1609083000000
jpigp_cor:InterestPaidOpeCFIFRS	利息の支払額、営業活動によるキャッシュ・フロー（IFRS）	CurrentYearDuration	JPY	-1685013000000
jpigp_cor:IncomeTaxesPaidOpeCFIFRS	法人所得税の支払額、営業活動によるキャッシュ・フロー（IFRS）	Prior1YearDuration	JPY	-2501315000000
jpigp_cor:IncomeTaxesPaidOpeCFIFRS	法人所得税の支払額、営業活動によるキャッシュ・フロー（IFRS）	CurrentYearDuration	JPY	-1240680000000
jpigp_cor:NetCashProvidedByUsedInOperatingActivitiesIFRS	営業活動によるキャッシュ・フロー（IFRS）	Prior1YearDuration	JPY	3696934000000
jpigp_cor:NetCashProvidedByUsedInOperatingActivitiesIFRS	営業活動によるキャッシュ・フロー（IFRS）	CurrentYearDuration	JPY	5472920000000
jpcrp030000-asr_E02144-000:AdditionsToFixedAssetsExcludingEquipmentLeasedToOthersInvCFIFRS		Prior1YearDuration	JPY	-1906811000000
jpcrp030000-asr_E02144-000:AdditionsToFixedAssetsExcludingEquipmentLeasedToOthersInvCFIFRS		CurrentYearDuration	JPY	-2148192000000
jpcrp030000-asr_E02144-000:AdditionsToEquipmentLeasedToOthersInvCFIFRS		Prior1YearDuration	JPY	-2996920000000
jpcrp030000-asr_E02144-000:AdditionsToEquipmentLeasedToOthersInvCFIFRS		CurrentYearDuration	JPY	-2766352000000
jpcrp030000-asr_E02144-000:ProceedsFromSalesOfFixedAssetsExcludingEquipmentLeasedToOthersInvCFIFRS		Prior1YearDuration	JPY	70821000000
jpcrp030000-asr_E02144-000:ProceedsFromSalesOfFixedAssetsExcludingEquipmentLeasedToOthersInvCFIFRS		CurrentYearDuration	JPY	31242000000
jpcrp030000-asr_E02144-000:ProceedsFromSaleOfEquipmentLeasedToOthersInvCFIFRS		Prior1YearDuration	JPY	1707899000000
jpcrp030000-asr_E02144-000:ProceedsFromSaleOfEquipmentLeasedToOthersInvCFIFRS		CurrentYearDuration	JPY	1355605000000
jpcrp030000-asr_E02144-000:AdditionsToIntangibleAssetsInvCFIFRS		Prior1YearDuration	JPY	-354196000000
jpcrp030000-asr_E02144-000:AdditionsToIntangibleAssetsInvCFIFRS		CurrentYearDuration	JPY	-378804000000
jpcrp030000-asr_E02144-000:AdditionsToPublicAndCorporateBondsAndStocksInvCFIFRS		Prior1YearDuration	JPY	-3965550000000
jpcrp030000-asr_E02144-000:AdditionsToPublicAndCorporateBondsAndStocksInvCFIFRS		CurrentYearDuration	JPY	-4290671000000
jpcrp030000-asr_E02144-000:ProceedsFromSalesOfPublicAndCorporateBondsAndStocksInvCFIFRS		Prior1YearDuration	JPY	1035922000000
jpcrp030000-asr_E02144-000:ProceedsFromSalesOfPublicAndCorporateBondsAndStocksInvCFIFRS		CurrentYearDuration	JPY	739503000000
jpcrp030000-asr_E02144-000:ProceedsUponMaturityOfPublicAndCorporateBondsInvCFIFRS		Prior1YearDuration	JPY	2713649000000
jpcrp030000-asr_E02144-000:ProceedsUponMaturityOfPublicAndCorporateBondsInvCFIFRS		CurrentYearDuration	JPY	4778059000000
jpigp_cor:OtherInvCFIFRS	その他、投資活動によるキャッシュ・フロー（IFRS）	Prior1YearDuration	JPY	-494551000000
jpigp_cor:OtherInvCFIFRS	その他、投資活動によるキャッシュ・フロー（IFRS）	CurrentYearDuration	JPY	1159304000000
jpigp_cor:NetCashProvidedByUsedInInvestingActivitiesIFRS	投資活動によるキャッシュ・フロー（IFRS）	Prior1YearDuration	JPY	-4189736000000
jpigp_cor:NetCashProvidedByUsedInInvestingActivitiesIFRS	投資活動によるキャッシュ・フロー（IFRS）	CurrentYearDuration	JPY	-1520307000000
jpcrp030000-asr_E02144-000:IncreaseDecreaseInShortTermDebtFinCFIFRS		Prior1YearDuration	JPY	75675000000
jpcrp030000-asr_E02144-000:IncreaseDecreaseInShortTermDebtFinCFIFRS		CurrentYearDuration	JPY	-90691000000
jpcrp030000-asr_E02144-000:ProceedsFromLongTermDebtFinCFIFRS		Prior1YearDuration	JPY	13381581000000
jpcrp030000-asr_E02144-000:ProceedsFromLongTermDebtFinCFIFRS		CurrentYearDuration	JPY	12880225000000
jpcrp030000-asr_E02144-000:PaymentsOfLongTermDebtFinCFIFRS		Prior1YearDuration	JPY	-10872262000000
jpcrp030000-asr_E02144-000:PaymentsOfLongTermDebtFinCFIFRS		CurrentYearDuration	JPY	-11956541000000
jpigp_cor:DividendsPaidToOwnersOfParentFinCFIFRS	親会社の所有者への配当金の支払額、財務活動によるキャッシュ・フロー（IFRS）	Prior1YearDuration	JPY	-1132329000000
jpigp_cor:DividendsPaidToOwnersOfParentFinCFIFRS	親会社の所有者への配当金の支払額、財務活動によるキャッシュ・フロー（IFRS）	CurrentYearDuration	JPY	-1238974000000
jpigp_cor:DividendsPaidToNonControllingInterestsFinCFIFRS	非支配持分への配当金の支払額、財務活動によるキャッシュ・フロー（IFRS）	Prior1YearDuration	JPY	-127232000000
jpigp_cor:DividendsPaidToNonControllingInterestsFinCFIFRS	非支配持分への配当金の支払額、財務活動によるキャッシュ・フロー（IFRS）	CurrentYearDuration	JPY	-125416000000
jpcrp030000-asr_E02144-000:ReissuanceRepurchaseOfTreasuryStockFinCFIFRS		Prior1YearDuration	JPY	-1179043000000
jpcrp030000-asr_E02144-000:ReissuanceRepurchaseOfTreasuryStockFinCFIFRS		CurrentYearDuration	JPY	-39975000000
jpigp_cor:OtherFinCFIFRS	その他、財務活動によるキャッシュ・フロー（IFRS）	Prior1YearDuration	JPY	50845000000
jpigp_cor:OtherFinCFIFRS	その他、財務活動によるキャッシュ・フロー（IFRS）	CurrentYearDuration	JPY	34712000000
jpigp_cor:NetCashProvidedByUsedInFinancingActivitiesIFRS	財務活動によるキャッシュ・フロー（IFRS）	Prior1YearDuration	JPY	197236000000
jpigp_cor:NetCashProvidedByUsedInFinancingActivitiesIFRS	財務活動によるキャッシュ・フロー（IFRS）	CurrentYearDuration	JPY	-536659000000
jpigp_cor:EffectOfExchangeRateChangesOnCashAndCashEquivalentsIFRS	現金及び現金同等物の為替変動による影響（IFRS）	Prior1YearDuration	JPY	-134089000000
jpigp_cor:EffectOfExchangeRateChangesOnCashAndCashEquivalentsIFRS	現金及び現金同等物の為替変動による影響（IFRS）	CurrentYearDuration	JPY	377197000000
jpigp_cor:NetIncreaseDecreaseInCashAndCashEquivalentsIFRS	現金及び現金同等物の増減額（△は減少）（IFRS）	Prior1YearDuration	JPY	-429656000000
jpigp_cor:NetIncreaseDecreaseInCashAndCashEquivalentsIFRS	現金及び現金同等物の増減額（△は減少）（IFRS）	CurrentYearDuration	JPY	3793150000000
jpigp_cor:CashAndCashEquivalentsIFRS	現金及び現金同等物（IFRS）	Prior2YearInstant	JPY	9412060000000
jpigp_cor:CashAndCashEquivalentsIFRS	現金及び現金同等物（IFRS）	Prior1YearInstant	JPY	8982404000000
jpcrp030000-asr_E02144-000:NetIncreaseDecreaseInCashAndCashEquivalentsResultingFromTransferToAssetsHeldForSaleCCEIFRS		Prior1YearDuration	JPY	－
jpcrp030000-asr_E02144-000:NetIncreaseDecreaseInCashAndCashEquivalentsResultingFromTransferToAssetsHeldForSaleCCEIFRS		CurrentYearDuration	JPY	-115932000000
jpigp_cor:CashAndCashEquivalentsIFRS	現金及び現金同等物（IFRS）	Prior1YearInstant	JPY	8982404000000
jpigp_cor:CashAndCashEquivalentsIFRS	現金及び現金同等物（IFRS）	CurrentYearInstant	JPY	12659622000000
jpcrp030000-asr_E02144-000:OperatingRevenueFromExternalCustomersIFRS		Prior1YearDuration_jpcrp030000-asr_E02144-000AutomotiveReportableSegmentMember	JPY	42996299000000
jpcrp030000-asr_E02144-000:OperatingRevenueFromExternalCustomersIFRS		Prior1YearDuration_jpcrp030000-asr_E02144-000FinancialServicesReportableSegmentMember	JPY	4437827000000
jpcrp030000-asr_E02144-000:OperatingRevenueFromExternalCustomersIFRS		Prior1YearDuration_OtherReportableSegmentsMember	JPY	602578000000
jpcrp030000-asr_E02144-000:OperatingRevenueFromExternalCustomersIFRS		Prior1YearDuration_jpcrp030000-asr_E02144-000CorporateExpensesAndEliminationMember	JPY	－
jpcrp030000-asr_E02144-000:OperatingRevenueFromExternalCustomersIFRS		Prior1YearDuration	JPY	48036704000000
jpcrp030000-asr_E02144-000:IntersegmentOperatingRevenuesIFRS		Prior1YearDuration_jpcrp030000-asr_E02144-000AutomotiveReportableSegmentMember	JPY	203566000000
jpcrp030000-asr_E02144-000:IntersegmentOperatingRevenuesIFRS		Prior1YearDuration_jpcrp030000-asr_E02144-000FinancialServicesReportableSegmentMember	JPY	43353000000
jpcrp030000-asr_E02144-000:IntersegmentOperatingRevenuesIFRS		Prior1YearDuration_OtherReportableSegmentsMember	JPY	844536000000
jpcrp030000-asr_E02144-000:IntersegmentOperatingRevenuesIFRS		Prior1YearDuration_jpcrp030000-asr_E02144-000CorporateExpensesAndEliminationMember	JPY	-1091455000000
jpcrp030000-asr_E02144-000:IntersegmentOperatingRevenuesIFRS		Prior1YearDuration	JPY	－
jpcrp030000-asr_E02144-000:SalesRevenuesIFRS		Prior1YearDuration_jpcrp030000-asr_E02144-000AutomotiveReportableSegmentMember	JPY	43199865000000
jpcrp030000-asr_E02144-000:SalesRevenuesIFRS		Prior1YearDuration_jpcrp030000-asr_E02144-000FinancialServicesReportableSegmentMember	JPY	4481180000000
jpcrp030000-asr_E02144-000:SalesRevenuesIFRS		Prior1YearDuration_OtherReportableSegmentsMember	JPY	1447114000000
jpcrp030000-asr_E02144-000:SalesRevenuesIFRS		Prior1YearDuration_jpcrp030000-asr_E02144-000CorporateExpensesAndEliminationMember	JPY	-1091455000000
jpcrp030000-asr_E02144-000:SalesRevenuesIFRS		Prior1YearDuration	JPY	48036704000000
jpigp_cor:OperatingExpensesIFRS	営業費用（IFRS）	Prior1YearDuration_jpcrp030000-asr_E02144-000AutomotiveReportableSegmentMember	JPY	39259587000000
jpigp_cor:OperatingExpensesIFRS	営業費用（IFRS）	Prior1YearDuration_jpcrp030000-asr_E02144-000FinancialServicesReportableSegmentMember	JPY	3797661000000
jpigp_cor:OperatingExpensesIFRS	営業費用（IFRS）	Prior1YearDuration_OtherReportableSegmentsMember	JPY	1265920000000
jpigp_cor:OperatingExpensesIFRS	営業費用（IFRS）	Prior1YearDuration_jpcrp030000-asr_E02144-000CorporateExpensesAndEliminationMember	JPY	-1082050000000
jpigp_cor:OperatingExpensesIFRS	営業費用（IFRS）	Prior1YearDuration	JPY	43241118000000
jpigp_cor:OperatingProfitLossIFRS	営業利益（△損失）（IFRS）	Prior1YearDuration_jpcrp030000-asr_E02144-000AutomotiveReportableSegmentMember	JPY	3940278000000
jpigp_cor:OperatingProfitLossIFRS	営業利益（△損失）（IFRS）	Prior1YearDuration_jpcrp030000-asr_E02144-000FinancialServicesReportableSegmentMember	JPY	683519000000
jpigp_cor:OperatingProfitLossIFRS	営業利益（△損失）（IFRS）	Prior1YearDuration_OtherReportableSegmentsMember	JPY	181194000000
jpigp_cor:OperatingProfitLossIFRS	営業利益（△損失）（IFRS）	Prior1YearDuration_jpcrp030000-asr_E02144-000CorporateExpensesAndEliminationMember	JPY	-9405000000
jpigp_cor:OperatingProfitLossIFRS	営業利益（△損失）（IFRS）	Prior1YearDuration	JPY	4795586000000
jpigp_cor:AssetsIFRS	資産（IFRS）	Prior1YearInstant_jpcrp030000-asr_E02144-000AutomotiveReportableSegmentMember	JPY	30117987000000
jpigp_cor:AssetsIFRS	資産（IFRS）	Prior1YearInstant_jpcrp030000-asr_E02144-000FinancialServicesReportableSegmentMember	JPY	46770786000000
jpigp_cor:AssetsIFRS	資産（IFRS）	Prior1YearInstant_OtherReportableSegmentsMember	JPY	2884421000000
jpigp_cor:AssetsIFRS	資産（IFRS）	Prior1YearInstant_jpcrp030000-asr_E02144-000CorporateExpensesAndEliminationMember	JPY	13828157000000
jpigp_cor:AssetsIFRS	資産（IFRS）	Prior1YearInstant	JPY	93601350000000
jpigp_cor:InvestmentsAccountedForUsingEquityMethodIFRS	持分法で会計処理されている投資（IFRS）	Prior1YearInstant_jpcrp030000-asr_E02144-000AutomotiveReportableSegmentMember	JPY	5201784000000
jpigp_cor:InvestmentsAccountedForUsingEquityMethodIFRS	持分法で会計処理されている投資（IFRS）	Prior1YearInstant_jpcrp030000-asr_E02144-000FinancialServicesReportableSegmentMember	JPY	112640000000
jpigp_cor:InvestmentsAccountedForUsingEquityMethodIFRS	持分法で会計処理されている投資（IFRS）	Prior1YearInstant_OtherReportableSegmentsMember	JPY	309121000000
jpigp_cor:InvestmentsAccountedForUsingEquityMethodIFRS	持分法で会計処理されている投資（IFRS）	Prior1YearInstant_jpcrp030000-asr_E02144-000CorporateExpensesAndEliminationMember	JPY	174505000000
jpigp_cor:InvestmentsAccountedForUsingEquityMethodIFRS	持分法で会計処理されている投資（IFRS）	Prior1YearInstant	JPY	5798051000000
jpigp_cor:DepreciationAndAmortizationOperatingExpensesIFRS	減価償却費及び償却費、営業費用（IFRS）	Prior1YearDuration_jpcrp030000-asr_E02144-000AutomotiveReportableSegmentMember	JPY	1378107000000
jpigp_cor:DepreciationAndAmortizationOperatingExpensesIFRS	減価償却費及び償却費、営業費用（IFRS）	Prior1YearDuration_jpcrp030000-asr_E02144-000FinancialServicesReportableSegmentMember	JPY	838167000000
jpigp_cor:DepreciationAndAmortizationOperatingExpensesIFRS	減価償却費及び償却費、営業費用（IFRS）	Prior1YearDuration_OtherReportableSegmentsMember	JPY	34958000000
jpigp_cor:DepreciationAndAmortizationOperatingExpensesIFRS	減価償却費及び償却費、営業費用（IFRS）	Prior1YearDuration_jpcrp030000-asr_E02144-000CorporateExpensesAndEliminationMember	JPY	－
jpigp_cor:DepreciationAndAmortizationOperatingExpensesIFRS	減価償却費及び償却費、営業費用（IFRS）	Prior1YearDuration	JPY	2251233000000
jpigp_cor:CapitalExpendituresIFRS	資本的支出（IFRS）	Prior1YearDuration_jpcrp030000-asr_E02144-000AutomotiveReportableSegmentMember	JPY	2193872000000
jpigp_cor:CapitalExpendituresIFRS	資本的支出（IFRS）	Prior1YearDuration_jpcrp030000-asr_E02144-000FinancialServicesReportableSegmentMember	JPY	3687890000000
jpigp_cor:CapitalExpendituresIFRS	資本的支出（IFRS）	Prior1YearDuration_OtherReportableSegmentsMember	JPY	100941000000
jpigp_cor:CapitalExpendituresIFRS	資本的支出（IFRS）	Prior1YearDuration_jpcrp030000-asr_E02144-000CorporateExpensesAndEliminationMember	JPY	8565000000
jpigp_cor:CapitalExpendituresIFRS	資本的支出（IFRS）	Prior1YearDuration	JPY	5991268000000
jpcrp030000-asr_E02144-000:OperatingRevenueFromExternalCustomersIFRS		CurrentYearDuration_jpcrp030000-asr_E02144-000AutomotiveReportableSegmentMember	JPY	45201924000000
jpcrp030000-asr_E02144-000:OperatingRevenueFromExternalCustomersIFRS		CurrentYearDuration_jpcrp030000-asr_E02144-000FinancialServicesReportableSegmentMember	JPY	4819003000000
jpcrp030000-asr_E02144-000:OperatingRevenueFromExternalCustomersIFRS		CurrentYearDuration_OtherReportableSegmentsMember	JPY	664026000000
jpcrp030000-asr_E02144-000:OperatingRevenueFromExternalCustomersIFRS		CurrentYearDuration_jpcrp030000-asr_E02144-000CorporateExpensesAndEliminationMember	JPY	－
jpcrp030000-asr_E02144-000:OperatingRevenueFromExternalCustomersIFRS		CurrentYearDuration	JPY	50684952000000
jpcrp030000-asr_E02144-000:IntersegmentOperatingRevenuesIFRS		CurrentYearDuration_jpcrp030000-asr_E02144-000AutomotiveReportableSegmentMember	JPY	215779000000
jpcrp030000-asr_E02144-000:IntersegmentOperatingRevenuesIFRS		CurrentYearDuration_jpcrp030000-asr_E02144-000FinancialServicesReportableSegmentMember	JPY	38112000000
jpcrp030000-asr_E02144-000:IntersegmentOperatingRevenuesIFRS		CurrentYearDuration_OtherReportableSegmentsMember	JPY	987387000000
jpcrp030000-asr_E02144-000:IntersegmentOperatingRevenuesIFRS		CurrentYearDuration_jpcrp030000-asr_E02144-000CorporateExpensesAndEliminationMember	JPY	-1241278000000
jpcrp030000-asr_E02144-000:IntersegmentOperatingRevenuesIFRS		CurrentYearDuration	JPY	－
jpcrp030000-asr_E02144-000:SalesRevenuesIFRS		CurrentYearDuration_jpcrp030000-asr_E02144-000AutomotiveReportableSegmentMember	JPY	45417703000000
jpcrp030000-asr_E02144-000:SalesRevenuesIFRS		CurrentYearDuration_jpcrp030000-asr_E02144-000FinancialServicesReportableSegmentMember	JPY	4857115000000
jpcrp030000-asr_E02144-000:SalesRevenuesIFRS		CurrentYearDuration_OtherReportableSegmentsMember	JPY	1651412000000
jpcrp030000-asr_E02144-000:SalesRevenuesIFRS		CurrentYearDuration_jpcrp030000-asr_E02144-000CorporateExpensesAndEliminationMember	JPY	-1241278000000
jpcrp030000-asr_E02144-000:SalesRevenuesIFRS		CurrentYearDuration	JPY	50684952000000
jpigp_cor:OperatingExpensesIFRS	営業費用（IFRS）	CurrentYearDuration_jpcrp030000-asr_E02144-000AutomotiveReportableSegmentMember	JPY	42640654000000
jpigp_cor:OperatingExpensesIFRS	営業費用（IFRS）	CurrentYearDuration_jpcrp030000-asr_E02144-000FinancialServicesReportableSegmentMember	JPY	4005394000000
jpigp_cor:OperatingExpensesIFRS	営業費用（IFRS）	CurrentYearDuration_OtherReportableSegmentsMember	JPY	1519333000000
jpigp_cor:OperatingExpensesIFRS	営業費用（IFRS）	CurrentYearDuration_jpcrp030000-asr_E02144-000CorporateExpensesAndEliminationMember	JPY	-1246644000000
jpigp_cor:OperatingExpensesIFRS	営業費用（IFRS）	CurrentYearDuration	JPY	46918736000000
jpigp_cor:OperatingProfitLossIFRS	営業利益（△損失）（IFRS）	CurrentYearDuration_jpcrp030000-asr_E02144-000AutomotiveReportableSegmentMember	JPY	2777049000000
jpigp_cor:OperatingProfitLossIFRS	営業利益（△損失）（IFRS）	CurrentYearDuration_jpcrp030000-asr_E02144-000FinancialServicesReportableSegmentMember	JPY	851722000000
jpigp_cor:OperatingProfitLossIFRS	営業利益（△損失）（IFRS）	CurrentYearDuration_OtherReportableSegmentsMember	JPY	132079000000
jpigp_cor:OperatingProfitLossIFRS	営業利益（△損失）（IFRS）	CurrentYearDuration_jpcrp030000-asr_E02144-000CorporateExpensesAndEliminationMember	JPY	5366000000
jpigp_cor:OperatingProfitLossIFRS	営業利益（△損失）（IFRS）	CurrentYearDuration	JPY	3766216000000
jpigp_cor:AssetsIFRS	資産（IFRS）	CurrentYearInstant_jpcrp030000-asr_E02144-000AutomotiveReportableSegmentMember	JPY	33182372000000
jpigp_cor:AssetsIFRS	資産（IFRS）	CurrentYearInstant_jpcrp030000-asr_E02144-000FinancialServicesReportableSegmentMember	JPY	53741709000000
jpigp_cor:AssetsIFRS	資産（IFRS）	CurrentYearInstant_OtherReportableSegmentsMember	JPY	4066133000000
jpigp_cor:AssetsIFRS	資産（IFRS）	CurrentYearInstant_jpcrp030000-asr_E02144-000CorporateExpensesAndEliminationMember	JPY	14532118000000
jpigp_cor:AssetsIFRS	資産（IFRS）	CurrentYearInstant	JPY	105522331000000
jpigp_cor:InvestmentsAccountedForUsingEquityMethodIFRS	持分法で会計処理されている投資（IFRS）	CurrentYearInstant_jpcrp030000-asr_E02144-000AutomotiveReportableSegmentMember	JPY	4763577000000
jpigp_cor:InvestmentsAccountedForUsingEquityMethodIFRS	持分法で会計処理されている投資（IFRS）	CurrentYearInstant_jpcrp030000-asr_E02144-000FinancialServicesReportableSegmentMember	JPY	124393000000
jpigp_cor:InvestmentsAccountedForUsingEquityMethodIFRS	持分法で会計処理されている投資（IFRS）	CurrentYearInstant_OtherReportableSegmentsMember	JPY	304242000000
jpigp_cor:InvestmentsAccountedForUsingEquityMethodIFRS	持分法で会計処理されている投資（IFRS）	CurrentYearInstant_jpcrp030000-asr_E02144-000CorporateExpensesAndEliminationMember	JPY	150336000000
jpigp_cor:InvestmentsAccountedForUsingEquityMethodIFRS	持分法で会計処理されている投資（IFRS）	CurrentYearInstant	JPY	5342548000000
jpigp_cor:DepreciationAndAmortizationOperatingExpensesIFRS	減価償却費及び償却費、営業費用（IFRS）	CurrentYearDuration_jpcrp030000-asr_E02144-000AutomotiveReportableSegmentMember	JPY	1417242000000
jpigp_cor:DepreciationAndAmortizationOperatingExpensesIFRS	減価償却費及び償却費、営業費用（IFRS）	CurrentYearDuration_jpcrp030000-asr_E02144-000FinancialServicesReportableSegmentMember	JPY	920432000000
jpigp_cor:DepreciationAndAmortizationOperatingExpensesIFRS	減価償却費及び償却費、営業費用（IFRS）	CurrentYearDuration_OtherReportableSegmentsMember	JPY	54846000000
jpigp_cor:DepreciationAndAmortizationOperatingExpensesIFRS	減価償却費及び償却費、営業費用（IFRS）	CurrentYearDuration_jpcrp030000-asr_E02144-000CorporateExpensesAndEliminationMember	JPY	－
jpigp_cor:DepreciationAndAmortizationOperatingExpensesIFRS	減価償却費及び償却費、営業費用（IFRS）	CurrentYearDuration	JPY	2392519000000
jpigp_cor:CapitalExpendituresIFRS	資本的支出（IFRS）	CurrentYearDuration_jpcrp030000-asr_E02144-000AutomotiveReportableSegmentMember	JPY	2453641000000
jpigp_cor:CapitalExpendituresIFRS	資本的支出（IFRS）	CurrentYearDuration_jpcrp030000-asr_E02144-000FinancialServicesReportableSegmentMember	JPY	3511937000000
jpigp_cor:CapitalExpendituresIFRS	資本的支出（IFRS）	CurrentYearDuration_OtherReportableSegmentsMember	JPY	64749000000
jpigp_cor:CapitalExpendituresIFRS	資本的支出（IFRS）	CurrentYearDuration_jpcrp030000-asr_E02144-000CorporateExpensesAndEliminationMember	JPY	29452000000
jpigp_cor:CapitalExpendituresIFRS	資本的支出（IFRS）	CurrentYearDuration	JPY	6059779000000
jpigp_cor:MerchandiseAndFinishedGoodsCAIFRS	商品及び製品、流動資産（IFRS）	Prior1YearInstant	JPY	2875405000000
jpigp_cor:MerchandiseAndFinishedGoodsCAIFRS	商品及び製品、流動資産（IFRS）	CurrentYearInstant	JPY	3208980000000
jpigp_cor:WorkInProcessCAIFRS	仕掛品、流動資産（IFRS）	Prior1YearInstant	JPY	486552000000
jpigp_cor:WorkInProcessCAIFRS	仕掛品、流動資産（IFRS）	CurrentYearInstant	JPY	626422000000
jpigp_cor:RawMaterialsCAIFRS	原材料、流動資産（IFRS）	Prior1YearInstant	JPY	1013621000000
jpigp_cor:RawMaterialsCAIFRS	原材料、流動資産（IFRS）	CurrentYearInstant	JPY	1050559000000
jpcrp030000-asr_E02144-000:SuppliesAndOtherCAIFRS		Prior1YearInstant	JPY	222654000000
jpcrp030000-asr_E02144-000:SuppliesAndOtherCAIFRS		CurrentYearInstant	JPY	249034000000
jpigp_cor:InventoriesCAIFRS	棚卸資産、流動資産（IFRS）	Prior1YearInstant	JPY	4598232000000
jpigp_cor:InventoriesCAIFRS	棚卸資産、流動資産（IFRS）	CurrentYearInstant	JPY	5134996000000
jpigp_cor:LandAcquisitionCostIFRS	土地、取得原価（IFRS）	Prior1YearInstant	JPY	1428122000000
jpigp_cor:BuildingsAcquisitionCostIFRS	建物、取得原価（IFRS）	Prior1YearInstant	JPY	6170063000000
jpigp_cor:MachineryAndEquipmentAcquisitionCostIFRS	機械装置、取得原価（IFRS）	Prior1YearInstant	JPY	16621243000000
jpcrp030000-asr_E02144-000:VehiclesAndEquipmentOnOperatingLeasesAcquisitionCostIFRS		Prior1YearInstant	JPY	8051945000000
jpigp_cor:ConstructionInProgressAcquisitionCostIFRS	建設仮勘定、取得原価（IFRS）	Prior1YearInstant	JPY	1596145000000
jpigp_cor:PropertyPlantAndEquipmentAcquisitionCostIFRS	有形固定資産、取得原価（IFRS）	Prior1YearInstant	JPY	33867518000000
jpigp_cor:LandAcquisitionCostIFRS	土地、取得原価（IFRS）	CurrentYearInstant	JPY	1351625000000
jpigp_cor:BuildingsAcquisitionCostIFRS	建物、取得原価（IFRS）	CurrentYearInstant	JPY	6284907000000
jpigp_cor:MachineryAndEquipmentAcquisitionCostIFRS	機械装置、取得原価（IFRS）	CurrentYearInstant	JPY	17509377000000
jpcrp030000-asr_E02144-000:VehiclesAndEquipmentOnOperatingLeasesAcquisitionCostIFRS		CurrentYearInstant	JPY	9705647000000
jpigp_cor:ConstructionInProgressAcquisitionCostIFRS	建設仮勘定、取得原価（IFRS）	CurrentYearInstant	JPY	1719808000000
jpigp_cor:PropertyPlantAndEquipmentAcquisitionCostIFRS	有形固定資産、取得原価（IFRS）	CurrentYearInstant	JPY	36571364000000
jpigp_cor:LandAccumulatedImpairmentLossesIFRS	土地、減損損失累計額（IFRS）	Prior1YearInstant	JPY	-6927000000
jpigp_cor:BuildingsAccumulatedDepreciationAndImpairmentLossesIFRS	建物、減価償却累計額及び減損損失累計額（IFRS）	Prior1YearInstant	JPY	-3867037000000
jpigp_cor:MachineryAndEquipmentAccumulatedDepreciationAndImpairmentLossesIFRS	機械装置、減価償却累計額及び減損損失累計額（IFRS）	Prior1YearInstant	JPY	-13157598000000
jpcrp030000-asr_E02144-000:VehiclesAndEquipmentOnOperatingLeasesAccumulatedDepreciationAndImpairmentIFRS		Prior1YearInstant	JPY	-1498586000000
jpigp_cor:ConstructionInProgressAccumulatedImpairmentLossesIFRS	建設仮勘定、減損損失累計額（IFRS）	Prior1YearInstant	JPY	-3678000000
jpigp_cor:PropertyPlantAndEquipmentAccumulatedDepreciationAndImpairmentLossesIFRS	有形固定資産、減価償却累計額及び減損損失累計額（IFRS）	Prior1YearInstant	JPY	-18533826000000
jpigp_cor:LandAccumulatedImpairmentLossesIFRS	土地、減損損失累計額（IFRS）	CurrentYearInstant	JPY	-7065000000
jpigp_cor:BuildingsAccumulatedDepreciationAndImpairmentLossesIFRS	建物、減価償却累計額及び減損損失累計額（IFRS）	CurrentYearInstant	JPY	-3884604000000
jpigp_cor:MachineryAndEquipmentAccumulatedDepreciationAndImpairmentLossesIFRS	機械装置、減価償却累計額及び減損損失累計額（IFRS）	CurrentYearInstant	JPY	-13759061000000
jpcrp030000-asr_E02144-000:VehiclesAndEquipmentOnOperatingLeasesAccumulatedDepreciationAndImpairmentIFRS		CurrentYearInstant	JPY	-1850094000000
jpigp_cor:ConstructionInProgressAccumulatedImpairmentLossesIFRS	建設仮勘定、減損損失累計額（IFRS）	CurrentYearInstant	JPY	-3175000000
jpigp_cor:PropertyPlantAndEquipmentAccumulatedDepreciationAndImpairmentLossesIFRS	有形固定資産、減価償却累計額及び減損損失累計額（IFRS）	CurrentYearInstant	JPY	-19504000000000
jpigp_cor:CapitalizedDevelopmentCostsIFRS	開発資産（IFRS）	Prior1YearInstant	JPY	582606000000
jpigp_cor:CapitalizedDevelopmentCostsIFRS	開発資産（IFRS）	CurrentYearInstant	JPY	523437000000
jpigp_cor:SoftwareIFRS	ソフトウエア（IFRS）	Prior1YearInstant	JPY	780660000000
jpigp_cor:SoftwareIFRS	ソフトウエア（IFRS）	CurrentYearInstant	JPY	869318000000
jpigp_cor:IntangibleAssetsIFRS	無形資産（IFRS）	Prior1YearInstant	JPY	1363266000000
jpigp_cor:IntangibleAssetsIFRS	無形資産（IFRS）	CurrentYearInstant	JPY	1392755000000
jpigp_cor:CapitalizedDevelopmentCostsAcquisitionCostIFRS	開発資産、取得原価（IFRS）	Prior1YearInstant	JPY	1066981000000
jpigp_cor:SoftwareAcquisitionCostIFRS	ソフトウエア、取得原価（IFRS）	Prior1YearInstant	JPY	1203454000000
jpigp_cor:IntangibleAssetsAcquisitionCostIFRS	無形資産の内訳、取得原価（IFRS）	Prior1YearInstant	JPY	2270435000000
jpigp_cor:CapitalizedDevelopmentCostsAcquisitionCostIFRS	開発資産、取得原価（IFRS）	CurrentYearInstant	JPY	986503000000
jpigp_cor:SoftwareAcquisitionCostIFRS	ソフトウエア、取得原価（IFRS）	CurrentYearInstant	JPY	1386306000000
jpigp_cor:IntangibleAssetsAcquisitionCostIFRS	無形資産の内訳、取得原価（IFRS）	CurrentYearInstant	JPY	2372808000000
jpigp_cor:CapitalizedDevelopmentCostsAccumulatedAmortizationAndImpairmentLossesIFRS	開発資産、償却累計額及び減損損失累計額（IFRS）	Prior1YearInstant	JPY	-484375000000
jpigp_cor:SoftwareAccumulatedAmortizationAndImpairmentLossesIFRS	ソフトウエア、償却累計額及び減損損失累計額（IFRS）	Prior1YearInstant	JPY	-422794000000
jpigp_cor:IntangibleAssetsAccumulatedAmortizationAndImpairmentLossesIFRS	無形資産の内訳、償却累計額及び減損損失累計額（IFRS）	Prior1YearInstant	JPY	-907169000000
jpigp_cor:CapitalizedDevelopmentCostsAccumulatedAmortizationAndImpairmentLossesIFRS	開発資産、償却累計額及び減損損失累計額（IFRS）	CurrentYearInstant	JPY	-463066000000
jpigp_cor:SoftwareAccumulatedAmortizationAndImpairmentLossesIFRS	ソフトウエア、償却累計額及び減損損失累計額（IFRS）	CurrentYearInstant	JPY	-516987000000
jpigp_cor:IntangibleAssetsAccumulatedAmortizationAndImpairmentLossesIFRS	無形資産の内訳、償却累計額及び減損損失累計額（IFRS）	CurrentYearInstant	JPY	-980053000000
jppfs_cor:CashAndDeposits	現金及び預金	Prior1YearInstant_NonConsolidatedMember	JPY	3996258000000
jppfs_cor:CashAndDeposits	現金及び預金	CurrentYearInstant_NonConsolidatedMember	JPY	5828255000000
jppfs_cor:AccountsReceivableTrade	売掛金	Prior1YearInstant_NonConsolidatedMember	JPY	1815800000000
jppfs_cor:AccountsReceivableTrade	売掛金	CurrentYearInstant_NonConsolidatedMember	JPY	1636381000000
jppfs_cor:ShortTermInvestmentSecurities	有価証券	Prior1YearInstant_NonConsolidatedMember	JPY	5415469000000
jppfs_cor:ShortTermInvestmentSecurities	有価証券	CurrentYearInstant_NonConsolidatedMember	JPY	4716345000000
jppfs_cor:MerchandiseAndFinishedGoods	商品及び製品	Prior1YearInstant_NonConsolidatedMember	JPY	276852000000
jppfs_cor:MerchandiseAndFinishedGoods	商品及び製品	CurrentYearInstant_NonConsolidatedMember	JPY	313790000000
jppfs_cor:WorkInProcess	仕掛品	Prior1YearInstant_NonConsolidatedMember	JPY	99228000000
jppfs_cor:WorkInProcess	仕掛品	CurrentYearInstant_NonConsolidatedMember	JPY	130180000000
jppfs_cor:RawMaterialsAndSupplies	原材料及び貯蔵品	Prior1YearInstant_NonConsolidatedMember	JPY	502589000000
jppfs_cor:RawMaterialsAndSupplies	原材料及び貯蔵品	CurrentYearInstant_NonConsolidatedMember	JPY	478313000000
jppfs_cor:ShortTermLoansReceivable	短期貸付金	Prior1YearInstant_NonConsolidatedMember	JPY	2323881000000
jppfs_cor:ShortTermLoansReceivable	短期貸付金	CurrentYearInstant_NonConsolidatedMember	JPY	1753989000000
jppfs_cor:IncomeTaxesReceivable	未収還付法人税等	Prior1YearInstant_NonConsolidatedMember	JPY	49563000000
jppfs_cor:IncomeTaxesReceivable	未収還付法人税等	CurrentYearInstant_NonConsolidatedMember	JPY	－
jppfs_cor:OtherCA	その他、流動資産	Prior1YearInstant_NonConsolidatedMember	JPY	1229955000000
jppfs_cor:OtherCA	その他、流動資産	CurrentYearInstant_NonConsolidatedMember	JPY	1657568000000
jppfs_cor:AllowanceForDoubtfulAccountsCA	貸倒引当金、流動資産、一括控除	Prior1YearInstant_NonConsolidatedMember	JPY	-2500000000
jppfs_cor:AllowanceForDoubtfulAccountsCA	貸倒引当金、流動資産、一括控除	CurrentYearInstant_NonConsolidatedMember	JPY	-2700000000
jppfs_cor:CurrentAssets	流動資産	Prior1YearInstant_NonConsolidatedMember	JPY	15707095000000
jppfs_cor:CurrentAssets	流動資産	CurrentYearInstant_NonConsolidatedMember	JPY	16512121000000
jppfs_cor:BuildingsNet	建物（純額）	Prior1YearInstant_NonConsolidatedMember	JPY	472769000000
jppfs_cor:BuildingsNet	建物（純額）	CurrentYearInstant_NonConsolidatedMember	JPY	585781000000
jppfs_cor:StructuresNet	構築物（純額）	Prior1YearInstant_NonConsolidatedMember	JPY	89534000000
jppfs_cor:StructuresNet	構築物（純額）	CurrentYearInstant_NonConsolidatedMember	JPY	93638000000
jppfs_cor:MachineryAndEquipmentNet	機械及び装置（純額）	Prior1YearInstant_NonConsolidatedMember	JPY	298093000000
jppfs_cor:MachineryAndEquipmentNet	機械及び装置（純額）	CurrentYearInstant_NonConsolidatedMember	JPY	480837000000
jppfs_cor:VehiclesNet	車両運搬具（純額）	Prior1YearInstant_NonConsolidatedMember	JPY	27950000000
jppfs_cor:VehiclesNet	車両運搬具（純額）	CurrentYearInstant_NonConsolidatedMember	JPY	33720000000
jppfs_cor:ToolsFurnitureAndFixturesNet	工具、器具及び備品（純額）	Prior1YearInstant_NonConsolidatedMember	JPY	83971000000
jppfs_cor:ToolsFurnitureAndFixturesNet	工具、器具及び備品（純額）	CurrentYearInstant_NonConsolidatedMember	JPY	109752000000
jppfs_cor:Land	土地	Prior1YearInstant_NonConsolidatedMember	JPY	476137000000
jppfs_cor:Land	土地	CurrentYearInstant_NonConsolidatedMember	JPY	480883000000
jppfs_cor:ConstructionInProgress	建設仮勘定	Prior1YearInstant_NonConsolidatedMember	JPY	460906000000
jppfs_cor:ConstructionInProgress	建設仮勘定	CurrentYearInstant_NonConsolidatedMember	JPY	333272000000
jppfs_cor:PropertyPlantAndEquipment	有形固定資産	Prior1YearInstant_NonConsolidatedMember	JPY	1909359000000
jppfs_cor:PropertyPlantAndEquipment	有形固定資産	CurrentYearInstant_NonConsolidatedMember	JPY	2117882000000
jppfs_cor:InvestmentSecurities	投資有価証券	Prior1YearInstant_NonConsolidatedMember	JPY	7626969000000
jppfs_cor:InvestmentSecurities	投資有価証券	CurrentYearInstant_NonConsolidatedMember	JPY	7818832000000
jpcrp030000-asr_E02144-000:InvestmentsInSubsidiariesAndAffiliatesIOA		Prior1YearInstant_NonConsolidatedMember	JPY	3036861000000
jpcrp030000-asr_E02144-000:InvestmentsInSubsidiariesAndAffiliatesIOA		CurrentYearInstant_NonConsolidatedMember	JPY	4443587000000
jppfs_cor:LongTermLoansReceivable	長期貸付金	Prior1YearInstant_NonConsolidatedMember	JPY	118392000000
jppfs_cor:LongTermLoansReceivable	長期貸付金	CurrentYearInstant_NonConsolidatedMember	JPY	96789000000
jppfs_cor:DeferredTaxAssets	繰延税金資産	Prior1YearInstant_NonConsolidatedMember	JPY	300216000000
jppfs_cor:DeferredTaxAssets	繰延税金資産	CurrentYearInstant_NonConsolidatedMember	JPY	322125000000
jppfs_cor:OtherIOA	その他、投資その他の資産	Prior1YearInstant_NonConsolidatedMember	JPY	397206000000
jppfs_cor:OtherIOA	その他、投資その他の資産	CurrentYearInstant_NonConsolidatedMember	JPY	392389000000
jppfs_cor:AllowanceForDoubtfulAccountsIOAByGroup	貸倒引当金、投資その他の資産、一括控除	Prior1YearInstant_NonConsolidatedMember	JPY	-49400000000
jppfs_cor:AllowanceForDoubtfulAccountsIOAByGroup	貸倒引当金、投資その他の資産、一括控除	CurrentYearInstant_NonConsolidatedMember	JPY	-47400000000
jppfs_cor:InvestmentsAndOtherAssets	投資その他の資産	Prior1YearInstant_NonConsolidatedMember	JPY	11430244000000
jppfs_cor:InvestmentsAndOtherAssets	投資その他の資産	CurrentYearInstant_NonConsolidatedMember	JPY	13026321000000
jppfs_cor:NoncurrentAssets	固定資産	Prior1YearInstant_NonConsolidatedMember	JPY	13339604000000
jppfs_cor:NoncurrentAssets	固定資産	CurrentYearInstant_NonConsolidatedMember	JPY	15144204000000
jppfs_cor:Assets	資産	Prior1YearInstant_NonConsolidatedMember	JPY	29046699000000
jppfs_cor:Assets	資産	CurrentYearInstant_NonConsolidatedMember	JPY	31656325000000
jppfs_cor:ElectronicallyRecordedObligationsOperatingCL	電子記録債務、流動負債	Prior1YearInstant_NonConsolidatedMember	JPY	395659000000
jppfs_cor:ElectronicallyRecordedObligationsOperatingCL	電子記録債務、流動負債	CurrentYearInstant_NonConsolidatedMember	JPY	381308000000
jppfs_cor:AccountsPayableTrade	買掛金	Prior1YearInstant_NonConsolidatedMember	JPY	1257898000000
jppfs_cor:AccountsPayableTrade	買掛金	CurrentYearInstant_NonConsolidatedMember	JPY	1396049000000
jppfs_cor:CurrentPortionOfLongTermLoansPayable	１年内返済予定の長期借入金	Prior1YearInstant_NonConsolidatedMember	JPY	171500000000
jppfs_cor:CurrentPortionOfLongTermLoansPayable	１年内返済予定の長期借入金	CurrentYearInstant_NonConsolidatedMember	JPY	193500000000
jppfs_cor:CurrentPortionOfBonds	１年内償還予定の社債	Prior1YearInstant_NonConsolidatedMember	JPY	319520000000
jppfs_cor:CurrentPortionOfBonds	１年内償還予定の社債	CurrentYearInstant_NonConsolidatedMember	JPY	119940000000
jppfs_cor:AccountsPayableOther	未払金	Prior1YearInstant_NonConsolidatedMember	JPY	909847000000
jppfs_cor:AccountsPayableOther	未払金	CurrentYearInstant_NonConsolidatedMember	JPY	725897000000
jppfs_cor:IncomeTaxesPayable	未払法人税等	Prior1YearInstant_NonConsolidatedMember	JPY	65933000000
jppfs_cor:IncomeTaxesPayable	未払法人税等	CurrentYearInstant_NonConsolidatedMember	JPY	355212000000
jppfs_cor:AccruedExpenses	未払費用	Prior1YearInstant_NonConsolidatedMember	JPY	1263752000000
jppfs_cor:AccruedExpenses	未払費用	CurrentYearInstant_NonConsolidatedMember	JPY	1038663000000
jppfs_cor:DepositsReceived	預り金	Prior1YearInstant_NonConsolidatedMember	JPY	845108000000
jppfs_cor:DepositsReceived	預り金	CurrentYearInstant_NonConsolidatedMember	JPY	1104674000000
jppfs_cor:ProvisionForProductWarranties	製品保証引当金	Prior1YearInstant_NonConsolidatedMember	JPY	678486000000
jppfs_cor:ProvisionForProductWarranties	製品保証引当金	CurrentYearInstant_NonConsolidatedMember	JPY	785907000000
jppfs_cor:ProvisionForDirectorsBonuses	役員賞与引当金	Prior1YearInstant_NonConsolidatedMember	JPY	3319000000
jppfs_cor:ProvisionForDirectorsBonuses	役員賞与引当金	CurrentYearInstant_NonConsolidatedMember	JPY	2660000000
jppfs_cor:OtherCL	その他、流動負債	Prior1YearInstant_NonConsolidatedMember	JPY	63572000000
jppfs_cor:OtherCL	その他、流動負債	CurrentYearInstant_NonConsolidatedMember	JPY	82071000000
jppfs_cor:CurrentLiabilities	流動負債	Prior1YearInstant_NonConsolidatedMember	JPY	5974594000000
jppfs_cor:CurrentLiabilities	流動負債	CurrentYearInstant_NonConsolidatedMember	JPY	6185881000000
jppfs_cor:BondsPayable	社債	Prior1YearInstant_NonConsolidatedMember	JPY	788560000000
jppfs_cor:BondsPayable	社債	CurrentYearInstant_NonConsolidatedMember	JPY	979520000000
jppfs_cor:LongTermLoansPayable	長期借入金	Prior1YearInstant_NonConsolidatedMember	JPY	173857000000
jppfs_cor:LongTermLoansPayable	長期借入金	CurrentYearInstant_NonConsolidatedMember	JPY	153857000000
jppfs_cor:ProvisionForRetirementBenefits	退職給付引当金	Prior1YearInstant_NonConsolidatedMember	JPY	364287000000
jppfs_cor:ProvisionForRetirementBenefits	退職給付引当金	CurrentYearInstant_NonConsolidatedMember	JPY	360665000000
jppfs_cor:OtherNCL	その他、固定負債	Prior1YearInstant_NonConsolidatedMember	JPY	240597000000
jppfs_cor:OtherNCL	その他、固定負債	CurrentYearInstant_NonConsolidatedMember	JPY	311478000000
jppfs_cor:NoncurrentLiabilities	固定負債	Prior1YearInstant_NonConsolidatedMember	JPY	1567301000000
jppfs_cor:NoncurrentLiabilities	固定負債	CurrentYearInstant_NonConsolidatedMember	JPY	1805520000000
jppfs_cor:Liabilities	負債	Prior1YearInstant_NonConsolidatedMember	JPY	7541895000000
jppfs_cor:Liabilities	負債	CurrentYearInstant_NonConsolidatedMember	JPY	7991401000000
jppfs_cor:CapitalStock	資本金	Prior1YearInstant_NonConsolidatedMember	JPY	635402000000
jppfs_cor:CapitalStock	資本金	CurrentYearInstant_NonConsolidatedMember	JPY	635402000000
jppfs_cor:LegalCapitalSurplus	資本準備金	Prior1YearInstant_NonConsolidatedMember	JPY	655323000000
jppfs_cor:LegalCapitalSurplus	資本準備金	CurrentYearInstant_NonConsolidatedMember	JPY	655323000000
jppfs_cor:OtherCapitalSurplus	その他資本剰余金	Prior1YearInstant_NonConsolidatedMember	JPY	－
jppfs_cor:OtherCapitalSurplus	その他資本剰余金	CurrentYearInstant_NonConsolidatedMember	JPY	1358000000
jppfs_cor:CapitalSurplus	資本剰余金	Prior1YearInstant_NonConsolidatedMember	JPY	655323000000
jppfs_cor:CapitalSurplus	資本剰余金	CurrentYearInstant_NonConsolidatedMember	JPY	656680000000
jppfs_cor:LegalRetainedEarnings	利益準備金	Prior1YearInstant_NonConsolidatedMember	JPY	99454000000
jppfs_cor:LegalRetainedEarnings	利益準備金	CurrentYearInstant_NonConsolidatedMember	JPY	99454000000
jppfs_cor:ReserveForAdvancedDepreciationOfNoncurrentAssets	固定資産圧縮積立金	Prior1YearInstant_NonConsolidatedMember	JPY	9686000000
jppfs_cor:ReserveForAdvancedDepreciationOfNoncurrentAssets	固定資産圧縮積立金	CurrentYearInstant_NonConsolidatedMember	JPY	9237000000
jppfs_cor:GeneralReserve	別途積立金	Prior1YearInstant_NonConsolidatedMember	JPY	6340926000000
jppfs_cor:GeneralReserve	別途積立金	CurrentYearInstant_NonConsolidatedMember	JPY	6340926000000
jppfs_cor:RetainedEarningsBroughtForward	繰越利益剰余金	Prior1YearInstant_NonConsolidatedMember	JPY	16404358000000
jppfs_cor:RetainedEarningsBroughtForward	繰越利益剰余金	CurrentYearInstant_NonConsolidatedMember	JPY	18558160000000
jppfs_cor:RetainedEarnings	利益剰余金	Prior1YearInstant_NonConsolidatedMember	JPY	22854425000000
jppfs_cor:RetainedEarnings	利益剰余金	CurrentYearInstant_NonConsolidatedMember	JPY	25007777000000
jppfs_cor:TreasuryStock	自己株式	Prior1YearInstant_NonConsolidatedMember	JPY	-4421108000000
jppfs_cor:TreasuryStock	自己株式	CurrentYearInstant_NonConsolidatedMember	JPY	-4460575000000
jppfs_cor:ShareholdersEquity	株主資本	Prior1YearInstant_NonConsolidatedMember	JPY	19724041000000
jppfs_cor:ShareholdersEquity	株主資本	CurrentYearInstant_NonConsolidatedMember	JPY	21839284000000
jppfs_cor:ValuationDifferenceOnAvailableForSaleSecurities	その他有価証券評価差額金	Prior1YearInstant_NonConsolidatedMember	JPY	1780763000000
jppfs_cor:ValuationDifferenceOnAvailableForSaleSecurities	その他有価証券評価差額金	CurrentYearInstant_NonConsolidatedMember	JPY	1825640000000
jppfs_cor:ValuationAndTranslationAdjustments	評価・換算差額等	Prior1YearInstant_NonConsolidatedMember	JPY	1780763000000
jppfs_cor:ValuationAndTranslationAdjustments	評価・換算差額等	CurrentYearInstant_NonConsolidatedMember	JPY	1825640000000
jppfs_cor:NetAssets	純資産	Prior1YearInstant_NonConsolidatedMember	JPY	21504804000000
jppfs_cor:NetAssets	純資産	CurrentYearInstant_NonConsolidatedMember	JPY	23664924000000
jppfs_cor:LiabilitiesAndNetAssets	負債純資産	Prior1YearInstant_NonConsolidatedMember	JPY	29046699000000
jppfs_cor:LiabilitiesAndNetAssets	負債純資産	CurrentYearInstant_NonConsolidatedMember	JPY	31656325000000
jppfs_cor:NetSales	売上高	Prior1YearDuration_NonConsolidatedMember	JPY	18277671000000
jppfs_cor:NetSales	売上高	CurrentYearDuration_NonConsolidatedMember	JPY	18259979000000
jppfs_cor:CostOfSales	売上原価	Prior1YearDuration_NonConsolidatedMember	JPY	13490075000000
jppfs_cor:CostOfSales	売上原価	CurrentYearDuration_NonConsolidatedMember	JPY	14279645000000
jppfs_cor:GrossProfit	売上総利益又は売上総損失（△）	Prior1YearDuration_NonConsolidatedMember	JPY	4787596000000
jppfs_cor:GrossProfit	売上総利益又は売上総損失（△）	CurrentYearDuration_NonConsolidatedMember	JPY	3980334000000
jppfs_cor:SellingGeneralAndAdministrativeExpenses	販売費及び一般管理費	Prior1YearDuration_NonConsolidatedMember	JPY	1820739000000
jppfs_cor:SellingGeneralAndAdministrativeExpenses	販売費及び一般管理費	CurrentYearDuration_NonConsolidatedMember	JPY	2174945000000
jppfs_cor:OperatingIncome	営業利益又は営業損失（△）	Prior1YearDuration_NonConsolidatedMember	JPY	2966857000000
jppfs_cor:OperatingIncome	営業利益又は営業損失（△）	CurrentYearDuration_NonConsolidatedMember	JPY	1805389000000
jppfs_cor:InterestIncomeNOI	受取利息、営業外収益	Prior1YearDuration_NonConsolidatedMember	JPY	309936000000
jppfs_cor:InterestIncomeNOI	受取利息、営業外収益	CurrentYearDuration_NonConsolidatedMember	JPY	283902000000
jppfs_cor:DividendsIncomeNOI	受取配当金、営業外収益	Prior1YearDuration_NonConsolidatedMember	JPY	1769423000000
jppfs_cor:DividendsIncomeNOI	受取配当金、営業外収益	CurrentYearDuration_NonConsolidatedMember	JPY	1338273000000
jppfs_cor:OtherNOI	その他、営業外収益	Prior1YearDuration_NonConsolidatedMember	JPY	739154000000
jppfs_cor:OtherNOI	その他、営業外収益	CurrentYearDuration_NonConsolidatedMember	JPY	1068483000000
jppfs_cor:NonOperatingIncome	営業外収益	Prior1YearDuration_NonConsolidatedMember	JPY	2818513000000
jppfs_cor:NonOperatingIncome	営業外収益	CurrentYearDuration_NonConsolidatedMember	JPY	2690658000000
jppfs_cor:InterestExpensesNOE	支払利息、営業外費用	Prior1YearDuration_NonConsolidatedMember	JPY	36585000000
jppfs_cor:InterestExpensesNOE	支払利息、営業外費用	CurrentYearDuration_NonConsolidatedMember	JPY	44771000000
jppfs_cor:OtherNOE	その他、営業外費用	Prior1YearDuration_NonConsolidatedMember	JPY	1210748000000
jppfs_cor:OtherNOE	その他、営業外費用	CurrentYearDuration_NonConsolidatedMember	JPY	253957000000
jppfs_cor:NonOperatingExpenses	営業外費用	Prior1YearDuration_NonConsolidatedMember	JPY	1247333000000
jppfs_cor:NonOperatingExpenses	営業外費用	CurrentYearDuration_NonConsolidatedMember	JPY	298728000000
jppfs_cor:OrdinaryIncome	経常利益又は経常損失（△）	Prior1YearDuration_NonConsolidatedMember	JPY	4538037000000
jppfs_cor:OrdinaryIncome	経常利益又は経常損失（△）	CurrentYearDuration_NonConsolidatedMember	JPY	4197319000000
jppfs_cor:IncomeBeforeIncomeTaxes	税引前当期純利益又は税引前当期純損失（△）	Prior1YearDuration_NonConsolidatedMember	JPY	4538037000000
jppfs_cor:IncomeBeforeIncomeTaxes	税引前当期純利益又は税引前当期純損失（△）	CurrentYearDuration_NonConsolidatedMember	JPY	4197319000000
jppfs_cor:IncomeTaxesCurrent	法人税、住民税及び事業税	Prior1YearDuration_NonConsolidatedMember	JPY	789840000000
jppfs_cor:IncomeTaxesCurrent	法人税、住民税及び事業税	CurrentYearDuration_NonConsolidatedMember	JPY	858121000000
jppfs_cor:IncomeTaxesDeferred	法人税等調整額	Prior1YearDuration_NonConsolidatedMember	JPY	-97016000000
jppfs_cor:IncomeTaxesDeferred	法人税等調整額	CurrentYearDuration_NonConsolidatedMember	JPY	-53128000000
jppfs_cor:IncomeTaxes	法人税等	Prior1YearDuration_NonConsolidatedMember	JPY	692824000000
jppfs_cor:IncomeTaxes	法人税等	CurrentYearDuration_NonConsolidatedMember	JPY	804993000000
jppfs_cor:ProfitLoss	当期純利益又は当期純損失（△）（平成26年3月28日財規等改正後）	Prior1YearDuration_NonConsolidatedMember	JPY	3845213000000
jppfs_cor:ProfitLoss	当期純利益又は当期純損失（△）（平成26年3月28日財規等改正後）	CurrentYearDuration_NonConsolidatedMember	JPY	3392326000000
jppfs_cor:NetAssets	純資産	Prior2YearInstant_NonConsolidatedMember_CapitalStockMember	JPY	635402000000
jppfs_cor:NetAssets	純資産	Prior2YearInstant_NonConsolidatedMember_LegalCapitalSurplusMember	JPY	655323000000
jppfs_cor:NetAssets	純資産	Prior2YearInstant_NonConsolidatedMember_OtherCapitalSurplusMember	JPY	596000000
jppfs_cor:NetAssets	純資産	Prior2YearInstant_NonConsolidatedMember_CapitalSurplusMember	JPY	655919000000
jppfs_cor:NetAssets	純資産	Prior2YearInstant_NonConsolidatedMember_LegalRetainedEarningsMember	JPY	99454000000
jppfs_cor:NetAssets	純資産	Prior2YearInstant_NonConsolidatedMember_ReserveForSpecialDepreciationMember	JPY	2000000
jppfs_cor:NetAssets	純資産	Prior2YearInstant_NonConsolidatedMember_ReserveForAdvancedDepreciationOfNoncurrentAssetsMember	JPY	8818000000
jppfs_cor:NetAssets	純資産	Prior2YearInstant_NonConsolidatedMember_GeneralReserveMember	JPY	6340926000000
jppfs_cor:RestatedBalance	会計方針の変更を反映した当期首残高	Prior2YearInstant_NonConsolidatedMember_CapitalStockMember	JPY	635402000000
jppfs_cor:RestatedBalance	会計方針の変更を反映した当期首残高	Prior2YearInstant_NonConsolidatedMember_LegalCapitalSurplusMember	JPY	655323000000
jppfs_cor:RestatedBalance	会計方針の変更を反映した当期首残高	Prior2YearInstant_NonConsolidatedMember_OtherCapitalSurplusMember	JPY	596000000
jppfs_cor:RestatedBalance	会計方針の変更を反映した当期首残高	Prior2YearInstant_NonConsolidatedMember_CapitalSurplusMember	JPY	655919000000
jppfs_cor:RestatedBalance	会計方針の変更を反映した当期首残高	Prior2YearInstant_NonConsolidatedMember_LegalRetainedEarningsMember	JPY	99454000000
jppfs_cor:RestatedBalance	会計方針の変更を反映した当期首残高	Prior2YearInstant_NonConsolidatedMember_ReserveForSpecialDepreciationMember	JPY	2000000
jppfs_cor:RestatedBalance	会計方針の変更を反映した当期首残高	Prior2YearInstant_NonConsolidatedMember_ReserveForAdvancedDepreciationOfNoncurrentAssetsMember	JPY	8818000000
jppfs_cor:RestatedBalance	会計方針の変更を反映した当期首残高	Prior2YearInstant_NonConsolidatedMember_GeneralReserveMember	JPY	6340926000000
jppfs_cor:ReversalOfReserveForSpecialDepreciation	特別償却準備金の取崩	Prior1YearDuration_NonConsolidatedMember_ReserveForSpecialDepreciationMember	JPY	-2000000
jppfs_cor:ProvisionOfReserveForAdvancedDepreciationOfNoncurrentAssets	固定資産圧縮積立金の積立	Prior1YearDuration_NonConsolidatedMember_ReserveForAdvancedDepreciationOfNoncurrentAssetsMember	JPY	912000000
jppfs_cor:ReversalOfReserveForAdvancedDepreciationOfNoncurrentAssets	固定資産圧縮積立金の取崩	Prior1YearDuration_NonConsolidatedMember_ReserveForAdvancedDepreciationOfNoncurrentAssetsMember	JPY	-44000000
jppfs_cor:DisposalOfTreasuryStock	自己株式の処分	Prior1YearDuration_NonConsolidatedMember_OtherCapitalSurplusMember	JPY	1356000000
jppfs_cor:DisposalOfTreasuryStock	自己株式の処分	Prior1YearDuration_NonConsolidatedMember_CapitalSurplusMember	JPY	1356000000
jppfs_cor:RetirementOfTreasuryStock	自己株式の消却	Prior1YearDuration_NonConsolidatedMember_OtherCapitalSurplusMember	JPY	-729217000000
jppfs_cor:RetirementOfTreasuryStock	自己株式の消却	Prior1YearDuration_NonConsolidatedMember_CapitalSurplusMember	JPY	-729217000000
jppfs_cor:TransferToCapitalSurplusFromRetainedEarnings	利益剰余金から資本剰余金への振替	Prior1YearDuration_NonConsolidatedMember_OtherCapitalSurplusMember	JPY	727264000000
jppfs_cor:TransferToCapitalSurplusFromRetainedEarnings	利益剰余金から資本剰余金への振替	Prior1YearDuration_NonConsolidatedMember_CapitalSurplusMember	JPY	727264000000
jppfs_cor:TotalChangesOfItemsDuringThePeriod	当期変動額合計	Prior1YearDuration_NonConsolidatedMember_CapitalStockMember	JPY	－
jppfs_cor:TotalChangesOfItemsDuringThePeriod	当期変動額合計	Prior1YearDuration_NonConsolidatedMember_LegalCapitalSurplusMember	JPY	－
jppfs_cor:TotalChangesOfItemsDuringThePeriod	当期変動額合計	Prior1YearDuration_NonConsolidatedMember_OtherCapitalSurplusMember	JPY	-596000000
jppfs_cor:TotalChangesOfItemsDuringThePeriod	当期変動額合計	Prior1YearDuration_NonConsolidatedMember_CapitalSurplusMember	JPY	-596000000
jppfs_cor:TotalChangesOfItemsDuringThePeriod	当期変動額合計	Prior1YearDuration_NonConsolidatedMember_LegalRetainedEarningsMember	JPY	－
jppfs_cor:TotalChangesOfItemsDuringThePeriod	当期変動額合計	Prior1YearDuration_NonConsolidatedMember_ReserveForSpecialDepreciationMember	JPY	-2000000
jppfs_cor:TotalChangesOfItemsDuringThePeriod	当期変動額合計	Prior1YearDuration_NonConsolidatedMember_ReserveForAdvancedDepreciationOfNoncurrentAssetsMember	JPY	868000000
jppfs_cor:TotalChangesOfItemsDuringThePeriod	当期変動額合計	Prior1YearDuration_NonConsolidatedMember_GeneralReserveMember	JPY	－
jppfs_cor:NetAssets	純資産	Prior1YearInstant_NonConsolidatedMember_CapitalStockMember	JPY	635402000000
jppfs_cor:NetAssets	純資産	Prior1YearInstant_NonConsolidatedMember_LegalCapitalSurplusMember	JPY	655323000000
jppfs_cor:NetAssets	純資産	Prior1YearInstant_NonConsolidatedMember_OtherCapitalSurplusMember	JPY	－
jppfs_cor:NetAssets	純資産	Prior1YearInstant_NonConsolidatedMember_CapitalSurplusMember	JPY	655323000000
jppfs_cor:NetAssets	純資産	Prior1YearInstant_NonConsolidatedMember_LegalRetainedEarningsMember	JPY	99454000000
jppfs_cor:NetAssets	純資産	Prior1YearInstant_NonConsolidatedMember_ReserveForSpecialDepreciationMember	JPY	－
jppfs_cor:NetAssets	純資産	Prior1YearInstant_NonConsolidatedMember_ReserveForAdvancedDepreciationOfNoncurrentAssetsMember	JPY	9686000000
jppfs_cor:NetAssets	純資産	Prior1YearInstant_NonConsolidatedMember_GeneralReserveMember	JPY	6340926000000
jppfs_cor:NetAssets	純資産	Prior2YearInstant_NonConsolidatedMember_RetainedEarningsBroughtForwardMember	JPY	14345700000000
jppfs_cor:NetAssets	純資産	Prior2YearInstant_NonConsolidatedMember_RetainedEarningsMember	JPY	20794901000000
jppfs_cor:NetAssets	純資産	Prior2YearInstant_NonConsolidatedMember_TreasuryStockMember	JPY	-3972147000000
jppfs_cor:NetAssets	純資産	Prior2YearInstant_NonConsolidatedMember_ShareholdersEquityMember	JPY	18114074000000
jppfs_cor:NetAssets	純資産	Prior2YearInstant_NonConsolidatedMember_ValuationDifferenceOnAvailableForSaleSecuritiesMember	JPY	2326007000000
jppfs_cor:NetAssets	純資産	Prior2YearInstant_NonConsolidatedMember_ValuationAndTranslationAdjustmentsMember	JPY	2326007000000
jppfs_cor:NetAssets	純資産	Prior2YearInstant_NonConsolidatedMember	JPY	20440081000000
jppfs_cor:CumulativeEffectsOfChangesInAccountingPolicies	会計方針の変更による累積的影響額	Prior2YearInstant_NonConsolidatedMember_RetainedEarningsBroughtForwardMember	JPY	73903000000
jppfs_cor:CumulativeEffectsOfChangesInAccountingPolicies	会計方針の変更による累積的影響額	Prior2YearInstant_NonConsolidatedMember_RetainedEarningsMember	JPY	73903000000
jppfs_cor:CumulativeEffectsOfChangesInAccountingPolicies	会計方針の変更による累積的影響額	Prior2YearInstant_NonConsolidatedMember_ShareholdersEquityMember	JPY	73903000000
jppfs_cor:CumulativeEffectsOfChangesInAccountingPolicies	会計方針の変更による累積的影響額	Prior2YearInstant_NonConsolidatedMember_ValuationDifferenceOnAvailableForSaleSecuritiesMember	JPY	-73903000000
jppfs_cor:CumulativeEffectsOfChangesInAccountingPolicies	会計方針の変更による累積的影響額	Prior2YearInstant_NonConsolidatedMember_ValuationAndTranslationAdjustmentsMember	JPY	-73903000000
jppfs_cor:CumulativeEffectsOfChangesInAccountingPolicies	会計方針の変更による累積的影響額	Prior2YearInstant_NonConsolidatedMember	JPY	－
jppfs_cor:RestatedBalance	会計方針の変更を反映した当期首残高	Prior2YearInstant_NonConsolidatedMember_RetainedEarningsBroughtForwardMember	JPY	14419604000000
jppfs_cor:RestatedBalance	会計方針の変更を反映した当期首残高	Prior2YearInstant_NonConsolidatedMember_RetainedEarningsMember	JPY	20868804000000
jppfs_cor:RestatedBalance	会計方針の変更を反映した当期首残高	Prior2YearInstant_NonConsolidatedMember_TreasuryStockMember	JPY	-3972147000000
jppfs_cor:RestatedBalance	会計方針の変更を反映した当期首残高	Prior2YearInstant_NonConsolidatedMember_ShareholdersEquityMember	JPY	18187978000000
jppfs_cor:RestatedBalance	会計方針の変更を反映した当期首残高	Prior2YearInstant_NonConsolidatedMember_ValuationDifferenceOnAvailableForSaleSecuritiesMember	JPY	2252104000000
jppfs_cor:RestatedBalance	会計方針の変更を反映した当期首残高	Prior2YearInstant_NonConsolidatedMember_ValuationAndTranslationAdjustmentsMember	JPY	2252104000000
jppfs_cor:RestatedBalance	会計方針の変更を反映した当期首残高	Prior2YearInstant_NonConsolidatedMember	JPY	20440081000000
jppfs_cor:ReversalOfReserveForSpecialDepreciation	特別償却準備金の取崩	Prior1YearDuration_NonConsolidatedMember_RetainedEarningsBroughtForwardMember	JPY	2000000
jppfs_cor:ReversalOfReserveForSpecialDepreciation	特別償却準備金の取崩	Prior1YearDuration_NonConsolidatedMember_RetainedEarningsMember	JPY	－
jppfs_cor:ReversalOfReserveForSpecialDepreciation	特別償却準備金の取崩	Prior1YearDuration_NonConsolidatedMember_ShareholdersEquityMember	JPY	－
jppfs_cor:ReversalOfReserveForSpecialDepreciation	特別償却準備金の取崩	Prior1YearDuration_NonConsolidatedMember	JPY	－
jppfs_cor:ProvisionOfReserveForAdvancedDepreciationOfNoncurrentAssets	固定資産圧縮積立金の積立	Prior1YearDuration_NonConsolidatedMember_RetainedEarningsBroughtForwardMember	JPY	-912000000
jppfs_cor:ProvisionOfReserveForAdvancedDepreciationOfNoncurrentAssets	固定資産圧縮積立金の積立	Prior1YearDuration_NonConsolidatedMember_RetainedEarningsMember	JPY	－
jppfs_cor:ProvisionOfReserveForAdvancedDepreciationOfNoncurrentAssets	固定資産圧縮積立金の積立	Prior1YearDuration_NonConsolidatedMember_ShareholdersEquityMember	JPY	－
jppfs_cor:ProvisionOfReserveForAdvancedDepreciationOfNoncurrentAssets	固定資産圧縮積立金の積立	Prior1YearDuration_NonConsolidatedMember	JPY	－
jppfs_cor:ReversalOfReserveForAdvancedDepreciationOfNoncurrentAssets	固定資産圧縮積立金の取崩	Prior1YearDuration_NonConsolidatedMember_RetainedEarningsBroughtForwardMember	JPY	44000000
jppfs_cor:ReversalOfReserveForAdvancedDepreciationOfNoncurrentAssets	固定資産圧縮積立金の取崩	Prior1YearDuration_NonConsolidatedMember_RetainedEarningsMember	JPY	－
jppfs_cor:ReversalOfReserveForAdvancedDepreciationOfNoncurrentAssets	固定資産圧縮積立金の取崩	Prior1YearDuration_NonConsolidatedMember_ShareholdersEquityMember	JPY	－
jppfs_cor:ReversalOfReserveForAdvancedDepreciationOfNoncurrentAssets	固定資産圧縮積立金の取崩	Prior1YearDuration_NonConsolidatedMember	JPY	－
jppfs_cor:DividendsFromSurplus	剰余金の配当	Prior1YearDuration_NonConsolidatedMember_RetainedEarningsBroughtForwardMember	JPY	-1132329000000
jppfs_cor:DividendsFromSurplus	剰余金の配当	Prior1YearDuration_NonConsolidatedMember_RetainedEarningsMember	JPY	-1132329000000
jppfs_cor:DividendsFromSurplus	剰余金の配当	Prior1YearDuration_NonConsolidatedMember_ShareholdersEquityMember	JPY	-1132329000000
jppfs_cor:DividendsFromSurplus	剰余金の配当	Prior1YearDuration_NonConsolidatedMember	JPY	-1132329000000
jppfs_cor:ProfitLoss	当期純利益又は当期純損失（△）（平成26年3月28日財規等改正後）	Prior1YearDuration_NonConsolidatedMember_RetainedEarningsBroughtForwardMember	JPY	3845213000000
jppfs_cor:ProfitLoss	当期純利益又は当期純損失（△）（平成26年3月28日財規等改正後）	Prior1YearDuration_NonConsolidatedMember_RetainedEarningsMember	JPY	3845213000000
jppfs_cor:ProfitLoss	当期純利益又は当期純損失（△）（平成26年3月28日財規等改正後）	Prior1YearDuration_NonConsolidatedMember_ShareholdersEquityMember	JPY	3845213000000
jppfs_cor:ProfitLoss	当期純利益又は当期純損失（△）（平成26年3月28日財規等改正後）	Prior1YearDuration_NonConsolidatedMember	JPY	3845213000000
jppfs_cor:PurchaseOfTreasuryStock	自己株式の取得	Prior1YearDuration_NonConsolidatedMember_TreasuryStockMember	JPY	-1179043000000
jppfs_cor:PurchaseOfTreasuryStock	自己株式の取得	Prior1YearDuration_NonConsolidatedMember_ShareholdersEquityMember	JPY	-1179043000000
jppfs_cor:PurchaseOfTreasuryStock	自己株式の取得	Prior1YearDuration_NonConsolidatedMember	JPY	-1179043000000
jppfs_cor:DisposalOfTreasuryStock	自己株式の処分	Prior1YearDuration_NonConsolidatedMember_TreasuryStockMember	JPY	866000000
jppfs_cor:DisposalOfTreasuryStock	自己株式の処分	Prior1YearDuration_NonConsolidatedMember_ShareholdersEquityMember	JPY	2222000000
jppfs_cor:DisposalOfTreasuryStock	自己株式の処分	Prior1YearDuration_NonConsolidatedMember	JPY	2222000000
jppfs_cor:RetirementOfTreasuryStock	自己株式の消却	Prior1YearDuration_NonConsolidatedMember_TreasuryStockMember	JPY	729217000000
jppfs_cor:RetirementOfTreasuryStock	自己株式の消却	Prior1YearDuration_NonConsolidatedMember_ShareholdersEquityMember	JPY	－
jppfs_cor:RetirementOfTreasuryStock	自己株式の消却	Prior1YearDuration_NonConsolidatedMember	JPY	－
jppfs_cor:TransferToCapitalSurplusFromRetainedEarnings	利益剰余金から資本剰余金への振替	Prior1YearDuration_NonConsolidatedMember_RetainedEarningsBroughtForwardMember	JPY	-727264000000
jppfs_cor:TransferToCapitalSurplusFromRetainedEarnings	利益剰余金から資本剰余金への振替	Prior1YearDuration_NonConsolidatedMember_RetainedEarningsMember	JPY	-727264000000
jppfs_cor:TransferToCapitalSurplusFromRetainedEarnings	利益剰余金から資本剰余金への振替	Prior1YearDuration_NonConsolidatedMember_ShareholdersEquityMember	JPY	－
jppfs_cor:TransferToCapitalSurplusFromRetainedEarnings	利益剰余金から資本剰余金への振替	Prior1YearDuration_NonConsolidatedMember	JPY	－
jppfs_cor:NetChangesOfItemsOtherThanShareholdersEquity	株主資本以外の項目の当期変動額（純額）	Prior1YearDuration_NonConsolidatedMember_ValuationDifferenceOnAvailableForSaleSecuritiesMember	JPY	-471341000000
jppfs_cor:NetChangesOfItemsOtherThanShareholdersEquity	株主資本以外の項目の当期変動額（純額）	Prior1YearDuration_NonConsolidatedMember_ValuationAndTranslationAdjustmentsMember	JPY	-471341000000
jppfs_cor:NetChangesOfItemsOtherThanShareholdersEquity	株主資本以外の項目の当期変動額（純額）	Prior1YearDuration_NonConsolidatedMember	JPY	-471341000000
jppfs_cor:TotalChangesOfItemsDuringThePeriod	当期変動額合計	Prior1YearDuration_NonConsolidatedMember_RetainedEarningsBroughtForwardMember	JPY	1984755000000
jppfs_cor:TotalChangesOfItemsDuringThePeriod	当期変動額合計	Prior1YearDuration_NonConsolidatedMember_RetainedEarningsMember	JPY	1985620000000
jppfs_cor:TotalChangesOfItemsDuringThePeriod	当期変動額合計	Prior1YearDuration_NonConsolidatedMember_TreasuryStockMember	JPY	-448961000000
jppfs_cor:TotalChangesOfItemsDuringThePeriod	当期変動額合計	Prior1YearDuration_NonConsolidatedMember_ShareholdersEquityMember	JPY	1536063000000
jppfs_cor:TotalChangesOfItemsDuringThePeriod	当期変動額合計	Prior1YearDuration_NonConsolidatedMember_ValuationDifferenceOnAvailableForSaleSecuritiesMember	JPY	-471341000000
jppfs_cor:TotalChangesOfItemsDuringThePeriod	当期変動額合計	Prior1YearDuration_NonConsolidatedMember_ValuationAndTranslationAdjustmentsMember	JPY	-471341000000
jppfs_cor:TotalChangesOfItemsDuringThePeriod	当期変動額合計	Prior1YearDuration_NonConsolidatedMember	JPY	1064723000000
jppfs_cor:NetAssets	純資産	Prior1YearInstant_NonConsolidatedMember_RetainedEarningsBroughtForwardMember	JPY	16404358000000
jppfs_cor:NetAssets	純資産	Prior1YearInstant_NonConsolidatedMember_RetainedEarningsMember	JPY	22854425000000
jppfs_cor:NetAssets	純資産	Prior1YearInstant_NonConsolidatedMember_TreasuryStockMember	JPY	-4421108000000
jppfs_cor:NetAssets	純資産	Prior1YearInstant_NonConsolidatedMember_ShareholdersEquityMember	JPY	19724041000000
jppfs_cor:NetAssets	純資産	Prior1YearInstant_NonConsolidatedMember_ValuationDifferenceOnAvailableForSaleSecuritiesMember	JPY	1780763000000
jppfs_cor:NetAssets	純資産	Prior1YearInstant_NonConsolidatedMember_ValuationAndTranslationAdjustmentsMember	JPY	1780763000000
jppfs_cor:NetAssets	純資産	Prior1YearInstant_NonConsolidatedMember	JPY	21504804000000
jppfs_cor:NetAssets	純資産	Prior1YearInstant_NonConsolidatedMember_CapitalStockMember	JPY	635402000000
jppfs_cor:NetAssets	純資産	Prior1YearInstant_NonConsolidatedMember_LegalCapitalSurplusMember	JPY	655323000000
jppfs_cor:NetAssets	純資産	Prior1YearInstant_NonConsolidatedMember_OtherCapitalSurplusMember	JPY	－
jppfs_cor:NetAssets	純資産	Prior1YearInstant_NonConsolidatedMember_CapitalSurplusMember	JPY	655323000000
jppfs_cor:NetAssets	純資産	Prior1YearInstant_NonConsolidatedMember_LegalRetainedEarningsMember	JPY	99454000000
jppfs_cor:NetAssets	純資産	Prior1YearInstant_NonConsolidatedMember_ReserveForSpecialDepreciationMember	JPY	－
jppfs_cor:NetAssets	純資産	Prior1YearInstant_NonConsolidatedMember_ReserveForAdvancedDepreciationOfNoncurrentAssetsMember	JPY	9686000000
jppfs_cor:NetAssets	純資産	Prior1YearInstant_NonConsolidatedMember_GeneralReserveMember	JPY	6340926000000
jppfs_cor:ReversalOfReserveForAdvancedDepreciationOfNoncurrentAssets	固定資産圧縮積立金の取崩	CurrentYearDuration_NonConsolidatedMember_ReserveForAdvancedDepreciationOfNoncurrentAssetsMember	JPY	-449000000
jppfs_cor:DisposalOfTreasuryStock	自己株式の処分	CurrentYearDuration_NonConsolidatedMember_OtherCapitalSurplusMember	JPY	1358000000
jppfs_cor:DisposalOfTreasuryStock	自己株式の処分	CurrentYearDuration_NonConsolidatedMember_CapitalSurplusMember	JPY	1358000000
jppfs_cor:TotalChangesOfItemsDuringThePeriod	当期変動額合計	CurrentYearDuration_NonConsolidatedMember_CapitalStockMember	JPY	－
jppfs_cor:TotalChangesOfItemsDuringThePeriod	当期変動額合計	CurrentYearDuration_NonConsolidatedMember_LegalCapitalSurplusMember	JPY	－
jppfs_cor:TotalChangesOfItemsDuringThePeriod	当期変動額合計	CurrentYearDuration_NonConsolidatedMember_OtherCapitalSurplusMember	JPY	1358000000
jppfs_cor:TotalChangesOfItemsDuringThePeriod	当期変動額合計	CurrentYearDuration_NonConsolidatedMember_CapitalSurplusMember	JPY	1358000000
jppfs_cor:TotalChangesOfItemsDuringThePeriod	当期変動額合計	CurrentYearDuration_NonConsolidatedMember_LegalRetainedEarningsMember	JPY	－
jppfs_cor:TotalChangesOfItemsDuringThePeriod	当期変動額合計	CurrentYearDuration_NonConsolidatedMember_ReserveForSpecialDepreciationMember	JPY	－
jppfs_cor:TotalChangesOfItemsDuringThePeriod	当期変動額合計	CurrentYearDuration_NonConsolidatedMember_ReserveForAdvancedDepreciationOfNoncurrentAssetsMember	JPY	-449000000
jppfs_cor:TotalChangesOfItemsDuringThePeriod	当期変動額合計	CurrentYearDuration_NonConsolidatedMember_GeneralReserveMember	JPY	－
jppfs_cor:NetAssets	純資産	CurrentYearInstant_NonConsolidatedMember_CapitalStockMember	JPY	635402000000
jppfs_cor:NetAssets	純資産	CurrentYearInstant_NonConsolidatedMember_LegalCapitalSurplusMember	JPY	655323000000
jppfs_cor:NetAssets	純資産	CurrentYearInstant_NonConsolidatedMember_OtherCapitalSurplusMember	JPY	1358000000
jppfs_cor:NetAssets	純資産	CurrentYearInstant_NonConsolidatedMember_CapitalSurplusMember	JPY	656680000000
jppfs_cor:NetAssets	純資産	CurrentYearInstant_NonConsolidatedMember_LegalRetainedEarningsMember	JPY	99454000000
jppfs_cor:NetAssets	純資産	CurrentYearInstant_NonConsolidatedMember_ReserveForSpecialDepreciationMember	JPY	－
jppfs_cor:NetAssets	純資産	CurrentYearInstant_NonConsolidatedMember_ReserveForAdvancedDepreciationOfNoncurrentAssetsMember	JPY	9237000000
jppfs_cor:NetAssets	純資産	CurrentYearInstant_NonConsolidatedMember_GeneralReserveMember	JPY	6340926000000
jppfs_cor:NetAssets	純資産	Prior1YearInstant_NonConsolidatedMember_RetainedEarningsBroughtForwardMember	JPY	16404358000000
jppfs_cor:NetAssets	純資産	Prior1YearInstant_NonConsolidatedMember_RetainedEarningsMember	JPY	22854425000000
jppfs_cor:NetAssets	純資産	Prior1YearInstant_NonConsolidatedMember_TreasuryStockMember	JPY	-4421108000000
jppfs_cor:NetAssets	純資産	Prior1YearInstant_NonConsolidatedMember_ShareholdersEquityMember	JPY	19724041000000
jppfs_cor:NetAssets	純資産	Prior1YearInstant_NonConsolidatedMember_ValuationDifferenceOnAvailableForSaleSecuritiesMember	JPY	1780763000000
jppfs_cor:NetAssets	純資産	Prior1YearInstant_NonConsolidatedMember_ValuationAndTranslationAdjustmentsMember	JPY	1780763000000
jppfs_cor:NetAssets	純資産	Prior1YearInstant_NonConsolidatedMember	JPY	21504804000000
jppfs_cor:ReversalOfReserveForAdvancedDepreciationOfNoncurrentAssets	固定資産圧縮積立金の取崩	CurrentYearDuration_NonConsolidatedMember_RetainedEarningsBroughtForwardMember	JPY	449000000
jppfs_cor:ReversalOfReserveForAdvancedDepreciationOfNoncurrentAssets	固定資産圧縮積立金の取崩	CurrentYearDuration_NonConsolidatedMember_RetainedEarningsMember	JPY	－
jppfs_cor:ReversalOfReserveForAdvancedDepreciationOfNoncurrentAssets	固定資産圧縮積立金の取崩	CurrentYearDuration_NonConsolidatedMember_ShareholdersEquityMember	JPY	－
jppfs_cor:ReversalOfReserveForAdvancedDepreciationOfNoncurrentAssets	固定資産圧縮積立金の取崩	CurrentYearDuration_NonConsolidatedMember	JPY	－
jppfs_cor:DividendsFromSurplus	剰余金の配当	CurrentYearDuration_NonConsolidatedMember_RetainedEarningsBroughtForwardMember	JPY	-1238974000000
jppfs_cor:DividendsFromSurplus	剰余金の配当	CurrentYearDuration_NonConsolidatedMember_RetainedEarningsMember	JPY	-1238974000000
jppfs_cor:DividendsFromSurplus	剰余金の配当	CurrentYearDuration_NonConsolidatedMember_ShareholdersEquityMember	JPY	-1238974000000
jppfs_cor:DividendsFromSurplus	剰余金の配当	CurrentYearDuration_NonConsolidatedMember	JPY	-1238974000000
jppfs_cor:ProfitLoss	当期純利益又は当期純損失（△）（平成26年3月28日財規等改正後）	CurrentYearDuration_NonConsolidatedMember_RetainedEarningsBroughtForwardMember	JPY	3392326000000
jppfs_cor:ProfitLoss	当期純利益又は当期純損失（△）（平成26年3月28日財規等改正後）	CurrentYearDuration_NonConsolidatedMember_RetainedEarningsMember	JPY	3392326000000
jppfs_cor:ProfitLoss	当期純利益又は当期純損失（△）（平成26年3月28日財規等改正後）	CurrentYearDuration_NonConsolidatedMember_ShareholdersEquityMember	JPY	3392326000000
jppfs_cor:ProfitLoss	当期純利益又は当期純損失（△）（平成26年3月28日財規等改正後）	CurrentYearDuration_NonConsolidatedMember	JPY	3392326000000
jppfs_cor:PurchaseOfTreasuryStock	自己株式の取得	CurrentYearDuration_NonConsolidatedMember_TreasuryStockMember	JPY	-39975000000
jppfs_cor:PurchaseOfTreasuryStock	自己株式の取得	CurrentYearDuration_NonConsolidatedMember_ShareholdersEquityMember	JPY	-39975000000
jppfs_cor:PurchaseOfTreasuryStock	自己株式の取得	CurrentYearDuration_NonConsolidatedMember	JPY	-39975000000
jppfs_cor:DisposalOfTreasuryStock	自己株式の処分	CurrentYearDuration_NonConsolidatedMember_TreasuryStockMember	JPY	508000000
jppfs_cor:DisposalOfTreasuryStock	自己株式の処分	CurrentYearDuration_NonConsolidatedMember_ShareholdersEquityMember	JPY	1866000000
jppfs_cor:DisposalOfTreasuryStock	自己株式の処分	CurrentYearDuration_NonConsolidatedMember	JPY	1866000000
jppfs_cor:NetChangesOfItemsOtherThanShareholdersEquity	株主資本以外の項目の当期変動額（純額）	CurrentYearDuration_NonConsolidatedMember_ValuationDifferenceOnAvailableForSaleSecuritiesMember	JPY	44877000000
jppfs_cor:NetChangesOfItemsOtherThanShareholdersEquity	株主資本以外の項目の当期変動額（純額）	CurrentYearDuration_NonConsolidatedMember_ValuationAndTranslationAdjustmentsMember	JPY	44877000000
jppfs_cor:NetChangesOfItemsOtherThanShareholdersEquity	株主資本以外の項目の当期変動額（純額）	CurrentYearDuration_NonConsolidatedMember	JPY	44877000000
jppfs_cor:TotalChangesOfItemsDuringThePeriod	当期変動額合計	CurrentYearDuration_NonConsolidatedMember_RetainedEarningsBroughtForwardMember	JPY	2153801000000
jppfs_cor:TotalChangesOfItemsDuringThePeriod	当期変動額合計	CurrentYearDuration_NonConsolidatedMember_RetainedEarningsMember	JPY	2153352000000
jppfs_cor:TotalChangesOfItemsDuringThePeriod	当期変動額合計	CurrentYearDuration_NonConsolidatedMember_TreasuryStockMember	JPY	-39467000000
jppfs_cor:TotalChangesOfItemsDuringThePeriod	当期変動額合計	CurrentYearDuration_NonConsolidatedMember_ShareholdersEquityMember	JPY	2115243000000
jppfs_cor:TotalChangesOfItemsDuringThePeriod	当期変動額合計	CurrentYearDuration_NonConsolidatedMember_ValuationDifferenceOnAvailableForSaleSecuritiesMember	JPY	44877000000
jppfs_cor:TotalChangesOfItemsDuringThePeriod	当期変動額合計	CurrentYearDuration_NonConsolidatedMember_ValuationAndTranslationAdjustmentsMember	JPY	44877000000
jppfs_cor:TotalChangesOfItemsDuringThePeriod	当期変動額合計	CurrentYearDuration_NonConsolidatedMember	JPY	2160120000000
jppfs_cor:NetAssets	純資産	CurrentYearInstant_NonConsolidatedMember_RetainedEarningsBroughtForwardMember	JPY	18558160000000
jppfs_cor:NetAssets	純資産	CurrentYearInstant_NonConsolidatedMember_RetainedEarningsMember	JPY	25007777000000
jppfs_cor:NetAssets	純資産	CurrentYearInstant_NonConsolidatedMember_TreasuryStockMember	JPY	-4460575000000
jppfs_cor:NetAssets	純資産	CurrentYearInstant_NonConsolidatedMember_ShareholdersEquityMember	JPY	21839284000000
jppfs_cor:NetAssets	純資産	CurrentYearInstant_NonConsolidatedMember_ValuationDifferenceOnAvailableForSaleSecuritiesMember	JPY	1825640000000
jppfs_cor:NetAssets	純資産	CurrentYearInstant_NonConsolidatedMember_ValuationAndTranslationAdjustmentsMember	JPY	1825640000000
jppfs_cor:NetAssets	純資産	CurrentYearInstant_NonConsolidatedMember	JPY	23664924000000
jppfs_cor:FreightageRelatedExpensesSGA	運賃諸掛、販売費及び一般管理費	Prior1YearDuration_NonConsolidatedMember	JPY	350226000000
jppfs_cor:FreightageRelatedExpensesSGA	運賃諸掛、販売費及び一般管理費	CurrentYearDuration_NonConsolidatedMember	JPY	364564000000
jppfs_cor:ProvisionForProductWarrantiesSGA	製品保証引当金繰入額、販売費及び一般管理費	Prior1YearDuration_NonConsolidatedMember	JPY	-138369000000
jppfs_cor:ProvisionForProductWarrantiesSGA	製品保証引当金繰入額、販売費及び一般管理費	CurrentYearDuration_NonConsolidatedMember	JPY	107421000000
jpcrp030000-asr_E02144-000:WarrantyExpensesSGA		Prior1YearDuration_NonConsolidatedMember	JPY	448159000000
jpcrp030000-asr_E02144-000:WarrantyExpensesSGA		CurrentYearDuration_NonConsolidatedMember	JPY	467436000000
jppfs_cor:SalariesAndAllowancesSGA	給料及び手当、販売費及び一般管理費	Prior1YearDuration_NonConsolidatedMember	JPY	393585000000
jppfs_cor:SalariesAndAllowancesSGA	給料及び手当、販売費及び一般管理費	CurrentYearDuration_NonConsolidatedMember	JPY	446289000000
jpcrp_cor:DocumentTitleCoverPage	提出書類、表紙	FilingDateInstant	－	有価証券報告書
jpcrp_cor:ClauseOfStipulationCoverPage	根拠条文、表紙	FilingDateInstant	－	金融商品取引法第24条第１項
jpcrp_cor:PlaceOfFilingCoverPage	提出先、表紙	FilingDateInstant	－	関東財務局長
jpcrp_cor:FilingDateCoverPage	提出日、表紙	FilingDateInstant	－	2026-06-10
jpcrp_cor:FiscalYearCoverPage	事業年度、表紙	FilingDateInstant	－	2026年３月期（自  2025年４月１日  至  2026年３月31日）
jpcrp_cor:CompanyNameCoverPage	会社名、表紙	FilingDateInstant	－	トヨタ自動車株式会社
jpcrp_cor:CompanyNameInEnglishCoverPage	英訳名、表紙	FilingDateInstant	－	TOYOTA MOTOR CORPORATION
jpcrp_cor:TitleAndNameOfRepresentativeCoverPage	代表者の役職氏名、表紙	FilingDateInstant	－	取締役副社長    宮  崎  洋  一
jpcrp_cor:AddressOfRegisteredHeadquarterCoverPage	本店の所在の場所、表紙	FilingDateInstant	－	愛知県豊田市トヨタ町１番地
jpcrp_cor:TelephoneNumberAddressOfRegisteredHeadquarterCoverPage	電話番号、本店の所在の場所、表紙	FilingDateInstant	－	28－2121
jpcrp_cor:NameOfContactPersonAddressOfRegisteredHeadquarterCoverPage	事務連絡者氏名、本店の所在の場所、表紙	FilingDateInstant	－	資本関連事業部長    森  山  由  英
jpcrp_cor:NearestPlaceOfContactCoverPage	最寄りの連絡場所、表紙	FilingDateInstant	－	東京都文京区後楽一丁目４番18号
jpcrp_cor:TelephoneNumberNearestPlaceOfContactCoverPage	電話番号、最寄りの連絡場所、表紙	FilingDateInstant	－	3817－7111
jpcrp_cor:NameOfContactPersonNearestPlaceOfContactCoverPage	事務連絡者氏名、最寄りの連絡場所、表紙	FilingDateInstant	－	広報部長    橋  本  沙  織
jpcrp_cor:PlaceForPublicInspectionCoverPageTextBlock	縦覧に供する場所、表紙 [テキストブロック]	FilingDateInstant	－	株式会社東京証券取引所（東京都中央区日本橋兜町２番１号）株式会社名古屋証券取引所（名古屋市中区栄三丁目８番20号）
jpdei_cor:EDINETCodeDEI	EDINETコード、DEI	FilingDateInstant	－	E02144
jpdei_cor:FundCodeDEI	ファンドコード、DEI	FilingDateInstant	－	－
jpdei_cor:SecurityCodeDEI	証券コード、DEI	FilingDateInstant	－	72030
jpdei_cor:FilerNameInJapaneseDEI	提出者名（日本語表記）、DEI	FilingDateInstant	－	トヨタ自動車株式会社
jpdei_cor:FilerNameInEnglishDEI	提出者名（英語表記）、DEI	FilingDateInstant	－	TOYOTA MOTOR CORPORATION
jpdei_cor:FundNameInJapaneseDEI	ファンド名称（日本語表記）、DEI	FilingDateInstant	－	－
jpdei_cor:FundNameInEnglishDEI	ファンド名称（英語表記）、DEI	FilingDateInstant	－	－
jpdei_cor:CabinetOfficeOrdinanceDEI	府令、DEI	FilingDateInstant	－	企業内容等の開示に関する内閣府令
jpdei_cor:DocumentTypeDEI	様式、DEI	FilingDateInstant	－	第三号様式
jpdei_cor:AccountingStandardsDEI	会計基準、DEI	FilingDateInstant	－	IFRS
jpdei_cor:WhetherConsolidatedFinancialStatementsArePreparedDEI	連結決算の有無、DEI	FilingDateInstant	－	true
jpdei_cor:IndustryCodeWhenConsolidatedFinancialStatementsArePreparedInAccordanceWithIndustrySpecificRegulationsDEI	別記事業（連結）、DEI	FilingDateInstant	－	cte
jpdei_cor:IndustryCodeWhenFinancialStatementsArePreparedInAccordanceWithIndustrySpecificRegulationsDEI	別記事業（個別）、DEI	FilingDateInstant	－	cte
jpdei_cor:CurrentFiscalYearStartDateDEI	当事業年度開始日、DEI	FilingDateInstant	－	2025-04-01
jpdei_cor:CurrentPeriodEndDateDEI	当会計期間終了日、DEI	FilingDateInstant	－	2026-03-31
jpdei_cor:TypeOfCurrentPeriodDEI	当会計期間の種類、DEI	FilingDateInstant	－	FY
jpdei_cor:CurrentFiscalYearEndDateDEI	当事業年度終了日、DEI	FilingDateInstant	－	2026-03-31
jpdei_cor:PreviousFiscalYearStartDateDEI	前事業年度開始日、DEI	FilingDateInstant	－	2024-04-01
jpdei_cor:ComparativePeriodEndDateDEI	比較対象会計期間終了日、DEI	FilingDateInstant	－	2025-03-31
jpdei_cor:PreviousFiscalYearEndDateDEI	前事業年度終了日、DEI	FilingDateInstant	－	2025-03-31
jpdei_cor:NextFiscalYearStartDateDEI	次の事業年度開始日、DEI	FilingDateInstant	－	－
jpdei_cor:EndDateOfQuarterlyOrSemiAnnualPeriodOfNextFiscalYearDEI	次の中間期の会計期間終了日、DEI	FilingDateInstant	－	－
jpdei_cor:AmendmentFlagDEI	訂正の有無、DEI	FilingDateInstant	－	false
jpdei_cor:IdentificationOfDocumentSubjectToAmendmentDEI	訂正対象書類の書類管理番号、DEI	FilingDateInstant	－	－
jpdei_cor:ReportAmendmentFlagDEI	記載事項訂正のフラグ、DEI	FilingDateInstant	－	false
jpdei_cor:XBRLAmendmentFlagDEI	XBRL訂正のフラグ、DEI	FilingDateInstant	－	false
jpcrp_cor:BusinessResultsOfGroupTextBlock	連結経営指標等 [テキストブロック]	FilingDateInstant	－	（１）連結経営指標等 回　次第118期第119期第120期第121期第122期決算期2022年３月2023年３月2024年３月2025年３月2026年３月営業収益(百万円)31,379,50737,154,29845,095,32548,0
jpcrp_cor:BusinessResultsOfReportingCompanyTextBlock	提出会社の経営指標等 [テキストブロック]	FilingDateInstant	－	 （２）提出会社の経営指標等 回次第118期第119期第120期第121期第122期決算期2022年３月期2023年３月期2024年３月期2025年３月期2026年３月期売上高(百万円)12,607,85814,076,95617,575,
jpcrp_cor:CompanyHistoryTextBlock	沿革 [テキストブロック]	FilingDateInstant	－	 ２ 【沿革】 年月概要1933年９月㈱豊田自動織機製作所（現在の㈱豊田自動織機）内で自動車の研究を開始1935年11月トラックを発売1936年９月乗用車を発売1937年８月㈱豊田自動織機製作所（現在の㈱豊田自動織機）より分離独立（会社創立
jpcrp_cor:DescriptionOfBusinessTextBlock	事業の内容 [テキストブロック]	FilingDateInstant	－	 ３ 【事業の内容】連結財務諸表提出会社（以下、当社という。）は、IFRSに準拠して連結財務諸表を作成しており、関係会社の範囲についてもIFRSの定義に基づいています。「第２  事業の状況」および「第３  設備の状況」においても同様です。 
jpcrp_cor:OverviewOfAffiliatedEntitiesTextBlock	関係会社の状況 [テキストブロック]	FilingDateInstant	－	  ４ 【関係会社の状況】　　 名称住所資本金又は出資金主要な事業の内容議決権の所有割合(％)関係内容（連結子会社）     日野自動車㈱       ＊１＊２東京都日野市百万円172,717自動車66.16自動車および同部品の購入・販売先
jpcrp_cor:BusinessPolicyBusinessEnvironmentIssuesToAddressEtcTextBlock	経営方針、経営環境及び対処すべき課題等 [テキストブロック]	FilingDateInstant	－	１ 【経営方針、経営環境及び対処すべき課題等】本項においては、将来に関する事項が含まれていますが、当該事項は2026年３月31日現在において判断したものです。 （１）会社の経営の基本方針  当社および連結子会社（以下、トヨタという。）は経営
jpcrp_cor:DisclosureOfSustainabilityRelatedFinancialInformationTextBlock	サステナビリティに関する考え方及び取組 [テキストブロック]	FilingDateInstant	－	 ２ 【サステナビリティに関する考え方及び取組】当社のサステナビリティに関する考え方及び取組は、次のとおりであります。なお、文中の将来に関する事項は、当連結会計年度末現在において当社が判断したものであります。（１）サステナビリティの考え方ト
jpcrp_cor:GovernanceTextBlock	ガバナンス [テキストブロック]	FilingDateInstant	－	 （２）ガバナンス当社では、外部環境変化・社会からの要請などを把握し、より重要性・緊急性が高い課題に優先的に取り組むために、取締役会の監督・意思決定のもと、次のような推進体制にて関係部署と密に連携しながら、環境・社会・ガバナンスなどのサステ
jpcrp_cor:RiskManagementTextBlock	リスク管理 [テキストブロック]	FilingDateInstant	－	 （３）リスク管理当社は、カーボンニュートラル、移動価値の拡張（電動化・知能化・多様化など）をはじめとする自動車産業を取り巻く状況や価値観の大変革時代において、常に新たな挑戦が求められるなか、不確実性への対応としてリスクマネジメントをより一
jpcrp030000-asr_E02144-000:GovernanceHumanCapitalTextBlock		FilingDateInstant	－	①ガバナンス当社は、人的資本に関する課題を的確に捉えるため、従業員との対話を重視しています。特に、労使協議会・労使懇談会には、サステナビリティ会議の出席メンバーでもある社長・副社長らが参加し、従業員の声や人的資本に関する課題の把握と解決の方
jpcrp_cor:PolicyOnDevelopmentOfHumanResourcesAndInternalEnvironmentStrategyTextBlock	人材の育成及び社内環境整備に関する方針、戦略 [テキストブロック]	FilingDateInstant	－	②戦略当社は、モビリティカンパニーへの変革を進める上で、お客様、地域社会・取引先、従業員というステークホルダーの視点を踏まえ、マテリアリティ（重要課題）を６つにまとめました。そのうち、「全員活躍」、「くらしと雇用を守る」において、人的資本に
jpcrp030000-asr_E02144-000:RiskManagementHumanCapitalTextBlock		FilingDateInstant	－	③リスク管理当社では、従業員との対話、エンゲージメントサーベイ、相談窓口などの複数のコミュニケーション手段を通じて、逐次職場の現状把握を進めることに加え、各種法改正や外部環境の変化を踏まえた情報収集やベンチマークを通じて、人的資本に関するリ
jpcrp_cor:DescriptionOfMetricsRelatedToPolicyOnDevelopmentOfHumanResourcesAndInternalEnvironmentAndTargetsAndPerformanceUsingSuchMetricsMetricsAndTargetsTextBlock	人材の育成及び社内環境整備に関する方針に関する指標の内容並びに当該指標を用いた目標及び実績、指標及び目標 [テキストブロック]	FilingDateInstant	－	 ④指標と目標重点取り組みテーマの「ダイバーシティ人材の活躍推進」に関連し、当社単体における代表的な指標と、その目標・当事業年度実績は下表のとおりです。指標目標実績（2025年度） 女性管理職数（単体）2014年時点に対し、2030年に５倍
jpcrp_cor:MetricsDescriptionOfMetricsRelatedToPolicyOnDevelopmentOfHumanResourcesAndInternalEnvironmentAndTargetsAndPerformanceUsingSuchMetrics	指標の内容、人材の育成及び社内環境整備に関する方針に関する指標の内容並びに当該指標を用いた目標及び実績	CurrentYearInstant_Row1Member	－	女性管理職数（単体）
jpcrp_cor:TargetPeriodDescriptionOfMetricsRelatedToPolicyOnDevelopmentOfHumanResourcesAndInternalEnvironmentAndTargetsAndPerformanceUsingSuchMetrics	目標期間、人材の育成及び社内環境整備に関する方針に関する指標の内容並びに当該指標を用いた目標及び実績	CurrentYearInstant_Row1Member	－	2030年
jpcrp_cor:MetricsUnitDescriptionOfMetricsRelatedToPolicyOnDevelopmentOfHumanResourcesAndInternalEnvironmentAndTargetsAndPerformanceUsingSuchMetrics	指標の単位、人材の育成及び社内環境整備に関する方針に関する指標の内容並びに当該指標を用いた目標及び実績	CurrentYearInstant_Row1Member	－	人
jpcrp_cor:MetricsDescriptionOfMetricsRelatedToPolicyOnDevelopmentOfHumanResourcesAndInternalEnvironmentAndTargetsAndPerformanceUsingSuchMetrics	指標の内容、人材の育成及び社内環境整備に関する方針に関する指標の内容並びに当該指標を用いた目標及び実績	CurrentYearInstant_Row2Member	－	男性育児休業取得率（単体）
jpcrp_cor:MetricsUnitDescriptionOfMetricsRelatedToPolicyOnDevelopmentOfHumanResourcesAndInternalEnvironmentAndTargetsAndPerformanceUsingSuchMetrics	指標の単位、人材の育成及び社内環境整備に関する方針に関する指標の内容並びに当該指標を用いた目標及び実績	CurrentYearInstant_Row2Member	－	％
jpcrp030000-asr_E02144-000:GovernanceClimateChangeTextBlock		FilingDateInstant	－	①ガバナンス気候変動関連課題の取締役会による監督トヨタは、取締役会を気候変動関連課題（リスク・機会を含む）に対応する監督・意思決定機関と位置付けています。社会動向に応じた戦略を効果的に立案・実行するため、気候変動関連の重要な事案が生じた場合
jpcrp030000-asr_E02144-000:StrategyClimateChangeTextBlock		FilingDateInstant	－	 ②戦略a.トヨタの戦略（マルチパスウェイ戦略の基本的な考え方）クルマが社会で必要な存在であり続けるための喫緊の課題がカーボンニュートラル（CN）です。トヨタの活動の軸は、モノづくりやサプライチェーンの脱炭素化を進めながら、モビリティにおい
jpcrp030000-asr_E02144-000:RiskManagementClimateChangeTextBlock		FilingDateInstant	－	③リスク管理全社的なリスク管理と気候変動関連のリスク管理プロセスとの連携トヨタは、気候変動に関するリスクと機会を重要な経営課題と認識し、TCFD提言を踏まえ、シナリオ分析によりリスクと機会を特定し、事業活動のレジリエンスを評価しています。I
jpcrp030000-asr_E02144-000:MetricsAndTargetsClimateChangeTextBlock		FilingDateInstant	－	 ④指標と目標中長期目標の体系トヨタは企業ミッションである人類と地球の共生、「幸せの量産」を実現するために、環境分野のビジョン・目標を体系的に策定しています。カーボンニュートラル（CN）、サーキュラーエコノミー（CE）、ネイチャーポジティブ
jpcrp_cor:BusinessRisksTextBlock	事業等のリスク [テキストブロック]	FilingDateInstant	－	 ３ 【事業等のリスク】以下において、トヨタの事業その他のリスクについて、投資家の判断に重要な影響を及ぼす可能性のある事項を記載しています。ただし、以下はトヨタに関するすべてのリスクを網羅したものではなく、記載されたリスク以外のリスクも存在
jpcrp_cor:ManagementAnalysisOfFinancialPositionOperatingResultsAndCashFlowsTextBlock	経営者による財政状態、経営成績及びキャッシュ・フローの状況の分析 [テキストブロック]	FilingDateInstant	－	４ 【経営者による財政状態、経営成績及びキャッシュ・フローの状況の分析】（１）経営成績等の状況の概要①経営成績の状況当連結会計年度の世界経済は、米国において、関税引き上げ後も消費は底堅く推移しました。中国においては、不動産市場の停滞や雇用不
jpcrp_cor:CriticalContractsTextBlock	重要な契約等 [テキストブロック]	FilingDateInstant	－	５ 【重要な契約等】2002年８月中国第一汽車集団有限公司と、中国における自動車の共同事業に関する基本合意書を締結2004年６月中国において乗用車を生産・販売するため、広州汽車集団股份有限公司との間で合弁契約を締結（当該契約に基づき、200
jpcrp_cor:ResearchAndDevelopmentActivitiesTextBlock	研究開発活動 [テキストブロック]	FilingDateInstant	－	 ６ 【研究開発活動】トヨタは、「クリーンで安全な商品の提供を使命とし、あらゆる企業活動を通じて、住みよい地球と豊かな社会づくりに取り組む」、「様々な分野での最先端技術の研究と開発に努め、世界中のお客様のご要望にお応えする魅力あふれる商品・
jpcrp_cor:OverviewOfCapitalExpendituresEtcTextBlock	設備投資等の概要 [テキストブロック]	FilingDateInstant	－	１ 【設備投資等の概要】トヨタでは、投資効率の向上をはかりつつ、環境問題などの社会的要請に対応する新技術・新製品への設備投資や設備更新などの生産関連設備投資および販売関連ほかへの設備投資を実施しています。当連結会計年度の設備投資（使用権資産
jpcrp_cor:MajorFacilitiesTextBlock	主要な設備の状況 [テキストブロック]	FilingDateInstant	－	 ２ 【主要な設備の状況】トヨタは、類似の事業を営む事業所が国内外で多数設立されているため、その設備の状況を事業別セグメントごとに示すとともに主たる設備の状況を開示する方法によっています。当連結会計年度末（2026年３月31日現在）における
jpcrp_cor:PlannedAdditionsRetirementsEtcOfFacilitiesTextBlock	設備の新設、除却等の計画 [テキストブロック]	FilingDateInstant	－	 ３ 【設備の新設、除却等の計画】トヨタの設備投資については、さらなる投資効率の向上をはかりつつ、今後の生産計画、需要予測等を総合的に勘案して計画しています。翌連結会計年度（自  2026年４月１日  至  2027年３月31日）におけるト
jpcrp_cor:TotalNumberOfSharesTextBlock	株式の総数 [テキストブロック]	FilingDateInstant	－	① 【株式の総数】 種類発行可能株式総数（株）普通株式50,000,000,000計50,000,000,000      
jpcrp_cor:IssuedSharesTotalNumberOfSharesEtcTextBlock	発行済株式、株式の総数等 [テキストブロック]	FilingDateInstant	－	② 【発行済株式】 種類事業年度末現在発行数（株）（2026年３月31日）提出日現在発行数（株）（2026年６月10日）上場金融商品取引所名又は登録認可金融商品取引業協会名内容普通株式15,794,987,46015,794,987,460
jpcrp_cor:ClassIssuedSharesTotalNumberOfSharesEtc	種類、発行済株式、株式の総数等	FilingDateInstant_OrdinaryShareMember	－	普通株式
jpcrp_cor:NameOfFinancialInstrumentsExchangeOnWhichSecuritiesAreListedOrAuthorizedFinancialInstrumentsBusinessAssociationToWhichSecuritiesAreRegistered	上場金融商品取引所名又は登録認可金融商品取引業協会名	FilingDateInstant_OrdinaryShareMember	－	東京、名古屋、ニューヨーク、ロンドン各証券取引所（東京はプライム市場、名古屋はプレミア市場）
jpcrp_cor:DescriptionIssuedSharesTotalNumberOfSharesEtc	内容、発行済株式、株式の総数等	FilingDateInstant_OrdinaryShareMember	－	単元株式数 100株
jpcrp_cor:DetailsOfEmployeeShareOptionProgramTextBlock	ストックオプション制度の内容 [テキストブロック]	FilingDateInstant	－	① 【ストックオプション制度の内容】該当事項はありません。 
jpcrp_cor:DescriptionOfRightsPlanTextBlock	ライツプランの内容 [テキストブロック]	FilingDateInstant	－	② 【ライツプランの内容】該当事項はありません。 
jpcrp_cor:OtherInformationOnShareAcquisitionRightsTextBlock	その他の新株予約権等の状況 [テキストブロック]	FilingDateInstant	－	③ 【その他の新株予約権等の状況】該当事項はありません。 
jpcrp_cor:ExercisesEtcOfMovingStrikeConvertibleBondsEtcTextBlock	行使価額修正条項付新株予約権付社債券等の行使状況等 [テキストブロック]	FilingDateInstant	－	（３）【行使価額修正条項付新株予約権付社債券等の行使状況等】該当事項はありません。 
jpcrp_cor:ChangesInNumberOfIssuedSharesStatedCapitalEtcTextBlock	発行済株式総数、資本金等の推移 [テキストブロック]	FilingDateInstant	－	 （４）【発行済株式総数、資本金等の推移】 年月日発行済株式総数増減数（千株）発行済株式総数残高（千株）資本金増減額 （百万円）資本金残高 （百万円）資本準備金増減額（百万円）資本準備金残高（百万円）2021年４月１日～2022年３月31日
jpcrp_cor:ShareholdingByShareholderCategoryTextBlock	所有者別状況 [テキストブロック]	FilingDateInstant	－	（５）【所有者別状況】2026年３月31日現在区分株式の状況（１単元の株式数100株）単元未満株式の状況（株）政府及び地方公共団体金融機関金融商品取引業者その他の法人外国法人等個人その他計個人以外個人株主数（人）4384817,2391,3
jpcrp_cor:MajorShareholdersTextBlock	大株主の状況 [テキストブロック]	FilingDateInstant	－	 （６）【大株主の状況】2026年３月31日現在氏名又は名称住所所有株式数(千株)発行済株式(自己株式を除く)の総数に対する所有株式数の割合(％)日本マスタートラスト信託銀行㈱東京都港区赤坂一丁目８番１号1,667,97112.80㈱豊田自
jpcrp_cor:NameMajorShareholders	氏名又は名称、大株主の状況	CurrentYearInstant_No1MajorShareholdersMember	－	日本マスタートラスト信託銀行㈱
jpcrp_cor:AddressMajorShareholders	住所、大株主の状況	CurrentYearInstant_No1MajorShareholdersMember	－	東京都港区赤坂一丁目８番１号
jpcrp_cor:NameMajorShareholders	氏名又は名称、大株主の状況	CurrentYearInstant_No2MajorShareholdersMember	－	㈱豊田自動織機
jpcrp_cor:AddressMajorShareholders	住所、大株主の状況	CurrentYearInstant_No2MajorShareholdersMember	－	愛知県刈谷市豊田町二丁目１番地
jpcrp_cor:NameMajorShareholders	氏名又は名称、大株主の状況	CurrentYearInstant_No3MajorShareholdersMember	－	㈱日本カストディ銀行
jpcrp_cor:AddressMajorShareholders	住所、大株主の状況	CurrentYearInstant_No3MajorShareholdersMember	－	東京都中央区晴海一丁目８番12号
jpcrp_cor:NameMajorShareholders	氏名又は名称、大株主の状況	CurrentYearInstant_No4MajorShareholdersMember	－	日本生命保険（相）
jpcrp_cor:AddressMajorShareholders	住所、大株主の状況	CurrentYearInstant_No4MajorShareholdersMember	－	大阪府大阪市中央区今橋三丁目５番12号
jpcrp_cor:NameMajorShareholders	氏名又は名称、大株主の状況	CurrentYearInstant_No5MajorShareholdersMember	－	ステート ストリート バンク アンド トラスト カンパニー（常任代理人 ㈱みずほ銀行決済営業部）
jpcrp_cor:AddressMajorShareholders	住所、大株主の状況	CurrentYearInstant_No5MajorShareholdersMember	－	One Congress Street, Suite 1, Boston, Massachusetts, U.S.A.（東京都港区港南二丁目15番１号）
jpcrp_cor:NameMajorShareholders	氏名又は名称、大株主の状況	CurrentYearInstant_No6MajorShareholdersMember	－	ジェーピー モルガン チェース バンク（常任代理人 ㈱みずほ銀行決済営業部）
jpcrp_cor:AddressMajorShareholders	住所、大株主の状況	CurrentYearInstant_No6MajorShareholdersMember	－	25 Bank Street, Canary Wharf, London, E14 5JP, United Kingdom（東京都港区港南二丁目15番１号）
jpcrp_cor:NameMajorShareholders	氏名又は名称、大株主の状況	CurrentYearInstant_No7MajorShareholdersMember	－	㈱デンソー
jpcrp_cor:AddressMajorShareholders	住所、大株主の状況	CurrentYearInstant_No7MajorShareholdersMember	－	愛知県刈谷市昭和町一丁目１番地
jpcrp_cor:NameMajorShareholders	氏名又は名称、大株主の状況	CurrentYearInstant_No8MajorShareholdersMember	－	ザ バンク オブ ニューヨーク メロン アズ デポジタリ バンク フォー デポジタリ レシート ホルダーズ（常任代理人 ㈱三井住友銀行）
jpcrp_cor:AddressMajorShareholders	住所、大株主の状況	CurrentYearInstant_No8MajorShareholdersMember	－	240 Greenwich Street, 8th Floor West, New York, NY 10286 U.S.A.（東京都千代田区丸の内一丁目１番２号）
jpcrp_cor:NameMajorShareholders	氏名又は名称、大株主の状況	CurrentYearInstant_No9MajorShareholdersMember	－	トヨタ不動産㈱
jpcrp_cor:AddressMajorShareholders	住所、大株主の状況	CurrentYearInstant_No9MajorShareholdersMember	－	愛知県名古屋市中村区名駅四丁目７番１号
jpcrp_cor:NameMajorShareholders	氏名又は名称、大株主の状況	CurrentYearInstant_No10MajorShareholdersMember	－	㈱アイシン
jpcrp_cor:AddressMajorShareholders	住所、大株主の状況	CurrentYearInstant_No10MajorShareholdersMember	－	愛知県刈谷市朝日町二丁目１番地
jpcrp_cor:IssuedSharesVotingRightsTextBlock	発行済株式、議決権の状況 [テキストブロック]	FilingDateInstant	－	① 【発行済株式】2026年３月31日現在区分株式数（株）議決権の数（個）内容無議決権株式－－－議決権制限株式（自己株式等）－－－議決権制限株式（その他）－－－完全議決権株式（自己株式等）普通株式－－（注）12,785,928,500完全議
jpcrp_cor:DescriptionIssuedSharesVotingRights	内容、発行済株式、議決権の状況	CurrentYearInstant_SharesWithNoVotingRightsMember	－	－
jpcrp_cor:DescriptionIssuedSharesVotingRights	内容、発行済株式、議決権の状況	CurrentYearInstant_SharesWithRestrictedVotingRightsTreasurySharesEtcMember	－	－
jpcrp_cor:DescriptionIssuedSharesVotingRights	内容、発行済株式、議決権の状況	CurrentYearInstant_SharesWithRestrictedVotingRightsOtherMember	－	－
jpcrp_cor:DescriptionIssuedSharesVotingRights	内容、発行済株式、議決権の状況	CurrentYearInstant_OrdinarySharesTreasurySharesSharesWithFullVotingRightsTreasurySharesEtcMember	－	－
jpcrp_cor:DescriptionIssuedSharesVotingRights	内容、発行済株式、議決権の状況	CurrentYearInstant_OrdinarySharesSharesWithFullVotingRightsOtherMember	－	－
jpcrp_cor:DescriptionIssuedSharesVotingRights	内容、発行済株式、議決権の状況	CurrentYearInstant_OrdinarySharesSharesLessThanOneUnitMember	－	－
jpcrp_cor:TreasurySharesEtcTextBlock	自己株式等 [テキストブロック]	FilingDateInstant	－	 ② 【自己株式等】2026年３月31日現在所有者の氏名又は名称所有者の住所自己名義所有株式数(株)他人名義所有株式数(株)所有株式数の合計(株)発行済株式総数に対する所有株式数の割合(％)トヨタ自動車㈱[自己株式]愛知県豊田市トヨタ町１番
jpcrp_cor:NameOfShareholderTreasurySharesEtc	所有者の氏名又は名称、自己株式等	CurrentYearInstant_Row1Member	－	トヨタ自動車㈱
jpcrp_cor:AddressOfShareholderTreasurySharesEtc	所有者の住所、自己株式等	CurrentYearInstant_Row1Member	－	愛知県豊田市トヨタ町１番地
jpcrp_cor:NameOfShareholderTreasurySharesEtc	所有者の氏名又は名称、自己株式等	CurrentYearInstant_Row2Member	－	名古屋テレビ放送㈱
jpcrp_cor:AddressOfShareholderTreasurySharesEtc	所有者の住所、自己株式等	CurrentYearInstant_Row2Member	－	愛知県名古屋市中区橘二丁目10番１号
jpcrp_cor:NameOfShareholderTreasurySharesEtc	所有者の氏名又は名称、自己株式等	CurrentYearInstant_Row3Member	－	フタバ産業㈱
jpcrp_cor:AddressOfShareholderTreasurySharesEtc	所有者の住所、自己株式等	CurrentYearInstant_Row3Member	－	愛知県岡崎市橋目町字御茶屋１番地
jpcrp_cor:NameOfShareholderTreasurySharesEtc	所有者の氏名又は名称、自己株式等	CurrentYearInstant_Row4Member	－	トヨタ瑞浪開発㈱
jpcrp_cor:AddressOfShareholderTreasurySharesEtc	所有者の住所、自己株式等	CurrentYearInstant_Row4Member	－	岐阜県瑞浪市日吉町8671番地の１
jpcrp_cor:NameOfShareholderTreasurySharesEtc	所有者の氏名又は名称、自己株式等	CurrentYearInstant_Row5Member	－	豊田鉄工㈱
jpcrp_cor:AddressOfShareholderTreasurySharesEtc	所有者の住所、自己株式等	CurrentYearInstant_Row5Member	－	愛知県豊田市細谷町四丁目50番地
jpcrp_cor:NameOfShareholderTreasurySharesEtc	所有者の氏名又は名称、自己株式等	CurrentYearInstant_Row6Member	－	アイシン高丘㈱
jpcrp_cor:AddressOfShareholderTreasurySharesEtc	所有者の住所、自己株式等	CurrentYearInstant_Row6Member	－	愛知県豊田市高丘新町天王１番地
jpcrp_cor:NameOfShareholderTreasurySharesEtc	所有者の氏名又は名称、自己株式等	CurrentYearInstant_Row7Member	－	㈱デンソーテン
jpcrp_cor:AddressOfShareholderTreasurySharesEtc	所有者の住所、自己株式等	CurrentYearInstant_Row7Member	－	兵庫県神戸市兵庫区御所通一丁目２番28号
jpcrp_cor:NameOfShareholderTreasurySharesEtc	所有者の氏名又は名称、自己株式等	CurrentYearInstant_Row8Member	－	豊臣機工㈱
jpcrp_cor:AddressOfShareholderTreasurySharesEtc	所有者の住所、自己株式等	CurrentYearInstant_Row8Member	－	愛知県安城市今本町東向山７番地
jpcrp_cor:NameOfShareholderTreasurySharesEtc	所有者の氏名又は名称、自己株式等	CurrentYearInstant_Row9Member	－	トヨタ紡織㈱
jpcrp_cor:AddressOfShareholderTreasurySharesEtc	所有者の住所、自己株式等	CurrentYearInstant_Row9Member	－	愛知県刈谷市豊田町一丁目１番地
jpcrp_cor:NameOfShareholderTreasurySharesEtc	所有者の氏名又は名称、自己株式等	CurrentYearInstant_Row10Member	－	京三電機㈱
jpcrp_cor:AddressOfShareholderTreasurySharesEtc	所有者の住所、自己株式等	CurrentYearInstant_Row10Member	－	茨城県古河市丘里11番地３
jpcrp_cor:NameOfShareholderTreasurySharesEtc	所有者の氏名又は名称、自己株式等	CurrentYearInstant_Row11Member	－	ナミコー㈱
jpcrp_cor:AddressOfShareholderTreasurySharesEtc	所有者の住所、自己株式等	CurrentYearInstant_Row11Member	－	兵庫県伊丹市東有岡一丁目65番地
jpcrp_cor:NameOfShareholderTreasurySharesEtc	所有者の氏名又は名称、自己株式等	CurrentYearInstant_Row12Member	－	トリニティ工業㈱
jpcrp_cor:AddressOfShareholderTreasurySharesEtc	所有者の住所、自己株式等	CurrentYearInstant_Row12Member	－	愛知県豊田市柿本町一丁目９番地
jpcrp_cor:NameOfShareholderTreasurySharesEtc	所有者の氏名又は名称、自己株式等	CurrentYearInstant_Row13Member	－	共和レザー㈱
jpcrp_cor:AddressOfShareholderTreasurySharesEtc	所有者の住所、自己株式等	CurrentYearInstant_Row13Member	－	静岡県浜松市中央区東町1876番地
jpcrp_cor:NameOfShareholderTreasurySharesEtc	所有者の氏名又は名称、自己株式等	CurrentYearInstant_Row14Member	－	愛三工業㈱
jpcrp_cor:AddressOfShareholderTreasurySharesEtc	所有者の住所、自己株式等	CurrentYearInstant_Row14Member	－	愛知県大府市共和町一丁目１番地の１
jpcrp_cor:NameOfShareholderTreasurySharesEtc	所有者の氏名又は名称、自己株式等	CurrentYearInstant_Row15Member	－	㈱東海理化電機製作所
jpcrp_cor:AddressOfShareholderTreasurySharesEtc	所有者の住所、自己株式等	CurrentYearInstant_Row15Member	－	愛知県丹羽郡大口町豊田三丁目260番地
jpcrp_cor:NameOfShareholderTreasurySharesEtc	所有者の氏名又は名称、自己株式等	CurrentYearInstant_Row16Member	－	大豊工業㈱
jpcrp_cor:AddressOfShareholderTreasurySharesEtc	所有者の住所、自己株式等	CurrentYearInstant_Row16Member	－	愛知県豊田市緑ヶ丘三丁目65番地
jpcrp_cor:NameOfShareholderTreasurySharesEtc	所有者の氏名又は名称、自己株式等	CurrentYearInstant_Row17Member	－	㈱徳島ダイハツモータース
jpcrp_cor:AddressOfShareholderTreasurySharesEtc	所有者の住所、自己株式等	CurrentYearInstant_Row17Member	－	徳島県徳島市論田町本浦下84番地
jpcrp_cor:NameOfShareholderTreasurySharesEtc	所有者の氏名又は名称、自己株式等	CurrentYearInstant_Row18Member	－	アイシン軽金属㈱
jpcrp_cor:AddressOfShareholderTreasurySharesEtc	所有者の住所、自己株式等	CurrentYearInstant_Row18Member	－	富山県射水市奈呉の江12番地の３
jpcrp_cor:NameOfShareholderTreasurySharesEtc	所有者の氏名又は名称、自己株式等	CurrentYearInstant_Row19Member	－	㈱メタルアート
jpcrp_cor:AddressOfShareholderTreasurySharesEtc	所有者の住所、自己株式等	CurrentYearInstant_Row19Member	－	滋賀県草津市野路三丁目２番18号
jpcrp_cor:NameOfShareholderTreasurySharesEtc	所有者の氏名又は名称、自己株式等	CurrentYearInstant_Row20Member	－	㈱浅野歯車工作所
jpcrp_cor:AddressOfShareholderTreasurySharesEtc	所有者の住所、自己株式等	CurrentYearInstant_Row20Member	－	大阪府大阪狭山市東池尻四丁目1402番地の１
jpcrp_cor:NameOfShareholderTreasurySharesEtc	所有者の氏名又は名称、自己株式等	CurrentYearInstant_Row21Member	－	津田工業㈱
jpcrp_cor:AddressOfShareholderTreasurySharesEtc	所有者の住所、自己株式等	CurrentYearInstant_Row21Member	－	愛知県刈谷市幸町一丁目１番地１
jpcrp_cor:ShareOwnershipPlansForDirectorsAndOtherOfficersAndEmployeesTextBlock	役員・従業員株式所有制度の内容 [テキストブロック]	FilingDateInstant	－	 (８) 【役員・従業員株式所有制度の内容】従業員に対する株式交付制度（株式付与ESOP信託）当社は、自動車産業の100年に１度の大変革期の中、モビリティカンパニーへの変革に挑戦しています。特に当社において現場の実行部隊のリーダーを担う幹部
jpcrp_cor:ClassesOfSharesEtcTextBlock	株式の種類等 [テキストブロック]	FilingDateInstant	－	【株式の種類等】 会社法第155条第３号および会社法第155条第７号による普通株式の取得 　
jpcrp_cor:AcquisitionsByResolutionOfShareholdersMeetingTextBlock	株主総会決議による取得の状況 [テキストブロック]	FilingDateInstant	－	（１）【株主総会決議による取得の状況】　該当事項はありません。 
jpcrp_cor:AcquisitionsByResolutionOfBoardOfDirectorsMeetingTextBlock	取締役会決議による取得の状況 [テキストブロック]	FilingDateInstant	－	（２）【取締役会決議による取得の状況】 会社法第155条第３号による普通株式の取得区分株式数（株）価額の総額（円）取締役会（2024年５月８日）および取締役会（2024年９月24日）での決議状況   取得期間（2024年５月９日～2025年
jpcrp_cor:AcquisitionsNotBasedOnResolutionOfShareholdersMeetingOrBoardOfDirectorsMeetingTextBlock	株主総会決議又は取締役会決議に基づかないものの内容 [テキストブロック]	FilingDateInstant	－	 （３）【株主総会決議又は取締役会決議に基づかないものの内容】　会社法第155条第７号による普通株式の取得区分株式数（株）価額の総額（円）当事業年度における取得自己株式8,60026,170,614当期間における取得自己株式1,0323,3
jpcrp_cor:DisposalsOrHoldingOfAcquiredTreasurySharesTextBlock	取得自己株式の処理状況及び保有状況 [テキストブロック]	FilingDateInstant	－	（４）【取得自己株式の処理状況及び保有状況】 区分当事業年度当期間株式数（株）処分価額の総額（円）株式数（株）処分価額の総額（円）引き受ける者の募集を行った取得自己株式――――消却の処分を行った取得自己株式――――合併、株式交換、株式交付、
jpcrp_cor:DividendPolicyTextBlock	配当政策 [テキストブロック]	FilingDateInstant	－	 ３ 【配当政策】当社は、株主の皆様の利益向上を重要な経営方針の一つとして位置づけており、持続的な成長の実現に向け、引き続き企業体質の改善に取り組み、企業価値の向上に努めています。配当金については、安定的・継続的に増配を行うよう努めていきま
jpcrp_cor:DateOfResolutionDividendsOfSurplus	決議日付、剰余金の配当	FilingDateInstant_Row1Member	－	2025-11-05
jpcrp_cor:ResolutionDividendsOfSurplus	決議、剰余金の配当	FilingDateInstant_Row1Member	－	取締役会決議
jpcrp_cor:DateOfResolutionDividendsOfSurplus	決議日付、剰余金の配当	FilingDateInstant_Row2Member	－	2026-05-08
jpcrp_cor:ResolutionDividendsOfSurplus	決議、剰余金の配当	FilingDateInstant_Row2Member	－	取締役会決議
jpcrp_cor:OverviewOfCorporateGovernanceTextBlock	コーポレート・ガバナンスの概要 [テキストブロック]	FilingDateInstant	－	（１）【コーポレート・ガバナンスの概要】①コーポレート・ガバナンスに関する基本的な考え方当社は、持続的な成長と長期安定的な企業価値の向上を経営の重要課題としています。その実現のためには、株主やお客様をはじめ、取引先、地域社会、従業員等の各ス
jpcrp_cor:CorporateGovernanceCompanyWithAuditAndSupervisoryCommitteeTextBlock	企業統治の体制の概要（監査等委員会設置会社） [テキストブロック]	FilingDateInstant	－	②企業統治の体制の概要及び当該体制を採用する理由当社は、お客様の声や現場の情報を迅速に経営陣に伝え、適時・的確な経営判断を実現することに加え、その経営判断がお客様や社会に受け入れていただけるものかを常にチェックできる体制を構築することが重要
jpcrp_cor:InformationAboutOfficersTextBlock	役員の状況 [テキストブロック]	FilingDateInstant	－	  （２）【役員の状況】 ①役員一覧　a. 2026年６月10日（有価証券報告書提出日）現在の当社の役員の状況は、以下のとおりです。男性8名  女性2名 （役員のうち女性の比率20％） 役職名氏名生年月日略歴任期所有株式数(千株)取締役会長
jpcrp_cor:OfficialTitleOrPositionInformationAboutDirectorsAndCorporateAuditors	役職名、役員の状況（取締役（及び監査役））	FilingDateInstant_jpcrp030000-asr_E02144-000ToyodaAkioMember	－	取締役会長（代表取締役）
jpcrp_cor:NameInformationAboutDirectorsAndCorporateAuditors	氏名、役員の状況（取締役（及び監査役））	FilingDateInstant_jpcrp030000-asr_E02144-000ToyodaAkioMember	－	豊  田  章  男
jpcrp_cor:DateOfBirthInformationAboutDirectorsAndCorporateAuditors	生年月日、役員の状況（取締役（及び監査役））	FilingDateInstant_jpcrp030000-asr_E02144-000ToyodaAkioMember	－	1956-05-03
jpcrp_cor:CareerSummaryInformationAboutDirectorsAndCorporateAuditorsTextBlock	略歴、役員の状況（取締役（及び監査役）） [テキストブロック]	FilingDateInstant_jpcrp030000-asr_E02144-000ToyodaAkioMember	－	1984年４月トヨタ自動車㈱入社1998年４月ニュー ユナイテッド モーター マニュファクチャリング㈱出向2000年１月トヨタ自動車㈱Gazoo事業部主査2000年６月同社取締役2001年６月同社アジア本部本部長2002年６月同社常務取締役
jpcrp_cor:TermOfOfficeInformationAboutDirectorsAndCorporateAuditors	任期、役員の状況（取締役（及び監査役））	FilingDateInstant_jpcrp030000-asr_E02144-000ToyodaAkioMember	－	(注)３
jpcrp_cor:OfficialTitleOrPositionInformationAboutDirectorsAndCorporateAuditors	役職名、役員の状況（取締役（及び監査役））	FilingDateInstant_jpcrp030000-asr_E02144-000SatoKojiMember	－	取締役副会長（代表取締役）
jpcrp_cor:NameInformationAboutDirectorsAndCorporateAuditors	氏名、役員の状況（取締役（及び監査役））	FilingDateInstant_jpcrp030000-asr_E02144-000SatoKojiMember	－	佐  藤  恒  治
jpcrp_cor:DateOfBirthInformationAboutDirectorsAndCorporateAuditors	生年月日、役員の状況（取締役（及び監査役））	FilingDateInstant_jpcrp030000-asr_E02144-000SatoKojiMember	－	1969-10-19
jpcrp_cor:CareerSummaryInformationAboutDirectorsAndCorporateAuditorsTextBlock	略歴、役員の状況（取締役（及び監査役）） [テキストブロック]	FilingDateInstant_jpcrp030000-asr_E02144-000SatoKojiMember	－	1992年４月トヨタ自動車㈱入社1992年９月同社技術管理部（技術部門センター制導入プロジェクトを担当）1994年９月同社第２シャシー設計部（初代プリウスおよびビスタのサスペンション設計を担当）2003年７月同社第１トヨタセンターZV（北米
jpcrp_cor:TermOfOfficeInformationAboutDirectorsAndCorporateAuditors	任期、役員の状況（取締役（及び監査役））	FilingDateInstant_jpcrp030000-asr_E02144-000SatoKojiMember	－	(注)３
jpcrp_cor:OfficialTitleOrPositionInformationAboutDirectorsAndCorporateAuditors	役職名、役員の状況（取締役（及び監査役））	FilingDateInstant_jpcrp030000-asr_E02144-000NakajimaHirokiMember	－	取締役副社長（代表取締役）
jpcrp_cor:NameInformationAboutDirectorsAndCorporateAuditors	氏名、役員の状況（取締役（及び監査役））	FilingDateInstant_jpcrp030000-asr_E02144-000NakajimaHirokiMember	－	中  嶋  裕  樹
jpcrp_cor:DateOfBirthInformationAboutDirectorsAndCorporateAuditors	生年月日、役員の状況（取締役（及び監査役））	FilingDateInstant_jpcrp030000-asr_E02144-000NakajimaHirokiMember	－	1962-04-10
jpcrp_cor:CareerSummaryInformationAboutDirectorsAndCorporateAuditorsTextBlock	略歴、役員の状況（取締役（及び監査役）） [テキストブロック]	FilingDateInstant_jpcrp030000-asr_E02144-000NakajimaHirokiMember	－	1987年４月トヨタ自動車㈱入社1987年11月同社第２生技部1993年１月同社第１ボデー設計部2005年１月同社第２トヨタセンターZCチーフエンジニア（ＩＱを担当）2008年６月同社トヨタ第２乗用車センターチーフエンジニア（コンパクト系を
jpcrp_cor:TermOfOfficeInformationAboutDirectorsAndCorporateAuditors	任期、役員の状況（取締役（及び監査役））	FilingDateInstant_jpcrp030000-asr_E02144-000NakajimaHirokiMember	－	(注)３
jpcrp_cor:OfficialTitleOrPositionInformationAboutDirectorsAndCorporateAuditors	役職名、役員の状況（取締役（及び監査役））	FilingDateInstant_jpcrp030000-asr_E02144-000MiyazakiYoichiMember	－	取締役副社長（代表取締役）
jpcrp_cor:NameInformationAboutDirectorsAndCorporateAuditors	氏名、役員の状況（取締役（及び監査役））	FilingDateInstant_jpcrp030000-asr_E02144-000MiyazakiYoichiMember	－	宮  崎  洋  一
jpcrp_cor:DateOfBirthInformationAboutDirectorsAndCorporateAuditors	生年月日、役員の状況（取締役（及び監査役））	FilingDateInstant_jpcrp030000-asr_E02144-000MiyazakiYoichiMember	－	1963-10-19
jpcrp_cor:CareerSummaryInformationAboutDirectorsAndCorporateAuditorsTextBlock	略歴、役員の状況（取締役（及び監査役）） [テキストブロック]	FilingDateInstant_jpcrp030000-asr_E02144-000MiyazakiYoichiMember	－	1986年４月トヨタ自動車㈱入社2011年１月同社営業業務部需給計画室室長2012年１月同社営業業務部部長2013年４月同社第１トヨタ企画部部長2015年４月同社常務役員2015年４月同社商品・事業企画部統括2015年４月同社第１トヨタ企画
jpcrp_cor:TermOfOfficeInformationAboutDirectorsAndCorporateAuditors	任期、役員の状況（取締役（及び監査役））	FilingDateInstant_jpcrp030000-asr_E02144-000MiyazakiYoichiMember	－	(注)３
jpcrp_cor:OfficialTitleOrPositionInformationAboutDirectorsAndCorporateAuditors	役職名、役員の状況（取締役（及び監査役））	FilingDateInstant_jpcrp030000-asr_E02144-000OkamotoShigeakiMember	－	取締役
jpcrp_cor:NameInformationAboutDirectorsAndCorporateAuditors	氏名、役員の状況（取締役（及び監査役））	FilingDateInstant_jpcrp030000-asr_E02144-000OkamotoShigeakiMember	－	岡  本  薫  明
jpcrp_cor:DateOfBirthInformationAboutDirectorsAndCorporateAuditors	生年月日、役員の状況（取締役（及び監査役））	FilingDateInstant_jpcrp030000-asr_E02144-000OkamotoShigeakiMember	－	1961-02-20
jpcrp_cor:CareerSummaryInformationAboutDirectorsAndCorporateAuditorsTextBlock	略歴、役員の状況（取締役（及び監査役）） [テキストブロック]	FilingDateInstant_jpcrp030000-asr_E02144-000OkamotoShigeakiMember	－	1983年４月大蔵省入省2001年７月金融庁総務企画局総務課管理室長2002年７月金融庁監督局総務課金融危機対応室長2004年７月財務省主計局調査課長2006年７月財務省主計局主計官兼主計局総務課2009年７月財務省大臣官房秘書課長2012
jpcrp_cor:TermOfOfficeInformationAboutDirectorsAndCorporateAuditors	任期、役員の状況（取締役（及び監査役））	FilingDateInstant_jpcrp030000-asr_E02144-000OkamotoShigeakiMember	－	(注)３
jpcrp_cor:OfficialTitleOrPositionInformationAboutDirectorsAndCorporateAuditors	役職名、役員の状況（取締役（及び監査役））	FilingDateInstant_jpcrp030000-asr_E02144-000FujisawaKumiMember	－	取締役
jpcrp_cor:NameInformationAboutDirectorsAndCorporateAuditors	氏名、役員の状況（取締役（及び監査役））	FilingDateInstant_jpcrp030000-asr_E02144-000FujisawaKumiMember	－	藤  沢  久  美
jpcrp_cor:DateOfBirthInformationAboutDirectorsAndCorporateAuditors	生年月日、役員の状況（取締役（及び監査役））	FilingDateInstant_jpcrp030000-asr_E02144-000FujisawaKumiMember	－	1967-03-15
jpcrp_cor:CareerSummaryInformationAboutDirectorsAndCorporateAuditorsTextBlock	略歴、役員の状況（取締役（及び監査役）） [テキストブロック]	FilingDateInstant_jpcrp030000-asr_E02144-000FujisawaKumiMember	－	1995年５月㈲アイフィスリミテッド設立 代表取締役2000年６月㈱ソフィアバンク取締役2011年６月日本証券業協会公益理事（現在に至る）2012年２月㈱東日本大震災事業者再生支援機構取締役2013年８月㈱ソフィアバンク代表取締役2014年
jpcrp_cor:TermOfOfficeInformationAboutDirectorsAndCorporateAuditors	任期、役員の状況（取締役（及び監査役））	FilingDateInstant_jpcrp030000-asr_E02144-000FujisawaKumiMember	－	(注)３
jpcrp_cor:OfficialTitleOrPositionInformationAboutDirectorsAndCorporateAuditors	役職名、役員の状況（取締役（及び監査役））	FilingDateInstant_jpcrp030000-asr_E02144-000GeorgeOlcottMember	－	取締役 （監査等委員）
jpcrp_cor:NameInformationAboutDirectorsAndCorporateAuditors	氏名、役員の状況（取締役（及び監査役））	FilingDateInstant_jpcrp030000-asr_E02144-000GeorgeOlcottMember	－	George  Olcott
jpcrp_cor:DateOfBirthInformationAboutDirectorsAndCorporateAuditors	生年月日、役員の状況（取締役（及び監査役））	FilingDateInstant_jpcrp030000-asr_E02144-000GeorgeOlcottMember	－	1955-05-07
jpcrp_cor:CareerSummaryInformationAboutDirectorsAndCorporateAuditorsTextBlock	略歴、役員の状況（取締役（及び監査役）） [テキストブロック]	FilingDateInstant_jpcrp030000-asr_E02144-000GeorgeOlcottMember	－	1986年７月S.G.Warburg &amp; Co., Ltd.入社1999年２月UBSアセットマネジメント（日本）社長2000年６月UBSWarburg東京マネージングディレクター（エクイティキャピタルマーケットグループ担当）2001
jpcrp_cor:TermOfOfficeInformationAboutDirectorsAndCorporateAuditors	任期、役員の状況（取締役（及び監査役））	FilingDateInstant_jpcrp030000-asr_E02144-000GeorgeOlcottMember	－	(注)４
jpcrp_cor:OfficialTitleOrPositionInformationAboutDirectorsAndCorporateAuditors	役職名、役員の状況（取締役（及び監査役））	FilingDateInstant_jpcrp030000-asr_E02144-000ChristopherPReynoldsMember	－	取締役 （監査等委員）
jpcrp_cor:NameInformationAboutDirectorsAndCorporateAuditors	氏名、役員の状況（取締役（及び監査役））	FilingDateInstant_jpcrp030000-asr_E02144-000ChristopherPReynoldsMember	－	ChristopherP．Reynolds
jpcrp_cor:DateOfBirthInformationAboutDirectorsAndCorporateAuditors	生年月日、役員の状況（取締役（及び監査役））	FilingDateInstant_jpcrp030000-asr_E02144-000ChristopherPReynoldsMember	－	1963-01-11
jpcrp_cor:CareerSummaryInformationAboutDirectorsAndCorporateAuditorsTextBlock	略歴、役員の状況（取締役（及び監査役）） [テキストブロック]	FilingDateInstant_jpcrp030000-asr_E02144-000ChristopherPReynoldsMember	－	1986年９月米国上訴裁判所入所1987年11月ヒューズハーバード法律事務所入所1989年10月米国連邦検事局入局1994年６月モルガン・ルイス法律事務所入所2007年７月米国トヨタ自動車販売㈱入社2008年１月同社Group Vice P
jpcrp_cor:TermOfOfficeInformationAboutDirectorsAndCorporateAuditors	任期、役員の状況（取締役（及び監査役））	FilingDateInstant_jpcrp030000-asr_E02144-000ChristopherPReynoldsMember	－	(注)４
jpcrp_cor:OfficialTitleOrPositionInformationAboutDirectorsAndCorporateAuditors	役職名、役員の状況（取締役（及び監査役））	FilingDateInstant_jpcrp030000-asr_E02144-000OshimaMasahikoMember	－	取締役 （監査等委員）
jpcrp_cor:NameInformationAboutDirectorsAndCorporateAuditors	氏名、役員の状況（取締役（及び監査役））	FilingDateInstant_jpcrp030000-asr_E02144-000OshimaMasahikoMember	－	大  島  眞  彦
jpcrp_cor:DateOfBirthInformationAboutDirectorsAndCorporateAuditors	生年月日、役員の状況（取締役（及び監査役））	FilingDateInstant_jpcrp030000-asr_E02144-000OshimaMasahikoMember	－	1960-09-13
jpcrp_cor:CareerSummaryInformationAboutDirectorsAndCorporateAuditorsTextBlock	略歴、役員の状況（取締役（及び監査役）） [テキストブロック]	FilingDateInstant_jpcrp030000-asr_E02144-000OshimaMasahikoMember	－	1984年４月㈱三井銀行入行2012年４月㈱三井住友銀行執行役員2014年４月同社常務執行役員2017年３月同社取締役兼常務執行役員2017年４月同社取締役兼専務執行役員2018年４月同社専務執行役員2018年４月㈱三井住友フィナンシャルグ
jpcrp_cor:TermOfOfficeInformationAboutDirectorsAndCorporateAuditors	任期、役員の状況（取締役（及び監査役））	FilingDateInstant_jpcrp030000-asr_E02144-000OshimaMasahikoMember	－	(注)４
jpcrp_cor:OfficialTitleOrPositionInformationAboutDirectorsAndCorporateAuditors	役職名、役員の状況（取締役（及び監査役））	FilingDateInstant_jpcrp030000-asr_E02144-000OsadaHiromiMember	－	取締役（常勤監査等委員）
jpcrp_cor:NameInformationAboutDirectorsAndCorporateAuditors	氏名、役員の状況（取締役（及び監査役））	FilingDateInstant_jpcrp030000-asr_E02144-000OsadaHiromiMember	－	長  田  弘  己
jpcrp_cor:DateOfBirthInformationAboutDirectorsAndCorporateAuditors	生年月日、役員の状況（取締役（及び監査役））	FilingDateInstant_jpcrp030000-asr_E02144-000OsadaHiromiMember	－	1973-06-11
jpcrp_cor:CareerSummaryInformationAboutDirectorsAndCorporateAuditorsTextBlock	略歴、役員の状況（取締役（及び監査役）） [テキストブロック]	FilingDateInstant_jpcrp030000-asr_E02144-000OsadaHiromiMember	－	1997年４月㈱オービス入社1999年４月㈱中日新聞社入社2001年３月同社経済部（流通・小売り・製造業・万博・人口減少問題に関する新年企画取材担当）2005年８月同社社会部（遊軍『社会ニュース全般』・署回り・司法・教育担当、新年企画班「子
jpcrp_cor:TermOfOfficeInformationAboutDirectorsAndCorporateAuditors	任期、役員の状況（取締役（及び監査役））	FilingDateInstant_jpcrp030000-asr_E02144-000OsadaHiromiMember	－	(注)４
jpcrp_cor:FootnotesDirectorsAndCorporateAuditorsTextBlock	脚注（取締役（及び監査役） [テキストブロック]	FilingDateInstant_Row1Member	－	（注）１取締役副社長  中嶋  裕樹および取締役副社長  宮崎  洋一は、執行役員（副社長）を兼務しています。 
jpcrp_cor:FootnotesDirectorsAndCorporateAuditorsTextBlock	脚注（取締役（及び監査役） [テキストブロック]	FilingDateInstant_Row2Member	－	２取締役  岡本  薫明、取締役  藤沢  久美、取締役  George  Olcott、取締役  大島  眞彦および取締役  長田  弘己は、社外取締役です。 
jpcrp_cor:FootnotesDirectorsAndCorporateAuditorsTextBlock	脚注（取締役（及び監査役） [テキストブロック]	FilingDateInstant_Row3Member	－	３取締役の任期は、2025年６月12日開催の定時株主総会の終結の時から2026年３月期にかかる定時株主総会の終結の時までです。 
jpcrp_cor:FootnotesDirectorsAndCorporateAuditorsTextBlock	脚注（取締役（及び監査役） [テキストブロック]	FilingDateInstant_Row4Member	－	４取締役（監査等委員）の任期は、2025年６月12日開催の定時株主総会の終結の時から2027年３月期にかかる定時株主総会の終結の時までです。 
jpcrp_cor:OfficialTitleOrPositionInformationAboutDirectorsAndCorporateAuditorsProposal	役職名、役員の状況（取締役（及び監査役））（議案）	FilingDateInstant_jpcrp030000-asr_E02144-000ToyodaAkioMember	－	取締役会長（代表取締役）
jpcrp_cor:NameInformationAboutDirectorsAndCorporateAuditorsProposal	氏名、役員の状況（取締役（及び監査役））（議案）	FilingDateInstant_jpcrp030000-asr_E02144-000ToyodaAkioMember	－	豊  田  章  男
jpcrp_cor:DateOfBirthInformationAboutDirectorsAndCorporateAuditorsProposal	生年月日、役員の状況（取締役（及び監査役））（議案）	FilingDateInstant_jpcrp030000-asr_E02144-000ToyodaAkioMember	－	1956-05-03
jpcrp_cor:CareerSummaryInformationAboutDirectorsAndCorporateAuditorsProposalTextBlock	略歴、役員の状況（取締役（及び監査役））（議案） [テキストブロック]	FilingDateInstant_jpcrp030000-asr_E02144-000ToyodaAkioMember	－	1984年４月トヨタ自動車㈱入社1998年４月ニュー ユナイテッド モーター マニュファクチャリング㈱出向2000年１月トヨタ自動車㈱Gazoo事業部主査2000年６月同社取締役2001年６月同社アジア本部本部長2002年６月同社常務取締役
jpcrp_cor:TermOfOfficeInformationAboutDirectorsAndCorporateAuditorsProposal	任期、役員の状況（取締役（及び監査役））（議案）	FilingDateInstant_jpcrp030000-asr_E02144-000ToyodaAkioMember	－	(注)４
jpcrp_cor:OfficialTitleOrPositionInformationAboutDirectorsAndCorporateAuditorsProposal	役職名、役員の状況（取締役（及び監査役））（議案）	FilingDateInstant_jpcrp030000-asr_E02144-000KonKentaMember	－	取締役社長（代表取締役）
jpcrp_cor:NameInformationAboutDirectorsAndCorporateAuditorsProposal	氏名、役員の状況（取締役（及び監査役））（議案）	FilingDateInstant_jpcrp030000-asr_E02144-000KonKentaMember	－	近　　　健  太  
jpcrp_cor:DateOfBirthInformationAboutDirectorsAndCorporateAuditorsProposal	生年月日、役員の状況（取締役（及び監査役））（議案）	FilingDateInstant_jpcrp030000-asr_E02144-000KonKentaMember	－	1968-08-02
jpcrp_cor:CareerSummaryInformationAboutDirectorsAndCorporateAuditorsProposalTextBlock	略歴、役員の状況（取締役（及び監査役））（議案） [テキストブロック]	FilingDateInstant_jpcrp030000-asr_E02144-000KonKentaMember	－	1991年４月トヨタ自動車㈱入社2017年１月同社経理部部長2018年６月同社常務役員2018年６月同社総務・人事本部副本部長2018年６月同社経理本部副本部長2019年１月同社先進技術開発カンパニー Executive Vice Pres
jpcrp_cor:TermOfOfficeInformationAboutDirectorsAndCorporateAuditorsProposal	任期、役員の状況（取締役（及び監査役））（議案）	FilingDateInstant_jpcrp030000-asr_E02144-000KonKentaMember	－	(注)４
jpcrp_cor:OfficialTitleOrPositionInformationAboutDirectorsAndCorporateAuditorsProposal	役職名、役員の状況（取締役（及び監査役））（議案）	FilingDateInstant_jpcrp030000-asr_E02144-000NakajimaHirokiMember	－	取締役副社長（代表取締役）
jpcrp_cor:NameInformationAboutDirectorsAndCorporateAuditorsProposal	氏名、役員の状況（取締役（及び監査役））（議案）	FilingDateInstant_jpcrp030000-asr_E02144-000NakajimaHirokiMember	－	中  嶋  裕  樹
jpcrp_cor:DateOfBirthInformationAboutDirectorsAndCorporateAuditorsProposal	生年月日、役員の状況（取締役（及び監査役））（議案）	FilingDateInstant_jpcrp030000-asr_E02144-000NakajimaHirokiMember	－	1962-04-10
jpcrp_cor:CareerSummaryInformationAboutDirectorsAndCorporateAuditorsProposalTextBlock	略歴、役員の状況（取締役（及び監査役））（議案） [テキストブロック]	FilingDateInstant_jpcrp030000-asr_E02144-000NakajimaHirokiMember	－	1987年４月トヨタ自動車㈱入社1987年11月同社第２生技部1993年１月同社第１ボデー設計部2005年１月同社第２トヨタセンターZCチーフエンジニア（ＩＱを担当）2008年６月同社トヨタ第２乗用車センターチーフエンジニア（コンパクト系を
jpcrp_cor:TermOfOfficeInformationAboutDirectorsAndCorporateAuditorsProposal	任期、役員の状況（取締役（及び監査役））（議案）	FilingDateInstant_jpcrp030000-asr_E02144-000NakajimaHirokiMember	－	(注)４
jpcrp_cor:OfficialTitleOrPositionInformationAboutDirectorsAndCorporateAuditorsProposal	役職名、役員の状況（取締役（及び監査役））（議案）	FilingDateInstant_jpcrp030000-asr_E02144-000MiyazakiYoichiMember	－	取締役副社長（代表取締役）
jpcrp_cor:NameInformationAboutDirectorsAndCorporateAuditorsProposal	氏名、役員の状況（取締役（及び監査役））（議案）	FilingDateInstant_jpcrp030000-asr_E02144-000MiyazakiYoichiMember	－	宮  崎  洋  一
jpcrp_cor:DateOfBirthInformationAboutDirectorsAndCorporateAuditorsProposal	生年月日、役員の状況（取締役（及び監査役））（議案）	FilingDateInstant_jpcrp030000-asr_E02144-000MiyazakiYoichiMember	－	1963-10-19
jpcrp_cor:CareerSummaryInformationAboutDirectorsAndCorporateAuditorsProposalTextBlock	略歴、役員の状況（取締役（及び監査役））（議案） [テキストブロック]	FilingDateInstant_jpcrp030000-asr_E02144-000MiyazakiYoichiMember	－	1986年４月トヨタ自動車㈱入社2011年１月同社営業業務部需給計画室室長2012年１月同社営業業務部部長2013年４月同社第１トヨタ企画部部長2015年４月同社常務役員2015年４月同社商品・事業企画部統括2015年４月同社第１トヨタ企画
jpcrp_cor:TermOfOfficeInformationAboutDirectorsAndCorporateAuditorsProposal	任期、役員の状況（取締役（及び監査役））（議案）	FilingDateInstant_jpcrp030000-asr_E02144-000MiyazakiYoichiMember	－	(注)４
jpcrp_cor:OfficialTitleOrPositionInformationAboutDirectorsAndCorporateAuditorsProposal	役職名、役員の状況（取締役（及び監査役））（議案）	FilingDateInstant_jpcrp030000-asr_E02144-000OkamotoShigeakiMember	－	取締役
jpcrp_cor:NameInformationAboutDirectorsAndCorporateAuditorsProposal	氏名、役員の状況（取締役（及び監査役））（議案）	FilingDateInstant_jpcrp030000-asr_E02144-000OkamotoShigeakiMember	－	岡  本  薫  明
jpcrp_cor:DateOfBirthInformationAboutDirectorsAndCorporateAuditorsProposal	生年月日、役員の状況（取締役（及び監査役））（議案）	FilingDateInstant_jpcrp030000-asr_E02144-000OkamotoShigeakiMember	－	1961-02-20
jpcrp_cor:CareerSummaryInformationAboutDirectorsAndCorporateAuditorsProposalTextBlock	略歴、役員の状況（取締役（及び監査役））（議案） [テキストブロック]	FilingDateInstant_jpcrp030000-asr_E02144-000OkamotoShigeakiMember	－	1983年４月大蔵省入省2001年７月金融庁総務企画局総務課管理室長2002年７月金融庁監督局総務課金融危機対応室長2004年７月財務省主計局調査課長2006年７月財務省主計局主計官兼主計局総務課2009年７月財務省大臣官房秘書課長2012
jpcrp_cor:TermOfOfficeInformationAboutDirectorsAndCorporateAuditorsProposal	任期、役員の状況（取締役（及び監査役））（議案）	FilingDateInstant_jpcrp030000-asr_E02144-000OkamotoShigeakiMember	－	(注)４
jpcrp_cor:OfficialTitleOrPositionInformationAboutDirectorsAndCorporateAuditorsProposal	役職名、役員の状況（取締役（及び監査役））（議案）	FilingDateInstant_jpcrp030000-asr_E02144-000FujisawaKumiMember	－	取締役
jpcrp_cor:NameInformationAboutDirectorsAndCorporateAuditorsProposal	氏名、役員の状況（取締役（及び監査役））（議案）	FilingDateInstant_jpcrp030000-asr_E02144-000FujisawaKumiMember	－	藤  沢  久  美
jpcrp_cor:DateOfBirthInformationAboutDirectorsAndCorporateAuditorsProposal	生年月日、役員の状況（取締役（及び監査役））（議案）	FilingDateInstant_jpcrp030000-asr_E02144-000FujisawaKumiMember	－	1967-03-15
jpcrp_cor:CareerSummaryInformationAboutDirectorsAndCorporateAuditorsProposalTextBlock	略歴、役員の状況（取締役（及び監査役））（議案） [テキストブロック]	FilingDateInstant_jpcrp030000-asr_E02144-000FujisawaKumiMember	－	1995年５月㈲アイフィスリミテッド設立 代表取締役2000年６月㈱ソフィアバンク取締役2011年６月日本証券業協会公益理事（現在に至る）2012年２月㈱東日本大震災事業者再生支援機構取締役2013年８月㈱ソフィアバンク代表取締役2014年
jpcrp_cor:TermOfOfficeInformationAboutDirectorsAndCorporateAuditorsProposal	任期、役員の状況（取締役（及び監査役））（議案）	FilingDateInstant_jpcrp030000-asr_E02144-000FujisawaKumiMember	－	(注)４
jpcrp_cor:OfficialTitleOrPositionInformationAboutDirectorsAndCorporateAuditorsProposal	役職名、役員の状況（取締役（及び監査役））（議案）	FilingDateInstant_jpcrp030000-asr_E02144-000GeorgeOlcottMember	－	取締役 （監査等委員）
jpcrp_cor:NameInformationAboutDirectorsAndCorporateAuditorsProposal	氏名、役員の状況（取締役（及び監査役））（議案）	FilingDateInstant_jpcrp030000-asr_E02144-000GeorgeOlcottMember	－	George  Olcott
jpcrp_cor:DateOfBirthInformationAboutDirectorsAndCorporateAuditorsProposal	生年月日、役員の状況（取締役（及び監査役））（議案）	FilingDateInstant_jpcrp030000-asr_E02144-000GeorgeOlcottMember	－	1955-05-07
jpcrp_cor:CareerSummaryInformationAboutDirectorsAndCorporateAuditorsProposalTextBlock	略歴、役員の状況（取締役（及び監査役））（議案） [テキストブロック]	FilingDateInstant_jpcrp030000-asr_E02144-000GeorgeOlcottMember	－	1986年７月S.G.Warburg &amp; Co., Ltd.入社1999年２月UBSアセットマネジメント（日本）社長2000年６月UBSWarburg東京マネージングディレクター（エクイティキャピタルマーケットグループ担当）2001
jpcrp_cor:TermOfOfficeInformationAboutDirectorsAndCorporateAuditorsProposal	任期、役員の状況（取締役（及び監査役））（議案）	FilingDateInstant_jpcrp030000-asr_E02144-000GeorgeOlcottMember	－	(注)５
jpcrp_cor:OfficialTitleOrPositionInformationAboutDirectorsAndCorporateAuditorsProposal	役職名、役員の状況（取締役（及び監査役））（議案）	FilingDateInstant_jpcrp030000-asr_E02144-000ChristopherPReynoldsMember	－	取締役 （監査等委員）
jpcrp_cor:NameInformationAboutDirectorsAndCorporateAuditorsProposal	氏名、役員の状況（取締役（及び監査役））（議案）	FilingDateInstant_jpcrp030000-asr_E02144-000ChristopherPReynoldsMember	－	ChristopherP．Reynolds
jpcrp_cor:DateOfBirthInformationAboutDirectorsAndCorporateAuditorsProposal	生年月日、役員の状況（取締役（及び監査役））（議案）	FilingDateInstant_jpcrp030000-asr_E02144-000ChristopherPReynoldsMember	－	1963-01-11
jpcrp_cor:CareerSummaryInformationAboutDirectorsAndCorporateAuditorsProposalTextBlock	略歴、役員の状況（取締役（及び監査役））（議案） [テキストブロック]	FilingDateInstant_jpcrp030000-asr_E02144-000ChristopherPReynoldsMember	－	1986年９月米国上訴裁判所入所1987年11月ヒューズハーバード法律事務所入所1989年10月米国連邦検事局入局1994年６月モルガン・ルイス法律事務所入所2007年７月米国トヨタ自動車販売㈱入社2008年１月同社Group Vice P
jpcrp_cor:TermOfOfficeInformationAboutDirectorsAndCorporateAuditorsProposal	任期、役員の状況（取締役（及び監査役））（議案）	FilingDateInstant_jpcrp030000-asr_E02144-000ChristopherPReynoldsMember	－	(注)５
jpcrp_cor:OfficialTitleOrPositionInformationAboutDirectorsAndCorporateAuditorsProposal	役職名、役員の状況（取締役（及び監査役））（議案）	FilingDateInstant_jpcrp030000-asr_E02144-000OshimaMasahikoMember	－	取締役 （監査等委員）
jpcrp_cor:NameInformationAboutDirectorsAndCorporateAuditorsProposal	氏名、役員の状況（取締役（及び監査役））（議案）	FilingDateInstant_jpcrp030000-asr_E02144-000OshimaMasahikoMember	－	大  島  眞  彦
jpcrp_cor:DateOfBirthInformationAboutDirectorsAndCorporateAuditorsProposal	生年月日、役員の状況（取締役（及び監査役））（議案）	FilingDateInstant_jpcrp030000-asr_E02144-000OshimaMasahikoMember	－	1960-09-13
jpcrp_cor:CareerSummaryInformationAboutDirectorsAndCorporateAuditorsProposalTextBlock	略歴、役員の状況（取締役（及び監査役））（議案） [テキストブロック]	FilingDateInstant_jpcrp030000-asr_E02144-000OshimaMasahikoMember	－	1984年４月㈱三井銀行入行2012年４月㈱三井住友銀行執行役員2014年４月同社常務執行役員2017年３月同社取締役兼常務執行役員2017年４月同社取締役兼専務執行役員2018年４月同社専務執行役員2018年４月㈱三井住友フィナンシャルグ
jpcrp_cor:TermOfOfficeInformationAboutDirectorsAndCorporateAuditorsProposal	任期、役員の状況（取締役（及び監査役））（議案）	FilingDateInstant_jpcrp030000-asr_E02144-000OshimaMasahikoMember	－	(注)５
jpcrp_cor:OfficialTitleOrPositionInformationAboutDirectorsAndCorporateAuditorsProposal	役職名、役員の状況（取締役（及び監査役））（議案）	FilingDateInstant_jpcrp030000-asr_E02144-000OsadaHiromiMember	－	取締役（常勤監査等委員）
jpcrp_cor:NameInformationAboutDirectorsAndCorporateAuditorsProposal	氏名、役員の状況（取締役（及び監査役））（議案）	FilingDateInstant_jpcrp030000-asr_E02144-000OsadaHiromiMember	－	長  田  弘  己
jpcrp_cor:DateOfBirthInformationAboutDirectorsAndCorporateAuditorsProposal	生年月日、役員の状況（取締役（及び監査役））（議案）	FilingDateInstant_jpcrp030000-asr_E02144-000OsadaHiromiMember	－	1973-06-11
jpcrp_cor:CareerSummaryInformationAboutDirectorsAndCorporateAuditorsProposalTextBlock	略歴、役員の状況（取締役（及び監査役））（議案） [テキストブロック]	FilingDateInstant_jpcrp030000-asr_E02144-000OsadaHiromiMember	－	1997年４月㈱オービス入社1999年４月㈱中日新聞社入社2001年３月同社経済部（流通・小売り・製造業・万博・人口減少問題に関する新年企画取材担当）2005年８月同社社会部（遊軍『社会ニュース全般』・署回り・司法・教育担当、新年企画班「子
jpcrp_cor:TermOfOfficeInformationAboutDirectorsAndCorporateAuditorsProposal	任期、役員の状況（取締役（及び監査役））（議案）	FilingDateInstant_jpcrp030000-asr_E02144-000OsadaHiromiMember	－	(注)５
jpcrp_cor:FootnotesDirectorsAndCorporateAuditorsProposalTextBlock	脚注（取締役（及び監査役））（議案） [テキストブロック]	FilingDateInstant_Row1Member	－	（注）１取締役社長  近  健太は、執行役員（社長）を兼務しています。 
jpcrp_cor:FootnotesDirectorsAndCorporateAuditorsProposalTextBlock	脚注（取締役（及び監査役））（議案） [テキストブロック]	FilingDateInstant_Row2Member	－	２取締役副社長  中嶋  裕樹および取締役副社長  宮崎  洋一は、執行役員（副社長）を兼務しています。 
jpcrp_cor:FootnotesDirectorsAndCorporateAuditorsProposalTextBlock	脚注（取締役（及び監査役））（議案） [テキストブロック]	FilingDateInstant_Row3Member	－	３取締役  岡本  薫明、取締役  藤沢  久美、取締役  George  Olcott、取締役  大島  眞彦および取締役  長田  弘己は、社外取締役です。 
jpcrp_cor:FootnotesDirectorsAndCorporateAuditorsProposalTextBlock	脚注（取締役（及び監査役））（議案） [テキストブロック]	FilingDateInstant_Row4Member	－	４取締役の任期は、2026年６月17日開催の定時株主総会の終結の時から2027年３月期にかかる定時株主総会の終結の時までです。 
jpcrp_cor:FootnotesDirectorsAndCorporateAuditorsProposalTextBlock	脚注（取締役（及び監査役））（議案） [テキストブロック]	FilingDateInstant_Row5Member	－	５取締役（監査等委員）の任期は、2025年６月12日開催の定時株主総会の終結の時から2027年３月期にかかる定時株主総会の終結の時までです。 
jpcrp_cor:OutsideDirectorsAndOutsideCorporateAuditorsTextBlock	社外取締役（及び社外監査役） [テキストブロック]	FilingDateInstant	－	 ②社外役員の状況社外取締役の大島眞彦氏は、当社と取引関係にある㈱三井住友銀行を、2024年7月に退任しております。また、当社と㈱三井住友銀行との取引関係は、取引の規模、性質に照らして、一般株主と利益相反が生じるおそれがないと判断されること
jpcrp_cor:AuditsTextBlock	監査の状況 [テキストブロック]	FilingDateInstant	－	 （３）【監査の状況】①監査等委員会監査の状況当社は、2025年６月12日開催の定時株主総会における承認をもって、監査役会設置会社から監査等委員会設置会社へ移行しました。以下のうち2025年度の活動状況（以下、b）については、監査等委員会設
jpcrp_cor:RemunerationForDirectorsAndOtherOfficersTextBlock	役員の報酬等 [テキストブロック]	FilingDateInstant	－	 （４）【役員の報酬等】①役員の報酬等の額又はその算定方法の決定に関する内容及び決定方法a.決定の方針および決定プロセス当社は、「トヨタフィロソフィー」を基盤に、「商品と地域を軸にした経営」を実践し、将来に亘る持続的成長に向けた意思決定への
jpcrp_cor:ShareholdingsTextBlock	株式の保有状況 [テキストブロック]	FilingDateInstant	－	 （５）【株式の保有状況】①　投資株式の区分の基準及び考え方当社は、純投資目的以外の目的である投資株式（政策保有株式）のみ保有しています。専ら株式の価値の変動または株式にかかる配当によって利益を受けることを目的とする純投資目的である投資株式
jpcrp_cor:ReasonForIncreaseInNumberOfSharesSharesOtherThanThoseNotListedInvestmentSharesHeldForPurposesOtherThanPureInvestmentReportingCompany	株式数が増加した理由、非上場株式以外の株式、保有目的が純投資目的以外の目的である投資株式、提出会社	CurrentYearDuration	－	中長期的な観点より、企業価値の向上に資すると判断したため
jpcrp_cor:NameOfSecuritiesDetailsOfSpecifiedInvestmentEquitySecuritiesHeldForPurposesOtherThanPureInvestmentReportingCompany	銘柄、保有目的が純投資目的以外の目的である特定投資株式の明細、提出会社	CurrentYearInstant_Row1Member	－	ＫＤＤＩ㈱
jpcrp_cor:PurposeOfShareholdingOverviewOfBusinessAllianceQuantitativeEffectsOfShareholdingAndReasonForIncreaseInNumberOfSharesDetailsOfSpecifiedInvestmentSharesHeldForPurposesOtherThanPureInvestmentReportingCompany	保有目的、業務提携等の概要、定量的な保有効果及び株式数が増加した理由、保有目的が純投資目的以外の目的である特定投資株式の明細、提出会社	CurrentYearInstant_Row1Member	－	自動車関連（情報）取引の維持・発展[株式数が変動した理由]株式分割、一部売却のため
jpcrp_cor:WhetherIssuerOfAforementionedSharesHoldsReportingCompanysSharesDetailsOfSpecifiedInvestmentSharesHeldForPurposesOtherThanPureInvestmentReportingCompany	当該株式の発行者による提出会社の株式の保有の有無、保有目的が純投資目的以外の目的である特定投資株式の明細、提出会社	CurrentYearInstant_Row1Member	－	有
jpcrp_cor:NameOfSecuritiesDetailsOfSpecifiedInvestmentEquitySecuritiesHeldForPurposesOtherThanPureInvestmentReportingCompany	銘柄、保有目的が純投資目的以外の目的である特定投資株式の明細、提出会社	CurrentYearInstant_Row2Member	－	ＮＴＴ㈱
jpcrp_cor:PurposeOfShareholdingOverviewOfBusinessAllianceQuantitativeEffectsOfShareholdingAndReasonForIncreaseInNumberOfSharesDetailsOfSpecifiedInvestmentSharesHeldForPurposesOtherThanPureInvestmentReportingCompany	保有目的、業務提携等の概要、定量的な保有効果及び株式数が増加した理由、保有目的が純投資目的以外の目的である特定投資株式の明細、提出会社	CurrentYearInstant_Row2Member	－	自動車関連（情報）取引の維持・発展
jpcrp_cor:WhetherIssuerOfAforementionedSharesHoldsReportingCompanysSharesDetailsOfSpecifiedInvestmentSharesHeldForPurposesOtherThanPureInvestmentReportingCompany	当該株式の発行者による提出会社の株式の保有の有無、保有目的が純投資目的以外の目的である特定投資株式の明細、提出会社	CurrentYearInstant_Row2Member	－	有
jpcrp_cor:NameOfSecuritiesDetailsOfSpecifiedInvestmentEquitySecuritiesHeldForPurposesOtherThanPureInvestmentReportingCompany	銘柄、保有目的が純投資目的以外の目的である特定投資株式の明細、提出会社	CurrentYearInstant_Row3Member	－	ＭＳ＆ＡＤインシュアランスグループホールディングス㈱
jpcrp_cor:PurposeOfShareholdingOverviewOfBusinessAllianceQuantitativeEffectsOfShareholdingAndReasonForIncreaseInNumberOfSharesDetailsOfSpecifiedInvestmentSharesHeldForPurposesOtherThanPureInvestmentReportingCompany	保有目的、業務提携等の概要、定量的な保有効果及び株式数が増加した理由、保有目的が純投資目的以外の目的である特定投資株式の明細、提出会社	CurrentYearInstant_Row3Member	－	自動車関連（金融）取引の維持・発展
jpcrp_cor:WhetherIssuerOfAforementionedSharesHoldsReportingCompanysSharesDetailsOfSpecifiedInvestmentSharesHeldForPurposesOtherThanPureInvestmentReportingCompany	当該株式の発行者による提出会社の株式の保有の有無、保有目的が純投資目的以外の目的である特定投資株式の明細、提出会社	CurrentYearInstant_Row3Member	－	有
jpcrp_cor:NameOfSecuritiesDetailsOfSpecifiedInvestmentEquitySecuritiesHeldForPurposesOtherThanPureInvestmentReportingCompany	銘柄、保有目的が純投資目的以外の目的である特定投資株式の明細、提出会社	CurrentYearInstant_Row4Member	－	㈱三菱ＵＦＪフィナンシャル・グループ
jpcrp_cor:PurposeOfShareholdingOverviewOfBusinessAllianceQuantitativeEffectsOfShareholdingAndReasonForIncreaseInNumberOfSharesDetailsOfSpecifiedInvestmentSharesHeldForPurposesOtherThanPureInvestmentReportingCompany	保有目的、業務提携等の概要、定量的な保有効果及び株式数が増加した理由、保有目的が純投資目的以外の目的である特定投資株式の明細、提出会社	CurrentYearInstant_Row4Member	－	金融取引の維持・発展
jpcrp_cor:WhetherIssuerOfAforementionedSharesHoldsReportingCompanysSharesDetailsOfSpecifiedInvestmentSharesHeldForPurposesOtherThanPureInvestmentReportingCompany	当該株式の発行者による提出会社の株式の保有の有無、保有目的が純投資目的以外の目的である特定投資株式の明細、提出会社	CurrentYearInstant_Row4Member	－	有
jpcrp_cor:NameOfSecuritiesDetailsOfSpecifiedInvestmentEquitySecuritiesHeldForPurposesOtherThanPureInvestmentReportingCompany	銘柄、保有目的が純投資目的以外の目的である特定投資株式の明細、提出会社	CurrentYearInstant_Row5Member	－	スズキ㈱
jpcrp_cor:PurposeOfShareholdingOverviewOfBusinessAllianceQuantitativeEffectsOfShareholdingAndReasonForIncreaseInNumberOfSharesDetailsOfSpecifiedInvestmentSharesHeldForPurposesOtherThanPureInvestmentReportingCompany	保有目的、業務提携等の概要、定量的な保有効果及び株式数が増加した理由、保有目的が純投資目的以外の目的である特定投資株式の明細、提出会社	CurrentYearInstant_Row5Member	－	業務提携（商品補完、共同開発、生産領域での協業等）の維持・発展
jpcrp_cor:WhetherIssuerOfAforementionedSharesHoldsReportingCompanysSharesDetailsOfSpecifiedInvestmentSharesHeldForPurposesOtherThanPureInvestmentReportingCompany	当該株式の発行者による提出会社の株式の保有の有無、保有目的が純投資目的以外の目的である特定投資株式の明細、提出会社	CurrentYearInstant_Row5Member	－	有
jpcrp_cor:NameOfSecuritiesDetailsOfSpecifiedInvestmentEquitySecuritiesHeldForPurposesOtherThanPureInvestmentReportingCompany	銘柄、保有目的が純投資目的以外の目的である特定投資株式の明細、提出会社	CurrentYearInstant_Row6Member	－	Joby Aviation, Inc.
jpcrp_cor:PurposeOfShareholdingOverviewOfBusinessAllianceQuantitativeEffectsOfShareholdingAndReasonForIncreaseInNumberOfSharesDetailsOfSpecifiedInvestmentSharesHeldForPurposesOtherThanPureInvestmentReportingCompany	保有目的、業務提携等の概要、定量的な保有効果及び株式数が増加した理由、保有目的が純投資目的以外の目的である特定投資株式の明細、提出会社	CurrentYearInstant_Row6Member	－	自動車関連（MaaS）取引の維持・発展[株式数が増加した理由]第三者割当増資の引受のため
jpcrp_cor:WhetherIssuerOfAforementionedSharesHoldsReportingCompanysSharesDetailsOfSpecifiedInvestmentSharesHeldForPurposesOtherThanPureInvestmentReportingCompany	当該株式の発行者による提出会社の株式の保有の有無、保有目的が純投資目的以外の目的である特定投資株式の明細、提出会社	CurrentYearInstant_Row6Member	－	無
jpcrp_cor:NameOfSecuritiesDetailsOfSpecifiedInvestmentEquitySecuritiesHeldForPurposesOtherThanPureInvestmentReportingCompany	銘柄、保有目的が純投資目的以外の目的である特定投資株式の明細、提出会社	CurrentYearInstant_Row7Member	－	ルネサス エレクトロニクス㈱
jpcrp_cor:PurposeOfShareholdingOverviewOfBusinessAllianceQuantitativeEffectsOfShareholdingAndReasonForIncreaseInNumberOfSharesDetailsOfSpecifiedInvestmentSharesHeldForPurposesOtherThanPureInvestmentReportingCompany	保有目的、業務提携等の概要、定量的な保有効果及び株式数が増加した理由、保有目的が純投資目的以外の目的である特定投資株式の明細、提出会社	CurrentYearInstant_Row7Member	－	自動車関連（調達）取引の維持・発展
jpcrp_cor:WhetherIssuerOfAforementionedSharesHoldsReportingCompanysSharesDetailsOfSpecifiedInvestmentSharesHeldForPurposesOtherThanPureInvestmentReportingCompany	当該株式の発行者による提出会社の株式の保有の有無、保有目的が純投資目的以外の目的である特定投資株式の明細、提出会社	CurrentYearInstant_Row7Member	－	無
jpcrp_cor:NameOfSecuritiesDetailsOfSpecifiedInvestmentEquitySecuritiesHeldForPurposesOtherThanPureInvestmentReportingCompany	銘柄、保有目的が純投資目的以外の目的である特定投資株式の明細、提出会社	CurrentYearInstant_Row8Member	－	HO TAIMOTOR CO.,LTD.
jpcrp_cor:PurposeOfShareholdingOverviewOfBusinessAllianceQuantitativeEffectsOfShareholdingAndReasonForIncreaseInNumberOfSharesDetailsOfSpecifiedInvestmentSharesHeldForPurposesOtherThanPureInvestmentReportingCompany	保有目的、業務提携等の概要、定量的な保有効果及び株式数が増加した理由、保有目的が純投資目的以外の目的である特定投資株式の明細、提出会社	CurrentYearInstant_Row8Member	－	自動車関連（業務提携）の維持・発展[株式数が増加した理由]中長期的な観点より、企業価値の向上に資すると判断し取得
jpcrp_cor:WhetherIssuerOfAforementionedSharesHoldsReportingCompanysSharesDetailsOfSpecifiedInvestmentSharesHeldForPurposesOtherThanPureInvestmentReportingCompany	当該株式の発行者による提出会社の株式の保有の有無、保有目的が純投資目的以外の目的である特定投資株式の明細、提出会社	CurrentYearInstant_Row8Member	－	有
jpcrp_cor:NameOfSecuritiesDetailsOfSpecifiedInvestmentEquitySecuritiesHeldForPurposesOtherThanPureInvestmentReportingCompany	銘柄、保有目的が純投資目的以外の目的である特定投資株式の明細、提出会社	CurrentYearInstant_Row9Member	－	GRAB HOLDINGS LIMITED
jpcrp_cor:PurposeOfShareholdingOverviewOfBusinessAllianceQuantitativeEffectsOfShareholdingAndReasonForIncreaseInNumberOfSharesDetailsOfSpecifiedInvestmentSharesHeldForPurposesOtherThanPureInvestmentReportingCompany	保有目的、業務提携等の概要、定量的な保有効果及び株式数が増加した理由、保有目的が純投資目的以外の目的である特定投資株式の明細、提出会社	CurrentYearInstant_Row9Member	－	自動車関連（MaaS）取引の維持・発展
jpcrp_cor:WhetherIssuerOfAforementionedSharesHoldsReportingCompanysSharesDetailsOfSpecifiedInvestmentSharesHeldForPurposesOtherThanPureInvestmentReportingCompany	当該株式の発行者による提出会社の株式の保有の有無、保有目的が純投資目的以外の目的である特定投資株式の明細、提出会社	CurrentYearInstant_Row9Member	－	無
jpcrp_cor:NameOfSecuritiesDetailsOfSpecifiedInvestmentEquitySecuritiesHeldForPurposesOtherThanPureInvestmentReportingCompany	銘柄、保有目的が純投資目的以外の目的である特定投資株式の明細、提出会社	CurrentYearInstant_Row10Member	－	PT ASTRAINTERNATIONAL Tbk
jpcrp_cor:PurposeOfShareholdingOverviewOfBusinessAllianceQuantitativeEffectsOfShareholdingAndReasonForIncreaseInNumberOfSharesDetailsOfSpecifiedInvestmentSharesHeldForPurposesOtherThanPureInvestmentReportingCompany	保有目的、業務提携等の概要、定量的な保有効果及び株式数が増加した理由、保有目的が純投資目的以外の目的である特定投資株式の明細、提出会社	CurrentYearInstant_Row10Member	－	自動車関連（業務提携）の維持・発展
jpcrp_cor:WhetherIssuerOfAforementionedSharesHoldsReportingCompanysSharesDetailsOfSpecifiedInvestmentSharesHeldForPurposesOtherThanPureInvestmentReportingCompany	当該株式の発行者による提出会社の株式の保有の有無、保有目的が純投資目的以外の目的である特定投資株式の明細、提出会社	CurrentYearInstant_Row10Member	－	有
jpcrp_cor:NameOfSecuritiesDetailsOfSpecifiedInvestmentEquitySecuritiesHeldForPurposesOtherThanPureInvestmentReportingCompany	銘柄、保有目的が純投資目的以外の目的である特定投資株式の明細、提出会社	CurrentYearInstant_Row11Member	－	住友金属鉱山㈱
jpcrp_cor:PurposeOfShareholdingOverviewOfBusinessAllianceQuantitativeEffectsOfShareholdingAndReasonForIncreaseInNumberOfSharesDetailsOfSpecifiedInvestmentSharesHeldForPurposesOtherThanPureInvestmentReportingCompany	保有目的、業務提携等の概要、定量的な保有効果及び株式数が増加した理由、保有目的が純投資目的以外の目的である特定投資株式の明細、提出会社	CurrentYearInstant_Row11Member	－	自動車関連（調達）取引の維持・発展
jpcrp_cor:WhetherIssuerOfAforementionedSharesHoldsReportingCompanysSharesDetailsOfSpecifiedInvestmentSharesHeldForPurposesOtherThanPureInvestmentReportingCompany	当該株式の発行者による提出会社の株式の保有の有無、保有目的が純投資目的以外の目的である特定投資株式の明細、提出会社	CurrentYearInstant_Row11Member	－	有
jpcrp_cor:NameOfSecuritiesDetailsOfSpecifiedInvestmentEquitySecuritiesHeldForPurposesOtherThanPureInvestmentReportingCompany	銘柄、保有目的が純投資目的以外の目的である特定投資株式の明細、提出会社	CurrentYearInstant_Row12Member	－	いすゞ自動車㈱
jpcrp_cor:PurposeOfShareholdingOverviewOfBusinessAllianceQuantitativeEffectsOfShareholdingAndReasonForIncreaseInNumberOfSharesDetailsOfSpecifiedInvestmentSharesHeldForPurposesOtherThanPureInvestmentReportingCompany	保有目的、業務提携等の概要、定量的な保有効果及び株式数が増加した理由、保有目的が純投資目的以外の目的である特定投資株式の明細、提出会社	CurrentYearInstant_Row12Member	－	商用事業でのCASE普及に向けた業務提携の維 持・発展
jpcrp_cor:WhetherIssuerOfAforementionedSharesHoldsReportingCompanysSharesDetailsOfSpecifiedInvestmentSharesHeldForPurposesOtherThanPureInvestmentReportingCompany	当該株式の発行者による提出会社の株式の保有の有無、保有目的が純投資目的以外の目的である特定投資株式の明細、提出会社	CurrentYearInstant_Row12Member	－	有
jpcrp_cor:NameOfSecuritiesDetailsOfSpecifiedInvestmentEquitySecuritiesHeldForPurposesOtherThanPureInvestmentReportingCompany	銘柄、保有目的が純投資目的以外の目的である特定投資株式の明細、提出会社	CurrentYearInstant_Row13Member	－	Pony AI Inc.
jpcrp_cor:PurposeOfShareholdingOverviewOfBusinessAllianceQuantitativeEffectsOfShareholdingAndReasonForIncreaseInNumberOfSharesDetailsOfSpecifiedInvestmentSharesHeldForPurposesOtherThanPureInvestmentReportingCompany	保有目的、業務提携等の概要、定量的な保有効果及び株式数が増加した理由、保有目的が純投資目的以外の目的である特定投資株式の明細、提出会社	CurrentYearInstant_Row13Member	－	自動車関連（MaaS）取引の維持・発展
jpcrp_cor:WhetherIssuerOfAforementionedSharesHoldsReportingCompanysSharesDetailsOfSpecifiedInvestmentSharesHeldForPurposesOtherThanPureInvestmentReportingCompany	当該株式の発行者による提出会社の株式の保有の有無、保有目的が純投資目的以外の目的である特定投資株式の明細、提出会社	CurrentYearInstant_Row13Member	－	無
jpcrp_cor:NameOfSecuritiesDetailsOfSpecifiedInvestmentEquitySecuritiesHeldForPurposesOtherThanPureInvestmentReportingCompany	銘柄、保有目的が純投資目的以外の目的である特定投資株式の明細、提出会社	CurrentYearInstant_Row14Member	－	UBERTECHNOLOGIES,INC.
jpcrp_cor:PurposeOfShareholdingOverviewOfBusinessAllianceQuantitativeEffectsOfShareholdingAndReasonForIncreaseInNumberOfSharesDetailsOfSpecifiedInvestmentSharesHeldForPurposesOtherThanPureInvestmentReportingCompany	保有目的、業務提携等の概要、定量的な保有効果及び株式数が増加した理由、保有目的が純投資目的以外の目的である特定投資株式の明細、提出会社	CurrentYearInstant_Row14Member	－	自動車関連（MaaS）取引の維持・発展
jpcrp_cor:WhetherIssuerOfAforementionedSharesHoldsReportingCompanysSharesDetailsOfSpecifiedInvestmentSharesHeldForPurposesOtherThanPureInvestmentReportingCompany	当該株式の発行者による提出会社の株式の保有の有無、保有目的が純投資目的以外の目的である特定投資株式の明細、提出会社	CurrentYearInstant_Row14Member	－	無
jpcrp_cor:NameOfSecuritiesDetailsOfSpecifiedInvestmentEquitySecuritiesHeldForPurposesOtherThanPureInvestmentReportingCompany	銘柄、保有目的が純投資目的以外の目的である特定投資株式の明細、提出会社	CurrentYearInstant_Row15Member	－	マツダ㈱
jpcrp_cor:PurposeOfShareholdingOverviewOfBusinessAllianceQuantitativeEffectsOfShareholdingAndReasonForIncreaseInNumberOfSharesDetailsOfSpecifiedInvestmentSharesHeldForPurposesOtherThanPureInvestmentReportingCompany	保有目的、業務提携等の概要、定量的な保有効果及び株式数が増加した理由、保有目的が純投資目的以外の目的である特定投資株式の明細、提出会社	CurrentYearInstant_Row15Member	－	業務提携（米国での合弁会社（完成車生産）の設立・運営、共同開発、技術連携、商品補完）の維持・発展
jpcrp_cor:WhetherIssuerOfAforementionedSharesHoldsReportingCompanysSharesDetailsOfSpecifiedInvestmentSharesHeldForPurposesOtherThanPureInvestmentReportingCompany	当該株式の発行者による提出会社の株式の保有の有無、保有目的が純投資目的以外の目的である特定投資株式の明細、提出会社	CurrentYearInstant_Row15Member	－	有
jpcrp_cor:NameOfSecuritiesDetailsOfSpecifiedInvestmentEquitySecuritiesHeldForPurposesOtherThanPureInvestmentReportingCompany	銘柄、保有目的が純投資目的以外の目的である特定投資株式の明細、提出会社	CurrentYearInstant_Row16Member	－	Aurora Innovation, Inc.
jpcrp_cor:PurposeOfShareholdingOverviewOfBusinessAllianceQuantitativeEffectsOfShareholdingAndReasonForIncreaseInNumberOfSharesDetailsOfSpecifiedInvestmentSharesHeldForPurposesOtherThanPureInvestmentReportingCompany	保有目的、業務提携等の概要、定量的な保有効果及び株式数が増加した理由、保有目的が純投資目的以外の目的である特定投資株式の明細、提出会社	CurrentYearInstant_Row16Member	－	自動車関連（MaaS）取引の維持・発展
jpcrp_cor:WhetherIssuerOfAforementionedSharesHoldsReportingCompanysSharesDetailsOfSpecifiedInvestmentSharesHeldForPurposesOtherThanPureInvestmentReportingCompany	当該株式の発行者による提出会社の株式の保有の有無、保有目的が純投資目的以外の目的である特定投資株式の明細、提出会社	CurrentYearInstant_Row16Member	－	無
jpcrp_cor:NameOfSecuritiesDetailsOfSpecifiedInvestmentEquitySecuritiesHeldForPurposesOtherThanPureInvestmentReportingCompany	銘柄、保有目的が純投資目的以外の目的である特定投資株式の明細、提出会社	CurrentYearInstant_Row17Member	－	㈱ブリヂストン
jpcrp_cor:PurposeOfShareholdingOverviewOfBusinessAllianceQuantitativeEffectsOfShareholdingAndReasonForIncreaseInNumberOfSharesDetailsOfSpecifiedInvestmentSharesHeldForPurposesOtherThanPureInvestmentReportingCompany	保有目的、業務提携等の概要、定量的な保有効果及び株式数が増加した理由、保有目的が純投資目的以外の目的である特定投資株式の明細、提出会社	CurrentYearInstant_Row17Member	－	自動車関連（調達）取引の維持・発展[株式数が増加した理由]退職給付信託からの返還のため
jpcrp_cor:WhetherIssuerOfAforementionedSharesHoldsReportingCompanysSharesDetailsOfSpecifiedInvestmentSharesHeldForPurposesOtherThanPureInvestmentReportingCompany	当該株式の発行者による提出会社の株式の保有の有無、保有目的が純投資目的以外の目的である特定投資株式の明細、提出会社	CurrentYearInstant_Row17Member	－	有
jpcrp_cor:NameOfSecuritiesDetailsOfSpecifiedInvestmentEquitySecuritiesHeldForPurposesOtherThanPureInvestmentReportingCompany	銘柄、保有目的が純投資目的以外の目的である特定投資株式の明細、提出会社	CurrentYearInstant_Row18Member	－	ヤマハ発動機㈱
jpcrp_cor:PurposeOfShareholdingOverviewOfBusinessAllianceQuantitativeEffectsOfShareholdingAndReasonForIncreaseInNumberOfSharesDetailsOfSpecifiedInvestmentSharesHeldForPurposesOtherThanPureInvestmentReportingCompany	保有目的、業務提携等の概要、定量的な保有効果及び株式数が増加した理由、保有目的が純投資目的以外の目的である特定投資株式の明細、提出会社	CurrentYearInstant_Row18Member	－	自動車関連（調達）取引の維持・発展
jpcrp_cor:WhetherIssuerOfAforementionedSharesHoldsReportingCompanysSharesDetailsOfSpecifiedInvestmentSharesHeldForPurposesOtherThanPureInvestmentReportingCompany	当該株式の発行者による提出会社の株式の保有の有無、保有目的が純投資目的以外の目的である特定投資株式の明細、提出会社	CurrentYearInstant_Row18Member	－	有
jpcrp_cor:NameOfSecuritiesDetailsOfSpecifiedInvestmentEquitySecuritiesHeldForPurposesOtherThanPureInvestmentReportingCompany	銘柄、保有目的が純投資目的以外の目的である特定投資株式の明細、提出会社	CurrentYearInstant_Row19Member	－	住友電気工業㈱
jpcrp_cor:PurposeOfShareholdingOverviewOfBusinessAllianceQuantitativeEffectsOfShareholdingAndReasonForIncreaseInNumberOfSharesDetailsOfSpecifiedInvestmentSharesHeldForPurposesOtherThanPureInvestmentReportingCompany	保有目的、業務提携等の概要、定量的な保有効果及び株式数が増加した理由、保有目的が純投資目的以外の目的である特定投資株式の明細、提出会社	CurrentYearInstant_Row19Member	－	自動車関連（調達）取引の維持・発展
jpcrp_cor:WhetherIssuerOfAforementionedSharesHoldsReportingCompanysSharesDetailsOfSpecifiedInvestmentSharesHeldForPurposesOtherThanPureInvestmentReportingCompany	当該株式の発行者による提出会社の株式の保有の有無、保有目的が純投資目的以外の目的である特定投資株式の明細、提出会社	CurrentYearInstant_Row19Member	－	有
jpcrp_cor:NameOfSecuritiesDetailsOfSpecifiedInvestmentEquitySecuritiesHeldForPurposesOtherThanPureInvestmentReportingCompany	銘柄、保有目的が純投資目的以外の目的である特定投資株式の明細、提出会社	CurrentYearInstant_Row20Member	－	㈱ジーエス・ユアサコーポレーション
jpcrp_cor:PurposeOfShareholdingOverviewOfBusinessAllianceQuantitativeEffectsOfShareholdingAndReasonForIncreaseInNumberOfSharesDetailsOfSpecifiedInvestmentSharesHeldForPurposesOtherThanPureInvestmentReportingCompany	保有目的、業務提携等の概要、定量的な保有効果及び株式数が増加した理由、保有目的が純投資目的以外の目的である特定投資株式の明細、提出会社	CurrentYearInstant_Row20Member	－	自動車関連（調達）取引の維持・発展
jpcrp_cor:WhetherIssuerOfAforementionedSharesHoldsReportingCompanysSharesDetailsOfSpecifiedInvestmentSharesHeldForPurposesOtherThanPureInvestmentReportingCompany	当該株式の発行者による提出会社の株式の保有の有無、保有目的が純投資目的以外の目的である特定投資株式の明細、提出会社	CurrentYearInstant_Row20Member	－	有
jpcrp_cor:NameOfSecuritiesDetailsOfSpecifiedInvestmentEquitySecuritiesHeldForPurposesOtherThanPureInvestmentReportingCompany	銘柄、保有目的が純投資目的以外の目的である特定投資株式の明細、提出会社	CurrentYearInstant_Row21Member	－	INCHCAPE PLC
jpcrp_cor:PurposeOfShareholdingOverviewOfBusinessAllianceQuantitativeEffectsOfShareholdingAndReasonForIncreaseInNumberOfSharesDetailsOfSpecifiedInvestmentSharesHeldForPurposesOtherThanPureInvestmentReportingCompany	保有目的、業務提携等の概要、定量的な保有効果及び株式数が増加した理由、保有目的が純投資目的以外の目的である特定投資株式の明細、提出会社	CurrentYearInstant_Row21Member	－	自動車関連（販売）取引の維持・発展
jpcrp_cor:WhetherIssuerOfAforementionedSharesHoldsReportingCompanysSharesDetailsOfSpecifiedInvestmentSharesHeldForPurposesOtherThanPureInvestmentReportingCompany	当該株式の発行者による提出会社の株式の保有の有無、保有目的が純投資目的以外の目的である特定投資株式の明細、提出会社	CurrentYearInstant_Row21Member	－	無
jpcrp_cor:NameOfSecuritiesDetailsOfSpecifiedInvestmentEquitySecuritiesHeldForPurposesOtherThanPureInvestmentReportingCompany	銘柄、保有目的が純投資目的以外の目的である特定投資株式の明細、提出会社	CurrentYearInstant_Row22Member	－	ヤマトホールディングス㈱
jpcrp_cor:PurposeOfShareholdingOverviewOfBusinessAllianceQuantitativeEffectsOfShareholdingAndReasonForIncreaseInNumberOfSharesDetailsOfSpecifiedInvestmentSharesHeldForPurposesOtherThanPureInvestmentReportingCompany	保有目的、業務提携等の概要、定量的な保有効果及び株式数が増加した理由、保有目的が純投資目的以外の目的である特定投資株式の明細、提出会社	CurrentYearInstant_Row22Member	－	自動車関連（販売）取引の維持・発展
jpcrp_cor:WhetherIssuerOfAforementionedSharesHoldsReportingCompanysSharesDetailsOfSpecifiedInvestmentSharesHeldForPurposesOtherThanPureInvestmentReportingCompany	当該株式の発行者による提出会社の株式の保有の有無、保有目的が純投資目的以外の目的である特定投資株式の明細、提出会社	CurrentYearInstant_Row22Member	－	無
jpcrp_cor:NameOfSecuritiesDetailsOfSpecifiedInvestmentEquitySecuritiesHeldForPurposesOtherThanPureInvestmentReportingCompany	銘柄、保有目的が純投資目的以外の目的である特定投資株式の明細、提出会社	CurrentYearInstant_Row23Member	－	大同特殊鋼㈱
jpcrp_cor:PurposeOfShareholdingOverviewOfBusinessAllianceQuantitativeEffectsOfShareholdingAndReasonForIncreaseInNumberOfSharesDetailsOfSpecifiedInvestmentSharesHeldForPurposesOtherThanPureInvestmentReportingCompany	保有目的、業務提携等の概要、定量的な保有効果及び株式数が増加した理由、保有目的が純投資目的以外の目的である特定投資株式の明細、提出会社	CurrentYearInstant_Row23Member	－	自動車関連（調達）取引の維持・発展
jpcrp_cor:WhetherIssuerOfAforementionedSharesHoldsReportingCompanysSharesDetailsOfSpecifiedInvestmentSharesHeldForPurposesOtherThanPureInvestmentReportingCompany	当該株式の発行者による提出会社の株式の保有の有無、保有目的が純投資目的以外の目的である特定投資株式の明細、提出会社	CurrentYearInstant_Row23Member	－	有
jpcrp_cor:NameOfSecuritiesDetailsOfSpecifiedInvestmentEquitySecuritiesHeldForPurposesOtherThanPureInvestmentReportingCompany	銘柄、保有目的が純投資目的以外の目的である特定投資株式の明細、提出会社	CurrentYearInstant_Row24Member	－	信越化学工業㈱
jpcrp_cor:PurposeOfShareholdingOverviewOfBusinessAllianceQuantitativeEffectsOfShareholdingAndReasonForIncreaseInNumberOfSharesDetailsOfSpecifiedInvestmentSharesHeldForPurposesOtherThanPureInvestmentReportingCompany	保有目的、業務提携等の概要、定量的な保有効果及び株式数が増加した理由、保有目的が純投資目的以外の目的である特定投資株式の明細、提出会社	CurrentYearInstant_Row24Member	－	自動車関連（調達）取引の維持・発展
jpcrp_cor:WhetherIssuerOfAforementionedSharesHoldsReportingCompanysSharesDetailsOfSpecifiedInvestmentSharesHeldForPurposesOtherThanPureInvestmentReportingCompany	当該株式の発行者による提出会社の株式の保有の有無、保有目的が純投資目的以外の目的である特定投資株式の明細、提出会社	CurrentYearInstant_Row24Member	－	有
jpcrp_cor:NameOfSecuritiesDetailsOfSpecifiedInvestmentEquitySecuritiesHeldForPurposesOtherThanPureInvestmentReportingCompany	銘柄、保有目的が純投資目的以外の目的である特定投資株式の明細、提出会社	CurrentYearInstant_Row25Member	－	㈱ゼンリン
jpcrp_cor:PurposeOfShareholdingOverviewOfBusinessAllianceQuantitativeEffectsOfShareholdingAndReasonForIncreaseInNumberOfSharesDetailsOfSpecifiedInvestmentSharesHeldForPurposesOtherThanPureInvestmentReportingCompany	保有目的、業務提携等の概要、定量的な保有効果及び株式数が増加した理由、保有目的が純投資目的以外の目的である特定投資株式の明細、提出会社	CurrentYearInstant_Row25Member	－	自動車関連（情報）取引の維持・発展
jpcrp_cor:WhetherIssuerOfAforementionedSharesHoldsReportingCompanysSharesDetailsOfSpecifiedInvestmentSharesHeldForPurposesOtherThanPureInvestmentReportingCompany	当該株式の発行者による提出会社の株式の保有の有無、保有目的が純投資目的以外の目的である特定投資株式の明細、提出会社	CurrentYearInstant_Row25Member	－	有
jpcrp_cor:NameOfSecuritiesDetailsOfSpecifiedInvestmentEquitySecuritiesHeldForPurposesOtherThanPureInvestmentReportingCompany	銘柄、保有目的が純投資目的以外の目的である特定投資株式の明細、提出会社	CurrentYearInstant_Row26Member	－	㈱三井ハイテック
jpcrp_cor:PurposeOfShareholdingOverviewOfBusinessAllianceQuantitativeEffectsOfShareholdingAndReasonForIncreaseInNumberOfSharesDetailsOfSpecifiedInvestmentSharesHeldForPurposesOtherThanPureInvestmentReportingCompany	保有目的、業務提携等の概要、定量的な保有効果及び株式数が増加した理由、保有目的が純投資目的以外の目的である特定投資株式の明細、提出会社	CurrentYearInstant_Row26Member	－	自動車関連（調達）取引の維持・発展
jpcrp_cor:WhetherIssuerOfAforementionedSharesHoldsReportingCompanysSharesDetailsOfSpecifiedInvestmentSharesHeldForPurposesOtherThanPureInvestmentReportingCompany	当該株式の発行者による提出会社の株式の保有の有無、保有目的が純投資目的以外の目的である特定投資株式の明細、提出会社	CurrentYearInstant_Row26Member	－	有
jpcrp_cor:NameOfSecuritiesDetailsOfSpecifiedInvestmentEquitySecuritiesHeldForPurposesOtherThanPureInvestmentReportingCompany	銘柄、保有目的が純投資目的以外の目的である特定投資株式の明細、提出会社	CurrentYearInstant_Row27Member	－	㈱ＰＫＳＨＡＴｅｃｈｎｏｌｏｇｙ
jpcrp_cor:PurposeOfShareholdingOverviewOfBusinessAllianceQuantitativeEffectsOfShareholdingAndReasonForIncreaseInNumberOfSharesDetailsOfSpecifiedInvestmentSharesHeldForPurposesOtherThanPureInvestmentReportingCompany	保有目的、業務提携等の概要、定量的な保有効果及び株式数が増加した理由、保有目的が純投資目的以外の目的である特定投資株式の明細、提出会社	CurrentYearInstant_Row27Member	－	自動車関連（技術）取引の維持・発展
jpcrp_cor:WhetherIssuerOfAforementionedSharesHoldsReportingCompanysSharesDetailsOfSpecifiedInvestmentSharesHeldForPurposesOtherThanPureInvestmentReportingCompany	当該株式の発行者による提出会社の株式の保有の有無、保有目的が純投資目的以外の目的である特定投資株式の明細、提出会社	CurrentYearInstant_Row27Member	－	無
jpcrp_cor:NameOfSecuritiesDetailsOfSpecifiedInvestmentEquitySecuritiesHeldForPurposesOtherThanPureInvestmentReportingCompany	銘柄、保有目的が純投資目的以外の目的である特定投資株式の明細、提出会社	CurrentYearInstant_Row28Member	－	曙ブレーキ工業㈱
jpcrp_cor:PurposeOfShareholdingOverviewOfBusinessAllianceQuantitativeEffectsOfShareholdingAndReasonForIncreaseInNumberOfSharesDetailsOfSpecifiedInvestmentSharesHeldForPurposesOtherThanPureInvestmentReportingCompany	保有目的、業務提携等の概要、定量的な保有効果及び株式数が増加した理由、保有目的が純投資目的以外の目的である特定投資株式の明細、提出会社	CurrentYearInstant_Row28Member	－	自動車関連（調達）取引の維持・発展
jpcrp_cor:WhetherIssuerOfAforementionedSharesHoldsReportingCompanysSharesDetailsOfSpecifiedInvestmentSharesHeldForPurposesOtherThanPureInvestmentReportingCompany	当該株式の発行者による提出会社の株式の保有の有無、保有目的が純投資目的以外の目的である特定投資株式の明細、提出会社	CurrentYearInstant_Row28Member	－	無
jpcrp_cor:NameOfSecuritiesDetailsOfSpecifiedInvestmentEquitySecuritiesHeldForPurposesOtherThanPureInvestmentReportingCompany	銘柄、保有目的が純投資目的以外の目的である特定投資株式の明細、提出会社	CurrentYearInstant_Row29Member	－	Electreon Wireless Ltd.
jpcrp_cor:PurposeOfShareholdingOverviewOfBusinessAllianceQuantitativeEffectsOfShareholdingAndReasonForIncreaseInNumberOfSharesDetailsOfSpecifiedInvestmentSharesHeldForPurposesOtherThanPureInvestmentReportingCompany	保有目的、業務提携等の概要、定量的な保有効果及び株式数が増加した理由、保有目的が純投資目的以外の目的である特定投資株式の明細、提出会社	CurrentYearInstant_Row29Member	－	自動車関連（技術）取引の維持・発展
jpcrp_cor:WhetherIssuerOfAforementionedSharesHoldsReportingCompanysSharesDetailsOfSpecifiedInvestmentSharesHeldForPurposesOtherThanPureInvestmentReportingCompany	当該株式の発行者による提出会社の株式の保有の有無、保有目的が純投資目的以外の目的である特定投資株式の明細、提出会社	CurrentYearInstant_Row29Member	－	無
jpcrp_cor:NameOfSecuritiesDetailsOfSpecifiedInvestmentEquitySecuritiesHeldForPurposesOtherThanPureInvestmentReportingCompany	銘柄、保有目的が純投資目的以外の目的である特定投資株式の明細、提出会社	CurrentYearInstant_Row30Member	－	中央可鍛工業㈱
jpcrp_cor:PurposeOfShareholdingOverviewOfBusinessAllianceQuantitativeEffectsOfShareholdingAndReasonForIncreaseInNumberOfSharesDetailsOfSpecifiedInvestmentSharesHeldForPurposesOtherThanPureInvestmentReportingCompany	保有目的、業務提携等の概要、定量的な保有効果及び株式数が増加した理由、保有目的が純投資目的以外の目的である特定投資株式の明細、提出会社	CurrentYearInstant_Row30Member	－	自動車関連（調達）取引の維持・発展
jpcrp_cor:WhetherIssuerOfAforementionedSharesHoldsReportingCompanysSharesDetailsOfSpecifiedInvestmentSharesHeldForPurposesOtherThanPureInvestmentReportingCompany	当該株式の発行者による提出会社の株式の保有の有無、保有目的が純投資目的以外の目的である特定投資株式の明細、提出会社	CurrentYearInstant_Row30Member	－	有
jpcrp_cor:NameOfSecuritiesDetailsOfSpecifiedInvestmentEquitySecuritiesHeldForPurposesOtherThanPureInvestmentReportingCompany	銘柄、保有目的が純投資目的以外の目的である特定投資株式の明細、提出会社	CurrentYearInstant_Row31Member	－	Gold Hydrogen Limited
jpcrp_cor:PurposeOfShareholdingOverviewOfBusinessAllianceQuantitativeEffectsOfShareholdingAndReasonForIncreaseInNumberOfSharesDetailsOfSpecifiedInvestmentSharesHeldForPurposesOtherThanPureInvestmentReportingCompany	保有目的、業務提携等の概要、定量的な保有効果及び株式数が増加した理由、保有目的が純投資目的以外の目的である特定投資株式の明細、提出会社	CurrentYearInstant_Row31Member	－	自動車関連（技術）取引の維持・発展[株式数が増加した理由]中長期的な観点より、企業価値の向上に資すると判断し取得
jpcrp_cor:WhetherIssuerOfAforementionedSharesHoldsReportingCompanysSharesDetailsOfSpecifiedInvestmentSharesHeldForPurposesOtherThanPureInvestmentReportingCompany	当該株式の発行者による提出会社の株式の保有の有無、保有目的が純投資目的以外の目的である特定投資株式の明細、提出会社	CurrentYearInstant_Row31Member	－	無
jpcrp_cor:NameOfSecuritiesDetailsOfSpecifiedInvestmentEquitySecuritiesHeldForPurposesOtherThanPureInvestmentReportingCompany	銘柄、保有目的が純投資目的以外の目的である特定投資株式の明細、提出会社	CurrentYearInstant_Row32Member	－	㈱御園座
jpcrp_cor:PurposeOfShareholdingOverviewOfBusinessAllianceQuantitativeEffectsOfShareholdingAndReasonForIncreaseInNumberOfSharesDetailsOfSpecifiedInvestmentSharesHeldForPurposesOtherThanPureInvestmentReportingCompany	保有目的、業務提携等の概要、定量的な保有効果及び株式数が増加した理由、保有目的が純投資目的以外の目的である特定投資株式の明細、提出会社	CurrentYearInstant_Row32Member	－	地域経済との関係維持・発展[株式数が増加した理由]退職給付信託からの返還のため
jpcrp_cor:WhetherIssuerOfAforementionedSharesHoldsReportingCompanysSharesDetailsOfSpecifiedInvestmentSharesHeldForPurposesOtherThanPureInvestmentReportingCompany	当該株式の発行者による提出会社の株式の保有の有無、保有目的が純投資目的以外の目的である特定投資株式の明細、提出会社	CurrentYearInstant_Row32Member	－	無
jpcrp_cor:NameOfSecuritiesDetailsOfSpecifiedInvestmentEquitySecuritiesHeldForPurposesOtherThanPureInvestmentReportingCompany	銘柄、保有目的が純投資目的以外の目的である特定投資株式の明細、提出会社	CurrentYearInstant_Row33Member	－	岡谷鋼機㈱
jpcrp_cor:PurposeOfShareholdingOverviewOfBusinessAllianceQuantitativeEffectsOfShareholdingAndReasonForIncreaseInNumberOfSharesDetailsOfSpecifiedInvestmentSharesHeldForPurposesOtherThanPureInvestmentReportingCompany	保有目的、業務提携等の概要、定量的な保有効果及び株式数が増加した理由、保有目的が純投資目的以外の目的である特定投資株式の明細、提出会社	CurrentYearInstant_Row33Member	－	自動車関連（調達）取引の維持・発展[株式数が増加した理由]退職給付信託からの返還のため
jpcrp_cor:WhetherIssuerOfAforementionedSharesHoldsReportingCompanysSharesDetailsOfSpecifiedInvestmentSharesHeldForPurposesOtherThanPureInvestmentReportingCompany	当該株式の発行者による提出会社の株式の保有の有無、保有目的が純投資目的以外の目的である特定投資株式の明細、提出会社	CurrentYearInstant_Row33Member	－	有
jpcrp_cor:NameOfSecuritiesDetailsOfSpecifiedInvestmentEquitySecuritiesHeldForPurposesOtherThanPureInvestmentReportingCompany	銘柄、保有目的が純投資目的以外の目的である特定投資株式の明細、提出会社	CurrentYearInstant_Row34Member	－	ダイナミックマッププラットフォーム㈱
jpcrp_cor:PurposeOfShareholdingOverviewOfBusinessAllianceQuantitativeEffectsOfShareholdingAndReasonForIncreaseInNumberOfSharesDetailsOfSpecifiedInvestmentSharesHeldForPurposesOtherThanPureInvestmentReportingCompany	保有目的、業務提携等の概要、定量的な保有効果及び株式数が増加した理由、保有目的が純投資目的以外の目的である特定投資株式の明細、提出会社	CurrentYearInstant_Row34Member	－	自動車関連（情報）取引の維持・発展
jpcrp_cor:WhetherIssuerOfAforementionedSharesHoldsReportingCompanysSharesDetailsOfSpecifiedInvestmentSharesHeldForPurposesOtherThanPureInvestmentReportingCompany	当該株式の発行者による提出会社の株式の保有の有無、保有目的が純投資目的以外の目的である特定投資株式の明細、提出会社	CurrentYearInstant_Row34Member	－	無
jpcrp_cor:NameOfSecuritiesDetailsOfSpecifiedInvestmentEquitySecuritiesHeldForPurposesOtherThanPureInvestmentReportingCompany	銘柄、保有目的が純投資目的以外の目的である特定投資株式の明細、提出会社	CurrentYearInstant_Row35Member	－	パナソニックホールディングス㈱
jpcrp_cor:PurposeOfShareholdingOverviewOfBusinessAllianceQuantitativeEffectsOfShareholdingAndReasonForIncreaseInNumberOfSharesDetailsOfSpecifiedInvestmentSharesHeldForPurposesOtherThanPureInvestmentReportingCompany	保有目的、業務提携等の概要、定量的な保有効果及び株式数が増加した理由、保有目的が純投資目的以外の目的である特定投資株式の明細、提出会社	CurrentYearInstant_Row35Member	－	－
jpcrp_cor:WhetherIssuerOfAforementionedSharesHoldsReportingCompanysSharesDetailsOfSpecifiedInvestmentSharesHeldForPurposesOtherThanPureInvestmentReportingCompany	当該株式の発行者による提出会社の株式の保有の有無、保有目的が純投資目的以外の目的である特定投資株式の明細、提出会社	CurrentYearInstant_Row35Member	－	無
jpcrp_cor:NameOfSecuritiesDetailsOfSpecifiedInvestmentEquitySecuritiesHeldForPurposesOtherThanPureInvestmentReportingCompany	銘柄、保有目的が純投資目的以外の目的である特定投資株式の明細、提出会社	CurrentYearInstant_Row36Member	－	カヤバ㈱
jpcrp_cor:PurposeOfShareholdingOverviewOfBusinessAllianceQuantitativeEffectsOfShareholdingAndReasonForIncreaseInNumberOfSharesDetailsOfSpecifiedInvestmentSharesHeldForPurposesOtherThanPureInvestmentReportingCompany	保有目的、業務提携等の概要、定量的な保有効果及び株式数が増加した理由、保有目的が純投資目的以外の目的である特定投資株式の明細、提出会社	CurrentYearInstant_Row36Member	－	－
jpcrp_cor:WhetherIssuerOfAforementionedSharesHoldsReportingCompanysSharesDetailsOfSpecifiedInvestmentSharesHeldForPurposesOtherThanPureInvestmentReportingCompany	当該株式の発行者による提出会社の株式の保有の有無、保有目的が純投資目的以外の目的である特定投資株式の明細、提出会社	CurrentYearInstant_Row36Member	－	無
jpcrp_cor:NameOfSecuritiesDetailsOfSpecifiedInvestmentEquitySecuritiesHeldForPurposesOtherThanPureInvestmentReportingCompany	銘柄、保有目的が純投資目的以外の目的である特定投資株式の明細、提出会社	CurrentYearInstant_Row37Member	－	第一交通産業㈱
jpcrp_cor:PurposeOfShareholdingOverviewOfBusinessAllianceQuantitativeEffectsOfShareholdingAndReasonForIncreaseInNumberOfSharesDetailsOfSpecifiedInvestmentSharesHeldForPurposesOtherThanPureInvestmentReportingCompany	保有目的、業務提携等の概要、定量的な保有効果及び株式数が増加した理由、保有目的が純投資目的以外の目的である特定投資株式の明細、提出会社	CurrentYearInstant_Row37Member	－	－
jpcrp_cor:WhetherIssuerOfAforementionedSharesHoldsReportingCompanysSharesDetailsOfSpecifiedInvestmentSharesHeldForPurposesOtherThanPureInvestmentReportingCompany	当該株式の発行者による提出会社の株式の保有の有無、保有目的が純投資目的以外の目的である特定投資株式の明細、提出会社	CurrentYearInstant_Row37Member	－	無
jpcrp_cor:FootnotesSpecifiedInvestmentSharesHeldForPurposesOtherThanPureInvestmentReportingCompanyTextBlock	脚注（保有目的が純投資目的以外の目的である特定投資株式）、提出会社 [テキストブロック]	CurrentYearInstant_Row1Member	－	（注）１  各銘柄の定量的な保有効果の記載は困難ですが、当社では、2025年３月31日を基準として、保有意義の再確認や保有に伴う便益やリスクが資本コストに見合っているか等の具体的な精査を行うことにより、保有の適否を検証し、必要な対応を実施し
jpcrp_cor:FootnotesSpecifiedInvestmentSharesHeldForPurposesOtherThanPureInvestmentReportingCompanyTextBlock	脚注（保有目的が純投資目的以外の目的である特定投資株式）、提出会社 [テキストブロック]	CurrentYearInstant_Row2Member	－	　　　２  日本電信電話㈱は、2025年７月１日付けで、ＮＴＴ㈱に社名変更しています。
jpcrp_cor:FootnotesSpecifiedInvestmentSharesHeldForPurposesOtherThanPureInvestmentReportingCompanyTextBlock	脚注（保有目的が純投資目的以外の目的である特定投資株式）、提出会社 [テキストブロック]	CurrentYearInstant_Row3Member	－	３  「―」は、当該銘柄を保有していないことを示しています。
jpcrp_cor:FootnotesSpecifiedInvestmentSharesHeldForPurposesOtherThanPureInvestmentReportingCompanyTextBlock	脚注（保有目的が純投資目的以外の目的である特定投資株式）、提出会社 [テキストブロック]	CurrentYearInstant_Row4Member	－	４　当事業年度については、特定投資株式の信越化学工業㈱以下の銘柄は、貸借対照表計上額が資本金額の100分の１以下でありますが、特定投資株式とみなし保有株式を合わせて60銘柄に満たないため、全銘柄を記載しています。
jpcrp_cor:NameOfSecuritiesDetailsOfDeemedHoldingsOfEquitySecuritiesHeldForPurposesOtherThanPureInvestmentReportingCompany	銘柄、保有目的が純投資目的以外の目的であるみなし保有株式の明細、提出会社	CurrentYearInstant_Row1Member	－	㈱ブリヂストン
jpcrp_cor:PurposeOfShareholdingOverviewOfBusinessAllianceQuantitativeEffectsOfShareholdingAndReasonForIncreaseInNumberOfSharesDetailsOfDeemedHoldingsOfSharesHeldForPurposesOtherThanPureInvestmentReportingCompany	保有目的、業務提携等の概要、定量的な保有効果及び株式数が増加した理由、保有目的が純投資目的以外の目的であるみなし保有株式の明細、提出会社	CurrentYearInstant_Row1Member	－	－
jpcrp_cor:WhetherIssuerOfAforementionedSharesHoldsReportingCompanysSharesDetailsOfDeemedHoldingsOfSharesHeldForPurposesOtherThanPureInvestmentReportingCompany	当該株式の発行者による提出会社の株式の保有の有無、保有目的が純投資目的以外の目的であるみなし保有株式の明細、提出会社	CurrentYearInstant_Row1Member	－	有
jpcrp_cor:NameOfSecuritiesDetailsOfDeemedHoldingsOfEquitySecuritiesHeldForPurposesOtherThanPureInvestmentReportingCompany	銘柄、保有目的が純投資目的以外の目的であるみなし保有株式の明細、提出会社	CurrentYearInstant_Row2Member	－	住友ゴム工業㈱
jpcrp_cor:PurposeOfShareholdingOverviewOfBusinessAllianceQuantitativeEffectsOfShareholdingAndReasonForIncreaseInNumberOfSharesDetailsOfDeemedHoldingsOfSharesHeldForPurposesOtherThanPureInvestmentReportingCompany	保有目的、業務提携等の概要、定量的な保有効果及び株式数が増加した理由、保有目的が純投資目的以外の目的であるみなし保有株式の明細、提出会社	CurrentYearInstant_Row2Member	－	－
jpcrp_cor:WhetherIssuerOfAforementionedSharesHoldsReportingCompanysSharesDetailsOfDeemedHoldingsOfSharesHeldForPurposesOtherThanPureInvestmentReportingCompany	当該株式の発行者による提出会社の株式の保有の有無、保有目的が純投資目的以外の目的であるみなし保有株式の明細、提出会社	CurrentYearInstant_Row2Member	－	無
jpcrp_cor:NameOfSecuritiesDetailsOfDeemedHoldingsOfEquitySecuritiesHeldForPurposesOtherThanPureInvestmentReportingCompany	銘柄、保有目的が純投資目的以外の目的であるみなし保有株式の明細、提出会社	CurrentYearInstant_Row3Member	－	岡谷鋼機㈱
jpcrp_cor:PurposeOfShareholdingOverviewOfBusinessAllianceQuantitativeEffectsOfShareholdingAndReasonForIncreaseInNumberOfSharesDetailsOfDeemedHoldingsOfSharesHeldForPurposesOtherThanPureInvestmentReportingCompany	保有目的、業務提携等の概要、定量的な保有効果及び株式数が増加した理由、保有目的が純投資目的以外の目的であるみなし保有株式の明細、提出会社	CurrentYearInstant_Row3Member	－	－
jpcrp_cor:WhetherIssuerOfAforementionedSharesHoldsReportingCompanysSharesDetailsOfDeemedHoldingsOfSharesHeldForPurposesOtherThanPureInvestmentReportingCompany	当該株式の発行者による提出会社の株式の保有の有無、保有目的が純投資目的以外の目的であるみなし保有株式の明細、提出会社	CurrentYearInstant_Row3Member	－	有
jpcrp_cor:NameOfSecuritiesDetailsOfDeemedHoldingsOfEquitySecuritiesHeldForPurposesOtherThanPureInvestmentReportingCompany	銘柄、保有目的が純投資目的以外の目的であるみなし保有株式の明細、提出会社	CurrentYearInstant_Row4Member	－	㈱御園座
jpcrp_cor:PurposeOfShareholdingOverviewOfBusinessAllianceQuantitativeEffectsOfShareholdingAndReasonForIncreaseInNumberOfSharesDetailsOfDeemedHoldingsOfSharesHeldForPurposesOtherThanPureInvestmentReportingCompany	保有目的、業務提携等の概要、定量的な保有効果及び株式数が増加した理由、保有目的が純投資目的以外の目的であるみなし保有株式の明細、提出会社	CurrentYearInstant_Row4Member	－	－
jpcrp_cor:WhetherIssuerOfAforementionedSharesHoldsReportingCompanysSharesDetailsOfDeemedHoldingsOfSharesHeldForPurposesOtherThanPureInvestmentReportingCompany	当該株式の発行者による提出会社の株式の保有の有無、保有目的が純投資目的以外の目的であるみなし保有株式の明細、提出会社	CurrentYearInstant_Row4Member	－	無
jpcrp_cor:NameOfSecuritiesDetailsOfDeemedHoldingsOfEquitySecuritiesHeldForPurposesOtherThanPureInvestmentReportingCompany	銘柄、保有目的が純投資目的以外の目的であるみなし保有株式の明細、提出会社	CurrentYearInstant_Row5Member	－	大豊工業㈱
jpcrp_cor:PurposeOfShareholdingOverviewOfBusinessAllianceQuantitativeEffectsOfShareholdingAndReasonForIncreaseInNumberOfSharesDetailsOfDeemedHoldingsOfSharesHeldForPurposesOtherThanPureInvestmentReportingCompany	保有目的、業務提携等の概要、定量的な保有効果及び株式数が増加した理由、保有目的が純投資目的以外の目的であるみなし保有株式の明細、提出会社	CurrentYearInstant_Row5Member	－	－
jpcrp_cor:WhetherIssuerOfAforementionedSharesHoldsReportingCompanysSharesDetailsOfDeemedHoldingsOfSharesHeldForPurposesOtherThanPureInvestmentReportingCompany	当該株式の発行者による提出会社の株式の保有の有無、保有目的が純投資目的以外の目的であるみなし保有株式の明細、提出会社	CurrentYearInstant_Row5Member	－	有
jpcrp_cor:FootnotesDeemedHoldingsOfSharesHeldForPurposesOtherThanPureInvestmentReportingCompanyTextBlock	脚注（保有目的が純投資目的以外の目的であるみなし保有株式）、提出会社 [テキストブロック]	CurrentYearInstant_Row1Member	－	（注）１  貸借対照表計上額の上位銘柄を選定する段階で、特定投資株式とみなし保有株式を合算していません。
jpcrp_cor:FootnotesDeemedHoldingsOfSharesHeldForPurposesOtherThanPureInvestmentReportingCompanyTextBlock	脚注（保有目的が純投資目的以外の目的であるみなし保有株式）、提出会社 [テキストブロック]	CurrentYearInstant_Row2Member	－	２  各銘柄の定量的な保有効果の記載は困難ですが、当社では、保有の合理性について、特定の期日を基準とすることなく、中長期的な観点でみなし保有株式の見直しを行い、必要な対応を実施しています。
jpcrp_cor:FootnotesDeemedHoldingsOfSharesHeldForPurposesOtherThanPureInvestmentReportingCompanyTextBlock	脚注（保有目的が純投資目的以外の目的であるみなし保有株式）、提出会社 [テキストブロック]	CurrentYearInstant_Row3Member	－	３  「―」は、当該銘柄を保有していないことを示しています。
jpcrp030000-asr_E02144-000:BasicPolicyOnHumanResourcesStrategyEmployeesEtcTextBlock		FilingDateInstant	－	（１）【人材戦略に関する基本方針等】　　①人材戦略  人材戦略については、「第２ 事業の状況 ２ サステナビリティに関する考え方及び取組 （４）人的資本に関する考え方」を参照ください。 　　②従業員の給与その他の給与の額及び内容の決定に関す
jpcrp_cor:InformationAboutEmployeesTextBlock	従業員の状況 [テキストブロック]	FilingDateInstant	－	（２）【従業員の状況】①連結会社の状況2026年３月31日現在事業別セグメントの名称従業員数（人）自動車事業343,952[  85,655]金融事業16,222[   1,713]その他の事業23,934[  10,204]全社（共通）6
jpcrp_cor:ConsolidatedSubsidiariesMetricsOfConsolidatedSubsidiaries	指標を公表した会社、連結子会社の指標	CurrentYearInstant_Row1Member	－	日野自動車㈱　(注10)
jpcrp_cor:ConsolidatedSubsidiariesMetricsOfConsolidatedSubsidiaries	指標を公表した会社、連結子会社の指標	CurrentYearInstant_Row2Member	－	プライムプラネットエナジー＆ソリューションズ㈱
jpcrp_cor:ConsolidatedSubsidiariesMetricsOfConsolidatedSubsidiaries	指標を公表した会社、連結子会社の指標	CurrentYearInstant_Row3Member	－	ダイハツ工業㈱
jpcrp_cor:ConsolidatedSubsidiariesMetricsOfConsolidatedSubsidiaries	指標を公表した会社、連結子会社の指標	CurrentYearInstant_Row4Member	－	トヨタ車体㈱
jpcrp_cor:ConsolidatedSubsidiariesMetricsOfConsolidatedSubsidiaries	指標を公表した会社、連結子会社の指標	CurrentYearInstant_Row5Member	－	トヨタ自動車九州㈱
jpcrp_cor:ConsolidatedSubsidiariesMetricsOfConsolidatedSubsidiaries	指標を公表した会社、連結子会社の指標	CurrentYearInstant_Row6Member	－	トヨタ自動車東日本㈱
jpcrp_cor:ConsolidatedSubsidiariesMetricsOfConsolidatedSubsidiaries	指標を公表した会社、連結子会社の指標	CurrentYearInstant_Row7Member	－	ウーブン・バイ・トヨタ㈱
jpcrp_cor:ConsolidatedSubsidiariesMetricsOfConsolidatedSubsidiaries	指標を公表した会社、連結子会社の指標	CurrentYearInstant_Row8Member	－	トヨタファイナンシャルサービス㈱
jpcrp_cor:ConsolidatedSubsidiariesMetricsOfConsolidatedSubsidiaries	指標を公表した会社、連結子会社の指標	CurrentYearInstant_Row9Member	－	トヨタファイナンス㈱
jpcrp_cor:DescriptionOfFactThatConsolidatedFinancialStatementsHaveBeenPreparedInAccordanceWithIFRSFinancialInformation	指定国際会計基準により連結財務諸表を作成した場合の記載、経理の状況	CurrentYearDuration	－	（１）当社の連結財務諸表は、「連結財務諸表の用語、様式及び作成方法に関する規則」（昭和51年大蔵省令第28号。 以下「連結財務諸表規則」という。）第312条の規定により、IFRSに準拠して作成しています。　 また、連結財務諸表の記載金額は、
jpcrp_cor:RegulationsInAccordanceWithWhichFinancialStatementsHaveBeenPreparedFinancialInformation	財務諸表が基づく規則、経理の状況	CurrentYearDuration	－	（２）当社の財務諸表は、「財務諸表等の用語、様式及び作成方法に関する規則」（昭和38年大蔵省令第59号。以下 「財務諸表等規則」という。）に基づいて作成しています。
jpcrp_cor:DescriptionOfFactThatFinancialStatementsHaveBeenPreparedInAccordanceWithSpecialProvisionFinancialInformation	特例財務諸表を作成する場合の記載、経理の状況	CurrentYearDuration	－	 当社は、特例財務諸表提出会社に該当し、財務諸表等規則第127条の規定により財務諸表を作成しています。   また、財務諸表の記載金額は、百万円未満の端数を四捨五入して表示しています。各数値の合計が合計額と一致 しない場合があります。
jpcrp_cor:NoteOnIndependentAuditFinancialInformation	監査証明について、経理の状況	CurrentYearDuration	－	当社は、金融商品取引法第193条の２第１項の規定に基づき、連結会計年度（2025年４月１日から2026年３月31日まで）の連結財務諸表および事業年度（2025年４月１日から2026年３月31日まで）の財務諸表について、ＰｗＣ Ｊａｐａｎ有限
jpcrp_cor:RemarkableEffortsToEnsureFairPresentationOfConsolidatedFinancialStatementsEtcAndInternalSystemToPrepareConsolidatedFinancialStatementsEtcFairlyInAccordanceWithIFRSFinancialInformation	連結財務諸表等の適正性を確保するための特段の取組及び指定国際会計基準に基づいて連結財務諸表等を適正に作成することができる体制、経理の状況	CurrentYearDuration	－	当社は、以下のとおり、連結財務諸表等の適正性を確保するための特段の取組およびIFRSに基づいて連結財務諸　　表等を適正に作成することができる体制の整備を行っています。  （１）会計基準等の内容を適切に把握し、または会計基準等の変更等について
jpigp_cor:ConsolidatedStatementOfFinancialPositionIFRSTextBlock	連結財政状態計算書（IFRS） [テキストブロック]	CurrentYearDuration	－	① 【連結財政状態計算書】（単位：百万円） 注記前連結会計年度（2025年３月31日）当連結会計年度（2026年３月31日）資産   流動資産   現金及び現金同等物６8,982,40412,659,622営業債権及びその他の債権７3,67
jpigp_cor:ConsolidatedStatementOfProfitOrLossIFRSTextBlock	連結損益計算書（IFRS） [テキストブロック]	CurrentYearDuration	－	   【連結損益計算書】（単位：百万円） 注記前連結会計年度（2025年３月31日に終了した１年間）当連結会計年度（2026年３月31日に終了した１年間）営業収益   商品・製品売上収益2743,598,87745,865,949金融事業に
jpigp_cor:ConsolidatedStatementOfComprehensiveIncomeIFRSTextBlock	連結包括利益計算書（IFRS） [テキストブロック]	CurrentYearDuration	－	   【連結包括利益計算書】（単位：百万円） 注記前連結会計年度（2025年３月31日に終了した１年間）当連結会計年度（2026年３月31日に終了した１年間）当期利益 4,789,7553,985,761    その他の包括利益（税効果考慮
jpigp_cor:ConsolidatedStatementOfChangesInEquityIFRSTextBlock	連結持分変動計算書（IFRS） [テキストブロック]	CurrentYearDuration	－	③ 【連結持分変動計算書】前連結会計年度（2025年３月31日に終了した１年間）（単位：百万円） 注記親会社の所有者に帰属する持分非支配持分資本合計資本金資本剰余金利益剰余金その他の資本の構成要素自己株式合計2024年４月１日現在残高 39
jpigp_cor:ConsolidatedStatementOfCashFlowsIFRSTextBlock	連結キャッシュ・フロー計算書（IFRS） [テキストブロック]	CurrentYearDuration	－	④ 【連結キャッシュ・フロー計算書】（単位：百万円） 注記前連結会計年度（2025年３月31日に終了した１年間）当連結会計年度（2026年３月31日に終了した１年間）営業活動によるキャッシュ・フロー   当期利益 4,789,7553,98
jpigp_cor:NotesReportingEntityConsolidatedFinancialStatementsIFRSTextBlock	注記事項－報告企業、連結財務諸表（IFRS） [テキストブロック]	CurrentYearDuration	－	１．報告企業当社は、日本に所在する株式会社であり、その本社は愛知県豊田市に登記されています。連結財務諸表は、トヨタならびに関連会社および共同支配企業に対する持分により構成されています。当社および当社の関係会社は主にセダン、ミニバン、コンパク
jpigp_cor:NotesBasisOfPreparationConsolidatedFinancialStatementsIFRSTextBlock	注記事項－作成の基礎、連結財務諸表（IFRS） [テキストブロック]	CurrentYearDuration	－	２．作成の基礎（１）連結財務諸表がIFRSに準拠している旨トヨタの連結財務諸表は、連結財務諸表規則第１条の２第１号に掲げる「指定国際会計基準特定会社」の要件を満たしており、同規則第312条の規定によりIFRSに準拠して作成しています。当連結
jpigp_cor:NotesSignificantAccountingPoliciesConsolidatedFinancialStatementsIFRSTextBlock	注記事項－重要性がある会計方針、連結財務諸表（IFRS） [テキストブロック]	CurrentYearDuration	－	 ３．重要性がある会計方針（１）連結の基礎①子会社トヨタの連結財務諸表は、当社および当社が支配する子会社を含んでいます。子会社には、当社または他の子会社が支配するストラクチャード・エンティティも含まれています。トヨタは、トヨタがある企業への
jpigp_cor:NotesSignificantAccountingEstimatesAndJudgementsConsolidatedFinancialStatementsIFRSTextBlock	注記事項－重要な会計上の見積り及び判断、連結財務諸表（IFRS） [テキストブロック]	CurrentYearDuration	－	４．重要な会計上の見積り及び見積りを伴う判断トヨタは、IFRSに準拠した連結財務諸表を作成するにあたり、会計方針の適用、資産・負債および収益・費用の報告額ならびに偶発資産・偶発債務の開示に影響を及ぼす判断、見積りおよび仮定の設定を行っていま
jpigp_cor:NotesSegmentInformationConsolidatedFinancialStatementsIFRSTextBlock	注記事項－セグメント情報、連結財務諸表（IFRS） [テキストブロック]	CurrentYearDuration	－	 ５．セグメント情報（１）報告セグメントの概要以下に報告されているオペレーティング・セグメントは、そのセグメントの財務情報が入手可能なもので、その営業損益がマネジメントによって経営資源の配分の決定および業績の評価に定期的に使用されているもの
jpigp_cor:InformationAboutGeographicalAreasIFRSTextBlock	地域に関する情報（IFRS） [テキストブロック]	CurrentYearDuration	－	（３）地域に関する情報 外部顧客への営業収益及び非流動資産の地域別内訳は、以下のとおりです。 ①外部顧客への営業収益 金額：百万円３月31日に終了した１年間2025年 2026年日本10,719,120 10,985,614米国16,981
jpigp_cor:NotesCashAndCashEquivalentsConsolidatedFinancialStatementsIFRSTextBlock	注記事項－現金及び現金同等物、連結財務諸表（IFRS） [テキストブロック]	CurrentYearDuration	－	 ６．現金及び現金同等物現金及び現金同等物の内訳は次のとおりです。  金額：百万円３月31日2025年 2026年現金および預金6,344,691 9,077,428譲渡性預金ほか2,637,713 3,582,193合計8,982,404
jpigp_cor:NotesTradeAndOtherReceivablesConsolidatedFinancialStatementsIFRSTextBlock	注記事項－営業債権及びその他の債権、連結財務諸表（IFRS） [テキストブロック]	CurrentYearDuration	－	７．営業債権及びその他の債権営業債権及びその他の債権の内訳は次のとおりです。  金額：百万円３月31日2025年 2026年受取手形および売掛金2,480,370 2,082,717未収入金1,236,794 1,744,175貸倒引当金△
jpcrp030000-asr_E02144-000:NotesReceivablesRelatedToFinancialServicesConsolidatedFinancialStatementsIFRSTextBlock		CurrentYearDuration	－	 ８．金融事業に係る債権金融事業に係る債権の内訳は次のとおりです。 金額：百万円３月31日2025年 2026年小売債権27,638,021 31,837,922ファイナンス・リース債権3,437,970 4,154,650卸売債権およびそ
jpigp_cor:NotesOtherFinancialAssetsConsolidatedFinancialStatementsIFRSTextBlock	注記事項－その他の金融資産、連結財務諸表（IFRS） [テキストブロック]	CurrentYearDuration	－	 ９．その他の金融資産その他の金融資産の内訳は次のとおりです。 金額：百万円３月31日2025年 2026年償却原価で測定する金融資産   定期預金2,264,841 988,027その他837,954 752,598純損益を通じて公正価値
jpigp_cor:NotesInventoriesConsolidatedFinancialStatementsIFRSTextBlock	注記事項－棚卸資産、連結財務諸表（IFRS） [テキストブロック]	CurrentYearDuration	－	10．棚卸資産棚卸資産の内訳は次のとおりです。 金額：百万円３月31日2025年 2026年商品および製品2,875,405 3,208,980仕掛品486,552 626,422原材料1,013,621 1,050,559貯蔵品およびその
jpigp_cor:NotesAssetsHeldForSaleConsolidatedFinancialStatementsIFRSTextBlock	注記事項－売却目的で保有する資産、連結財務諸表（IFRS） [テキストブロック]	CurrentYearDuration	－	 11．売却目的で保有する資産（１）三菱ふそうトラック・バス㈱と日野自動車㈱の経営統合　三菱ふそうトラック・バス㈱と日野自動車㈱の経営統合の効力発生日（2026年４月１日）において、日野自動車㈱（自動車セグメント）が当社の連結子会社から除外
jpigp_cor:NotesInvestmentsAccountedForUsingEquityMethodConsolidatedFinancialStatementsIFRSTextBlock	注記事項－持分法で会計処理されている投資、連結財務諸表（IFRS） [テキストブロック]	CurrentYearDuration	－	 12．持分法で会計処理されている投資持分法で会計処理されている投資の内訳は次のとおりです。 金額：百万円３月31日2025年 2026年関連会社4,887,674 4,218,009共同支配企業910,377 1,124,539合計5,7
jpigp_cor:NotesPropertyPlantAndEquipmentConsolidatedFinancialStatementsIFRSTextBlock	注記事項－有形固定資産、連結財務諸表（IFRS） [テキストブロック]	CurrentYearDuration	－	 13．有形固定資産有形固定資産の取得原価、減価償却累計額及び減損損失累計額の増減は次のとおりです。 （取得原価） 金額：百万円土地建物機械装置賃貸用車両及び器具建設仮勘定合計2024年４月１日残高1,441,8115,884,74916,
jpcrp030000-asr_E02144-000:NotesRightOfUseAssetsAndLeaseLiabilitiesConsolidatedFinancialStatementsIFRSTextBlock		CurrentYearDuration	－	 14．使用権資産およびリース負債使用権資産の内訳は次のとおりです。原資産の種類金額：百万円３月31日2025年 2026年土地73,694 73,425建物355,489 460,788その他153,885 367,019合計583,06
jpigp_cor:NotesIntangibleAssetsConsolidatedFinancialStatementsIFRSTextBlock	注記事項－無形資産、連結財務諸表（IFRS） [テキストブロック]	CurrentYearDuration	－	 15．無形資産無形資産の帳簿価額の内訳は次のとおりです。 金額：百万円３月31日2025年 2026年開発資産582,606 523,437ソフトウエアほか780,660 869,318合計1,363,266 1,392,755  無形資
jpigp_cor:NotesIncomeTaxesConsolidatedFinancialStatementsIFRSTextBlock	注記事項－法人所得税、連結財務諸表（IFRS） [テキストブロック]	CurrentYearDuration	－	 16．法人所得税（１）繰延税金資産および繰延税金負債繰延税金資産および繰延税金負債の主な原因別の内訳は次のとおりです。  金額：百万円３月31日2025年 2026年繰延税金資産：   退職給付に係る負債156,650 177,494未払
jpigp_cor:NotesTradeAndOtherPayablesConsolidatedFinancialStatementsIFRSTextBlock	注記事項－営業債務及びその他の債務、連結財務諸表（IFRS） [テキストブロック]	CurrentYearDuration	－	17．営業債務及びその他の債務営業債務及びその他の債務の内訳は次のとおりです。 金額：百万円 ３月31日 2025年 2026年買掛金および支払手形4,034,920 4,302,013未払金1,492,427 1,554,932合計5,5
jpigp_cor:NotesInterestBearingLiabilitiesConsolidatedFinancialStatementsIFRSTextBlock	注記事項－有利子負債、連結財務諸表（IFRS） [テキストブロック]	CurrentYearDuration	－	 18．有利子負債（１）有利子負債有利子負債の内訳は次のとおりです。  金額：百万円 2024年４月１日 キャッシュ・フロー 非資金変動 2025年３月31日   取得 振替 為替変動 公正価値変動 その他 流動              
jpigp_cor:NotesOtherFinancialLiabilitiesConsolidatedFinancialStatementsIFRSTextBlock	注記事項－その他の金融負債、連結財務諸表（IFRS） [テキストブロック]	CurrentYearDuration	－	 19．その他の金融負債その他の金融負債の内訳は次のとおりです。 金額：百万円 ３月31日 2025年 2026年償却原価で測定する金融負債   預り金1,501,078 2,584,248その他483,751 599,218純損益を通じて
jpcrp030000-asr_E02144-000:NotesFinancialRisksConsolidatedFinancialStatementsIFRSTextBlock		CurrentYearDuration	－	20．財務リスク（１）財務上のリスク管理トヨタは、信用リスク、流動性リスク、市場リスク（為替リスク、金利リスク、市場価格変動リスク）などの様々なリスクにさらされています。また、トヨタは市場リスクをヘッジするために、先物為替予約取引、通貨オプ
jpcrp030000-asr_E02144-000:NotesFairValueMeasurementConsolidatedFinancialStatementsIFRSTextBlock		CurrentYearDuration	－	 21．公正価値測定（１）公正価値ヒエラルキーの定義トヨタはIFRSに基づき、公正価値の測定を、それに用いたインプットの観察可能性および重要性によって以下の３つのレベルに分類しています。レベル１：活発な市場における同一資産および負債の市場価
jpigp_cor:NotesOffsettingOfFinancialAssetsAndFinancialLiabilitiesConsolidatedFinancialStatementsIFRSTextBlock	注記事項－金融資産と金融負債の相殺、連結財務諸表（IFRS） [テキストブロック]	CurrentYearDuration	－	 22．金融資産および金融負債の相殺金融資産および金融負債について、強制可能なマスターネッティング契約または類似の契約の対象であるが、金融資産と金融負債の相殺の要件の一部または全部を満たさないため相殺していない金額の内訳は次のとおりです。な
jpigp_cor:NotesEmployeeBenefitsConsolidatedFinancialStatementsIFRSTextBlock	注記事項－従業員給付、連結財務諸表（IFRS） [テキストブロック]	CurrentYearDuration	－	 23．従業員給付（１）退職後給付制度の概要当社および日本の子会社の従業員は、通常、各社で設定している退職給付に関する規則に従い、退職時にその時点における給与と勤続年数または、これらを基礎とするポイントに基づいて計算された退職一時金または年
jpcrp030000-asr_E02144-000:NotesLiabilitiesForQualityAssuranceConsolidatedFinancialStatementsIFRSTextBlock		CurrentYearDuration	－	 24．品質保証に係る負債トヨタは、製品の販売の際に顧客との間で締結する保証約款に基づき、主に製造過程に起因する一定の欠陥に対して製品保証を行っています。トヨタは保証約款に従って、将来発生が見込まれる見積製品保証費用を製品保証に係る負債とし
jpigp_cor:NotesProvisionsConsolidatedFinancialStatementsIFRSTextBlock	注記事項－引当金、連結財務諸表（IFRS） [テキストブロック]	CurrentYearDuration	－	 25．引当金引当金の増減の内訳は次のとおりです。    金額：百万円   ３月31日に終了した１年間   2026年引当金の期首残高  714,455増加額  337,665目的使用による減少額  △131,548戻入による減少額  △2
jpigp_cor:NotesShareCapitalAndOtherEquityItemsConsolidatedFinancialStatementsIFRSTextBlock	注記事項－資本金及びその他の資本項目、連結財務諸表（IFRS） [テキストブロック]	CurrentYearDuration	－	 26．資本およびその他の資本項目（１）資本管理トヨタは、従来の設備の維持更新・新製品導入へ効率的に投資しつつ、新たなモビリティ社会の実現に向け、競争力強化・将来の成長に資する分野に重点を置いて設備投資および研究開発活動を行い、持続的成長を
jpcrp030000-asr_E02144-000:NotesSalesRevenuesConsolidatedFinancialStatementsIFRSTextBlock		CurrentYearDuration	－	 27．営業収益（１）事業・商品別内訳外部顧客向け営業収益の事業別・商品別内訳は次のとおりです。  金額：百万円 ３月31日に終了した１年間 2025年 2026年商品・製品売上収益   自動車事業   車両36,892,232 38,84
jpigp_cor:NotesResearchAndDevelopmentExpensesConsolidatedFinancialStatementsIFRSTextBlock	注記事項－研究開発費、連結財務諸表（IFRS） [テキストブロック]	CurrentYearDuration	－	28．研究開発費研究開発費の内訳は次のとおりです。  金額：百万円 ３月31日に終了した１年間 2025年 2026年当期中に発生した研究開発支出1,326,496 1,522,881開発資産への振替額△111,546 △106,751開発
jpcrp030000-asr_E02144-000:NotesOtherFinanceIncomeAndOtherFinanceCostsConsolidatedFinancialStatementsIFRSTextBlock		CurrentYearDuration	－	29．その他の金融収益およびその他の金融費用その他の金融収益およびその他の金融費用の内訳は次のとおりです。 金額：百万円 ３月31日に終了した１年間 2025年 2026年その他の金融収益   受取利息   償却原価で測定する金融資産256
jpigp_cor:NotesEarningsPerShareConsolidatedFinancialStatementsIFRSTextBlock	注記事項－１株当たり利益、連結財務諸表（IFRS） [テキストブロック]	CurrentYearDuration	－	 30．１株当たり情報基本的および希薄化後１株当たり親会社の所有者に帰属する当期利益の差異の調整は次のとおりです。  金額：百万円単位：千株金額：円 親会社の所有者に帰属する当期利益加重平均普通株式数１株当たり親会社の所有者に帰属する当期利
jpigp_cor:NotesShareBasedPaymentsConsolidatedFinancialStatementsIFRSTextBlock	注記事項－株式に基づく報酬、連結財務諸表（IFRS） [テキストブロック]	CurrentYearDuration	－	 31．株式報酬（１）譲渡制限付株式制度① 制度の概要当社は、中長期的な企業価値向上に向けた取り組みを促すとともに、一人ひとりが経営者としてより一層強い責任感を持ち、株主と同じ目線に立った経営を推進することを目的として、譲渡制限付株式報酬制
jpigp_cor:NotesCommitmentsAndContingentLiabilitiesConsolidatedFinancialStatementsIFRSTextBlock	注記事項－コミットメント及び偶発債務、連結財務諸表（IFRS） [テキストブロック]	CurrentYearDuration	－	 32．契約上のコミットメントおよび偶発債務（１）契約上のコミットメント2025年３月31日および2026年３月31日現在の有形固定資産およびその他の資産ならびにサービスの購入に係る契約上のコミットメントは、それぞれ3,807,743百万円
jpigp_cor:NotesGroupEntitiesConsolidatedFinancialStatementsIFRSTextBlock	注記事項－グループ企業、連結財務諸表（IFRS） [テキストブロック]	CurrentYearDuration	－	 33．企業集団の構成（１）主要な子会社当社の主要な子会社は次のとおりです。トヨタにおいては、自動車事業を中心に、金融事業およびその他の事業を行っています。自動車は、当社、日野自動車㈱およびダイハツ工業㈱が主に製造していますが、国内では一部
jpigp_cor:NotesRelatedPartiesConsolidatedFinancialStatementsIFRSTextBlock	注記事項－関連当事者、連結財務諸表（IFRS） [テキストブロック]	CurrentYearDuration	－	 34．関連当事者との取引（１）関連会社および共同支配企業との取引関連会社および共同支配企業に対する債権債務残高および取引高は次のとおりです。  金額：百万円 ３月31日 2025年 2026年営業債権及びその他の債権   関連会社466,
jpcrp030000-asr_E02144-000:SupplementalCashFlowInformationIFRSTextBlock		CurrentYearDuration	－	35．キャッシュ・フローに関する補足情報2025年３月31日および2026年３月31日に終了した１年間における投資活動によるキャッシュ・フローの「その他」には、定期預金の純増減額（△は増加）がそれぞれ△666,401百万円および1,292,
jpigp_cor:NotesSubsequentEventsConsolidatedFinancialStatementsIFRSTextBlock	注記事項－後発事象、連結財務諸表（IFRS） [テキストブロック]	CurrentYearDuration	－	 36．重要な後発事象（１）豊田自動織機株式にかかる株式併合および上場廃止について当社の持分法適用関連会社であるトヨタ不動産㈱が設立したトヨタアセット準備㈱が実施する当社の持分法適用関連会社である㈱豊田自動織機（以下、豊田自動織機という。）
jpcrp_cor:OtherInformationConsolidatedFinancialStatementsEtcTextBlock	その他、連結財務諸表等 [テキストブロック]	CurrentYearDuration	－	（２）【その他】当連結会計年度における半期情報等 第１四半期連結累計期間中間連結会計期間第３四半期連結累計期間当連結会計年度営業収益（百万円）12,253,32624,630,75338,087,60450,684,952税引前中間（四半期
jpcrp_cor:BalanceSheetTextBlock	貸借対照表 [テキストブロック]	CurrentYearDuration	－	①【貸借対照表】           (単位：百万円)          前事業年度(2025年３月31日)当事業年度(2026年３月31日)資産の部   流動資産    現金及び預金3,996,2585,828,255  売掛金※１ 1,
jpcrp_cor:StatementOfIncomeTextBlock	損益計算書 [テキストブロック]	CurrentYearDuration	－	②【損益計算書】           (単位：百万円)          前事業年度(自 2024年４月１日　至 2025年３月31日)当事業年度(自 2025年４月１日　至 2026年３月31日)売上高※１ 18,277,671※１ 18
jpcrp_cor:StatementOfChangesInEquityTextBlock	株主資本等変動計算書 [テキストブロック]	CurrentYearDuration	－	③【株主資本等変動計算書】  前事業年度（自 2024年４月１日  至 2025年３月31日） (単位：百万円) 株主資本資本金資本剰余金利益剰余金資本準備金その他資本剰余金資本剰余金合計利益準備金その他利益剰余金特別償却準備金固定資産圧縮
jpcrp_cor:NotesSignificantAccountingPoliciesFinancialStatementsTextBlock	重要な会計方針、財務諸表 [テキストブロック]	CurrentYearDuration	－	（重要な会計方針）１  資産の評価基準及び評価方法（１）有価証券の評価基準及び評価方法      子会社株式及び関連会社株式………………………移動平均法による原価法      その他有価証券市場価格のない株式等以外のもの………………時価法（
jpcrp_cor:SignificantAccountingEstimatesFinancialStatementsTextBlock	重要な会計上の見積り、財務諸表 [テキストブロック]	CurrentYearDuration	－	 （重要な会計上の見積り）会計上の見積りにより当事業年度にかかる財務諸表にその額を計上した項目であって、翌事業年度にかかる財務諸表に重要な影響を与える可能性のあるものは、以下のとおりです。 １　品質保証に係る負債（１）当事業年度の財務諸表に
jpcrp_cor:NotesRegardingAssetsAndLiabilitiesIncurredFromTransactionsWithAffiliatedEntitiesTextBlock	関係会社に関する資産・負債の注記 [テキストブロック]	CurrentYearInstant_NonConsolidatedMember	－	※１  関係会社に対する金銭債権又は金銭債務 前事業年度（2025年３月31日）当事業年度（2026年３月31日）  短期金銭債権4,497,510百万円4,243,996百万円長期金銭債権140,463 124,116 短期金銭債務2,9
jpcrp_cor:NotesRegardingLoanedWhichBorrowerHasRightToSellOrRepledgeTextBlock	消費貸借契約及び（又は）消費寄託契約により貸し付けている有価証券に関する注記 [テキストブロック]	CurrentYearInstant_NonConsolidatedMember	－	※２  消費貸借契約により貸し付けている有価証券及び投資有価証券 前事業年度（2025年３月31日）当事業年度（2026年３月31日）  有価証券39,306百万円224,594百万円投資有価証券583,918 2,370,351   
jpcrp_cor:NotesRegardingTotalAmountOfOperatingTransactionsFromOrToAffiliatedEntitiesAndTotalAmountOfNonOperatingTransactionsFromOrToAffiliatedEntitiesTextBlock	関係会社との営業取引による取引高の総額及び営業取引以外の取引による取引高の総額の注記 [テキストブロック]	CurrentYearDuration_NonConsolidatedMember	－	※１  関係会社との取引 前事業年度(自  2024年４月１日  至  2025年３月31日)当事業年度(自  2025年４月１日  至  2026年３月31日)売上高 12,205,771百万円 12,131,597百万円仕入高 8,26
jpcrp_cor:MajorComponentsOfSellingGeneralAndAdministrativeExpensesTextBlock	主要な販売費及び一般管理費 [テキストブロック]	CurrentYearDuration_NonConsolidatedMember	－	※２  販売費及び一般管理費のうち主要な費目及び金額並びにおおよその割合 前事業年度(自  2024年４月１日至  2025年３月31日)当事業年度(自  2025年４月１日至  2026年３月31日)運賃諸掛350,226百万円364,5
jpcrp030000-asr_E02144-000:NotesRegardingLossOnDisposalOfNonCurrentAssetsTextBlock		CurrentYearDuration_NonConsolidatedMember	－	※３  固定資産処分損 前事業年度(自  2024年４月１日  至  2025年３月31日)当事業年度(自  2025年４月１日  至  2026年３月31日)建物 1,547百万円 3,853百万円機械及び装置 1,093  4,431 
jpcrp_cor:NotesSecuritiesFinancialStatementsTextBlock	有価証券関係、財務諸表 [テキストブロック]	CurrentYearDuration	－	 （有価証券関係）子会社株式および関連会社株式前事業年度末（2025年３月31日）区分貸借対照表計上額（百万円）時価（百万円）差額（百万円）子会社株式61,898120,71558,817関連会社株式461,4033,971,1763,50
jpcrp_cor:NotesTaxEffectAccountingFinancialStatementsTextBlock	税効果会計関係、財務諸表 [テキストブロック]	CurrentYearDuration	－	 （税効果会計関係）１  繰延税金資産及び繰延税金負債の発生の主な原因別の内訳 前事業年度(2025年３月31日)当事業年度(2026年３月31日)繰延税金資産    有価証券390,177百万円400,526百万円未払費用364,125 
jpcrp_cor:NotesSignificantEventsAfterReportingPeriodFinancialStatementsTextBlock	重要な後発事象、財務諸表 [テキストブロック]	CurrentYearDuration	－	 （重要な後発事象） １　豊田自動織機株式にかかる株式併合および上場廃止について当社の持分法適用関連会社であるトヨタ不動産㈱が設立したトヨタアセット準備㈱が実施する当社の持分法適用関連会社である㈱豊田自動織機（以下、豊田自動織機という。）の
jpcrp_cor:AnnexedDetailedScheduleOfPropertyPlantAndEquipmentEtcTextBlock	有形固定資産等明細表 [テキストブロック]	CurrentYearDuration	－	【有形固定資産等明細表】（単位：百万円）区分資産の種類当期首残高当期増加額当期減少額当期償却額当期末残高減価償却累計額有形固定資産建物472,769173,6638,72051,931585,7811,081,654構築物89,53414,
jpcrp_cor:AnnexedDetailedScheduleOfProvisionsTextBlock	引当金明細表 [テキストブロック]	CurrentYearDuration	－	【引当金明細表】（単位：百万円）科目当期首残高当期増加額当期減少額当期末残高貸倒引当金51,90050,10051,90050,100製品保証引当金678,486112,2074,786785,907役員賞与引当金3,3192,6603,3
jpcrp_cor:ComponentsOfMajorAssetsAndLiabilitiesTextBlock	主な資産及び負債の内容 [テキストブロック]	CurrentYearDuration	－	（２）【主な資産及び負債の内容】 連結財務諸表を作成しているため、記載を省略しています。　
jpcrp_cor:OtherInformationFinancialStatementsEtcTextBlock	その他、財務諸表等 [テキストブロック]	CurrentYearDuration	－	（３）【その他】 該当事項はありません。 
jpcrp_cor:OverviewOfOperationalProceduresForSharesTextBlock	提出会社の株式事務の概要 [テキストブロック]	FilingDateInstant	－	第６ 【提出会社の株式事務の概要】 事業年度４月１日から３月31日まで定時株主総会６月中基準日３月31日剰余金の配当の基準日９月30日３月31日１単元の株式数100株単元未満株式の買取り     取扱場所(特別口座)東京都千代田区丸の内一丁
jpcrp_cor:InformationAboutParentCompanyEtcOfReportingCompanyTextBlock	提出会社の親会社等の情報 [テキストブロック]	FilingDateInstant	－	１ 【提出会社の親会社等の情報】当社は、親会社等はありません。 
jpcrp_cor:OtherReferenceInformationTextBlock	その他の参考情報 [テキストブロック]	FilingDateInstant	－	２ 【その他の参考情報】（１）当事業年度の開始日から有価証券報告書提出日までの間に、提出した書類当事業年度の開始日から有価証券報告書提出日までの間に、次の書類を提出しています。 ①発行登録書及びその添付書類社債  2025年４月25日に関東
jpcrp_cor:InformationAboutCompanyWhichProvidesGuaranteeToReportingCompanyTextBlock	提出会社の保証会社等の情報 [テキストブロック]	FilingDateInstant	－	第二部 【提出会社の保証会社等の情報】 該当事項はありません。 
