jpcrp_cor:IndependentAuditorsReportConsolidatedTextBlock	独立監査人の報告書、連結 [テキストブロック]	FilingDateInstant	－	独立監査人の監査報告書及び内部統制監査報告書  　 2026年6月23日 　株式会社三菱ＵＦＪフィナンシャル・グループ取 締 役 会  御中 　有限責任監査法人トーマツ  東　京　事　務　所   指定有限責任社員業務執行社員 公認会計士下　
jpcrp_cor:AuditFirm1Consolidated	監査法人１、連結	FilingDateInstant	－	有限責任監査法人トーマツ
jpcrp_cor:CPA1AuditFirm1Consolidated	公認会計士１、監査法人１、連結	FilingDateInstant	－	下　津　屋　恒　一　郎
jpcrp_cor:CPA2AuditFirm1Consolidated	公認会計士２、監査法人１、連結	FilingDateInstant	－	松　　本　　繁　　彦
jpcrp_cor:CPA3AuditFirm1Consolidated	公認会計士３、監査法人１、連結	FilingDateInstant	－	内　　田　　彰　　彦
jpcrp_cor:CPA4AuditFirm1Consolidated	公認会計士４、監査法人１、連結	FilingDateInstant	－	大    塚　  嵩    之
jpcrp_cor:AuditOpinionConsolidatedTextBlock	監査意見、連結 [テキストブロック]	FilingDateInstant	－	監査意見当監査法人は、金融商品取引法第193条の2第1項の規定に基づく監査証明を行うため、「経理の状況」に掲げられている株式会社三菱ＵＦＪフィナンシャル・グループの2025年4月1日から2026年3月31日までの連結会計年度の連結財務諸表、
jpcrp_cor:KeyAuditMattersConsolidatedTextBlock	監査上の主要な検討事項、連結 [テキストブロック]	FilingDateInstant	－	監査上の主要な検討事項監査上の主要な検討事項とは、当連結会計年度の連結財務諸表の監査において、監査人が職業的専門家として特に重要であると判断した事項である。監査上の主要な検討事項は、連結財務諸表全体に対する監査の実施過程及び監査意見の形成に
jpcrp_cor:OverviewKAMConsolidatedTextBlock	全体概要、監査上の主要な検討事項、連結 [テキストブロック]	FilingDateInstant	－	監査上の主要な検討事項とは、当連結会計年度の連結財務諸表の監査において、監査人が職業的専門家として特に重要であると判断した事項である。監査上の主要な検討事項は、連結財務諸表全体に対する監査の実施過程及び監査意見の形成において対応した事項であ
jpcrp_cor:ShortDescriptionKAMConsolidated	見出し、監査上の主要な検討事項、連結	FilingDateInstant_Row1Member	－	貸出業務における貸倒引当金の算定 
jpcrp_cor:ReferenceKAMConsolidated	開示への参照、監査上の主要な検討事項、連結	FilingDateInstant_Row1Member	－	「注記事項（連結財務諸表作成のための基本となる重要な事項）４　会計方針に関する事項 (6) 貸倒引当金の計上基準」、及び「注記事項（重要な会計上の見積り） １　貸倒引当金の算定」
jpcrp_cor:DescriptionIncludingReasonKAMConsolidatedTextBlock	内容及び理由、監査上の主要な検討事項、連結 [テキストブロック]	FilingDateInstant_Row1Member	－	(1) 特定の取引先の内部信用格付の決定貸倒引当金の算定における重要な要素である内部信用格付は、取引先が業績不振や財務的な困難に直面しており、将来の業績回復見込や事業の継続可能性の判断に高度に依存して決定される場合がある。このような特定の取
jpcrp_cor:AuditorsResponseKAMConsolidatedTextBlock	監査上の対応、監査上の主要な検討事項、連結 [テキストブロック]	FilingDateInstant_Row1Member	－	当該監査上の主要な検討事項について、当監査法人は、主に以下の監査手続を実施した。 (1)  特定の取引先の内部信用格付の決定・ 内部信用格付が内部規程に基づき適切に決定されることを確保するための社内における査閲と承認に係る内部統制の有効性を
jpcrp_cor:OtherInformationConsolidatedTextBlock	その他の記載内容、連結 [テキストブロック]	FilingDateInstant	－	その他の記載内容その他の記載内容は、有価証券報告書に含まれる情報のうち、連結財務諸表及び財務諸表並びにこれらの監査報告書以外の情報である。経営者の責任は、その他の記載内容を作成し開示することにある。また、監査委員会の責任は、その他の記載内容
jpcrp_cor:FeeRelatedInformationConsolidatedTextBlock	報酬関連情報、連結 [テキストブロック]	FilingDateInstant	－	＜報酬関連情報＞当監査法人及び当監査法人と同一のネットワークに属する者に対する、会社及び子会社の監査証明業務に基づく報酬及び非監査業務に基づく報酬の額は、「提出会社の状況」に含まれるコーポレート・ガバナンスの状況等(3)【監査の状況】に記載
jpcrp_cor:IndependentAuditorsReportNonConsolidatedTextBlock	独立監査人の報告書、個別 [テキストブロック]	FilingDateInstant	－	  独立監査人の監査報告書  　 2026年6月23日 　株式会社三菱ＵＦＪフィナンシャル・グループ取　締　役　会  御中 　有限責任監査法人トーマツ  東　京　事　務　所   指定有限責任社員業務執行社員 公認会計士下　津　屋　恒　一　郎
jpcrp_cor:AuditFirm1NonConsolidated	監査法人１、個別	FilingDateInstant	－	有限責任監査法人トーマツ
jpcrp_cor:CPA1AuditFirm1NonConsolidated	公認会計士１、監査法人１、個別	FilingDateInstant	－	下　津　屋　恒　一　郎
jpcrp_cor:CPA2AuditFirm1NonConsolidated	公認会計士２、監査法人１、個別	FilingDateInstant	－	松　　本　　繁　　彦
jpcrp_cor:CPA3AuditFirm1NonConsolidated	公認会計士３、監査法人１、個別	FilingDateInstant	－	内　　田　　彰　　彦
jpcrp_cor:CPA4AuditFirm1NonConsolidated	公認会計士４、監査法人１、個別	FilingDateInstant	－	大    塚　  嵩    之
jpcrp_cor:AuditOpinionNonConsolidatedTextBlock	監査意見、個別 [テキストブロック]	FilingDateInstant	－	監査意見当監査法人は、金融商品取引法第193条の2第1項の規定に基づく監査証明を行うため、「経理の状況」に掲げられている株式会社三菱ＵＦＪフィナンシャル・グループの2025年4月1日から2026年3月31日までの第21期事業年度の財務諸表、
jpcrp_cor:KeyAuditMattersNonConsolidatedTextBlock	監査上の主要な検討事項、個別 [テキストブロック]	FilingDateInstant	－	監査上の主要な検討事項監査上の主要な検討事項とは、当事業年度の財務諸表の監査において、監査人が職業的専門家として特に重要であると判断した事項である。監査上の主要な検討事項は、財務諸表全体に対する監査の実施過程及び監査意見の形成において対応し
jpcrp_cor:OverviewKAMNonConsolidatedTextBlock	全体概要、監査上の主要な検討事項、個別 [テキストブロック]	FilingDateInstant	－	監査上の主要な検討事項とは、当事業年度の財務諸表の監査において、監査人が職業的専門家として特に重要であると判断した事項である。監査上の主要な検討事項は、財務諸表全体に対する監査の実施過程及び監査意見の形成において対応した事項であり、当監査法
jpcrp_cor:ShortDescriptionKAMNonConsolidated	見出し、監査上の主要な検討事項、個別	FilingDateInstant_Row1Member	－	子会社株式の評価
jpcrp_cor:ReferenceKAMNonConsolidated	開示への参照、監査上の主要な検討事項、個別	FilingDateInstant_Row1Member	－	「注記事項(重要な会計方針) １　有価証券の評価基準及び評価方法」及び「注記事項(有価証券関係)」 
jpcrp_cor:DescriptionIncludingReasonKAMNonConsolidatedTextBlock	内容及び理由、監査上の主要な検討事項、個別 [テキストブロック]	FilingDateInstant_Row1Member	－	市場価格のない子会社株式の減損処理の要否は、取得原価と実質価額とを比較することにより判定されており、株式の発行会社である子会社が破綻先、実質破綻先又は破綻懸念先に該当する場合を除き、実質価額が取得原価に比べ50％以上低下したときは実質価額ま
jpcrp_cor:AuditorsResponseKAMNonConsolidatedTextBlock	監査上の対応、監査上の主要な検討事項、個別 [テキストブロック]	FilingDateInstant_Row1Member	－	当該監査上の主要な検討事項について、当監査法人は、主に以下の監査手続を実施した。・実質価額が内部規程に基づき適切に算定されることを確保するための社内における査閲と承認に係る内部統制の有効性を評価した・当該内部統制において利用される重要な基礎
jpcrp_cor:OtherInformationNonConsolidatedTextBlock	その他の記載内容、個別 [テキストブロック]	FilingDateInstant	－	その他の記載内容その他の記載内容は、有価証券報告書に含まれる情報のうち、連結財務諸表及び財務諸表並びにこれらの監査報告書以外の情報である。経営者の責任は、その他の記載内容を作成し開示することにある。また、監査委員会の責任は、その他の記載内容
jpcrp_cor:FeeRelatedInformationNonConsolidatedTextBlock	報酬関連情報、個別 [テキストブロック]	FilingDateInstant	－	 ＜報酬関連情報＞報酬関連情報は、連結財務諸表の監査報告書に記載されている。 
jpdei_cor:NumberOfSubmissionDEI	提出回数、DEI	FilingDateInstant	pure	1
jpcrp_cor:OrdinaryIncomeSummaryOfBusinessResults	経常収益、経営指標等	Prior4YearDuration	JPY	6075887000000
jpcrp_cor:OrdinaryIncomeSummaryOfBusinessResults	経常収益、経営指標等	Prior3YearDuration	JPY	9281027000000
jpcrp_cor:OrdinaryIncomeSummaryOfBusinessResults	経常収益、経営指標等	Prior2YearDuration	JPY	11890350000000
jpcrp_cor:OrdinaryIncomeSummaryOfBusinessResults	経常収益、経営指標等	Prior1YearDuration	JPY	13629997000000
jpcrp_cor:OrdinaryIncomeSummaryOfBusinessResults	経常収益、経営指標等	CurrentYearDuration	JPY	14620843000000
jpcrp_cor:OrdinaryIncomeLossSummaryOfBusinessResults	経常利益又は経常損失（△）、経営指標等	Prior4YearDuration	JPY	1537649000000
jpcrp_cor:OrdinaryIncomeLossSummaryOfBusinessResults	経常利益又は経常損失（△）、経営指標等	Prior3YearDuration	JPY	1020728000000
jpcrp_cor:OrdinaryIncomeLossSummaryOfBusinessResults	経常利益又は経常損失（△）、経営指標等	Prior2YearDuration	JPY	2127958000000
jpcrp_cor:OrdinaryIncomeLossSummaryOfBusinessResults	経常利益又は経常損失（△）、経営指標等	Prior1YearDuration	JPY	2669483000000
jpcrp_cor:OrdinaryIncomeLossSummaryOfBusinessResults	経常利益又は経常損失（△）、経営指標等	CurrentYearDuration	JPY	3410192000000
jpcrp_cor:ProfitLossAttributableToOwnersOfParentSummaryOfBusinessResults	親会社株主に帰属する当期純利益又は親会社株主に帰属する当期純損失（△）、経営指標等	Prior4YearDuration	JPY	1130840000000
jpcrp_cor:ProfitLossAttributableToOwnersOfParentSummaryOfBusinessResults	親会社株主に帰属する当期純利益又は親会社株主に帰属する当期純損失（△）、経営指標等	Prior3YearDuration	JPY	1116496000000
jpcrp_cor:ProfitLossAttributableToOwnersOfParentSummaryOfBusinessResults	親会社株主に帰属する当期純利益又は親会社株主に帰属する当期純損失（△）、経営指標等	Prior2YearDuration	JPY	1490781000000
jpcrp_cor:ProfitLossAttributableToOwnersOfParentSummaryOfBusinessResults	親会社株主に帰属する当期純利益又は親会社株主に帰属する当期純損失（△）、経営指標等	Prior1YearDuration	JPY	1862946000000
jpcrp_cor:ProfitLossAttributableToOwnersOfParentSummaryOfBusinessResults	親会社株主に帰属する当期純利益又は親会社株主に帰属する当期純損失（△）、経営指標等	CurrentYearDuration	JPY	2427229000000
jpcrp_cor:ComprehensiveIncomeSummaryOfBusinessResults	包括利益、経営指標等	Prior4YearDuration	JPY	797310000000
jpcrp_cor:ComprehensiveIncomeSummaryOfBusinessResults	包括利益、経営指標等	Prior3YearDuration	JPY	1158800000000
jpcrp_cor:ComprehensiveIncomeSummaryOfBusinessResults	包括利益、経営指標等	Prior2YearDuration	JPY	3316519000000
jpcrp_cor:ComprehensiveIncomeSummaryOfBusinessResults	包括利益、経営指標等	Prior1YearDuration	JPY	2069660000000
jpcrp_cor:ComprehensiveIncomeSummaryOfBusinessResults	包括利益、経営指標等	CurrentYearDuration	JPY	3271246000000
jpcrp_cor:NetAssetsSummaryOfBusinessResults	純資産額、経営指標等	Prior4YearInstant	JPY	17988245000000
jpcrp_cor:NetAssetsSummaryOfBusinessResults	純資産額、経営指標等	Prior3YearInstant	JPY	18272857000000
jpcrp_cor:NetAssetsSummaryOfBusinessResults	純資産額、経営指標等	Prior2YearInstant	JPY	20746978000000
jpcrp_cor:NetAssetsSummaryOfBusinessResults	純資産額、経営指標等	Prior1YearInstant	JPY	21728132000000
jpcrp_cor:NetAssetsSummaryOfBusinessResults	純資産額、経営指標等	CurrentYearInstant	JPY	23744152000000
jpcrp_cor:TotalAssetsSummaryOfBusinessResults	総資産額、経営指標等	Prior4YearInstant	JPY	373731910000000
jpcrp_cor:TotalAssetsSummaryOfBusinessResults	総資産額、経営指標等	Prior3YearInstant	JPY	386799477000000
jpcrp_cor:TotalAssetsSummaryOfBusinessResults	総資産額、経営指標等	Prior2YearInstant	JPY	403703147000000
jpcrp_cor:TotalAssetsSummaryOfBusinessResults	総資産額、経営指標等	Prior1YearInstant	JPY	413113501000000
jpcrp_cor:TotalAssetsSummaryOfBusinessResults	総資産額、経営指標等	CurrentYearInstant	JPY	431731548000000
jpcrp_cor:NetAssetsPerShareSummaryOfBusinessResults	１株当たり純資産額、経営指標等	Prior4YearInstant	JPYPerShares	1349.51
jpcrp_cor:NetAssetsPerShareSummaryOfBusinessResults	１株当たり純資産額、経営指標等	Prior3YearInstant	JPYPerShares	1433.11
jpcrp_cor:NetAssetsPerShareSummaryOfBusinessResults	１株当たり純資産額、経営指標等	Prior2YearInstant	JPYPerShares	1670.44
jpcrp_cor:NetAssetsPerShareSummaryOfBusinessResults	１株当たり純資産額、経営指標等	Prior1YearInstant	JPYPerShares	1783.36
jpcrp_cor:NetAssetsPerShareSummaryOfBusinessResults	１株当たり純資産額、経営指標等	CurrentYearInstant	JPYPerShares	1973.30
jpcrp_cor:BasicEarningsLossPerShareSummaryOfBusinessResults	１株当たり当期純利益又は当期純損失（△）、経営指標等	Prior4YearDuration	JPYPerShares	88.44
jpcrp_cor:BasicEarningsLossPerShareSummaryOfBusinessResults	１株当たり当期純利益又は当期純損失（△）、経営指標等	Prior3YearDuration	JPYPerShares	90.72
jpcrp_cor:BasicEarningsLossPerShareSummaryOfBusinessResults	１株当たり当期純利益又は当期純損失（△）、経営指標等	Prior2YearDuration	JPYPerShares	124.64
jpcrp_cor:BasicEarningsLossPerShareSummaryOfBusinessResults	１株当たり当期純利益又は当期純損失（△）、経営指標等	Prior1YearDuration	JPYPerShares	160.01
jpcrp_cor:BasicEarningsLossPerShareSummaryOfBusinessResults	１株当たり当期純利益又は当期純損失（△）、経営指標等	CurrentYearDuration	JPYPerShares	213.16
jpcrp_cor:DilutedEarningsPerShareSummaryOfBusinessResults	潜在株式調整後１株当たり当期純利益、経営指標等	Prior4YearDuration	JPYPerShares	88.05
jpcrp_cor:DilutedEarningsPerShareSummaryOfBusinessResults	潜在株式調整後１株当たり当期純利益、経営指標等	Prior3YearDuration	JPYPerShares	90.41
jpcrp_cor:DilutedEarningsPerShareSummaryOfBusinessResults	潜在株式調整後１株当たり当期純利益、経営指標等	Prior2YearDuration	JPYPerShares	124.32
jpcrp_cor:DilutedEarningsPerShareSummaryOfBusinessResults	潜在株式調整後１株当たり当期純利益、経営指標等	Prior1YearDuration	JPYPerShares	159.47
jpcrp_cor:DilutedEarningsPerShareSummaryOfBusinessResults	潜在株式調整後１株当たり当期純利益、経営指標等	CurrentYearDuration	JPYPerShares	212.33
jpcrp_cor:EquityToAssetRatioSummaryOfBusinessResults	自己資本比率、経営指標等	Prior4YearInstant	pure	0.0455
jpcrp_cor:EquityToAssetRatioSummaryOfBusinessResults	自己資本比率、経営指標等	Prior3YearInstant	pure	0.0445
jpcrp_cor:EquityToAssetRatioSummaryOfBusinessResults	自己資本比率、経営指標等	Prior2YearInstant	pure	0.0485
jpcrp_cor:EquityToAssetRatioSummaryOfBusinessResults	自己資本比率、経営指標等	Prior1YearInstant	pure	0.0496
jpcrp_cor:EquityToAssetRatioSummaryOfBusinessResults	自己資本比率、経営指標等	CurrentYearInstant	pure	0.0515
jpcrp_cor:RateOfReturnOnEquitySummaryOfBusinessResults	自己資本利益率、経営指標等	Prior4YearDuration	pure	0.0668
jpcrp_cor:RateOfReturnOnEquitySummaryOfBusinessResults	自己資本利益率、経営指標等	Prior3YearDuration	pure	0.0651
jpcrp_cor:RateOfReturnOnEquitySummaryOfBusinessResults	自己資本利益率、経営指標等	Prior2YearDuration	pure	0.0809
jpcrp_cor:RateOfReturnOnEquitySummaryOfBusinessResults	自己資本利益率、経営指標等	Prior1YearDuration	pure	0.0928
jpcrp_cor:RateOfReturnOnEquitySummaryOfBusinessResults	自己資本利益率、経営指標等	CurrentYearDuration	pure	0.1134
jpcrp_cor:PriceEarningsRatioSummaryOfBusinessResults	株価収益率、経営指標等	Prior4YearDuration	pure	8.59
jpcrp_cor:PriceEarningsRatioSummaryOfBusinessResults	株価収益率、経営指標等	Prior3YearDuration	pure	9.34
jpcrp_cor:PriceEarningsRatioSummaryOfBusinessResults	株価収益率、経営指標等	Prior2YearDuration	pure	12.49
jpcrp_cor:PriceEarningsRatioSummaryOfBusinessResults	株価収益率、経営指標等	Prior1YearDuration	pure	12.56
jpcrp_cor:PriceEarningsRatioSummaryOfBusinessResults	株価収益率、経営指標等	CurrentYearDuration	pure	12.19
jpcrp_cor:NetCashProvidedByUsedInOperatingActivitiesSummaryOfBusinessResults	営業活動によるキャッシュ・フロー、経営指標等	Prior4YearDuration	JPY	9839899000000
jpcrp_cor:NetCashProvidedByUsedInOperatingActivitiesSummaryOfBusinessResults	営業活動によるキャッシュ・フロー、経営指標等	Prior3YearDuration	JPY	13431773000000
jpcrp_cor:NetCashProvidedByUsedInOperatingActivitiesSummaryOfBusinessResults	営業活動によるキャッシュ・フロー、経営指標等	Prior2YearDuration	JPY	-9844860000000
jpcrp_cor:NetCashProvidedByUsedInOperatingActivitiesSummaryOfBusinessResults	営業活動によるキャッシュ・フロー、経営指標等	Prior1YearDuration	JPY	6415000000
jpcrp_cor:NetCashProvidedByUsedInOperatingActivitiesSummaryOfBusinessResults	営業活動によるキャッシュ・フロー、経営指標等	CurrentYearDuration	JPY	-23064420000000
jpcrp_cor:NetCashProvidedByUsedInInvestingActivitiesSummaryOfBusinessResults	投資活動によるキャッシュ・フロー、経営指標等	Prior4YearDuration	JPY	-2202726000000
jpcrp_cor:NetCashProvidedByUsedInInvestingActivitiesSummaryOfBusinessResults	投資活動によるキャッシュ・フロー、経営指標等	Prior3YearDuration	JPY	-10675096000000
jpcrp_cor:NetCashProvidedByUsedInInvestingActivitiesSummaryOfBusinessResults	投資活動によるキャッシュ・フロー、経営指標等	Prior2YearDuration	JPY	3986415000000
jpcrp_cor:NetCashProvidedByUsedInInvestingActivitiesSummaryOfBusinessResults	投資活動によるキャッシュ・フロー、経営指標等	Prior1YearDuration	JPY	-186948000000
jpcrp_cor:NetCashProvidedByUsedInInvestingActivitiesSummaryOfBusinessResults	投資活動によるキャッシュ・フロー、経営指標等	CurrentYearDuration	JPY	4473959000000
jpcrp_cor:NetCashProvidedByUsedInFinancingActivitiesSummaryOfBusinessResults	財務活動によるキャッシュ・フロー、経営指標等	Prior4YearDuration	JPY	-1080428000000
jpcrp_cor:NetCashProvidedByUsedInFinancingActivitiesSummaryOfBusinessResults	財務活動によるキャッシュ・フロー、経営指標等	Prior3YearDuration	JPY	-977138000000
jpcrp_cor:NetCashProvidedByUsedInFinancingActivitiesSummaryOfBusinessResults	財務活動によるキャッシュ・フロー、経営指標等	Prior2YearDuration	JPY	8307000000
jpcrp_cor:NetCashProvidedByUsedInFinancingActivitiesSummaryOfBusinessResults	財務活動によるキャッシュ・フロー、経営指標等	Prior1YearDuration	JPY	-861116000000
jpcrp_cor:NetCashProvidedByUsedInFinancingActivitiesSummaryOfBusinessResults	財務活動によるキャッシュ・フロー、経営指標等	CurrentYearDuration	JPY	-1149876000000
jpcrp_cor:CashAndCashEquivalentsSummaryOfBusinessResults	現金及び現金同等物の残高、経営指標等	Prior4YearInstant	JPY	110763205000000
jpcrp_cor:CashAndCashEquivalentsSummaryOfBusinessResults	現金及び現金同等物の残高、経営指標等	Prior3YearInstant	JPY	113630172000000
jpcrp_cor:CashAndCashEquivalentsSummaryOfBusinessResults	現金及び現金同等物の残高、経営指標等	Prior2YearInstant	JPY	109875097000000
jpcrp_cor:CashAndCashEquivalentsSummaryOfBusinessResults	現金及び現金同等物の残高、経営指標等	Prior1YearInstant	JPY	109095437000000
jpcrp_cor:CashAndCashEquivalentsSummaryOfBusinessResults	現金及び現金同等物の残高、経営指標等	CurrentYearInstant	JPY	90045500000000
jpcrp_cor:NumberOfEmployees	従業員数	Prior4YearInstant	pure	135049
jpcrp_cor:NumberOfEmployees	従業員数	Prior3YearInstant	pure	127122
jpcrp_cor:NumberOfEmployees	従業員数	Prior2YearInstant	pure	145412
jpcrp_cor:NumberOfEmployees	従業員数	Prior1YearInstant	pure	156253
jpcrp_cor:NumberOfEmployees	従業員数	CurrentYearInstant	pure	161576
jpcrp_cor:AverageNumberOfTemporaryWorkers	平均臨時雇用人員	Prior4YearInstant	pure	23600
jpcrp_cor:AverageNumberOfTemporaryWorkers	平均臨時雇用人員	Prior3YearInstant	pure	22900
jpcrp_cor:AverageNumberOfTemporaryWorkers	平均臨時雇用人員	Prior2YearInstant	pure	22900
jpcrp_cor:AverageNumberOfTemporaryWorkers	平均臨時雇用人員	Prior1YearInstant	pure	22700
jpcrp_cor:AverageNumberOfTemporaryWorkers	平均臨時雇用人員	CurrentYearInstant	pure	22200
jpcrp_cor:OperatingRevenue1SummaryOfBusinessResults	営業収益、経営指標等	Prior4YearDuration_NonConsolidatedMember	JPY	622637000000
jpcrp_cor:OperatingRevenue1SummaryOfBusinessResults	営業収益、経営指標等	Prior3YearDuration_NonConsolidatedMember	JPY	641968000000
jpcrp_cor:OperatingRevenue1SummaryOfBusinessResults	営業収益、経営指標等	Prior2YearDuration_NonConsolidatedMember	JPY	809818000000
jpcrp_cor:OperatingRevenue1SummaryOfBusinessResults	営業収益、経営指標等	Prior1YearDuration_NonConsolidatedMember	JPY	1343267000000
jpcrp_cor:OperatingRevenue1SummaryOfBusinessResults	営業収益、経営指標等	CurrentYearDuration_NonConsolidatedMember	JPY	1455637000000
jpcrp_cor:OrdinaryIncomeLossSummaryOfBusinessResults	経常利益又は経常損失（△）、経営指標等	Prior4YearDuration_NonConsolidatedMember	JPY	582464000000
jpcrp_cor:OrdinaryIncomeLossSummaryOfBusinessResults	経常利益又は経常損失（△）、経営指標等	Prior3YearDuration_NonConsolidatedMember	JPY	589605000000
jpcrp_cor:OrdinaryIncomeLossSummaryOfBusinessResults	経常利益又は経常損失（△）、経営指標等	Prior2YearDuration_NonConsolidatedMember	JPY	756328000000
jpcrp_cor:OrdinaryIncomeLossSummaryOfBusinessResults	経常利益又は経常損失（△）、経営指標等	Prior1YearDuration_NonConsolidatedMember	JPY	1286866000000
jpcrp_cor:OrdinaryIncomeLossSummaryOfBusinessResults	経常利益又は経常損失（△）、経営指標等	CurrentYearDuration_NonConsolidatedMember	JPY	1385599000000
jpcrp_cor:NetIncomeLossSummaryOfBusinessResults	当期純利益又は当期純損失（△）、経営指標等	Prior4YearDuration_NonConsolidatedMember	JPY	571859000000
jpcrp_cor:NetIncomeLossSummaryOfBusinessResults	当期純利益又は当期純損失（△）、経営指標等	Prior3YearDuration_NonConsolidatedMember	JPY	602223000000
jpcrp_cor:NetIncomeLossSummaryOfBusinessResults	当期純利益又は当期純損失（△）、経営指標等	Prior2YearDuration_NonConsolidatedMember	JPY	749395000000
jpcrp_cor:NetIncomeLossSummaryOfBusinessResults	当期純利益又は当期純損失（△）、経営指標等	Prior1YearDuration_NonConsolidatedMember	JPY	1275569000000
jpcrp_cor:NetIncomeLossSummaryOfBusinessResults	当期純利益又は当期純損失（△）、経営指標等	CurrentYearDuration_NonConsolidatedMember	JPY	1322845000000
jpcrp_cor:CapitalStockSummaryOfBusinessResults	資本金、経営指標等	Prior4YearInstant_NonConsolidatedMember	JPY	2141513000000
jpcrp_cor:CapitalStockSummaryOfBusinessResults	資本金、経営指標等	Prior3YearInstant_NonConsolidatedMember	JPY	2141513000000
jpcrp_cor:CapitalStockSummaryOfBusinessResults	資本金、経営指標等	Prior2YearInstant_NonConsolidatedMember	JPY	2141513000000
jpcrp_cor:CapitalStockSummaryOfBusinessResults	資本金、経営指標等	Prior1YearInstant_NonConsolidatedMember	JPY	2141513000000
jpcrp_cor:CapitalStockSummaryOfBusinessResults	資本金、経営指標等	CurrentYearInstant_NonConsolidatedMember	JPY	2141513000000
jpcrp_cor:TotalNumberOfIssuedSharesSummaryOfBusinessResults	発行済株式総数（普通株式）、経営指標等	Prior4YearInstant_NonConsolidatedMember	shares	13281995120
jpcrp_cor:TotalNumberOfIssuedSharesSummaryOfBusinessResults	発行済株式総数（普通株式）、経営指標等	Prior3YearInstant_NonConsolidatedMember	shares	12687710920
jpcrp_cor:TotalNumberOfIssuedSharesSummaryOfBusinessResults	発行済株式総数（普通株式）、経営指標等	Prior2YearInstant_NonConsolidatedMember	shares	12337710920
jpcrp_cor:TotalNumberOfIssuedSharesSummaryOfBusinessResults	発行済株式総数（普通株式）、経営指標等	Prior1YearInstant_NonConsolidatedMember	shares	12067710920
jpcrp_cor:TotalNumberOfIssuedSharesSummaryOfBusinessResults	発行済株式総数（普通株式）、経営指標等	CurrentYearInstant_NonConsolidatedMember	shares	11867710920
jpcrp_cor:NetAssetsSummaryOfBusinessResults	純資産額、経営指標等	Prior4YearInstant_NonConsolidatedMember	JPY	8638803000000
jpcrp_cor:NetAssetsSummaryOfBusinessResults	純資産額、経営指標等	Prior3YearInstant_NonConsolidatedMember	JPY	8412597000000
jpcrp_cor:NetAssetsSummaryOfBusinessResults	純資産額、経営指標等	Prior2YearInstant_NonConsolidatedMember	JPY	8323703000000
jpcrp_cor:NetAssetsSummaryOfBusinessResults	純資産額、経営指標等	Prior1YearInstant_NonConsolidatedMember	JPY	8658041000000
jpcrp_cor:NetAssetsSummaryOfBusinessResults	純資産額、経営指標等	CurrentYearInstant_NonConsolidatedMember	JPY	8633977000000
jpcrp_cor:TotalAssetsSummaryOfBusinessResults	総資産額、経営指標等	Prior4YearInstant_NonConsolidatedMember	JPY	19977035000000
jpcrp_cor:TotalAssetsSummaryOfBusinessResults	総資産額、経営指標等	Prior3YearInstant_NonConsolidatedMember	JPY	22642309000000
jpcrp_cor:TotalAssetsSummaryOfBusinessResults	総資産額、経営指標等	Prior2YearInstant_NonConsolidatedMember	JPY	23920097000000
jpcrp_cor:TotalAssetsSummaryOfBusinessResults	総資産額、経営指標等	Prior1YearInstant_NonConsolidatedMember	JPY	22115043000000
jpcrp_cor:TotalAssetsSummaryOfBusinessResults	総資産額、経営指標等	CurrentYearInstant_NonConsolidatedMember	JPY	23795835000000
jpcrp_cor:NetAssetsPerShareSummaryOfBusinessResults	１株当たり純資産額、経営指標等	Prior4YearInstant_NonConsolidatedMember	JPYPerShares	684.72
jpcrp_cor:NetAssetsPerShareSummaryOfBusinessResults	１株当たり純資産額、経営指標等	Prior3YearInstant_NonConsolidatedMember	JPYPerShares	699.57
jpcrp_cor:NetAssetsPerShareSummaryOfBusinessResults	１株当たり純資産額、経営指標等	Prior2YearInstant_NonConsolidatedMember	JPYPerShares	709.77
jpcrp_cor:NetAssetsPerShareSummaryOfBusinessResults	１株当たり純資産額、経営指標等	Prior1YearInstant_NonConsolidatedMember	JPYPerShares	752.37
jpcrp_cor:NetAssetsPerShareSummaryOfBusinessResults	１株当たり純資産額、経営指標等	CurrentYearInstant_NonConsolidatedMember	JPYPerShares	764.77
jpcrp_cor:DividendPaidPerShareSummaryOfBusinessResults	１株当たり配当額、経営指標等	Prior4YearDuration_NonConsolidatedMember	JPYPerShares	28.00
jpcrp_cor:InterimDividendPaidPerShareSummaryOfBusinessResults	１株当たり中間配当額、経営指標等	Prior4YearDuration_NonConsolidatedMember	JPYPerShares	13.50
jpcrp_cor:DividendPaidPerShareSummaryOfBusinessResults	１株当たり配当額、経営指標等	Prior3YearDuration_NonConsolidatedMember	JPYPerShares	32.00
jpcrp_cor:InterimDividendPaidPerShareSummaryOfBusinessResults	１株当たり中間配当額、経営指標等	Prior3YearDuration_NonConsolidatedMember	JPYPerShares	16.00
jpcrp_cor:DividendPaidPerShareSummaryOfBusinessResults	１株当たり配当額、経営指標等	Prior2YearDuration_NonConsolidatedMember	JPYPerShares	41.00
jpcrp_cor:InterimDividendPaidPerShareSummaryOfBusinessResults	１株当たり中間配当額、経営指標等	Prior2YearDuration_NonConsolidatedMember	JPYPerShares	20.50
jpcrp_cor:DividendPaidPerShareSummaryOfBusinessResults	１株当たり配当額、経営指標等	Prior1YearDuration_NonConsolidatedMember	JPYPerShares	64.00
jpcrp_cor:InterimDividendPaidPerShareSummaryOfBusinessResults	１株当たり中間配当額、経営指標等	Prior1YearDuration_NonConsolidatedMember	JPYPerShares	25.00
jpcrp_cor:DividendPaidPerShareSummaryOfBusinessResults	１株当たり配当額、経営指標等	CurrentYearDuration_NonConsolidatedMember	JPYPerShares	86.00
jpcrp_cor:InterimDividendPaidPerShareSummaryOfBusinessResults	１株当たり中間配当額、経営指標等	CurrentYearDuration_NonConsolidatedMember	JPYPerShares	35.00
jpcrp_cor:BasicEarningsLossPerShareSummaryOfBusinessResults	１株当たり当期純利益又は当期純損失（△）、経営指標等	Prior4YearDuration_NonConsolidatedMember	JPYPerShares	44.72
jpcrp_cor:BasicEarningsLossPerShareSummaryOfBusinessResults	１株当たり当期純利益又は当期純損失（△）、経営指標等	Prior3YearDuration_NonConsolidatedMember	JPYPerShares	48.93
jpcrp_cor:BasicEarningsLossPerShareSummaryOfBusinessResults	１株当たり当期純利益又は当期純損失（△）、経営指標等	Prior2YearDuration_NonConsolidatedMember	JPYPerShares	62.65
jpcrp_cor:BasicEarningsLossPerShareSummaryOfBusinessResults	１株当たり当期純利益又は当期純損失（△）、経営指標等	Prior1YearDuration_NonConsolidatedMember	JPYPerShares	109.55
jpcrp_cor:BasicEarningsLossPerShareSummaryOfBusinessResults	１株当たり当期純利益又は当期純損失（△）、経営指標等	CurrentYearDuration_NonConsolidatedMember	JPYPerShares	116.15
jpcrp_cor:DilutedEarningsPerShareSummaryOfBusinessResults	潜在株式調整後１株当たり当期純利益、経営指標等	Prior4YearDuration_NonConsolidatedMember	JPYPerShares	－
jpcrp_cor:DilutedEarningsPerShareSummaryOfBusinessResults	潜在株式調整後１株当たり当期純利益、経営指標等	Prior3YearDuration_NonConsolidatedMember	JPYPerShares	－
jpcrp_cor:DilutedEarningsPerShareSummaryOfBusinessResults	潜在株式調整後１株当たり当期純利益、経営指標等	Prior2YearDuration_NonConsolidatedMember	JPYPerShares	－
jpcrp_cor:DilutedEarningsPerShareSummaryOfBusinessResults	潜在株式調整後１株当たり当期純利益、経営指標等	Prior1YearDuration_NonConsolidatedMember	JPYPerShares	－
jpcrp_cor:DilutedEarningsPerShareSummaryOfBusinessResults	潜在株式調整後１株当たり当期純利益、経営指標等	CurrentYearDuration_NonConsolidatedMember	JPYPerShares	－
jpcrp_cor:EquityToAssetRatioSummaryOfBusinessResults	自己資本比率、経営指標等	Prior4YearInstant_NonConsolidatedMember	pure	0.4324
jpcrp_cor:EquityToAssetRatioSummaryOfBusinessResults	自己資本比率、経営指標等	Prior3YearInstant_NonConsolidatedMember	pure	0.3715
jpcrp_cor:EquityToAssetRatioSummaryOfBusinessResults	自己資本比率、経営指標等	Prior2YearInstant_NonConsolidatedMember	pure	0.3479
jpcrp_cor:EquityToAssetRatioSummaryOfBusinessResults	自己資本比率、経営指標等	Prior1YearInstant_NonConsolidatedMember	pure	0.3915
jpcrp_cor:EquityToAssetRatioSummaryOfBusinessResults	自己資本比率、経営指標等	CurrentYearInstant_NonConsolidatedMember	pure	0.3628
jpcrp_cor:RateOfReturnOnEquitySummaryOfBusinessResults	自己資本利益率、経営指標等	Prior4YearDuration_NonConsolidatedMember	pure	0.0665
jpcrp_cor:RateOfReturnOnEquitySummaryOfBusinessResults	自己資本利益率、経営指標等	Prior3YearDuration_NonConsolidatedMember	pure	0.0706
jpcrp_cor:RateOfReturnOnEquitySummaryOfBusinessResults	自己資本利益率、経営指標等	Prior2YearDuration_NonConsolidatedMember	pure	0.0895
jpcrp_cor:RateOfReturnOnEquitySummaryOfBusinessResults	自己資本利益率、経営指標等	Prior1YearDuration_NonConsolidatedMember	pure	0.1502
jpcrp_cor:RateOfReturnOnEquitySummaryOfBusinessResults	自己資本利益率、経営指標等	CurrentYearDuration_NonConsolidatedMember	pure	0.1530
jpcrp_cor:PriceEarningsRatioSummaryOfBusinessResults	株価収益率、経営指標等	Prior4YearDuration_NonConsolidatedMember	pure	17.00
jpcrp_cor:PriceEarningsRatioSummaryOfBusinessResults	株価収益率、経営指標等	Prior3YearDuration_NonConsolidatedMember	pure	17.32
jpcrp_cor:PriceEarningsRatioSummaryOfBusinessResults	株価収益率、経営指標等	Prior2YearDuration_NonConsolidatedMember	pure	24.85
jpcrp_cor:PriceEarningsRatioSummaryOfBusinessResults	株価収益率、経営指標等	Prior1YearDuration_NonConsolidatedMember	pure	15.56
jpcrp_cor:PriceEarningsRatioSummaryOfBusinessResults	株価収益率、経営指標等	CurrentYearDuration_NonConsolidatedMember	pure	22.38
jpcrp_cor:PayoutRatioSummaryOfBusinessResults	配当性向、経営指標等	Prior4YearDuration_NonConsolidatedMember	pure	0.6260
jpcrp_cor:PayoutRatioSummaryOfBusinessResults	配当性向、経営指標等	Prior3YearDuration_NonConsolidatedMember	pure	0.6539
jpcrp_cor:PayoutRatioSummaryOfBusinessResults	配当性向、経営指標等	Prior2YearDuration_NonConsolidatedMember	pure	0.6544
jpcrp_cor:PayoutRatioSummaryOfBusinessResults	配当性向、経営指標等	Prior1YearDuration_NonConsolidatedMember	pure	0.5841
jpcrp_cor:PayoutRatioSummaryOfBusinessResults	配当性向、経営指標等	CurrentYearDuration_NonConsolidatedMember	pure	0.7403
jpcrp_cor:NumberOfEmployees	従業員数	Prior4YearInstant_NonConsolidatedMember	pure	3069
jpcrp_cor:NumberOfEmployees	従業員数	Prior3YearInstant_NonConsolidatedMember	pure	3117
jpcrp_cor:NumberOfEmployees	従業員数	Prior2YearInstant_NonConsolidatedMember	pure	3321
jpcrp_cor:NumberOfEmployees	従業員数	Prior1YearInstant_NonConsolidatedMember	pure	3463
jpcrp_cor:NumberOfEmployees	従業員数	CurrentYearInstant_NonConsolidatedMember	pure	3637
jpcrp_cor:TotalShareholderReturn	株主総利回り	Prior4YearInstant_NonConsolidatedMember	pure	1.332
jpcrp_cor:TotalShareholderReturn	株主総利回り	Prior3YearInstant_NonConsolidatedMember	pure	1.534
jpcrp_cor:TotalShareholderReturn	株主総利回り	Prior2YearInstant_NonConsolidatedMember	pure	2.802
jpcrp_cor:TotalShareholderReturn	株主総利回り	Prior1YearInstant_NonConsolidatedMember	pure	3.678
jpcrp_cor:TotalShareholderReturn	株主総利回り	CurrentYearInstant_NonConsolidatedMember	pure	4.818
jpcrp_cor:TotalReturnOnSharePriceIndex	株価指数における総利回り	Prior4YearInstant_NonConsolidatedMember	pure	1.020
jpcrp_cor:TotalReturnOnSharePriceIndex	株価指数における総利回り	Prior3YearInstant_NonConsolidatedMember	pure	1.079
jpcrp_cor:TotalReturnOnSharePriceIndex	株価指数における総利回り	Prior2YearInstant_NonConsolidatedMember	pure	1.525
jpcrp_cor:TotalReturnOnSharePriceIndex	株価指数における総利回り	Prior1YearInstant_NonConsolidatedMember	pure	1.502
jpcrp_cor:TotalReturnOnSharePriceIndex	株価指数における総利回り	CurrentYearInstant_NonConsolidatedMember	pure	2.022
jpcrp_cor:GrossScope1GreenhouseGasEmissionsScope1And2GreenhouseGasEmissions	スコープ1の温室効果ガス総排出量、スコープ1及び2の温室効果ガス総排出量	CurrentYearDuration_ConsolidatedAccountingGroupMember	tCO2e	26
jpcrp_cor:GrossScope2GreenhouseGasEmissionsScope1And2GreenhouseGasEmissions	スコープ2の温室効果ガス総排出量、スコープ1及び2の温室効果ガス総排出量	CurrentYearDuration_ConsolidatedAccountingGroupMember	tCO2e	247
jpcrp_cor:GrossScope3GreenhouseGasEmissions	スコープ3の温室効果ガス総排出量	CurrentYearDuration	tCO2e	1357610
jpcrp_cor:PerformanceDescriptionOfMetricsRelatedToPolicyOnDevelopmentOfHumanResourcesAndInternalEnvironmentAndTargetsAndPerformanceUsingSuchMetrics	実績数値、人材の育成及び社内環境整備に関する方針に関する指標の内容並びに当該指標を用いた目標及び実績	CurrentYearInstant_Row1Member	pure	1340
jpcrp_cor:PerformanceDescriptionOfMetricsRelatedToPolicyOnDevelopmentOfHumanResourcesAndInternalEnvironmentAndTargetsAndPerformanceUsingSuchMetrics	実績数値、人材の育成及び社内環境整備に関する方針に関する指標の内容並びに当該指標を用いた目標及び実績	CurrentYearInstant_Row2Member	pure	89.8
jpcrp_cor:PerformanceDescriptionOfMetricsRelatedToPolicyOnDevelopmentOfHumanResourcesAndInternalEnvironmentAndTargetsAndPerformanceUsingSuchMetrics	実績数値、人材の育成及び社内環境整備に関する方針に関する指標の内容並びに当該指標を用いた目標及び実績	CurrentYearInstant_Row3Member	pure	76
jpcrp_cor:TargetsDescriptionOfMetricsRelatedToPolicyOnDevelopmentOfHumanResourcesAndInternalEnvironmentAndTargetsAndPerformanceUsingSuchMetrics	目標数値、人材の育成及び社内環境整備に関する方針に関する指標の内容並びに当該指標を用いた目標及び実績	CurrentYearInstant_Row1Member	pure	1200
jpcrp_cor:TargetsDescriptionOfMetricsRelatedToPolicyOnDevelopmentOfHumanResourcesAndInternalEnvironmentAndTargetsAndPerformanceUsingSuchMetrics	目標数値、人材の育成及び社内環境整備に関する方針に関する指標の内容並びに当該指標を用いた目標及び実績	CurrentYearInstant_Row2Member	pure	100
jpcrp_cor:PerformanceDescriptionOfMetricsRelatedToPolicyOnDevelopmentOfHumanResourcesAndInternalEnvironmentAndTargetsAndPerformanceUsingSuchMetrics	実績数値、人材の育成及び社内環境整備に関する方針に関する指標の内容並びに当該指標を用いた目標及び実績	CurrentYearInstant_Row4Member	pure	26.6
jpcrp_cor:PerformanceDescriptionOfMetricsRelatedToPolicyOnDevelopmentOfHumanResourcesAndInternalEnvironmentAndTargetsAndPerformanceUsingSuchMetrics	実績数値、人材の育成及び社内環境整備に関する方針に関する指標の内容並びに当該指標を用いた目標及び実績	CurrentYearInstant_Row5Member	pure	90.1
jpcrp_cor:PerformanceDescriptionOfMetricsRelatedToPolicyOnDevelopmentOfHumanResourcesAndInternalEnvironmentAndTargetsAndPerformanceUsingSuchMetrics	実績数値、人材の育成及び社内環境整備に関する方針に関する指標の内容並びに当該指標を用いた目標及び実績	CurrentYearInstant_Row6Member	pure	2.65
jpcrp_cor:TargetsDescriptionOfMetricsRelatedToPolicyOnDevelopmentOfHumanResourcesAndInternalEnvironmentAndTargetsAndPerformanceUsingSuchMetrics	目標数値、人材の育成及び社内環境整備に関する方針に関する指標の内容並びに当該指標を用いた目標及び実績	CurrentYearInstant_Row4Member	pure	27.0
jpcrp_cor:TargetsDescriptionOfMetricsRelatedToPolicyOnDevelopmentOfHumanResourcesAndInternalEnvironmentAndTargetsAndPerformanceUsingSuchMetrics	目標数値、人材の育成及び社内環境整備に関する方針に関する指標の内容並びに当該指標を用いた目標及び実績	CurrentYearInstant_Row5Member	pure	100
jpcrp_cor:PerformanceDescriptionOfMetricsRelatedToPolicyOnDevelopmentOfHumanResourcesAndInternalEnvironmentAndTargetsAndPerformanceUsingSuchMetrics	実績数値、人材の育成及び社内環境整備に関する方針に関する指標の内容並びに当該指標を用いた目標及び実績	CurrentYearInstant_Row7Member	pure	1.01
jpcrp_cor:PerformanceDescriptionOfMetricsRelatedToPolicyOnDevelopmentOfHumanResourcesAndInternalEnvironmentAndTargetsAndPerformanceUsingSuchMetrics	実績数値、人材の育成及び社内環境整備に関する方針に関する指標の内容並びに当該指標を用いた目標及び実績	CurrentYearInstant_Row8Member	pure	12.3
jpcrp_cor:TargetsDescriptionOfMetricsRelatedToPolicyOnDevelopmentOfHumanResourcesAndInternalEnvironmentAndTargetsAndPerformanceUsingSuchMetrics	目標数値、人材の育成及び社内環境整備に関する方針に関する指標の内容並びに当該指標を用いた目標及び実績	CurrentYearInstant_Row7Member	pure	1
jpcrp_cor:TargetsDescriptionOfMetricsRelatedToPolicyOnDevelopmentOfHumanResourcesAndInternalEnvironmentAndTargetsAndPerformanceUsingSuchMetrics	目標数値、人材の育成及び社内環境整備に関する方針に関する指標の内容並びに当該指標を用いた目標及び実績	CurrentYearInstant_Row8Member	pure	15
jpcrp_cor:CapitalExpendituresOverviewOfCapitalExpendituresEtc	設備投資額、設備投資等の概要	CurrentYearDuration	JPY	504891000000
jpcrp_cor:NumberOfIssuedSharesAsOfFiscalYearEndIssuedSharesTotalNumberOfSharesEtc	事業年度末現在発行数（株）、発行済株式、株式の総数等	FilingDateInstant_OrdinaryShareMember	shares	11867710920
jpcrp_cor:NumberOfIssuedSharesAsOfFilingDateIssuedSharesTotalNumberOfSharesEtc	提出日現在発行数（株）、発行済株式、株式の総数等	FilingDateInstant_OrdinaryShareMember	shares	11867710920
jpcrp_cor:NumberOfIssuedSharesAsOfFiscalYearEndIssuedSharesTotalNumberOfSharesEtc	事業年度末現在発行数（株）、発行済株式、株式の総数等	FilingDateInstant	shares	11867710920
jpcrp_cor:NumberOfIssuedSharesAsOfFilingDateIssuedSharesTotalNumberOfSharesEtc	提出日現在発行数（株）、発行済株式、株式の総数等	FilingDateInstant	shares	11867710920
jpcrp_cor:NumberOfSharesConstitutingOneUnit	１単元の株式数	CurrentYearInstant_OrdinaryShareMember	shares	100
jpcrp_cor:NumberOfShareholdersNationalAndLocalGovernments	株主数－政府及び地方公共団体	CurrentYearInstant_OrdinaryShareMember	pure	12
jpcrp_cor:NumberOfShareholdersFinancialInstitutions	株主数－金融機関	CurrentYearInstant_OrdinaryShareMember	pure	382
jpcrp_cor:NumberOfShareholdersFinancialServiceProviders	株主数－金融商品取引業者	CurrentYearInstant_OrdinaryShareMember	pure	92
jpcrp_cor:NumberOfShareholdersOtherCorporations	株主数－その他の法人	CurrentYearInstant_OrdinaryShareMember	pure	15201
jpcrp_cor:NumberOfShareholdersForeignInvestorsOtherThanIndividuals	株主数－外国法人等－個人以外	CurrentYearInstant_OrdinaryShareMember	pure	1370
jpcrp_cor:NumberOfShareholdersForeignIndividualInvestors	株主数－外国法人等－個人	CurrentYearInstant_OrdinaryShareMember	pure	4518
jpcrp_cor:NumberOfShareholdersIndividualsAndOthers	株主数－個人その他	CurrentYearInstant_OrdinaryShareMember	pure	1364268
jpcrp_cor:NumberOfShareholdersTotal	株主数－計	CurrentYearInstant_OrdinaryShareMember	pure	1385843
jpcrp_cor:NumberOfSharesHeldNumberOfUnitsNationalAndLocalGovernments	所有株式数（単元）－政府及び地方公共団体	CurrentYearInstant_OrdinaryShareMember	pure	30373
jpcrp_cor:NumberOfSharesHeldNumberOfUnitsFinancialInstitutions	所有株式数（単元）－金融機関	CurrentYearInstant_OrdinaryShareMember	pure	33896519
jpcrp_cor:NumberOfSharesHeldNumberOfUnitsFinancialServiceProviders	所有株式数（単元）－金融商品取引業者	CurrentYearInstant_OrdinaryShareMember	pure	3979055
jpcrp_cor:NumberOfSharesHeldNumberOfUnitsOtherCorporations	所有株式数（単元）－その他の法人	CurrentYearInstant_OrdinaryShareMember	pure	11154847
jpcrp_cor:NumberOfSharesHeldNumberOfUnitsForeignInvestorsOtherThanIndividuals	所有株式数（単元）－外国法人等－個人以外	CurrentYearInstant_OrdinaryShareMember	pure	43986197
jpcrp_cor:NumberOfSharesHeldNumberOfUnitsForeignIndividualInvestors	所有株式数（単元）－外国法人等－個人	CurrentYearInstant_OrdinaryShareMember	pure	23280
jpcrp_cor:NumberOfSharesHeldNumberOfUnitsIndividualsAndOthers	所有株式数（単元）－個人その他	CurrentYearInstant_OrdinaryShareMember	pure	25517972
jpcrp_cor:NumberOfSharesHeldNumberOfUnitsTotal	所有株式数（単元）－計	CurrentYearInstant_OrdinaryShareMember	pure	118588243
jpcrp_cor:NumberOfSharesHeldSharesLessThanOneUnit	所有株式数－単元未満株式の状況（株）	CurrentYearInstant_OrdinaryShareMember	shares	8886620
jpcrp_cor:PercentageOfShareholdingsNationalAndLocalGovernments	所有株式数の割合（％）－政府及び地方公共団体	CurrentYearInstant_OrdinaryShareMember	pure	0.0003
jpcrp_cor:PercentageOfShareholdingsFinancialInstitutions	所有株式数の割合（％）－金融機関	CurrentYearInstant_OrdinaryShareMember	pure	0.2858
jpcrp_cor:PercentageOfShareholdingsFinancialServiceProviders	所有株式数の割合（％）－金融商品取引業者	CurrentYearInstant_OrdinaryShareMember	pure	0.0335
jpcrp_cor:PercentageOfShareholdingsOtherCorporations	所有株式数の割合（％）－その他の法人	CurrentYearInstant_OrdinaryShareMember	pure	0.0941
jpcrp_cor:PercentageOfShareholdingsForeignersOtherThanIndividuals	所有株式数の割合（％）－外国法人等－個人以外	CurrentYearInstant_OrdinaryShareMember	pure	0.3709
jpcrp_cor:PercentageOfShareholdingsForeignIndividuals	所有株式数の割合（％）－外国法人等－個人	CurrentYearInstant_OrdinaryShareMember	pure	0.0002
jpcrp_cor:PercentageOfShareholdingsIndividualsAndOthers	所有株式数の割合（％）－個人その他	CurrentYearInstant_OrdinaryShareMember	pure	0.2152
jpcrp_cor:NumberOfSharesHeld	所有株式数	CurrentYearInstant_No1MajorShareholdersMember	shares	1762949700
jpcrp_cor:ShareholdingRatio	発行済株式（自己株式を除く。）の総数に対する所有株式数の割合	CurrentYearInstant_No1MajorShareholdersMember	pure	0.1558
jpcrp_cor:NumberOfSharesHeld	所有株式数	CurrentYearInstant_No2MajorShareholdersMember	shares	607676500
jpcrp_cor:ShareholdingRatio	発行済株式（自己株式を除く。）の総数に対する所有株式数の割合	CurrentYearInstant_No2MajorShareholdersMember	pure	0.0537
jpcrp_cor:NumberOfSharesHeld	所有株式数	CurrentYearInstant_No3MajorShareholdersMember	shares	340637931
jpcrp_cor:ShareholdingRatio	発行済株式（自己株式を除く。）の総数に対する所有株式数の割合	CurrentYearInstant_No3MajorShareholdersMember	pure	0.0301
jpcrp_cor:NumberOfSharesHeld	所有株式数	CurrentYearInstant_No4MajorShareholdersMember	shares	310611029
jpcrp_cor:ShareholdingRatio	発行済株式（自己株式を除く。）の総数に対する所有株式数の割合	CurrentYearInstant_No4MajorShareholdersMember	pure	0.0274
jpcrp_cor:NumberOfSharesHeld	所有株式数	CurrentYearInstant_No5MajorShareholdersMember	shares	175000000
jpcrp_cor:ShareholdingRatio	発行済株式（自己株式を除く。）の総数に対する所有株式数の割合	CurrentYearInstant_No5MajorShareholdersMember	pure	0.0154
jpcrp_cor:NumberOfSharesHeld	所有株式数	CurrentYearInstant_No6MajorShareholdersMember	shares	164190844
jpcrp_cor:ShareholdingRatio	発行済株式（自己株式を除く。）の総数に対する所有株式数の割合	CurrentYearInstant_No6MajorShareholdersMember	pure	0.0145
jpcrp_cor:NumberOfSharesHeld	所有株式数	CurrentYearInstant_No7MajorShareholdersMember	shares	154245659
jpcrp_cor:ShareholdingRatio	発行済株式（自己株式を除く。）の総数に対する所有株式数の割合	CurrentYearInstant_No7MajorShareholdersMember	pure	0.0136
jpcrp_cor:NumberOfSharesHeld	所有株式数	CurrentYearInstant_No8MajorShareholdersMember	shares	142562953
jpcrp_cor:ShareholdingRatio	発行済株式（自己株式を除く。）の総数に対する所有株式数の割合	CurrentYearInstant_No8MajorShareholdersMember	pure	0.0126
jpcrp_cor:NumberOfSharesHeld	所有株式数	CurrentYearInstant_No9MajorShareholdersMember	shares	139175931
jpcrp_cor:ShareholdingRatio	発行済株式（自己株式を除く。）の総数に対する所有株式数の割合	CurrentYearInstant_No9MajorShareholdersMember	pure	0.0123
jpcrp_cor:NumberOfSharesHeld	所有株式数	CurrentYearInstant_No10MajorShareholdersMember	shares	114025088
jpcrp_cor:ShareholdingRatio	発行済株式（自己株式を除く。）の総数に対する所有株式数の割合	CurrentYearInstant_No10MajorShareholdersMember	pure	0.0100
jpcrp_cor:NumberOfSharesHeld	所有株式数	CurrentYearInstant	shares	3911075635
jpcrp_cor:ShareholdingRatio	発行済株式（自己株式を除く。）の総数に対する所有株式数の割合	CurrentYearInstant	pure	0.3457
jpcrp_cor:NumberOfSharesIssuedSharesVotingRights	株式数（株）、発行済株式、議決権の状況	CurrentYearInstant_SharesWithNoVotingRightsMember	shares	－
jpcrp_cor:NumberOfSharesIssuedSharesVotingRights	株式数（株）、発行済株式、議決権の状況	CurrentYearInstant_SharesWithRestrictedVotingRightsTreasurySharesEtcMember	shares	－
jpcrp_cor:NumberOfSharesIssuedSharesVotingRights	株式数（株）、発行済株式、議決権の状況	CurrentYearInstant_SharesWithRestrictedVotingRightsOtherMember	shares	－
jpcrp_cor:NumberOfVotingRightsIssuedSharesVotingRights	議決権の数（個）、発行済株式、議決権の状況	CurrentYearInstant_SharesWithRestrictedVotingRightsOtherMember	pure	－
jpcrp_cor:NumberOfSharesIssuedSharesVotingRights	株式数（株）、発行済株式、議決権の状況	CurrentYearInstant_OrdinarySharesTreasurySharesSharesWithFullVotingRightsTreasurySharesEtcMember	shares	556947400
jpcrp_cor:NumberOfSharesIssuedSharesVotingRights	株式数（株）、発行済株式、議決権の状況	CurrentYearInstant_OrdinarySharesReciprocalHoldingSharesWithFullVotingRightsTreasurySharesEtcMember	shares	14415200
jpcrp_cor:NumberOfVotingRightsIssuedSharesVotingRights	議決権の数（個）、発行済株式、議決権の状況	CurrentYearInstant_OrdinarySharesSharesWithFullVotingRightsOtherMember	pure	112874617
jpcrp_cor:NumberOfSharesIssuedSharesVotingRights	株式数（株）、発行済株式、議決権の状況	CurrentYearInstant_OrdinarySharesSharesWithFullVotingRightsOtherMember	shares	11287461700
jpcrp_cor:NumberOfSharesIssuedSharesVotingRights	株式数（株）、発行済株式、議決権の状況	CurrentYearInstant_OrdinarySharesSharesLessThanOneUnitMember	shares	8886620
jpcrp_cor:NumberOfSharesIssuedSharesVotingRights	株式数（株）、発行済株式、議決権の状況	CurrentYearInstant	shares	11867710920
jpcrp_cor:NumberOfVotingRightsIssuedSharesVotingRights	議決権の数（個）、発行済株式、議決権の状況	CurrentYearInstant	pure	112874617
jpcrp_cor:NumberOfSharesHeldInOwnNameTreasurySharesEtc	自己名義所有株式数（株）、自己株式等	CurrentYearInstant_Row1Member	shares	556947400
jpcrp_cor:NumberOfSharesHeldInOthersNamesTreasurySharesEtc	他人名義所有株式数（株）、自己株式等	CurrentYearInstant_Row1Member	shares	－
jpcrp_cor:TotalNumberOfSharesHeldTreasurySharesEtc	所有株式数の合計（株）、自己株式等	CurrentYearInstant_Row1Member	shares	556947400
jpcrp_cor:ShareholdingRatioTreasurySharesEtc	発行済株式総数に対する所有株式数の割合（％）、自己株式等	CurrentYearInstant_Row1Member	pure	0.0469
jpcrp_cor:NumberOfSharesHeldInOwnNameTreasurySharesEtc	自己名義所有株式数（株）、自己株式等	CurrentYearInstant_Row2Member	shares	9514600
jpcrp_cor:NumberOfSharesHeldInOthersNamesTreasurySharesEtc	他人名義所有株式数（株）、自己株式等	CurrentYearInstant_Row2Member	shares	－
jpcrp_cor:TotalNumberOfSharesHeldTreasurySharesEtc	所有株式数の合計（株）、自己株式等	CurrentYearInstant_Row2Member	shares	9514600
jpcrp_cor:ShareholdingRatioTreasurySharesEtc	発行済株式総数に対する所有株式数の割合（％）、自己株式等	CurrentYearInstant_Row2Member	pure	0.0008
jpcrp_cor:NumberOfSharesHeldInOwnNameTreasurySharesEtc	自己名義所有株式数（株）、自己株式等	CurrentYearInstant_Row3Member	shares	4900600
jpcrp_cor:NumberOfSharesHeldInOthersNamesTreasurySharesEtc	他人名義所有株式数（株）、自己株式等	CurrentYearInstant_Row3Member	shares	－
jpcrp_cor:TotalNumberOfSharesHeldTreasurySharesEtc	所有株式数の合計（株）、自己株式等	CurrentYearInstant_Row3Member	shares	4900600
jpcrp_cor:ShareholdingRatioTreasurySharesEtc	発行済株式総数に対する所有株式数の割合（％）、自己株式等	CurrentYearInstant_Row3Member	pure	0.0004
jpcrp_cor:NumberOfSharesHeldInOwnNameTreasurySharesEtc	自己名義所有株式数（株）、自己株式等	CurrentYearInstant	shares	571362600
jpcrp_cor:NumberOfSharesHeldInOthersNamesTreasurySharesEtc	他人名義所有株式数（株）、自己株式等	CurrentYearInstant	shares	－
jpcrp_cor:TotalNumberOfSharesHeldTreasurySharesEtc	所有株式数の合計（株）、自己株式等	CurrentYearInstant	shares	571362600
jpcrp_cor:ShareholdingRatioTreasurySharesEtc	発行済株式総数に対する所有株式数の割合（％）、自己株式等	CurrentYearInstant	pure	0.0481
jpcrp_cor:TotalAmountOfDividendsDividendsOfSurplus	配当金の総額、剰余金の配当	FilingDateInstant_Row1Member	JPY	399183134630
jpcrp_cor:DividendPerShareDividendsOfSurplus	１株当たり配当額、剰余金の配当	FilingDateInstant_Row1Member	JPYPerShares	35.0
jpcrp_cor:TotalAmountOfDividendsDividendsOfSurplus	配当金の総額、剰余金の配当	FilingDateInstant_Row2Member	JPY	576848937582
jpcrp_cor:DividendPerShareDividendsOfSurplus	１株当たり配当額、剰余金の配当	FilingDateInstant_Row2Member	JPYPerShares	51.0
jpcrp_cor:NumberOfMaleDirectorsAndOtherOfficers	役員のうち男性の人数	FilingDateInstant	pure	27
jpcrp_cor:NumberOfFemaleDirectorsAndOtherOfficers	役員のうち女性の人数	FilingDateInstant	pure	5
jpcrp_cor:RatioOfFemaleDirectorsAndOtherOfficers	役員のうち女性の比率	FilingDateInstant	pure	0.156
jpcrp_cor:NumberOfSharesHeldOrdinarySharesInformationAboutDirectorsAndCorporateAuditors	所有株式数（普通株式）、役員の状況（取締役（及び監査役））	FilingDateInstant_jpcrp030000-asr_E03606-000HondaKeikoMember	shares	0
jpcrp_cor:NumberOfSharesHeldOrdinarySharesInformationAboutDirectorsAndCorporateAuditors	所有株式数（普通株式）、役員の状況（取締役（及び監査役））	FilingDateInstant_jpcrp030000-asr_E03606-000KuwabaraSatokoMember	shares	0
jpcrp_cor:NumberOfSharesHeldOrdinarySharesInformationAboutDirectorsAndCorporateAuditors	所有株式数（普通株式）、役員の状況（取締役（及び監査役））	FilingDateInstant_jpcrp030000-asr_E03606-000NomotoHirofumiMember	shares	25000
jpcrp_cor:NumberOfSharesHeldOrdinarySharesInformationAboutDirectorsAndCorporateAuditors	所有株式数（普通株式）、役員の状況（取締役（及び監査役））	FilingDateInstant_jpcrp030000-asr_E03606-000MariElkaPangestuMember	shares	0
jpcrp_cor:NumberOfSharesHeldOrdinarySharesInformationAboutDirectorsAndCorporateAuditors	所有株式数（普通株式）、役員の状況（取締役（及び監査役））	FilingDateInstant_jpcrp030000-asr_E03606-000ShimizuHiroshiMember	shares	0
jpcrp_cor:NumberOfSharesHeldOrdinarySharesInformationAboutDirectorsAndCorporateAuditors	所有株式数（普通株式）、役員の状況（取締役（及び監査役））	FilingDateInstant_jpcrp030000-asr_E03606-000DavidSneiderMember	shares	0
jpcrp_cor:NumberOfSharesHeldOrdinarySharesInformationAboutDirectorsAndCorporateAuditors	所有株式数（普通株式）、役員の状況（取締役（及び監査役））	FilingDateInstant_jpcrp030000-asr_E03606-000SuzukiMiyukiMember	shares	100
jpcrp_cor:NumberOfSharesHeldOrdinarySharesInformationAboutDirectorsAndCorporateAuditors	所有株式数（普通株式）、役員の状況（取締役（及び監査役））	FilingDateInstant_jpcrp030000-asr_E03606-000TsujiKoichiMember	shares	0
jpcrp_cor:NumberOfSharesHeldOrdinarySharesInformationAboutDirectorsAndCorporateAuditors	所有株式数（普通株式）、役員の状況（取締役（及び監査役））	FilingDateInstant_jpcrp030000-asr_E03606-000UedaTeruhisaMember	shares	0
jpcrp_cor:NumberOfSharesHeldOrdinarySharesInformationAboutDirectorsAndCorporateAuditors	所有株式数（普通株式）、役員の状況（取締役（及び監査役））	FilingDateInstant_jpcrp030000-asr_E03606-000ShinkeRyoichiMember	shares	1100
jpcrp_cor:NumberOfSharesHeldOrdinarySharesInformationAboutDirectorsAndCorporateAuditors	所有株式数（普通株式）、役員の状況（取締役（及び監査役））	FilingDateInstant_jpcrp030000-asr_E03606-000YasudaTakayukiMember	shares	130200
jpcrp_cor:NumberOfSharesHeldOrdinarySharesInformationAboutDirectorsAndCorporateAuditors	所有株式数（普通株式）、役員の状況（取締役（及び監査役））	FilingDateInstant_jpcrp030000-asr_E03606-000KamezawaHironoriMember	shares	247339
jpcrp_cor:NumberOfSharesHeldOrdinarySharesInformationAboutDirectorsAndCorporateAuditors	所有株式数（普通株式）、役員の状況（取締役（及び監査役））	FilingDateInstant_jpcrp030000-asr_E03606-000HanzawaJunichiMember	shares	236500
jpcrp_cor:NumberOfSharesHeldOrdinarySharesInformationAboutDirectorsAndCorporateAuditors	所有株式数（普通株式）、役員の状況（取締役（及び監査役））	FilingDateInstant_jpcrp030000-asr_E03606-000MikeKanetsuguMember	shares	398362
jpcrp_cor:NumberOfSharesHeldOrdinarySharesInformationAboutDirectorsAndCorporateAuditors	所有株式数（普通株式）、役員の状況（取締役（及び監査役））	FilingDateInstant_jpcrp030000-asr_E03606-000KobayashiMakotoMember	shares	287958
jpcrp_cor:NumberOfSharesHeldOrdinarySharesInformationAboutDirectorsAndCorporateAuditors	所有株式数（普通株式）、役員の状況（取締役（及び監査役））	FilingDateInstant_jpcrp030000-asr_E03606-000KubotaHiroshiMember	shares	53364
jpcrp_cor:NumberOfSharesHeldOrdinarySharesInformationAboutDirectorsAndCorporateAuditors	所有株式数（普通株式）、役員の状況（取締役（及び監査役））	FilingDateInstant	shares	1379923
jpcrp_cor:NumberOfSharesHeldOrdinarySharesInformationAboutExecutiveDirectors	所有株式数（普通株式）、役員の状況（執行役）	FilingDateInstant_jpcrp030000-asr_E03606-000KamezawaHironoriMember	shares	247339
jpcrp_cor:NumberOfSharesHeldOrdinarySharesInformationAboutExecutiveDirectors	所有株式数（普通株式）、役員の状況（執行役）	FilingDateInstant_jpcrp030000-asr_E03606-000ItagakiYasushiMember	shares	42000
jpcrp_cor:NumberOfSharesHeldOrdinarySharesInformationAboutExecutiveDirectors	所有株式数（普通株式）、役員の状況（執行役）	FilingDateInstant_jpcrp030000-asr_E03606-000HanzawaJunichiMember	shares	236500
jpcrp_cor:NumberOfSharesHeldOrdinarySharesInformationAboutExecutiveDirectors	所有株式数（普通株式）、役員の状況（執行役）	FilingDateInstant_jpcrp030000-asr_E03606-000NakahamaFumitakaMember	shares	42569
jpcrp_cor:NumberOfSharesHeldOrdinarySharesInformationAboutExecutiveDirectors	所有株式数（普通株式）、役員の状況（執行役）	FilingDateInstant_jpcrp030000-asr_E03606-000IharaTakafumiMember	shares	52120
jpcrp_cor:NumberOfSharesHeldOrdinarySharesInformationAboutExecutiveDirectors	所有株式数（普通株式）、役員の状況（執行役）	FilingDateInstant_jpcrp030000-asr_E03606-000TogawaJunMember	shares	132800
jpcrp_cor:NumberOfSharesHeldOrdinarySharesInformationAboutExecutiveDirectors	所有株式数（普通株式）、役員の状況（執行役）	FilingDateInstant_jpcrp030000-asr_E03606-000TakaseHideakiMember	shares	38100
jpcrp_cor:NumberOfSharesHeldOrdinarySharesInformationAboutExecutiveDirectors	所有株式数（普通株式）、役員の状況（執行役）	FilingDateInstant_jpcrp030000-asr_E03606-000YamamotoTadashiMember	shares	37400
jpcrp_cor:NumberOfSharesHeldOrdinarySharesInformationAboutExecutiveDirectors	所有株式数（普通株式）、役員の状況（執行役）	FilingDateInstant_jpcrp030000-asr_E03606-000YokomakuKatsunoriMember	shares	29317
jpcrp_cor:NumberOfSharesHeldOrdinarySharesInformationAboutExecutiveDirectors	所有株式数（普通株式）、役員の状況（執行役）	FilingDateInstant_jpcrp030000-asr_E03606-000KomoriyaMasatoshiMember	shares	5800
jpcrp_cor:NumberOfSharesHeldOrdinarySharesInformationAboutExecutiveDirectors	所有株式数（普通株式）、役員の状況（執行役）	FilingDateInstant_jpcrp030000-asr_E03606-000TanakaTakuyaMember	shares	41559
jpcrp_cor:NumberOfSharesHeldOrdinarySharesInformationAboutExecutiveDirectors	所有株式数（普通株式）、役員の状況（執行役）	FilingDateInstant_jpcrp030000-asr_E03606-000KuniyukiMasahiroMember	shares	19600
jpcrp_cor:NumberOfSharesHeldOrdinarySharesInformationAboutExecutiveDirectors	所有株式数（普通株式）、役員の状況（執行役）	FilingDateInstant_jpcrp030000-asr_E03606-000SueokaAkikoMember	shares	0
jpcrp_cor:NumberOfSharesHeldOrdinarySharesInformationAboutExecutiveDirectors	所有株式数（普通株式）、役員の状況（執行役）	FilingDateInstant_jpcrp030000-asr_E03606-000KamiokaTomoyukiMember	shares	37700
jpcrp_cor:NumberOfSharesHeldOrdinarySharesInformationAboutExecutiveDirectors	所有株式数（普通株式）、役員の状況（執行役）	FilingDateInstant_jpcrp030000-asr_E03606-000KatayamaMikiMember	shares	13800
jpcrp_cor:NumberOfSharesHeldOrdinarySharesInformationAboutExecutiveDirectors	所有株式数（普通株式）、役員の状況（執行役）	FilingDateInstant_jpcrp030000-asr_E03606-000SakuraiTakayukiMember	shares	61300
jpcrp_cor:NumberOfSharesHeldOrdinarySharesInformationAboutExecutiveDirectors	所有株式数（普通株式）、役員の状況（執行役）	FilingDateInstant_jpcrp030000-asr_E03606-000TokumaKensukeMember	shares	15200
jpcrp_cor:NumberOfSharesHeldOrdinarySharesInformationAboutExecutiveDirectors	所有株式数（普通株式）、役員の状況（執行役）	FilingDateInstant_jpcrp030000-asr_E03606-000UenoYoshiakiMember	shares	16100
jpcrp_cor:NumberOfSharesHeldOrdinarySharesInformationAboutExecutiveDirectors	所有株式数（普通株式）、役員の状況（執行役）	FilingDateInstant	shares	1069204
jpcrp_cor:NumberOfMaleDirectorsAndOtherOfficersProposal	役員のうち男性の人数（議案）	FilingDateInstant	pure	27
jpcrp_cor:NumberOfFemaleDirectorsAndOtherOfficersProposal	役員のうち女性の人数（議案）	FilingDateInstant	pure	4
jpcrp_cor:RatioOfFemaleDirectorsAndOtherOfficersProposal	役員のうち女性の比率（議案）	FilingDateInstant	pure	0.129
jpcrp_cor:NumberOfSharesHeldOrdinarySharesInformationAboutDirectorsAndCorporateAuditorsProposal	所有株式数（普通株式）、役員の状況（取締役（及び監査役））（議案）	FilingDateInstant_jpcrp030000-asr_E03606-000KuwabaraSatokoMember	shares	0
jpcrp_cor:NumberOfSharesHeldOrdinarySharesInformationAboutDirectorsAndCorporateAuditorsProposal	所有株式数（普通株式）、役員の状況（取締役（及び監査役））（議案）	FilingDateInstant_jpcrp030000-asr_E03606-000MariElkaPangestuMember	shares	0
jpcrp_cor:NumberOfSharesHeldOrdinarySharesInformationAboutDirectorsAndCorporateAuditorsProposal	所有株式数（普通株式）、役員の状況（取締役（及び監査役））（議案）	FilingDateInstant_jpcrp030000-asr_E03606-000ShimizuHiroshiMember	shares	0
jpcrp_cor:NumberOfSharesHeldOrdinarySharesInformationAboutDirectorsAndCorporateAuditorsProposal	所有株式数（普通株式）、役員の状況（取締役（及び監査役））（議案）	FilingDateInstant_jpcrp030000-asr_E03606-000DavidSneiderMember	shares	0
jpcrp_cor:NumberOfSharesHeldOrdinarySharesInformationAboutDirectorsAndCorporateAuditorsProposal	所有株式数（普通株式）、役員の状況（取締役（及び監査役））（議案）	FilingDateInstant_jpcrp030000-asr_E03606-000SuzukiMiyukiMember	shares	100
jpcrp_cor:NumberOfSharesHeldOrdinarySharesInformationAboutDirectorsAndCorporateAuditorsProposal	所有株式数（普通株式）、役員の状況（取締役（及び監査役））（議案）	FilingDateInstant_jpcrp030000-asr_E03606-000TsujiKoichiMember	shares	0
jpcrp_cor:NumberOfSharesHeldOrdinarySharesInformationAboutDirectorsAndCorporateAuditorsProposal	所有株式数（普通株式）、役員の状況（取締役（及び監査役））（議案）	FilingDateInstant_jpcrp030000-asr_E03606-000UedaTeruhisaMember	shares	0
jpcrp_cor:NumberOfSharesHeldOrdinarySharesInformationAboutDirectorsAndCorporateAuditorsProposal	所有株式数（普通株式）、役員の状況（取締役（及び監査役））（議案）	FilingDateInstant_jpcrp030000-asr_E03606-000YoshidaKenichiroMember	shares	50000
jpcrp_cor:NumberOfSharesHeldOrdinarySharesInformationAboutDirectorsAndCorporateAuditorsProposal	所有株式数（普通株式）、役員の状況（取締役（及び監査役））（議案）	FilingDateInstant_jpcrp030000-asr_E03606-000YasudaTakayukiMember	shares	130200
jpcrp_cor:NumberOfSharesHeldOrdinarySharesInformationAboutDirectorsAndCorporateAuditorsProposal	所有株式数（普通株式）、役員の状況（取締役（及び監査役））（議案）	FilingDateInstant_jpcrp030000-asr_E03606-000KanieNorioMember	shares	35300
jpcrp_cor:NumberOfSharesHeldOrdinarySharesInformationAboutDirectorsAndCorporateAuditorsProposal	所有株式数（普通株式）、役員の状況（取締役（及び監査役））（議案）	FilingDateInstant_jpcrp030000-asr_E03606-000KamezawaHironoriMember	shares	247339
jpcrp_cor:NumberOfSharesHeldOrdinarySharesInformationAboutDirectorsAndCorporateAuditorsProposal	所有株式数（普通株式）、役員の状況（取締役（及び監査役））（議案）	FilingDateInstant_jpcrp030000-asr_E03606-000HanzawaJunichiMember	shares	236500
jpcrp_cor:NumberOfSharesHeldOrdinarySharesInformationAboutDirectorsAndCorporateAuditorsProposal	所有株式数（普通株式）、役員の状況（取締役（及び監査役））（議案）	FilingDateInstant_jpcrp030000-asr_E03606-000KubotaHiroshiMember	shares	53364
jpcrp_cor:NumberOfSharesHeldOrdinarySharesInformationAboutDirectorsAndCorporateAuditorsProposal	所有株式数（普通株式）、役員の状況（取締役（及び監査役））（議案）	FilingDateInstant_jpcrp030000-asr_E03606-000OsawaMasakazuMember	shares	15200
jpcrp_cor:NumberOfSharesHeldOrdinarySharesInformationAboutDirectorsAndCorporateAuditorsProposal	所有株式数（普通株式）、役員の状況（取締役（及び監査役））（議案）	FilingDateInstant_jpcrp030000-asr_E03606-000SekiHiroyukiMember	shares	54450
jpcrp_cor:NumberOfSharesHeldOrdinarySharesInformationAboutDirectorsAndCorporateAuditorsProposal	所有株式数（普通株式）、役員の状況（取締役（及び監査役））（議案）	FilingDateInstant	shares	822453
jpcrp_cor:NumberOfSharesHeldOrdinarySharesInformationAboutExecutiveDirectorsProposal	所有株式数（普通株式）、役員の状況（執行役）（議案）	FilingDateInstant_jpcrp030000-asr_E03606-000KamezawaHironoriMember	shares	247339
jpcrp_cor:NumberOfSharesHeldOrdinarySharesInformationAboutExecutiveDirectorsProposal	所有株式数（普通株式）、役員の状況（執行役）（議案）	FilingDateInstant_jpcrp030000-asr_E03606-000ItagakiYasushiMember	shares	42000
jpcrp_cor:NumberOfSharesHeldOrdinarySharesInformationAboutExecutiveDirectorsProposal	所有株式数（普通株式）、役員の状況（執行役）（議案）	FilingDateInstant_jpcrp030000-asr_E03606-000HanzawaJunichiMember	shares	236500
jpcrp_cor:NumberOfSharesHeldOrdinarySharesInformationAboutExecutiveDirectorsProposal	所有株式数（普通株式）、役員の状況（執行役）（議案）	FilingDateInstant_jpcrp030000-asr_E03606-000NakahamaFumitakaMember	shares	42569
jpcrp_cor:NumberOfSharesHeldOrdinarySharesInformationAboutExecutiveDirectorsProposal	所有株式数（普通株式）、役員の状況（執行役）（議案）	FilingDateInstant_jpcrp030000-asr_E03606-000IharaTakafumiMember	shares	52120
jpcrp_cor:NumberOfSharesHeldOrdinarySharesInformationAboutExecutiveDirectorsProposal	所有株式数（普通株式）、役員の状況（執行役）（議案）	FilingDateInstant_jpcrp030000-asr_E03606-000TogawaJunMember	shares	132800
jpcrp_cor:NumberOfSharesHeldOrdinarySharesInformationAboutExecutiveDirectorsProposal	所有株式数（普通株式）、役員の状況（執行役）（議案）	FilingDateInstant_jpcrp030000-asr_E03606-000TakaseHideakiMember	shares	38100
jpcrp_cor:NumberOfSharesHeldOrdinarySharesInformationAboutExecutiveDirectorsProposal	所有株式数（普通株式）、役員の状況（執行役）（議案）	FilingDateInstant_jpcrp030000-asr_E03606-000YamamotoTadashiMember	shares	37400
jpcrp_cor:NumberOfSharesHeldOrdinarySharesInformationAboutExecutiveDirectorsProposal	所有株式数（普通株式）、役員の状況（執行役）（議案）	FilingDateInstant_jpcrp030000-asr_E03606-000YokomakuKatsunoriMember	shares	29317
jpcrp_cor:NumberOfSharesHeldOrdinarySharesInformationAboutExecutiveDirectorsProposal	所有株式数（普通株式）、役員の状況（執行役）（議案）	FilingDateInstant_jpcrp030000-asr_E03606-000KomoriyaMasatoshiMember	shares	5800
jpcrp_cor:NumberOfSharesHeldOrdinarySharesInformationAboutExecutiveDirectorsProposal	所有株式数（普通株式）、役員の状況（執行役）（議案）	FilingDateInstant_jpcrp030000-asr_E03606-000TanakaTakuyaMember	shares	41559
jpcrp_cor:NumberOfSharesHeldOrdinarySharesInformationAboutExecutiveDirectorsProposal	所有株式数（普通株式）、役員の状況（執行役）（議案）	FilingDateInstant_jpcrp030000-asr_E03606-000KuniyukiMasahiroMember	shares	19600
jpcrp_cor:NumberOfSharesHeldOrdinarySharesInformationAboutExecutiveDirectorsProposal	所有株式数（普通株式）、役員の状況（執行役）（議案）	FilingDateInstant_jpcrp030000-asr_E03606-000SueokaAkikoMember	shares	0
jpcrp_cor:NumberOfSharesHeldOrdinarySharesInformationAboutExecutiveDirectorsProposal	所有株式数（普通株式）、役員の状況（執行役）（議案）	FilingDateInstant_jpcrp030000-asr_E03606-000KamiokaTomoyukiMember	shares	37700
jpcrp_cor:NumberOfSharesHeldOrdinarySharesInformationAboutExecutiveDirectorsProposal	所有株式数（普通株式）、役員の状況（執行役）（議案）	FilingDateInstant_jpcrp030000-asr_E03606-000KatayamaMikiMember	shares	13800
jpcrp_cor:NumberOfSharesHeldOrdinarySharesInformationAboutExecutiveDirectorsProposal	所有株式数（普通株式）、役員の状況（執行役）（議案）	FilingDateInstant_jpcrp030000-asr_E03606-000SakuraiTakayukiMember	shares	61300
jpcrp_cor:NumberOfSharesHeldOrdinarySharesInformationAboutExecutiveDirectorsProposal	所有株式数（普通株式）、役員の状況（執行役）（議案）	FilingDateInstant_jpcrp030000-asr_E03606-000TokumaKensukeMember	shares	15200
jpcrp_cor:NumberOfSharesHeldOrdinarySharesInformationAboutExecutiveDirectorsProposal	所有株式数（普通株式）、役員の状況（執行役）（議案）	FilingDateInstant_jpcrp030000-asr_E03606-000UenoYoshiakiMember	shares	16100
jpcrp_cor:NumberOfSharesHeldOrdinarySharesInformationAboutExecutiveDirectorsProposal	所有株式数（普通株式）、役員の状況（執行役）（議案）	FilingDateInstant	shares	1069204
jpcrp_cor:AuditFeesReportingCompany	監査証明業務に基づく報酬－提出会社、監査公認会計士等	Prior1YearDuration	JPY	564000000
jpcrp_cor:NonAuditFeesReportingCompany	非監査業務に基づく報酬－提出会社、監査公認会計士等	Prior1YearDuration	JPY	176000000
jpcrp_cor:AuditFeesReportingCompany	監査証明業務に基づく報酬－提出会社、監査公認会計士等	CurrentYearDuration	JPY	540000000
jpcrp_cor:NonAuditFeesReportingCompany	非監査業務に基づく報酬－提出会社、監査公認会計士等	CurrentYearDuration	JPY	281000000
jpcrp_cor:AuditFeesConsolidatedSubsidiaries	監査証明業務に基づく報酬－連結子会社、監査公認会計士等	Prior1YearDuration	JPY	4998000000
jpcrp_cor:NonAuditFeesConsolidatedSubsidiaries	非監査業務に基づく報酬－連結子会社、監査公認会計士等	Prior1YearDuration	JPY	120000000
jpcrp_cor:AuditFeesConsolidatedSubsidiaries	監査証明業務に基づく報酬－連結子会社、監査公認会計士等	CurrentYearDuration	JPY	5047000000
jpcrp_cor:NonAuditFeesConsolidatedSubsidiaries	非監査業務に基づく報酬－連結子会社、監査公認会計士等	CurrentYearDuration	JPY	142000000
jpcrp_cor:AuditFeesTotal	監査証明業務に基づく報酬－計、監査公認会計士等	Prior1YearDuration	JPY	5563000000
jpcrp_cor:NonAuditFeesTotal	非監査業務に基づく報酬－計、監査公認会計士等	Prior1YearDuration	JPY	297000000
jpcrp_cor:AuditFeesTotal	監査証明業務に基づく報酬－計、監査公認会計士等	CurrentYearDuration	JPY	5587000000
jpcrp_cor:NonAuditFeesTotal	非監査業務に基づく報酬－計、監査公認会計士等	CurrentYearDuration	JPY	423000000
jpcrp_cor:AuditFeesReportingCompanyNetworkFirms	監査証明業務に基づく報酬－提出会社、ネットワークファーム	Prior1YearDuration	JPY	－
jpcrp_cor:NonAuditFeesReportingCompanyNetworkFirms	非監査業務に基づく報酬－提出会社、ネットワークファーム	Prior1YearDuration	JPY	7000000
jpcrp_cor:AuditFeesReportingCompanyNetworkFirms	監査証明業務に基づく報酬－提出会社、ネットワークファーム	CurrentYearDuration	JPY	－
jpcrp_cor:NonAuditFeesReportingCompanyNetworkFirms	非監査業務に基づく報酬－提出会社、ネットワークファーム	CurrentYearDuration	JPY	18000000
jpcrp_cor:AuditFeesConsolidatedSubsidiariesNetworkFirms	監査証明業務に基づく報酬－連結子会社、ネットワークファーム	Prior1YearDuration	JPY	3513000000
jpcrp_cor:NonAuditFeesConsolidatedSubsidiariesNetworkFirms	非監査業務に基づく報酬－連結子会社、ネットワークファーム	Prior1YearDuration	JPY	511000000
jpcrp_cor:AuditFeesConsolidatedSubsidiariesNetworkFirms	監査証明業務に基づく報酬－連結子会社、ネットワークファーム	CurrentYearDuration	JPY	4221000000
jpcrp_cor:NonAuditFeesConsolidatedSubsidiariesNetworkFirms	非監査業務に基づく報酬－連結子会社、ネットワークファーム	CurrentYearDuration	JPY	755000000
jpcrp_cor:AuditFeesTotalNetworkFirms	監査証明業務に基づく報酬－計、ネットワークファーム	Prior1YearDuration	JPY	3513000000
jpcrp_cor:NonAuditFeesTotalNetworkFirms	非監査業務に基づく報酬－計、ネットワークファーム	Prior1YearDuration	JPY	518000000
jpcrp_cor:AuditFeesTotalNetworkFirms	監査証明業務に基づく報酬－計、ネットワークファーム	CurrentYearDuration	JPY	4221000000
jpcrp_cor:NonAuditFeesTotalNetworkFirms	非監査業務に基づく報酬－計、ネットワークファーム	CurrentYearDuration	JPY	773000000
jpcrp_cor:NumberOfDirectorsAndOtherOfficersRemunerationEtcByCategoryOfDirectorsAndOtherOfficers	対象となる役員の員数、役員区分ごとの報酬等	CurrentYearDuration_DirectorsExcludingOutsideDirectorsMember	pure	7
jpcrp_cor:TotalAmountOfRemunerationEtcRemunerationEtcByCategoryOfDirectorsAndOtherOfficers	報酬等の総額、役員区分ごとの報酬等	CurrentYearDuration_DirectorsExcludingOutsideDirectorsMember	JPY	969000000
jpcrp030000-asr_E03606-000:CashNonPerformanceBasedBasicRemunerationRemunerationEtcByCategoryOfDirectorsAndOtherOfficers		CurrentYearDuration_DirectorsExcludingOutsideDirectorsMember	JPY	406000000
jpcrp030000-asr_E03606-000:CashPerformanceBasedDirectorsBonusesRemunerationEtcByCategoryOfDirectorsAndOtherOfficers		CurrentYearDuration_DirectorsExcludingOutsideDirectorsMember	JPY	259000000
jpcrp030000-asr_E03606-000:NonCashNonPerformanceBasedShareAwardsRemunerationEtcByCategoryOfDirectorsAndOtherOfficers		CurrentYearDuration_DirectorsExcludingOutsideDirectorsMember	JPY	75000000
jpcrp030000-asr_E03606-000:NonCashPerformanceBasedShareAwardsRemunerationEtcByCategoryOfDirectorsAndOtherOfficers		CurrentYearDuration_DirectorsExcludingOutsideDirectorsMember	JPY	228000000
jpcrp_cor:NumberOfDirectorsAndOtherOfficersRemunerationEtcByCategoryOfDirectorsAndOtherOfficers	対象となる役員の員数、役員区分ごとの報酬等	CurrentYearDuration_ExecutiveOfficersMember	pure	18
jpcrp_cor:TotalAmountOfRemunerationEtcRemunerationEtcByCategoryOfDirectorsAndOtherOfficers	報酬等の総額、役員区分ごとの報酬等	CurrentYearDuration_ExecutiveOfficersMember	JPY	2535000000
jpcrp030000-asr_E03606-000:CashNonPerformanceBasedBasicRemunerationRemunerationEtcByCategoryOfDirectorsAndOtherOfficers		CurrentYearDuration_ExecutiveOfficersMember	JPY	1093000000
jpcrp030000-asr_E03606-000:CashPerformanceBasedDirectorsBonusesRemunerationEtcByCategoryOfDirectorsAndOtherOfficers		CurrentYearDuration_ExecutiveOfficersMember	JPY	676000000
jpcrp030000-asr_E03606-000:NonCashNonPerformanceBasedShareAwardsRemunerationEtcByCategoryOfDirectorsAndOtherOfficers		CurrentYearDuration_ExecutiveOfficersMember	JPY	366000000
jpcrp030000-asr_E03606-000:NonCashPerformanceBasedShareAwardsRemunerationEtcByCategoryOfDirectorsAndOtherOfficers		CurrentYearDuration_ExecutiveOfficersMember	JPY	398000000
jpcrp_cor:NumberOfDirectorsAndOtherOfficersRemunerationEtcByCategoryOfDirectorsAndOtherOfficers	対象となる役員の員数、役員区分ごとの報酬等	CurrentYearDuration_OutsideDirectorsAndOtherOfficersMember	pure	11
jpcrp_cor:TotalAmountOfRemunerationEtcRemunerationEtcByCategoryOfDirectorsAndOtherOfficers	報酬等の総額、役員区分ごとの報酬等	CurrentYearDuration_OutsideDirectorsAndOtherOfficersMember	JPY	254000000
jpcrp030000-asr_E03606-000:CashNonPerformanceBasedBasicRemunerationRemunerationEtcByCategoryOfDirectorsAndOtherOfficers		CurrentYearDuration_OutsideDirectorsAndOtherOfficersMember	JPY	254000000
jpcrp030000-asr_E03606-000:CashPerformanceBasedDirectorsBonusesRemunerationEtcByCategoryOfDirectorsAndOtherOfficers		CurrentYearDuration_OutsideDirectorsAndOtherOfficersMember	JPY	－
jpcrp030000-asr_E03606-000:NonCashNonPerformanceBasedShareAwardsRemunerationEtcByCategoryOfDirectorsAndOtherOfficers		CurrentYearDuration_OutsideDirectorsAndOtherOfficersMember	JPY	－
jpcrp030000-asr_E03606-000:NonCashPerformanceBasedShareAwardsRemunerationEtcByCategoryOfDirectorsAndOtherOfficers		CurrentYearDuration_OutsideDirectorsAndOtherOfficersMember	JPY	－
jpcrp_cor:TotalAmountOfRemunerationEtcPaidByGroupRemunerationEtcPaidByGroupToEachDirectorOrOtherOfficer	連結報酬等の総額、役員ごとの連結報酬等	CurrentYearDuration_jpcrp030000-asr_E03606-000MikeKanetsuguMember	JPY	200000000
jpcrp_cor:TotalAmountOfRemunerationEtcPaidByGroupRemunerationEtcPaidByGroupToEachDirectorOrOtherOfficer	連結報酬等の総額、役員ごとの連結報酬等	CurrentYearDuration_jpcrp030000-asr_E03606-000KamezawaHironoriMember	JPY	357000000
jpcrp_cor:TotalAmountOfRemunerationEtcPaidByGroupRemunerationEtcPaidByGroupToEachDirectorOrOtherOfficer	連結報酬等の総額、役員ごとの連結報酬等	CurrentYearDuration_jpcrp030000-asr_E03606-000HanzawaJunichiMember	JPY	314000000
jpcrp_cor:TotalAmountOfRemunerationEtcPaidByGroupRemunerationEtcPaidByGroupToEachDirectorOrOtherOfficer	連結報酬等の総額、役員ごとの連結報酬等	CurrentYearDuration_jpcrp030000-asr_E03606-000KobayashiMakotoMember	JPY	236000000
jpcrp_cor:TotalAmountOfRemunerationEtcPaidByGroupRemunerationEtcPaidByGroupToEachDirectorOrOtherOfficer	連結報酬等の総額、役員ごとの連結報酬等	CurrentYearDuration_jpcrp030000-asr_E03606-000KubotaHiroshiMember	JPY	216000000
jpcrp_cor:TotalAmountOfRemunerationEtcPaidByGroupRemunerationEtcPaidByGroupToEachDirectorOrOtherOfficer	連結報酬等の総額、役員ごとの連結報酬等	CurrentYearDuration_jpcrp030000-asr_E03606-000MiyashitaYutakaMember	JPY	143000000
jpcrp_cor:TotalAmountOfRemunerationEtcPaidByGroupRemunerationEtcPaidByGroupToEachDirectorOrOtherOfficer	連結報酬等の総額、役員ごとの連結報酬等	CurrentYearDuration_jpcrp030000-asr_E03606-000NakahamaFumitakaMember	JPY	143000000
jpcrp_cor:TotalAmountOfRemunerationEtcPaidByGroupRemunerationEtcPaidByGroupToEachDirectorOrOtherOfficer	連結報酬等の総額、役員ごとの連結報酬等	CurrentYearDuration_jpcrp030000-asr_E03606-000SekiHiroyukiMember	JPY	187000000
jpcrp_cor:TotalAmountOfRemunerationEtcPaidByGroupRemunerationEtcPaidByGroupToEachDirectorOrOtherOfficer	連結報酬等の総額、役員ごとの連結報酬等	CurrentYearDuration_jpcrp030000-asr_E03606-000YokoyamaShuichiMember	JPY	127000000
jpcrp_cor:TotalAmountOfRemunerationEtcPaidByGroupRemunerationEtcPaidByGroupToEachDirectorOrOtherOfficer	連結報酬等の総額、役員ごとの連結報酬等	CurrentYearDuration_jpcrp030000-asr_E03606-000ItagakiYasushiMember	JPY	161000000
jpcrp_cor:TotalAmountOfRemunerationEtcPaidByGroupRemunerationEtcPaidByGroupToEachDirectorOrOtherOfficer	連結報酬等の総額、役員ごとの連結報酬等	CurrentYearDuration_jpcrp030000-asr_E03606-000IharaTakafumiMember	JPY	158000000
jpcrp_cor:TotalAmountOfRemunerationEtcPaidByGroupRemunerationEtcPaidByGroupToEachDirectorOrOtherOfficer	連結報酬等の総額、役員ごとの連結報酬等	CurrentYearDuration_jpcrp030000-asr_E03606-000TogawaJunMember	JPY	126000000
jpcrp_cor:TotalAmountOfRemunerationEtcPaidByGroupRemunerationEtcPaidByGroupToEachDirectorOrOtherOfficer	連結報酬等の総額、役員ごとの連結報酬等	CurrentYearDuration_jpcrp030000-asr_E03606-000OsawaMasakazuMember	JPY	145000000
jpcrp_cor:TotalAmountOfRemunerationEtcPaidByGroupRemunerationEtcPaidByGroupToEachDirectorOrOtherOfficer	連結報酬等の総額、役員ごとの連結報酬等	CurrentYearDuration_jpcrp030000-asr_E03606-000TakaseHideakiMember	JPY	145000000
jpcrp_cor:TotalAmountOfRemunerationEtcPaidByGroupRemunerationEtcPaidByGroupToEachDirectorOrOtherOfficer	連結報酬等の総額、役員ごとの連結報酬等	CurrentYearDuration_jpcrp030000-asr_E03606-000TsukiyamaKeitaroMember	JPY	109000000
jpcrp_cor:TotalAmountOfRemunerationEtcPaidByGroupRemunerationEtcPaidByGroupToEachDirectorOrOtherOfficer	連結報酬等の総額、役員ごとの連結報酬等	CurrentYearDuration_jpcrp030000-asr_E03606-000OchiToshikiMember	JPY	109000000
jpcrp_cor:TotalAmountOfRemunerationEtcPaidByGroupRemunerationEtcPaidByGroupToEachDirectorOrOtherOfficer	連結報酬等の総額、役員ごとの連結報酬等	CurrentYearDuration_jpcrp030000-asr_E03606-000YamamotoTadashiMember	JPY	110000000
jpcrp_cor:TotalAmountOfRemunerationEtcPaidByGroupRemunerationEtcPaidByGroupToEachDirectorOrOtherOfficer	連結報酬等の総額、役員ごとの連結報酬等	CurrentYearDuration_jpcrp030000-asr_E03606-000YokomakuKatsunoriMember	JPY	107000000
jpcrp_cor:NumberOfIssuesSharesNotListedInvestmentSharesHeldForPurposesOtherThanPureInvestmentLargestHoldingCompany	銘柄数、非上場株式、保有目的が純投資目的以外の目的である投資株式、最大保有会社	CurrentYearInstant	pure	967
jpcrp_cor:CarryingAmountSharesNotListedInvestmentSharesHeldForPurposesOtherThanPureInvestmentLargestHoldingCompany	貸借対照表計上額、非上場株式、保有目的が純投資目的以外の目的である投資株式、最大保有会社	CurrentYearInstant	JPY	339546000000
jpcrp_cor:NumberOfIssuesSharesOtherThanThoseNotListedInvestmentSharesHeldForPurposesOtherThanPureInvestmentLargestHoldingCompany	銘柄数、非上場株式以外の株式、保有目的が純投資目的以外の目的である投資株式、最大保有会社	CurrentYearInstant	pure	773
jpcrp_cor:CarryingAmountSharesOtherThanThoseNotListedInvestmentSharesHeldForPurposesOtherThanPureInvestmentLargestHoldingCompany	貸借対照表計上額、非上場株式以外の株式、保有目的が純投資目的以外の目的である投資株式、最大保有会社	CurrentYearInstant	JPY	3771758000000
jpcrp_cor:NumberOfIssuesWhoseNumberOfSharesIncreasedSharesNotListedInvestmentSharesHeldForPurposesOtherThanPureInvestmentLargestHoldingCompany	株式数が増加した銘柄数、非上場株式、保有目的が純投資目的以外の目的である投資株式、最大保有会社	CurrentYearDuration	pure	24
jpcrp_cor:TotalAcquisitionCostForIncreasedSharesSharesNotListedInvestmentSharesHeldForPurposesOtherThanPureInvestmentLargestHoldingCompany	株式数の増加に係る取得価額の合計額、非上場株式、保有目的が純投資目的以外の目的である投資株式、最大保有会社	CurrentYearDuration	JPY	28077000000
jpcrp_cor:NumberOfIssuesWhoseNumberOfSharesIncreasedSharesOtherThanThoseNotListedInvestmentSharesHeldForPurposesOtherThanPureInvestmentLargestHoldingCompany	株式数が増加した銘柄数、非上場株式以外の株式、保有目的が純投資目的以外の目的である投資株式、最大保有会社	CurrentYearDuration	pure	1
jpcrp_cor:TotalAcquisitionCostForIncreasedSharesSharesOtherThanThoseNotListedInvestmentSharesHeldForPurposesOtherThanPureInvestmentLargestHoldingCompany	株式数の増加に係る取得価額の合計額、非上場株式以外の株式、保有目的が純投資目的以外の目的である投資株式、最大保有会社	CurrentYearDuration	JPY	23000000
jpcrp_cor:NumberOfIssuesWhoseNumberOfSharesDecreasedSharesNotListedInvestmentSharesHeldForPurposesOtherThanPureInvestmentLargestHoldingCompany	株式数が減少した銘柄数、非上場株式、保有目的が純投資目的以外の目的である投資株式、最大保有会社	CurrentYearDuration	pure	59
jpcrp_cor:TotalSaleAmountForDecreasedSharesSharesNotListedInvestmentSharesHeldForPurposesOtherThanPureInvestmentLargestHoldingCompany	株式数の減少に係る売却価額の合計額、非上場株式、保有目的が純投資目的以外の目的である投資株式、最大保有会社	CurrentYearDuration	JPY	7534000000
jpcrp_cor:NumberOfIssuesWhoseNumberOfSharesDecreasedSharesOtherThanThoseNotListedInvestmentSharesHeldForPurposesOtherThanPureInvestmentLargestHoldingCompany	株式数が減少した銘柄数、非上場株式以外の株式、保有目的が純投資目的以外の目的である投資株式、最大保有会社	CurrentYearDuration	pure	282
jpcrp_cor:TotalSaleAmountForDecreasedSharesSharesOtherThanThoseNotListedInvestmentSharesHeldForPurposesOtherThanPureInvestmentLargestHoldingCompany	株式数の減少に係る売却価額の合計額、非上場株式以外の株式、保有目的が純投資目的以外の目的である投資株式、最大保有会社	CurrentYearDuration	JPY	531605000000
jpcrp_cor:NumberOfSharesHeldDetailsOfSpecifiedInvestmentEquitySecuritiesHeldForPurposesOtherThanPureInvestmentLargestHoldingCompany	株式数、保有目的が純投資目的以外の目的である特定投資株式の明細、最大保有会社	CurrentYearInstant_Row1Member	shares	156830000
jpcrp_cor:NumberOfSharesHeldDetailsOfSpecifiedInvestmentEquitySecuritiesHeldForPurposesOtherThanPureInvestmentLargestHoldingCompany	株式数、保有目的が純投資目的以外の目的である特定投資株式の明細、最大保有会社	Prior1YearInstant_Row1Member	shares	156830000
jpcrp_cor:BookValueDetailsOfSpecifiedInvestmentEquitySecuritiesHeldForPurposesOtherThanPureInvestmentLargestHoldingCompany	貸借対照表計上額、保有目的が純投資目的以外の目的である特定投資株式の明細、最大保有会社	CurrentYearInstant_Row1Member	JPY	495896000000
jpcrp_cor:BookValueDetailsOfSpecifiedInvestmentEquitySecuritiesHeldForPurposesOtherThanPureInvestmentLargestHoldingCompany	貸借対照表計上額、保有目的が純投資目的以外の目的である特定投資株式の明細、最大保有会社	Prior1YearInstant_Row1Member	JPY	410267000000
jpcrp_cor:NumberOfSharesHeldDetailsOfSpecifiedInvestmentEquitySecuritiesHeldForPurposesOtherThanPureInvestmentLargestHoldingCompany	株式数、保有目的が純投資目的以外の目的である特定投資株式の明細、最大保有会社	CurrentYearInstant_Row2Member	shares	44374155
jpcrp_cor:NumberOfSharesHeldDetailsOfSpecifiedInvestmentEquitySecuritiesHeldForPurposesOtherThanPureInvestmentLargestHoldingCompany	株式数、保有目的が純投資目的以外の目的である特定投資株式の明細、最大保有会社	Prior1YearInstant_Row2Member	shares	44374155
jpcrp_cor:BookValueDetailsOfSpecifiedInvestmentEquitySecuritiesHeldForPurposesOtherThanPureInvestmentLargestHoldingCompany	貸借対照表計上額、保有目的が純投資目的以外の目的である特定投資株式の明細、最大保有会社	CurrentYearInstant_Row2Member	JPY	368987000000
jpcrp_cor:BookValueDetailsOfSpecifiedInvestmentEquitySecuritiesHeldForPurposesOtherThanPureInvestmentLargestHoldingCompany	貸借対照表計上額、保有目的が純投資目的以外の目的である特定投資株式の明細、最大保有会社	Prior1YearInstant_Row2Member	JPY	280122000000
jpcrp_cor:NumberOfSharesHeldDetailsOfSpecifiedInvestmentEquitySecuritiesHeldForPurposesOtherThanPureInvestmentLargestHoldingCompany	株式数、保有目的が純投資目的以外の目的である特定投資株式の明細、最大保有会社	CurrentYearInstant_Row3Member	shares	24295905
jpcrp_cor:NumberOfSharesHeldDetailsOfSpecifiedInvestmentEquitySecuritiesHeldForPurposesOtherThanPureInvestmentLargestHoldingCompany	株式数、保有目的が純投資目的以外の目的である特定投資株式の明細、最大保有会社	Prior1YearInstant_Row3Member	shares	24295905
jpcrp_cor:BookValueDetailsOfSpecifiedInvestmentEquitySecuritiesHeldForPurposesOtherThanPureInvestmentLargestHoldingCompany	貸借対照表計上額、保有目的が純投資目的以外の目的である特定投資株式の明細、最大保有会社	CurrentYearInstant_Row3Member	JPY	144560000000
jpcrp_cor:BookValueDetailsOfSpecifiedInvestmentEquitySecuritiesHeldForPurposesOtherThanPureInvestmentLargestHoldingCompany	貸借対照表計上額、保有目的が純投資目的以外の目的である特定投資株式の明細、最大保有会社	Prior1YearInstant_Row3Member	JPY	60569000000
jpcrp_cor:NumberOfSharesHeldDetailsOfSpecifiedInvestmentEquitySecuritiesHeldForPurposesOtherThanPureInvestmentLargestHoldingCompany	株式数、保有目的が純投資目的以外の目的である特定投資株式の明細、最大保有会社	CurrentYearInstant_Row4Member	shares	64003432
jpcrp_cor:NumberOfSharesHeldDetailsOfSpecifiedInvestmentEquitySecuritiesHeldForPurposesOtherThanPureInvestmentLargestHoldingCompany	株式数、保有目的が純投資目的以外の目的である特定投資株式の明細、最大保有会社	Prior1YearInstant_Row4Member	shares	64003432
jpcrp_cor:BookValueDetailsOfSpecifiedInvestmentEquitySecuritiesHeldForPurposesOtherThanPureInvestmentLargestHoldingCompany	貸借対照表計上額、保有目的が純投資目的以外の目的である特定投資株式の明細、最大保有会社	CurrentYearInstant_Row4Member	JPY	120038000000
jpcrp_cor:BookValueDetailsOfSpecifiedInvestmentEquitySecuritiesHeldForPurposesOtherThanPureInvestmentLargestHoldingCompany	貸借対照表計上額、保有目的が純投資目的以外の目的である特定投資株式の明細、最大保有会社	Prior1YearInstant_Row4Member	JPY	115846000000
jpcrp_cor:NumberOfSharesHeldDetailsOfSpecifiedInvestmentEquitySecuritiesHeldForPurposesOtherThanPureInvestmentLargestHoldingCompany	株式数、保有目的が純投資目的以外の目的である特定投資株式の明細、最大保有会社	CurrentYearInstant_Row5Member	shares	142913428
jpcrp_cor:NumberOfSharesHeldDetailsOfSpecifiedInvestmentEquitySecuritiesHeldForPurposesOtherThanPureInvestmentLargestHoldingCompany	株式数、保有目的が純投資目的以外の目的である特定投資株式の明細、最大保有会社	Prior1YearInstant_Row5Member	shares	142913428
jpcrp_cor:BookValueDetailsOfSpecifiedInvestmentEquitySecuritiesHeldForPurposesOtherThanPureInvestmentLargestHoldingCompany	貸借対照表計上額、保有目的が純投資目的以外の目的である特定投資株式の明細、最大保有会社	CurrentYearInstant_Row5Member	JPY	83627000000
jpcrp_cor:BookValueDetailsOfSpecifiedInvestmentEquitySecuritiesHeldForPurposesOtherThanPureInvestmentLargestHoldingCompany	貸借対照表計上額、保有目的が純投資目的以外の目的である特定投資株式の明細、最大保有会社	Prior1YearInstant_Row5Member	JPY	96798000000
jpcrp_cor:NumberOfSharesHeldDetailsOfSpecifiedInvestmentEquitySecuritiesHeldForPurposesOtherThanPureInvestmentLargestHoldingCompany	株式数、保有目的が純投資目的以外の目的である特定投資株式の明細、最大保有会社	CurrentYearInstant_Row6Member	shares	3811200
jpcrp_cor:NumberOfSharesHeldDetailsOfSpecifiedInvestmentEquitySecuritiesHeldForPurposesOtherThanPureInvestmentLargestHoldingCompany	株式数、保有目的が純投資目的以外の目的である特定投資株式の明細、最大保有会社	Prior1YearInstant_Row6Member	shares	4083400
jpcrp_cor:BookValueDetailsOfSpecifiedInvestmentEquitySecuritiesHeldForPurposesOtherThanPureInvestmentLargestHoldingCompany	貸借対照表計上額、保有目的が純投資目的以外の目的である特定投資株式の明細、最大保有会社	CurrentYearInstant_Row6Member	JPY	71212000000
jpcrp_cor:BookValueDetailsOfSpecifiedInvestmentEquitySecuritiesHeldForPurposesOtherThanPureInvestmentLargestHoldingCompany	貸借対照表計上額、保有目的が純投資目的以外の目的である特定投資株式の明細、最大保有会社	Prior1YearInstant_Row6Member	JPY	65906000000
jpcrp_cor:NumberOfSharesHeldDetailsOfSpecifiedInvestmentEquitySecuritiesHeldForPurposesOtherThanPureInvestmentLargestHoldingCompany	株式数、保有目的が純投資目的以外の目的である特定投資株式の明細、最大保有会社	CurrentYearInstant_Row7Member	shares	50348620
jpcrp_cor:NumberOfSharesHeldDetailsOfSpecifiedInvestmentEquitySecuritiesHeldForPurposesOtherThanPureInvestmentLargestHoldingCompany	株式数、保有目的が純投資目的以外の目的である特定投資株式の明細、最大保有会社	Prior1YearInstant_Row7Member	shares	50348620
jpcrp_cor:BookValueDetailsOfSpecifiedInvestmentEquitySecuritiesHeldForPurposesOtherThanPureInvestmentLargestHoldingCompany	貸借対照表計上額、保有目的が純投資目的以外の目的である特定投資株式の明細、最大保有会社	CurrentYearInstant_Row7Member	JPY	70538000000
jpcrp_cor:BookValueDetailsOfSpecifiedInvestmentEquitySecuritiesHeldForPurposesOtherThanPureInvestmentLargestHoldingCompany	貸借対照表計上額、保有目的が純投資目的以外の目的である特定投資株式の明細、最大保有会社	Prior1YearInstant_Row7Member	JPY	50726000000
jpcrp_cor:NumberOfSharesHeldDetailsOfSpecifiedInvestmentEquitySecuritiesHeldForPurposesOtherThanPureInvestmentLargestHoldingCompany	株式数、保有目的が純投資目的以外の目的である特定投資株式の明細、最大保有会社	CurrentYearInstant_Row8Member	shares	29703608
jpcrp_cor:NumberOfSharesHeldDetailsOfSpecifiedInvestmentEquitySecuritiesHeldForPurposesOtherThanPureInvestmentLargestHoldingCompany	株式数、保有目的が純投資目的以外の目的である特定投資株式の明細、最大保有会社	Prior1YearInstant_Row8Member	shares	29703608
jpcrp_cor:BookValueDetailsOfSpecifiedInvestmentEquitySecuritiesHeldForPurposesOtherThanPureInvestmentLargestHoldingCompany	貸借対照表計上額、保有目的が純投資目的以外の目的である特定投資株式の明細、最大保有会社	CurrentYearInstant_Row8Member	JPY	58397000000
jpcrp_cor:BookValueDetailsOfSpecifiedInvestmentEquitySecuritiesHeldForPurposesOtherThanPureInvestmentLargestHoldingCompany	貸借対照表計上額、保有目的が純投資目的以外の目的である特定投資株式の明細、最大保有会社	Prior1YearInstant_Row8Member	JPY	74021000000
jpcrp_cor:NumberOfSharesHeldDetailsOfSpecifiedInvestmentEquitySecuritiesHeldForPurposesOtherThanPureInvestmentLargestHoldingCompany	株式数、保有目的が純投資目的以外の目的である特定投資株式の明細、最大保有会社	CurrentYearInstant_Row9Member	shares	1003384
jpcrp_cor:NumberOfSharesHeldDetailsOfSpecifiedInvestmentEquitySecuritiesHeldForPurposesOtherThanPureInvestmentLargestHoldingCompany	株式数、保有目的が純投資目的以外の目的である特定投資株式の明細、最大保有会社	Prior1YearInstant_Row9Member	shares	1003384
jpcrp_cor:BookValueDetailsOfSpecifiedInvestmentEquitySecuritiesHeldForPurposesOtherThanPureInvestmentLargestHoldingCompany	貸借対照表計上額、保有目的が純投資目的以外の目的である特定投資株式の明細、最大保有会社	CurrentYearInstant_Row9Member	JPY	55045000000
jpcrp_cor:BookValueDetailsOfSpecifiedInvestmentEquitySecuritiesHeldForPurposesOtherThanPureInvestmentLargestHoldingCompany	貸借対照表計上額、保有目的が純投資目的以外の目的である特定投資株式の明細、最大保有会社	Prior1YearInstant_Row9Member	JPY	58677000000
jpcrp_cor:NumberOfSharesHeldDetailsOfSpecifiedInvestmentEquitySecuritiesHeldForPurposesOtherThanPureInvestmentLargestHoldingCompany	株式数、保有目的が純投資目的以外の目的である特定投資株式の明細、最大保有会社	CurrentYearInstant_Row10Member	shares	13390500
jpcrp_cor:NumberOfSharesHeldDetailsOfSpecifiedInvestmentEquitySecuritiesHeldForPurposesOtherThanPureInvestmentLargestHoldingCompany	株式数、保有目的が純投資目的以外の目的である特定投資株式の明細、最大保有会社	Prior1YearInstant_Row10Member	shares	17390500
jpcrp_cor:BookValueDetailsOfSpecifiedInvestmentEquitySecuritiesHeldForPurposesOtherThanPureInvestmentLargestHoldingCompany	貸借対照表計上額、保有目的が純投資目的以外の目的である特定投資株式の明細、最大保有会社	CurrentYearInstant_Row10Member	JPY	54686000000
jpcrp_cor:BookValueDetailsOfSpecifiedInvestmentEquitySecuritiesHeldForPurposesOtherThanPureInvestmentLargestHoldingCompany	貸借対照表計上額、保有目的が純投資目的以外の目的である特定投資株式の明細、最大保有会社	Prior1YearInstant_Row10Member	JPY	49632000000
jpcrp_cor:NumberOfSharesHeldDetailsOfSpecifiedInvestmentEquitySecuritiesHeldForPurposesOtherThanPureInvestmentLargestHoldingCompany	株式数、保有目的が純投資目的以外の目的である特定投資株式の明細、最大保有会社	CurrentYearInstant_Row11Member	shares	8391680
jpcrp_cor:NumberOfSharesHeldDetailsOfSpecifiedInvestmentEquitySecuritiesHeldForPurposesOtherThanPureInvestmentLargestHoldingCompany	株式数、保有目的が純投資目的以外の目的である特定投資株式の明細、最大保有会社	Prior1YearInstant_Row11Member	shares	8391680
jpcrp_cor:BookValueDetailsOfSpecifiedInvestmentEquitySecuritiesHeldForPurposesOtherThanPureInvestmentLargestHoldingCompany	貸借対照表計上額、保有目的が純投資目的以外の目的である特定投資株式の明細、最大保有会社	CurrentYearInstant_Row11Member	JPY	53547000000
jpcrp_cor:BookValueDetailsOfSpecifiedInvestmentEquitySecuritiesHeldForPurposesOtherThanPureInvestmentLargestHoldingCompany	貸借対照表計上額、保有目的が純投資目的以外の目的である特定投資株式の明細、最大保有会社	Prior1YearInstant_Row11Member	JPY	28389000000
jpcrp_cor:NumberOfSharesHeldDetailsOfSpecifiedInvestmentEquitySecuritiesHeldForPurposesOtherThanPureInvestmentLargestHoldingCompany	株式数、保有目的が純投資目的以外の目的である特定投資株式の明細、最大保有会社	CurrentYearInstant_Row12Member	shares	520357200
jpcrp_cor:NumberOfSharesHeldDetailsOfSpecifiedInvestmentEquitySecuritiesHeldForPurposesOtherThanPureInvestmentLargestHoldingCompany	株式数、保有目的が純投資目的以外の目的である特定投資株式の明細、最大保有会社	Prior1YearInstant_Row12Member	shares	520357200
jpcrp_cor:BookValueDetailsOfSpecifiedInvestmentEquitySecuritiesHeldForPurposesOtherThanPureInvestmentLargestHoldingCompany	貸借対照表計上額、保有目的が純投資目的以外の目的である特定投資株式の明細、最大保有会社	CurrentYearInstant_Row12Member	JPY	52757000000
jpcrp_cor:BookValueDetailsOfSpecifiedInvestmentEquitySecuritiesHeldForPurposesOtherThanPureInvestmentLargestHoldingCompany	貸借対照表計上額、保有目的が純投資目的以外の目的である特定投資株式の明細、最大保有会社	Prior1YearInstant_Row12Member	JPY	46905000000
jpcrp_cor:NumberOfSharesHeldDetailsOfSpecifiedInvestmentEquitySecuritiesHeldForPurposesOtherThanPureInvestmentLargestHoldingCompany	株式数、保有目的が純投資目的以外の目的である特定投資株式の明細、最大保有会社	CurrentYearInstant_Row13Member	shares	13950000
jpcrp_cor:NumberOfSharesHeldDetailsOfSpecifiedInvestmentEquitySecuritiesHeldForPurposesOtherThanPureInvestmentLargestHoldingCompany	株式数、保有目的が純投資目的以外の目的である特定投資株式の明細、最大保有会社	Prior1YearInstant_Row13Member	shares	13950000
jpcrp_cor:BookValueDetailsOfSpecifiedInvestmentEquitySecuritiesHeldForPurposesOtherThanPureInvestmentLargestHoldingCompany	貸借対照表計上額、保有目的が純投資目的以外の目的である特定投資株式の明細、最大保有会社	CurrentYearInstant_Row13Member	JPY	50568000000
jpcrp_cor:BookValueDetailsOfSpecifiedInvestmentEquitySecuritiesHeldForPurposesOtherThanPureInvestmentLargestHoldingCompany	貸借対照表計上額、保有目的が純投資目的以外の目的である特定投資株式の明細、最大保有会社	Prior1YearInstant_Row13Member	JPY	41180000000
jpcrp_cor:NumberOfSharesHeldDetailsOfSpecifiedInvestmentEquitySecuritiesHeldForPurposesOtherThanPureInvestmentLargestHoldingCompany	株式数、保有目的が純投資目的以外の目的である特定投資株式の明細、最大保有会社	CurrentYearInstant_Row14Member	shares	1504000
jpcrp_cor:NumberOfSharesHeldDetailsOfSpecifiedInvestmentEquitySecuritiesHeldForPurposesOtherThanPureInvestmentLargestHoldingCompany	株式数、保有目的が純投資目的以外の目的である特定投資株式の明細、最大保有会社	Prior1YearInstant_Row14Member	shares	1504000
jpcrp_cor:BookValueDetailsOfSpecifiedInvestmentEquitySecuritiesHeldForPurposesOtherThanPureInvestmentLargestHoldingCompany	貸借対照表計上額、保有目的が純投資目的以外の目的である特定投資株式の明細、最大保有会社	CurrentYearInstant_Row14Member	JPY	50158000000
jpcrp_cor:BookValueDetailsOfSpecifiedInvestmentEquitySecuritiesHeldForPurposesOtherThanPureInvestmentLargestHoldingCompany	貸借対照表計上額、保有目的が純投資目的以外の目的である特定投資株式の明細、最大保有会社	Prior1YearInstant_Row14Member	JPY	19070000000
jpcrp_cor:NumberOfSharesHeldDetailsOfSpecifiedInvestmentEquitySecuritiesHeldForPurposesOtherThanPureInvestmentLargestHoldingCompany	株式数、保有目的が純投資目的以外の目的である特定投資株式の明細、最大保有会社	CurrentYearInstant_Row15Member	shares	22546000
jpcrp_cor:NumberOfSharesHeldDetailsOfSpecifiedInvestmentEquitySecuritiesHeldForPurposesOtherThanPureInvestmentLargestHoldingCompany	株式数、保有目的が純投資目的以外の目的である特定投資株式の明細、最大保有会社	Prior1YearInstant_Row15Member	shares	4509200
jpcrp_cor:BookValueDetailsOfSpecifiedInvestmentEquitySecuritiesHeldForPurposesOtherThanPureInvestmentLargestHoldingCompany	貸借対照表計上額、保有目的が純投資目的以外の目的である特定投資株式の明細、最大保有会社	CurrentYearInstant_Row15Member	JPY	44517000000
jpcrp_cor:BookValueDetailsOfSpecifiedInvestmentEquitySecuritiesHeldForPurposesOtherThanPureInvestmentLargestHoldingCompany	貸借対照表計上額、保有目的が純投資目的以外の目的である特定投資株式の明細、最大保有会社	Prior1YearInstant_Row15Member	JPY	31117000000
jpcrp_cor:NumberOfSharesHeldDetailsOfSpecifiedInvestmentEquitySecuritiesHeldForPurposesOtherThanPureInvestmentLargestHoldingCompany	株式数、保有目的が純投資目的以外の目的である特定投資株式の明細、最大保有会社	CurrentYearInstant_Row16Member	shares	18387640
jpcrp_cor:NumberOfSharesHeldDetailsOfSpecifiedInvestmentEquitySecuritiesHeldForPurposesOtherThanPureInvestmentLargestHoldingCompany	株式数、保有目的が純投資目的以外の目的である特定投資株式の明細、最大保有会社	Prior1YearInstant_Row16Member	shares	18387640
jpcrp_cor:BookValueDetailsOfSpecifiedInvestmentEquitySecuritiesHeldForPurposesOtherThanPureInvestmentLargestHoldingCompany	貸借対照表計上額、保有目的が純投資目的以外の目的である特定投資株式の明細、最大保有会社	CurrentYearInstant_Row16Member	JPY	43725000000
jpcrp_cor:BookValueDetailsOfSpecifiedInvestmentEquitySecuritiesHeldForPurposesOtherThanPureInvestmentLargestHoldingCompany	貸借対照表計上額、保有目的が純投資目的以外の目的である特定投資株式の明細、最大保有会社	Prior1YearInstant_Row16Member	JPY	30808000000
jpcrp_cor:NumberOfSharesHeldDetailsOfSpecifiedInvestmentEquitySecuritiesHeldForPurposesOtherThanPureInvestmentLargestHoldingCompany	株式数、保有目的が純投資目的以外の目的である特定投資株式の明細、最大保有会社	CurrentYearInstant_Row17Member	shares	8426446
jpcrp_cor:NumberOfSharesHeldDetailsOfSpecifiedInvestmentEquitySecuritiesHeldForPurposesOtherThanPureInvestmentLargestHoldingCompany	株式数、保有目的が純投資目的以外の目的である特定投資株式の明細、最大保有会社	Prior1YearInstant_Row17Member	shares	8426446
jpcrp_cor:BookValueDetailsOfSpecifiedInvestmentEquitySecuritiesHeldForPurposesOtherThanPureInvestmentLargestHoldingCompany	貸借対照表計上額、保有目的が純投資目的以外の目的である特定投資株式の明細、最大保有会社	CurrentYearInstant_Row17Member	JPY	42781000000
jpcrp_cor:BookValueDetailsOfSpecifiedInvestmentEquitySecuritiesHeldForPurposesOtherThanPureInvestmentLargestHoldingCompany	貸借対照表計上額、保有目的が純投資目的以外の目的である特定投資株式の明細、最大保有会社	Prior1YearInstant_Row17Member	JPY	41500000000
jpcrp_cor:NumberOfSharesHeldDetailsOfSpecifiedInvestmentEquitySecuritiesHeldForPurposesOtherThanPureInvestmentLargestHoldingCompany	株式数、保有目的が純投資目的以外の目的である特定投資株式の明細、最大保有会社	CurrentYearInstant_Row18Member	shares	6075000
jpcrp_cor:NumberOfSharesHeldDetailsOfSpecifiedInvestmentEquitySecuritiesHeldForPurposesOtherThanPureInvestmentLargestHoldingCompany	株式数、保有目的が純投資目的以外の目的である特定投資株式の明細、最大保有会社	Prior1YearInstant_Row18Member	shares	9112500
jpcrp_cor:BookValueDetailsOfSpecifiedInvestmentEquitySecuritiesHeldForPurposesOtherThanPureInvestmentLargestHoldingCompany	貸借対照表計上額、保有目的が純投資目的以外の目的である特定投資株式の明細、最大保有会社	CurrentYearInstant_Row18Member	JPY	36200000000
jpcrp_cor:BookValueDetailsOfSpecifiedInvestmentEquitySecuritiesHeldForPurposesOtherThanPureInvestmentLargestHoldingCompany	貸借対照表計上額、保有目的が純投資目的以外の目的である特定投資株式の明細、最大保有会社	Prior1YearInstant_Row18Member	JPY	25510000000
jpcrp_cor:NumberOfSharesHeldDetailsOfSpecifiedInvestmentEquitySecuritiesHeldForPurposesOtherThanPureInvestmentLargestHoldingCompany	株式数、保有目的が純投資目的以外の目的である特定投資株式の明細、最大保有会社	CurrentYearInstant_Row19Member	shares	7000192
jpcrp_cor:NumberOfSharesHeldDetailsOfSpecifiedInvestmentEquitySecuritiesHeldForPurposesOtherThanPureInvestmentLargestHoldingCompany	株式数、保有目的が純投資目的以外の目的である特定投資株式の明細、最大保有会社	Prior1YearInstant_Row19Member	shares	7000192
jpcrp_cor:BookValueDetailsOfSpecifiedInvestmentEquitySecuritiesHeldForPurposesOtherThanPureInvestmentLargestHoldingCompany	貸借対照表計上額、保有目的が純投資目的以外の目的である特定投資株式の明細、最大保有会社	CurrentYearInstant_Row19Member	JPY	34426000000
jpcrp_cor:BookValueDetailsOfSpecifiedInvestmentEquitySecuritiesHeldForPurposesOtherThanPureInvestmentLargestHoldingCompany	貸借対照表計上額、保有目的が純投資目的以外の目的である特定投資株式の明細、最大保有会社	Prior1YearInstant_Row19Member	JPY	34566000000
jpcrp_cor:NumberOfSharesHeldDetailsOfSpecifiedInvestmentEquitySecuritiesHeldForPurposesOtherThanPureInvestmentLargestHoldingCompany	株式数、保有目的が純投資目的以外の目的である特定投資株式の明細、最大保有会社	CurrentYearInstant_Row20Member	shares	67080985
jpcrp_cor:NumberOfSharesHeldDetailsOfSpecifiedInvestmentEquitySecuritiesHeldForPurposesOtherThanPureInvestmentLargestHoldingCompany	株式数、保有目的が純投資目的以外の目的である特定投資株式の明細、最大保有会社	Prior1YearInstant_Row20Member	shares	67080985
jpcrp_cor:BookValueDetailsOfSpecifiedInvestmentEquitySecuritiesHeldForPurposesOtherThanPureInvestmentLargestHoldingCompany	貸借対照表計上額、保有目的が純投資目的以外の目的である特定投資株式の明細、最大保有会社	CurrentYearInstant_Row20Member	JPY	34120000000
jpcrp_cor:BookValueDetailsOfSpecifiedInvestmentEquitySecuritiesHeldForPurposesOtherThanPureInvestmentLargestHoldingCompany	貸借対照表計上額、保有目的が純投資目的以外の目的である特定投資株式の明細、最大保有会社	Prior1YearInstant_Row20Member	JPY	19757000000
jpcrp_cor:NumberOfSharesHeldDetailsOfSpecifiedInvestmentEquitySecuritiesHeldForPurposesOtherThanPureInvestmentLargestHoldingCompany	株式数、保有目的が純投資目的以外の目的である特定投資株式の明細、最大保有会社	CurrentYearInstant_Row21Member	shares	12733929
jpcrp_cor:NumberOfSharesHeldDetailsOfSpecifiedInvestmentEquitySecuritiesHeldForPurposesOtherThanPureInvestmentLargestHoldingCompany	株式数、保有目的が純投資目的以外の目的である特定投資株式の明細、最大保有会社	Prior1YearInstant_Row21Member	shares	14607629
jpcrp_cor:BookValueDetailsOfSpecifiedInvestmentEquitySecuritiesHeldForPurposesOtherThanPureInvestmentLargestHoldingCompany	貸借対照表計上額、保有目的が純投資目的以外の目的である特定投資株式の明細、最大保有会社	CurrentYearInstant_Row21Member	JPY	31287000000
jpcrp_cor:BookValueDetailsOfSpecifiedInvestmentEquitySecuritiesHeldForPurposesOtherThanPureInvestmentLargestHoldingCompany	貸借対照表計上額、保有目的が純投資目的以外の目的である特定投資株式の明細、最大保有会社	Prior1YearInstant_Row21Member	JPY	26746000000
jpcrp_cor:NumberOfSharesHeldDetailsOfSpecifiedInvestmentEquitySecuritiesHeldForPurposesOtherThanPureInvestmentLargestHoldingCompany	株式数、保有目的が純投資目的以外の目的である特定投資株式の明細、最大保有会社	CurrentYearInstant_Row22Member	shares	20750000
jpcrp_cor:NumberOfSharesHeldDetailsOfSpecifiedInvestmentEquitySecuritiesHeldForPurposesOtherThanPureInvestmentLargestHoldingCompany	株式数、保有目的が純投資目的以外の目的である特定投資株式の明細、最大保有会社	Prior1YearInstant_Row22Member	shares	20750000
jpcrp_cor:BookValueDetailsOfSpecifiedInvestmentEquitySecuritiesHeldForPurposesOtherThanPureInvestmentLargestHoldingCompany	貸借対照表計上額、保有目的が純投資目的以外の目的である特定投資株式の明細、最大保有会社	CurrentYearInstant_Row22Member	JPY	30678000000
jpcrp_cor:BookValueDetailsOfSpecifiedInvestmentEquitySecuritiesHeldForPurposesOtherThanPureInvestmentLargestHoldingCompany	貸借対照表計上額、保有目的が純投資目的以外の目的である特定投資株式の明細、最大保有会社	Prior1YearInstant_Row22Member	JPY	31042000000
jpcrp_cor:NumberOfSharesHeldDetailsOfSpecifiedInvestmentEquitySecuritiesHeldForPurposesOtherThanPureInvestmentLargestHoldingCompany	株式数、保有目的が純投資目的以外の目的である特定投資株式の明細、最大保有会社	CurrentYearInstant_Row23Member	shares	16235028
jpcrp_cor:NumberOfSharesHeldDetailsOfSpecifiedInvestmentEquitySecuritiesHeldForPurposesOtherThanPureInvestmentLargestHoldingCompany	株式数、保有目的が純投資目的以外の目的である特定投資株式の明細、最大保有会社	Prior1YearInstant_Row23Member	shares	5411676
jpcrp_cor:BookValueDetailsOfSpecifiedInvestmentEquitySecuritiesHeldForPurposesOtherThanPureInvestmentLargestHoldingCompany	貸借対照表計上額、保有目的が純投資目的以外の目的である特定投資株式の明細、最大保有会社	CurrentYearInstant_Row23Member	JPY	30594000000
jpcrp_cor:BookValueDetailsOfSpecifiedInvestmentEquitySecuritiesHeldForPurposesOtherThanPureInvestmentLargestHoldingCompany	貸借対照表計上額、保有目的が純投資目的以外の目的である特定投資株式の明細、最大保有会社	Prior1YearInstant_Row23Member	JPY	20293000000
jpcrp_cor:NumberOfSharesHeldDetailsOfSpecifiedInvestmentEquitySecuritiesHeldForPurposesOtherThanPureInvestmentLargestHoldingCompany	株式数、保有目的が純投資目的以外の目的である特定投資株式の明細、最大保有会社	CurrentYearInstant_Row24Member	shares	7204443
jpcrp_cor:NumberOfSharesHeldDetailsOfSpecifiedInvestmentEquitySecuritiesHeldForPurposesOtherThanPureInvestmentLargestHoldingCompany	株式数、保有目的が純投資目的以外の目的である特定投資株式の明細、最大保有会社	Prior1YearInstant_Row24Member	shares	7204443
jpcrp_cor:BookValueDetailsOfSpecifiedInvestmentEquitySecuritiesHeldForPurposesOtherThanPureInvestmentLargestHoldingCompany	貸借対照表計上額、保有目的が純投資目的以外の目的である特定投資株式の明細、最大保有会社	CurrentYearInstant_Row24Member	JPY	28652000000
jpcrp_cor:BookValueDetailsOfSpecifiedInvestmentEquitySecuritiesHeldForPurposesOtherThanPureInvestmentLargestHoldingCompany	貸借対照表計上額、保有目的が純投資目的以外の目的である特定投資株式の明細、最大保有会社	Prior1YearInstant_Row24Member	JPY	13223000000
jpcrp_cor:NumberOfSharesHeldDetailsOfSpecifiedInvestmentEquitySecuritiesHeldForPurposesOtherThanPureInvestmentLargestHoldingCompany	株式数、保有目的が純投資目的以外の目的である特定投資株式の明細、最大保有会社	CurrentYearInstant_Row25Member	shares	7672477
jpcrp_cor:NumberOfSharesHeldDetailsOfSpecifiedInvestmentEquitySecuritiesHeldForPurposesOtherThanPureInvestmentLargestHoldingCompany	株式数、保有目的が純投資目的以外の目的である特定投資株式の明細、最大保有会社	Prior1YearInstant_Row25Member	shares	7672477
jpcrp_cor:BookValueDetailsOfSpecifiedInvestmentEquitySecuritiesHeldForPurposesOtherThanPureInvestmentLargestHoldingCompany	貸借対照表計上額、保有目的が純投資目的以外の目的である特定投資株式の明細、最大保有会社	CurrentYearInstant_Row25Member	JPY	28303000000
jpcrp_cor:BookValueDetailsOfSpecifiedInvestmentEquitySecuritiesHeldForPurposesOtherThanPureInvestmentLargestHoldingCompany	貸借対照表計上額、保有目的が純投資目的以外の目的である特定投資株式の明細、最大保有会社	Prior1YearInstant_Row25Member	JPY	28618000000
jpcrp_cor:NumberOfSharesHeldDetailsOfSpecifiedInvestmentEquitySecuritiesHeldForPurposesOtherThanPureInvestmentLargestHoldingCompany	株式数、保有目的が純投資目的以外の目的である特定投資株式の明細、最大保有会社	CurrentYearInstant_Row26Member	shares	3138856
jpcrp_cor:NumberOfSharesHeldDetailsOfSpecifiedInvestmentEquitySecuritiesHeldForPurposesOtherThanPureInvestmentLargestHoldingCompany	株式数、保有目的が純投資目的以外の目的である特定投資株式の明細、最大保有会社	Prior1YearInstant_Row26Member	shares	1569428
jpcrp_cor:BookValueDetailsOfSpecifiedInvestmentEquitySecuritiesHeldForPurposesOtherThanPureInvestmentLargestHoldingCompany	貸借対照表計上額、保有目的が純投資目的以外の目的である特定投資株式の明細、最大保有会社	CurrentYearInstant_Row26Member	JPY	28061000000
jpcrp_cor:BookValueDetailsOfSpecifiedInvestmentEquitySecuritiesHeldForPurposesOtherThanPureInvestmentLargestHoldingCompany	貸借対照表計上額、保有目的が純投資目的以外の目的である特定投資株式の明細、最大保有会社	Prior1YearInstant_Row26Member	JPY	15058000000
jpcrp_cor:NumberOfSharesHeldDetailsOfSpecifiedInvestmentEquitySecuritiesHeldForPurposesOtherThanPureInvestmentLargestHoldingCompany	株式数、保有目的が純投資目的以外の目的である特定投資株式の明細、最大保有会社	CurrentYearInstant_Row27Member	shares	8820000
jpcrp_cor:NumberOfSharesHeldDetailsOfSpecifiedInvestmentEquitySecuritiesHeldForPurposesOtherThanPureInvestmentLargestHoldingCompany	株式数、保有目的が純投資目的以外の目的である特定投資株式の明細、最大保有会社	Prior1YearInstant_Row27Member	shares	8820000
jpcrp_cor:BookValueDetailsOfSpecifiedInvestmentEquitySecuritiesHeldForPurposesOtherThanPureInvestmentLargestHoldingCompany	貸借対照表計上額、保有目的が純投資目的以外の目的である特定投資株式の明細、最大保有会社	CurrentYearInstant_Row27Member	JPY	27588000000
jpcrp_cor:BookValueDetailsOfSpecifiedInvestmentEquitySecuritiesHeldForPurposesOtherThanPureInvestmentLargestHoldingCompany	貸借対照表計上額、保有目的が純投資目的以外の目的である特定投資株式の明細、最大保有会社	Prior1YearInstant_Row27Member	JPY	25723000000
jpcrp_cor:NumberOfSharesHeldDetailsOfSpecifiedInvestmentEquitySecuritiesHeldForPurposesOtherThanPureInvestmentLargestHoldingCompany	株式数、保有目的が純投資目的以外の目的である特定投資株式の明細、最大保有会社	CurrentYearInstant_Row28Member	shares	15114000
jpcrp_cor:NumberOfSharesHeldDetailsOfSpecifiedInvestmentEquitySecuritiesHeldForPurposesOtherThanPureInvestmentLargestHoldingCompany	株式数、保有目的が純投資目的以外の目的である特定投資株式の明細、最大保有会社	Prior1YearInstant_Row28Member	shares	15114000
jpcrp_cor:BookValueDetailsOfSpecifiedInvestmentEquitySecuritiesHeldForPurposesOtherThanPureInvestmentLargestHoldingCompany	貸借対照表計上額、保有目的が純投資目的以外の目的である特定投資株式の明細、最大保有会社	CurrentYearInstant_Row28Member	JPY	27303000000
jpcrp_cor:BookValueDetailsOfSpecifiedInvestmentEquitySecuritiesHeldForPurposesOtherThanPureInvestmentLargestHoldingCompany	貸借対照表計上額、保有目的が純投資目的以外の目的である特定投資株式の明細、最大保有会社	Prior1YearInstant_Row28Member	JPY	23086000000
jpcrp_cor:NumberOfSharesHeldDetailsOfSpecifiedInvestmentEquitySecuritiesHeldForPurposesOtherThanPureInvestmentLargestHoldingCompany	株式数、保有目的が純投資目的以外の目的である特定投資株式の明細、最大保有会社	CurrentYearInstant_Row29Member	shares	3622020
jpcrp_cor:NumberOfSharesHeldDetailsOfSpecifiedInvestmentEquitySecuritiesHeldForPurposesOtherThanPureInvestmentLargestHoldingCompany	株式数、保有目的が純投資目的以外の目的である特定投資株式の明細、最大保有会社	Prior1YearInstant_Row29Member	shares	3622020
jpcrp_cor:BookValueDetailsOfSpecifiedInvestmentEquitySecuritiesHeldForPurposesOtherThanPureInvestmentLargestHoldingCompany	貸借対照表計上額、保有目的が純投資目的以外の目的である特定投資株式の明細、最大保有会社	CurrentYearInstant_Row29Member	JPY	26701000000
jpcrp_cor:BookValueDetailsOfSpecifiedInvestmentEquitySecuritiesHeldForPurposesOtherThanPureInvestmentLargestHoldingCompany	貸借対照表計上額、保有目的が純投資目的以外の目的である特定投資株式の明細、最大保有会社	Prior1YearInstant_Row29Member	JPY	11217000000
jpcrp_cor:NumberOfSharesHeldDetailsOfSpecifiedInvestmentEquitySecuritiesHeldForPurposesOtherThanPureInvestmentLargestHoldingCompany	株式数、保有目的が純投資目的以外の目的である特定投資株式の明細、最大保有会社	CurrentYearInstant_Row30Member	shares	10181739
jpcrp_cor:NumberOfSharesHeldDetailsOfSpecifiedInvestmentEquitySecuritiesHeldForPurposesOtherThanPureInvestmentLargestHoldingCompany	株式数、保有目的が純投資目的以外の目的である特定投資株式の明細、最大保有会社	Prior1YearInstant_Row30Member	shares	10181739
jpcrp_cor:BookValueDetailsOfSpecifiedInvestmentEquitySecuritiesHeldForPurposesOtherThanPureInvestmentLargestHoldingCompany	貸借対照表計上額、保有目的が純投資目的以外の目的である特定投資株式の明細、最大保有会社	CurrentYearInstant_Row30Member	JPY	25810000000
jpcrp_cor:BookValueDetailsOfSpecifiedInvestmentEquitySecuritiesHeldForPurposesOtherThanPureInvestmentLargestHoldingCompany	貸借対照表計上額、保有目的が純投資目的以外の目的である特定投資株式の明細、最大保有会社	Prior1YearInstant_Row30Member	JPY	22130000000
jpcrp_cor:NumberOfSharesHeldDetailsOfSpecifiedInvestmentEquitySecuritiesHeldForPurposesOtherThanPureInvestmentLargestHoldingCompany	株式数、保有目的が純投資目的以外の目的である特定投資株式の明細、最大保有会社	CurrentYearInstant_Row31Member	shares	40385905
jpcrp_cor:NumberOfSharesHeldDetailsOfSpecifiedInvestmentEquitySecuritiesHeldForPurposesOtherThanPureInvestmentLargestHoldingCompany	株式数、保有目的が純投資目的以外の目的である特定投資株式の明細、最大保有会社	Prior1YearInstant_Row31Member	shares	8077181
jpcrp_cor:BookValueDetailsOfSpecifiedInvestmentEquitySecuritiesHeldForPurposesOtherThanPureInvestmentLargestHoldingCompany	貸借対照表計上額、保有目的が純投資目的以外の目的である特定投資株式の明細、最大保有会社	CurrentYearInstant_Row31Member	JPY	23258000000
jpcrp_cor:BookValueDetailsOfSpecifiedInvestmentEquitySecuritiesHeldForPurposesOtherThanPureInvestmentLargestHoldingCompany	貸借対照表計上額、保有目的が純投資目的以外の目的である特定投資株式の明細、最大保有会社	Prior1YearInstant_Row31Member	JPY	25806000000
jpcrp_cor:NumberOfSharesHeldDetailsOfSpecifiedInvestmentEquitySecuritiesHeldForPurposesOtherThanPureInvestmentLargestHoldingCompany	株式数、保有目的が純投資目的以外の目的である特定投資株式の明細、最大保有会社	CurrentYearInstant_Row32Member	shares	8640740
jpcrp_cor:NumberOfSharesHeldDetailsOfSpecifiedInvestmentEquitySecuritiesHeldForPurposesOtherThanPureInvestmentLargestHoldingCompany	株式数、保有目的が純投資目的以外の目的である特定投資株式の明細、最大保有会社	Prior1YearInstant_Row32Member	shares	8640740
jpcrp_cor:BookValueDetailsOfSpecifiedInvestmentEquitySecuritiesHeldForPurposesOtherThanPureInvestmentLargestHoldingCompany	貸借対照表計上額、保有目的が純投資目的以外の目的である特定投資株式の明細、最大保有会社	CurrentYearInstant_Row32Member	JPY	21692000000
jpcrp_cor:BookValueDetailsOfSpecifiedInvestmentEquitySecuritiesHeldForPurposesOtherThanPureInvestmentLargestHoldingCompany	貸借対照表計上額、保有目的が純投資目的以外の目的である特定投資株式の明細、最大保有会社	Prior1YearInstant_Row32Member	JPY	13846000000
jpcrp_cor:NumberOfSharesHeldDetailsOfSpecifiedInvestmentEquitySecuritiesHeldForPurposesOtherThanPureInvestmentLargestHoldingCompany	株式数、保有目的が純投資目的以外の目的である特定投資株式の明細、最大保有会社	CurrentYearInstant_Row33Member	shares	10624873
jpcrp_cor:NumberOfSharesHeldDetailsOfSpecifiedInvestmentEquitySecuritiesHeldForPurposesOtherThanPureInvestmentLargestHoldingCompany	株式数、保有目的が純投資目的以外の目的である特定投資株式の明細、最大保有会社	Prior1YearInstant_Row33Member	shares	10624873
jpcrp_cor:BookValueDetailsOfSpecifiedInvestmentEquitySecuritiesHeldForPurposesOtherThanPureInvestmentLargestHoldingCompany	貸借対照表計上額、保有目的が純投資目的以外の目的である特定投資株式の明細、最大保有会社	CurrentYearInstant_Row33Member	JPY	21207000000
jpcrp_cor:BookValueDetailsOfSpecifiedInvestmentEquitySecuritiesHeldForPurposesOtherThanPureInvestmentLargestHoldingCompany	貸借対照表計上額、保有目的が純投資目的以外の目的である特定投資株式の明細、最大保有会社	Prior1YearInstant_Row33Member	JPY	14864000000
jpcrp_cor:NumberOfSharesHeldDetailsOfSpecifiedInvestmentEquitySecuritiesHeldForPurposesOtherThanPureInvestmentLargestHoldingCompany	株式数、保有目的が純投資目的以外の目的である特定投資株式の明細、最大保有会社	CurrentYearInstant_Row34Member	shares	4500564
jpcrp_cor:NumberOfSharesHeldDetailsOfSpecifiedInvestmentEquitySecuritiesHeldForPurposesOtherThanPureInvestmentLargestHoldingCompany	株式数、保有目的が純投資目的以外の目的である特定投資株式の明細、最大保有会社	Prior1YearInstant_Row34Member	shares	6000564
jpcrp_cor:BookValueDetailsOfSpecifiedInvestmentEquitySecuritiesHeldForPurposesOtherThanPureInvestmentLargestHoldingCompany	貸借対照表計上額、保有目的が純投資目的以外の目的である特定投資株式の明細、最大保有会社	CurrentYearInstant_Row34Member	JPY	19608000000
jpcrp_cor:BookValueDetailsOfSpecifiedInvestmentEquitySecuritiesHeldForPurposesOtherThanPureInvestmentLargestHoldingCompany	貸借対照表計上額、保有目的が純投資目的以外の目的である特定投資株式の明細、最大保有会社	Prior1YearInstant_Row34Member	JPY	27872000000
jpcrp_cor:NumberOfSharesHeldDetailsOfSpecifiedInvestmentEquitySecuritiesHeldForPurposesOtherThanPureInvestmentLargestHoldingCompany	株式数、保有目的が純投資目的以外の目的である特定投資株式の明細、最大保有会社	CurrentYearInstant_Row35Member	shares	3196876
jpcrp_cor:NumberOfSharesHeldDetailsOfSpecifiedInvestmentEquitySecuritiesHeldForPurposesOtherThanPureInvestmentLargestHoldingCompany	株式数、保有目的が純投資目的以外の目的である特定投資株式の明細、最大保有会社	Prior1YearInstant_Row35Member	shares	3196876
jpcrp_cor:BookValueDetailsOfSpecifiedInvestmentEquitySecuritiesHeldForPurposesOtherThanPureInvestmentLargestHoldingCompany	貸借対照表計上額、保有目的が純投資目的以外の目的である特定投資株式の明細、最大保有会社	CurrentYearInstant_Row35Member	JPY	19296000000
jpcrp_cor:BookValueDetailsOfSpecifiedInvestmentEquitySecuritiesHeldForPurposesOtherThanPureInvestmentLargestHoldingCompany	貸借対照表計上額、保有目的が純投資目的以外の目的である特定投資株式の明細、最大保有会社	Prior1YearInstant_Row35Member	JPY	16262000000
jpcrp_cor:NumberOfSharesHeldDetailsOfSpecifiedInvestmentEquitySecuritiesHeldForPurposesOtherThanPureInvestmentLargestHoldingCompany	株式数、保有目的が純投資目的以外の目的である特定投資株式の明細、最大保有会社	CurrentYearInstant_Row36Member	shares	7601140
jpcrp_cor:NumberOfSharesHeldDetailsOfSpecifiedInvestmentEquitySecuritiesHeldForPurposesOtherThanPureInvestmentLargestHoldingCompany	株式数、保有目的が純投資目的以外の目的である特定投資株式の明細、最大保有会社	Prior1YearInstant_Row36Member	shares	7601140
jpcrp_cor:BookValueDetailsOfSpecifiedInvestmentEquitySecuritiesHeldForPurposesOtherThanPureInvestmentLargestHoldingCompany	貸借対照表計上額、保有目的が純投資目的以外の目的である特定投資株式の明細、最大保有会社	CurrentYearInstant_Row36Member	JPY	18299000000
jpcrp_cor:BookValueDetailsOfSpecifiedInvestmentEquitySecuritiesHeldForPurposesOtherThanPureInvestmentLargestHoldingCompany	貸借対照表計上額、保有目的が純投資目的以外の目的である特定投資株式の明細、最大保有会社	Prior1YearInstant_Row36Member	JPY	16999000000
jpcrp_cor:NumberOfSharesHeldDetailsOfSpecifiedInvestmentEquitySecuritiesHeldForPurposesOtherThanPureInvestmentLargestHoldingCompany	株式数、保有目的が純投資目的以外の目的である特定投資株式の明細、最大保有会社	CurrentYearInstant_Row37Member	shares	3602785
jpcrp_cor:NumberOfSharesHeldDetailsOfSpecifiedInvestmentEquitySecuritiesHeldForPurposesOtherThanPureInvestmentLargestHoldingCompany	株式数、保有目的が純投資目的以外の目的である特定投資株式の明細、最大保有会社	Prior1YearInstant_Row37Member	shares	7205585
jpcrp_cor:BookValueDetailsOfSpecifiedInvestmentEquitySecuritiesHeldForPurposesOtherThanPureInvestmentLargestHoldingCompany	貸借対照表計上額、保有目的が純投資目的以外の目的である特定投資株式の明細、最大保有会社	CurrentYearInstant_Row37Member	JPY	17970000000
jpcrp_cor:BookValueDetailsOfSpecifiedInvestmentEquitySecuritiesHeldForPurposesOtherThanPureInvestmentLargestHoldingCompany	貸借対照表計上額、保有目的が純投資目的以外の目的である特定投資株式の明細、最大保有会社	Prior1YearInstant_Row37Member	JPY	19599000000
jpcrp_cor:NumberOfSharesHeldDetailsOfSpecifiedInvestmentEquitySecuritiesHeldForPurposesOtherThanPureInvestmentLargestHoldingCompany	株式数、保有目的が純投資目的以外の目的である特定投資株式の明細、最大保有会社	CurrentYearInstant_Row38Member	shares	1066459
jpcrp_cor:NumberOfSharesHeldDetailsOfSpecifiedInvestmentEquitySecuritiesHeldForPurposesOtherThanPureInvestmentLargestHoldingCompany	株式数、保有目的が純投資目的以外の目的である特定投資株式の明細、最大保有会社	Prior1YearInstant_Row38Member	shares	1066459
jpcrp_cor:BookValueDetailsOfSpecifiedInvestmentEquitySecuritiesHeldForPurposesOtherThanPureInvestmentLargestHoldingCompany	貸借対照表計上額、保有目的が純投資目的以外の目的である特定投資株式の明細、最大保有会社	CurrentYearInstant_Row38Member	JPY	17521000000
jpcrp_cor:BookValueDetailsOfSpecifiedInvestmentEquitySecuritiesHeldForPurposesOtherThanPureInvestmentLargestHoldingCompany	貸借対照表計上額、保有目的が純投資目的以外の目的である特定投資株式の明細、最大保有会社	Prior1YearInstant_Row38Member	JPY	22379000000
jpcrp_cor:NumberOfSharesHeldDetailsOfSpecifiedInvestmentEquitySecuritiesHeldForPurposesOtherThanPureInvestmentLargestHoldingCompany	株式数、保有目的が純投資目的以外の目的である特定投資株式の明細、最大保有会社	CurrentYearInstant_Row39Member	shares	6630281
jpcrp_cor:NumberOfSharesHeldDetailsOfSpecifiedInvestmentEquitySecuritiesHeldForPurposesOtherThanPureInvestmentLargestHoldingCompany	株式数、保有目的が純投資目的以外の目的である特定投資株式の明細、最大保有会社	Prior1YearInstant_Row39Member	shares	9471829
jpcrp_cor:BookValueDetailsOfSpecifiedInvestmentEquitySecuritiesHeldForPurposesOtherThanPureInvestmentLargestHoldingCompany	貸借対照表計上額、保有目的が純投資目的以外の目的である特定投資株式の明細、最大保有会社	CurrentYearInstant_Row39Member	JPY	17135000000
jpcrp_cor:BookValueDetailsOfSpecifiedInvestmentEquitySecuritiesHeldForPurposesOtherThanPureInvestmentLargestHoldingCompany	貸借対照表計上額、保有目的が純投資目的以外の目的である特定投資株式の明細、最大保有会社	Prior1YearInstant_Row39Member	JPY	16788000000
jpcrp_cor:NumberOfSharesHeldDetailsOfSpecifiedInvestmentEquitySecuritiesHeldForPurposesOtherThanPureInvestmentLargestHoldingCompany	株式数、保有目的が純投資目的以外の目的である特定投資株式の明細、最大保有会社	CurrentYearInstant_Row40Member	shares	3068000
jpcrp_cor:NumberOfSharesHeldDetailsOfSpecifiedInvestmentEquitySecuritiesHeldForPurposesOtherThanPureInvestmentLargestHoldingCompany	株式数、保有目的が純投資目的以外の目的である特定投資株式の明細、最大保有会社	Prior1YearInstant_Row40Member	shares	3068000
jpcrp_cor:BookValueDetailsOfSpecifiedInvestmentEquitySecuritiesHeldForPurposesOtherThanPureInvestmentLargestHoldingCompany	貸借対照表計上額、保有目的が純投資目的以外の目的である特定投資株式の明細、最大保有会社	CurrentYearInstant_Row40Member	JPY	15821000000
jpcrp_cor:BookValueDetailsOfSpecifiedInvestmentEquitySecuritiesHeldForPurposesOtherThanPureInvestmentLargestHoldingCompany	貸借対照表計上額、保有目的が純投資目的以外の目的である特定投資株式の明細、最大保有会社	Prior1YearInstant_Row40Member	JPY	12615000000
jpcrp_cor:NumberOfSharesHeldDetailsOfSpecifiedInvestmentEquitySecuritiesHeldForPurposesOtherThanPureInvestmentLargestHoldingCompany	株式数、保有目的が純投資目的以外の目的である特定投資株式の明細、最大保有会社	CurrentYearInstant_Row41Member	shares	11491816
jpcrp_cor:NumberOfSharesHeldDetailsOfSpecifiedInvestmentEquitySecuritiesHeldForPurposesOtherThanPureInvestmentLargestHoldingCompany	株式数、保有目的が純投資目的以外の目的である特定投資株式の明細、最大保有会社	Prior1YearInstant_Row41Member	shares	2872954
jpcrp_cor:BookValueDetailsOfSpecifiedInvestmentEquitySecuritiesHeldForPurposesOtherThanPureInvestmentLargestHoldingCompany	貸借対照表計上額、保有目的が純投資目的以外の目的である特定投資株式の明細、最大保有会社	CurrentYearInstant_Row41Member	JPY	14468000000
jpcrp_cor:BookValueDetailsOfSpecifiedInvestmentEquitySecuritiesHeldForPurposesOtherThanPureInvestmentLargestHoldingCompany	貸借対照表計上額、保有目的が純投資目的以外の目的である特定投資株式の明細、最大保有会社	Prior1YearInstant_Row41Member	JPY	11882000000
jpcrp_cor:NumberOfSharesHeldDetailsOfSpecifiedInvestmentEquitySecuritiesHeldForPurposesOtherThanPureInvestmentLargestHoldingCompany	株式数、保有目的が純投資目的以外の目的である特定投資株式の明細、最大保有会社	CurrentYearInstant_Row42Member	shares	10786712
jpcrp_cor:NumberOfSharesHeldDetailsOfSpecifiedInvestmentEquitySecuritiesHeldForPurposesOtherThanPureInvestmentLargestHoldingCompany	株式数、保有目的が純投資目的以外の目的である特定投資株式の明細、最大保有会社	Prior1YearInstant_Row42Member	shares	10786712
jpcrp_cor:BookValueDetailsOfSpecifiedInvestmentEquitySecuritiesHeldForPurposesOtherThanPureInvestmentLargestHoldingCompany	貸借対照表計上額、保有目的が純投資目的以外の目的である特定投資株式の明細、最大保有会社	CurrentYearInstant_Row42Member	JPY	14168000000
jpcrp_cor:BookValueDetailsOfSpecifiedInvestmentEquitySecuritiesHeldForPurposesOtherThanPureInvestmentLargestHoldingCompany	貸借対照表計上額、保有目的が純投資目的以外の目的である特定投資株式の明細、最大保有会社	Prior1YearInstant_Row42Member	JPY	17010000000
jpcrp_cor:NumberOfSharesHeldDetailsOfSpecifiedInvestmentEquitySecuritiesHeldForPurposesOtherThanPureInvestmentLargestHoldingCompany	株式数、保有目的が純投資目的以外の目的である特定投資株式の明細、最大保有会社	CurrentYearInstant_Row43Member	shares	9913902
jpcrp_cor:BookValueDetailsOfSpecifiedInvestmentEquitySecuritiesHeldForPurposesOtherThanPureInvestmentLargestHoldingCompany	貸借対照表計上額、保有目的が純投資目的以外の目的である特定投資株式の明細、最大保有会社	CurrentYearInstant_Row43Member	JPY	14092000000
jpcrp_cor:NumberOfSharesHeldDetailsOfSpecifiedInvestmentEquitySecuritiesHeldForPurposesOtherThanPureInvestmentLargestHoldingCompany	株式数、保有目的が純投資目的以外の目的である特定投資株式の明細、最大保有会社	CurrentYearInstant_Row44Member	shares	2706850
jpcrp_cor:BookValueDetailsOfSpecifiedInvestmentEquitySecuritiesHeldForPurposesOtherThanPureInvestmentLargestHoldingCompany	貸借対照表計上額、保有目的が純投資目的以外の目的である特定投資株式の明細、最大保有会社	CurrentYearInstant_Row44Member	JPY	13840000000
jpcrp_cor:NumberOfSharesHeldDetailsOfSpecifiedInvestmentEquitySecuritiesHeldForPurposesOtherThanPureInvestmentLargestHoldingCompany	株式数、保有目的が純投資目的以外の目的である特定投資株式の明細、最大保有会社	CurrentYearInstant_Row45Member	shares	695400
jpcrp_cor:BookValueDetailsOfSpecifiedInvestmentEquitySecuritiesHeldForPurposesOtherThanPureInvestmentLargestHoldingCompany	貸借対照表計上額、保有目的が純投資目的以外の目的である特定投資株式の明細、最大保有会社	CurrentYearInstant_Row45Member	JPY	13713000000
jpcrp_cor:NumberOfSharesHeldDetailsOfSpecifiedInvestmentEquitySecuritiesHeldForPurposesOtherThanPureInvestmentLargestHoldingCompany	株式数、保有目的が純投資目的以外の目的である特定投資株式の明細、最大保有会社	CurrentYearInstant_Row46Member	shares	4450794
jpcrp_cor:NumberOfSharesHeldDetailsOfSpecifiedInvestmentEquitySecuritiesHeldForPurposesOtherThanPureInvestmentLargestHoldingCompany	株式数、保有目的が純投資目的以外の目的である特定投資株式の明細、最大保有会社	Prior1YearInstant_Row46Member	shares	4450794
jpcrp_cor:BookValueDetailsOfSpecifiedInvestmentEquitySecuritiesHeldForPurposesOtherThanPureInvestmentLargestHoldingCompany	貸借対照表計上額、保有目的が純投資目的以外の目的である特定投資株式の明細、最大保有会社	CurrentYearInstant_Row46Member	JPY	13374000000
jpcrp_cor:BookValueDetailsOfSpecifiedInvestmentEquitySecuritiesHeldForPurposesOtherThanPureInvestmentLargestHoldingCompany	貸借対照表計上額、保有目的が純投資目的以外の目的である特定投資株式の明細、最大保有会社	Prior1YearInstant_Row46Member	JPY	13588000000
jpcrp_cor:NumberOfSharesHeldDetailsOfSpecifiedInvestmentEquitySecuritiesHeldForPurposesOtherThanPureInvestmentLargestHoldingCompany	株式数、保有目的が純投資目的以外の目的である特定投資株式の明細、最大保有会社	CurrentYearInstant_Row47Member	shares	7009357
jpcrp_cor:NumberOfSharesHeldDetailsOfSpecifiedInvestmentEquitySecuritiesHeldForPurposesOtherThanPureInvestmentLargestHoldingCompany	株式数、保有目的が純投資目的以外の目的である特定投資株式の明細、最大保有会社	Prior1YearInstant_Row47Member	shares	7009357
jpcrp_cor:BookValueDetailsOfSpecifiedInvestmentEquitySecuritiesHeldForPurposesOtherThanPureInvestmentLargestHoldingCompany	貸借対照表計上額、保有目的が純投資目的以外の目的である特定投資株式の明細、最大保有会社	CurrentYearInstant_Row47Member	JPY	13233000000
jpcrp_cor:BookValueDetailsOfSpecifiedInvestmentEquitySecuritiesHeldForPurposesOtherThanPureInvestmentLargestHoldingCompany	貸借対照表計上額、保有目的が純投資目的以外の目的である特定投資株式の明細、最大保有会社	Prior1YearInstant_Row47Member	JPY	10387000000
jpcrp_cor:NumberOfSharesHeldDetailsOfSpecifiedInvestmentEquitySecuritiesHeldForPurposesOtherThanPureInvestmentLargestHoldingCompany	株式数、保有目的が純投資目的以外の目的である特定投資株式の明細、最大保有会社	CurrentYearInstant_Row48Member	shares	1355840
jpcrp_cor:BookValueDetailsOfSpecifiedInvestmentEquitySecuritiesHeldForPurposesOtherThanPureInvestmentLargestHoldingCompany	貸借対照表計上額、保有目的が純投資目的以外の目的である特定投資株式の明細、最大保有会社	CurrentYearInstant_Row48Member	JPY	13110000000
jpcrp_cor:NumberOfSharesHeldDetailsOfSpecifiedInvestmentEquitySecuritiesHeldForPurposesOtherThanPureInvestmentLargestHoldingCompany	株式数、保有目的が純投資目的以外の目的である特定投資株式の明細、最大保有会社	CurrentYearInstant_Row49Member	shares	9253600
jpcrp_cor:BookValueDetailsOfSpecifiedInvestmentEquitySecuritiesHeldForPurposesOtherThanPureInvestmentLargestHoldingCompany	貸借対照表計上額、保有目的が純投資目的以外の目的である特定投資株式の明細、最大保有会社	CurrentYearInstant_Row49Member	JPY	12992000000
jpcrp_cor:NumberOfSharesHeldDetailsOfSpecifiedInvestmentEquitySecuritiesHeldForPurposesOtherThanPureInvestmentLargestHoldingCompany	株式数、保有目的が純投資目的以外の目的である特定投資株式の明細、最大保有会社	CurrentYearInstant_Row50Member	shares	2992780
jpcrp_cor:NumberOfSharesHeldDetailsOfSpecifiedInvestmentEquitySecuritiesHeldForPurposesOtherThanPureInvestmentLargestHoldingCompany	株式数、保有目的が純投資目的以外の目的である特定投資株式の明細、最大保有会社	Prior1YearInstant_Row50Member	shares	2992780
jpcrp_cor:BookValueDetailsOfSpecifiedInvestmentEquitySecuritiesHeldForPurposesOtherThanPureInvestmentLargestHoldingCompany	貸借対照表計上額、保有目的が純投資目的以外の目的である特定投資株式の明細、最大保有会社	CurrentYearInstant_Row50Member	JPY	12931000000
jpcrp_cor:BookValueDetailsOfSpecifiedInvestmentEquitySecuritiesHeldForPurposesOtherThanPureInvestmentLargestHoldingCompany	貸借対照表計上額、保有目的が純投資目的以外の目的である特定投資株式の明細、最大保有会社	Prior1YearInstant_Row50Member	JPY	7278000000
jpcrp_cor:NumberOfSharesHeldDetailsOfSpecifiedInvestmentEquitySecuritiesHeldForPurposesOtherThanPureInvestmentLargestHoldingCompany	株式数、保有目的が純投資目的以外の目的である特定投資株式の明細、最大保有会社	CurrentYearInstant_Row51Member	shares	6000000
jpcrp_cor:NumberOfSharesHeldDetailsOfSpecifiedInvestmentEquitySecuritiesHeldForPurposesOtherThanPureInvestmentLargestHoldingCompany	株式数、保有目的が純投資目的以外の目的である特定投資株式の明細、最大保有会社	Prior1YearInstant_Row51Member	shares	6000000
jpcrp_cor:BookValueDetailsOfSpecifiedInvestmentEquitySecuritiesHeldForPurposesOtherThanPureInvestmentLargestHoldingCompany	貸借対照表計上額、保有目的が純投資目的以外の目的である特定投資株式の明細、最大保有会社	CurrentYearInstant_Row51Member	JPY	12741000000
jpcrp_cor:BookValueDetailsOfSpecifiedInvestmentEquitySecuritiesHeldForPurposesOtherThanPureInvestmentLargestHoldingCompany	貸借対照表計上額、保有目的が純投資目的以外の目的である特定投資株式の明細、最大保有会社	Prior1YearInstant_Row51Member	JPY	12978000000
jpcrp_cor:NumberOfSharesHeldDetailsOfSpecifiedInvestmentEquitySecuritiesHeldForPurposesOtherThanPureInvestmentLargestHoldingCompany	株式数、保有目的が純投資目的以外の目的である特定投資株式の明細、最大保有会社	CurrentYearInstant_Row52Member	shares	3702051
jpcrp_cor:BookValueDetailsOfSpecifiedInvestmentEquitySecuritiesHeldForPurposesOtherThanPureInvestmentLargestHoldingCompany	貸借対照表計上額、保有目的が純投資目的以外の目的である特定投資株式の明細、最大保有会社	CurrentYearInstant_Row52Member	JPY	12620000000
jpcrp_cor:NumberOfSharesHeldDetailsOfSpecifiedInvestmentEquitySecuritiesHeldForPurposesOtherThanPureInvestmentLargestHoldingCompany	株式数、保有目的が純投資目的以外の目的である特定投資株式の明細、最大保有会社	CurrentYearInstant_Row53Member	shares	6988717
jpcrp_cor:BookValueDetailsOfSpecifiedInvestmentEquitySecuritiesHeldForPurposesOtherThanPureInvestmentLargestHoldingCompany	貸借対照表計上額、保有目的が純投資目的以外の目的である特定投資株式の明細、最大保有会社	CurrentYearInstant_Row53Member	JPY	12478000000
jpcrp_cor:NumberOfSharesHeldDetailsOfSpecifiedInvestmentEquitySecuritiesHeldForPurposesOtherThanPureInvestmentLargestHoldingCompany	株式数、保有目的が純投資目的以外の目的である特定投資株式の明細、最大保有会社	CurrentYearInstant_Row54Member	shares	1331200
jpcrp_cor:BookValueDetailsOfSpecifiedInvestmentEquitySecuritiesHeldForPurposesOtherThanPureInvestmentLargestHoldingCompany	貸借対照表計上額、保有目的が純投資目的以外の目的である特定投資株式の明細、最大保有会社	CurrentYearInstant_Row54Member	JPY	12300000000
jpcrp_cor:NumberOfSharesHeldDetailsOfSpecifiedInvestmentEquitySecuritiesHeldForPurposesOtherThanPureInvestmentLargestHoldingCompany	株式数、保有目的が純投資目的以外の目的である特定投資株式の明細、最大保有会社	CurrentYearInstant_Row55Member	shares	4591406
jpcrp_cor:BookValueDetailsOfSpecifiedInvestmentEquitySecuritiesHeldForPurposesOtherThanPureInvestmentLargestHoldingCompany	貸借対照表計上額、保有目的が純投資目的以外の目的である特定投資株式の明細、最大保有会社	CurrentYearInstant_Row55Member	JPY	11855000000
jpcrp_cor:NumberOfSharesHeldDetailsOfSpecifiedInvestmentEquitySecuritiesHeldForPurposesOtherThanPureInvestmentLargestHoldingCompany	株式数、保有目的が純投資目的以外の目的である特定投資株式の明細、最大保有会社	CurrentYearInstant_Row56Member	shares	2301199
jpcrp_cor:NumberOfSharesHeldDetailsOfSpecifiedInvestmentEquitySecuritiesHeldForPurposesOtherThanPureInvestmentLargestHoldingCompany	株式数、保有目的が純投資目的以外の目的である特定投資株式の明細、最大保有会社	Prior1YearInstant_Row56Member	shares	3087699
jpcrp_cor:BookValueDetailsOfSpecifiedInvestmentEquitySecuritiesHeldForPurposesOtherThanPureInvestmentLargestHoldingCompany	貸借対照表計上額、保有目的が純投資目的以外の目的である特定投資株式の明細、最大保有会社	CurrentYearInstant_Row56Member	JPY	11713000000
jpcrp_cor:BookValueDetailsOfSpecifiedInvestmentEquitySecuritiesHeldForPurposesOtherThanPureInvestmentLargestHoldingCompany	貸借対照表計上額、保有目的が純投資目的以外の目的である特定投資株式の明細、最大保有会社	Prior1YearInstant_Row56Member	JPY	12020000000
jpcrp_cor:NumberOfSharesHeldDetailsOfSpecifiedInvestmentEquitySecuritiesHeldForPurposesOtherThanPureInvestmentLargestHoldingCompany	株式数、保有目的が純投資目的以外の目的である特定投資株式の明細、最大保有会社	CurrentYearInstant_Row57Member	shares	1691283
jpcrp_cor:NumberOfSharesHeldDetailsOfSpecifiedInvestmentEquitySecuritiesHeldForPurposesOtherThanPureInvestmentLargestHoldingCompany	株式数、保有目的が純投資目的以外の目的である特定投資株式の明細、最大保有会社	Prior1YearInstant_Row57Member	shares	2114103
jpcrp_cor:BookValueDetailsOfSpecifiedInvestmentEquitySecuritiesHeldForPurposesOtherThanPureInvestmentLargestHoldingCompany	貸借対照表計上額、保有目的が純投資目的以外の目的である特定投資株式の明細、最大保有会社	CurrentYearInstant_Row57Member	JPY	9755000000
jpcrp_cor:BookValueDetailsOfSpecifiedInvestmentEquitySecuritiesHeldForPurposesOtherThanPureInvestmentLargestHoldingCompany	貸借対照表計上額、保有目的が純投資目的以外の目的である特定投資株式の明細、最大保有会社	Prior1YearInstant_Row57Member	JPY	10403000000
jpcrp_cor:NumberOfSharesHeldDetailsOfSpecifiedInvestmentEquitySecuritiesHeldForPurposesOtherThanPureInvestmentLargestHoldingCompany	株式数、保有目的が純投資目的以外の目的である特定投資株式の明細、最大保有会社	CurrentYearInstant_Row58Member	shares	5069353
jpcrp_cor:NumberOfSharesHeldDetailsOfSpecifiedInvestmentEquitySecuritiesHeldForPurposesOtherThanPureInvestmentLargestHoldingCompany	株式数、保有目的が純投資目的以外の目的である特定投資株式の明細、最大保有会社	Prior1YearInstant_Row58Member	shares	5069353
jpcrp_cor:BookValueDetailsOfSpecifiedInvestmentEquitySecuritiesHeldForPurposesOtherThanPureInvestmentLargestHoldingCompany	貸借対照表計上額、保有目的が純投資目的以外の目的である特定投資株式の明細、最大保有会社	CurrentYearInstant_Row58Member	JPY	9436000000
jpcrp_cor:BookValueDetailsOfSpecifiedInvestmentEquitySecuritiesHeldForPurposesOtherThanPureInvestmentLargestHoldingCompany	貸借対照表計上額、保有目的が純投資目的以外の目的である特定投資株式の明細、最大保有会社	Prior1YearInstant_Row58Member	JPY	8541000000
jpcrp_cor:NumberOfSharesHeldDetailsOfSpecifiedInvestmentEquitySecuritiesHeldForPurposesOtherThanPureInvestmentLargestHoldingCompany	株式数、保有目的が純投資目的以外の目的である特定投資株式の明細、最大保有会社	Prior1YearInstant_Row59Member	shares	23546700
jpcrp_cor:BookValueDetailsOfSpecifiedInvestmentEquitySecuritiesHeldForPurposesOtherThanPureInvestmentLargestHoldingCompany	貸借対照表計上額、保有目的が純投資目的以外の目的である特定投資株式の明細、最大保有会社	Prior1YearInstant_Row59Member	JPY	135063000000
jpcrp_cor:NumberOfSharesHeldDetailsOfSpecifiedInvestmentEquitySecuritiesHeldForPurposesOtherThanPureInvestmentLargestHoldingCompany	株式数、保有目的が純投資目的以外の目的である特定投資株式の明細、最大保有会社	Prior1YearInstant_Row60Member	shares	4313490
jpcrp_cor:BookValueDetailsOfSpecifiedInvestmentEquitySecuritiesHeldForPurposesOtherThanPureInvestmentLargestHoldingCompany	貸借対照表計上額、保有目的が純投資目的以外の目的である特定投資株式の明細、最大保有会社	Prior1YearInstant_Row60Member	JPY	15709000000
jpcrp_cor:NumberOfSharesHeldDetailsOfSpecifiedInvestmentEquitySecuritiesHeldForPurposesOtherThanPureInvestmentLargestHoldingCompany	株式数、保有目的が純投資目的以外の目的である特定投資株式の明細、最大保有会社	Prior1YearInstant_Row61Member	shares	2704414
jpcrp_cor:BookValueDetailsOfSpecifiedInvestmentEquitySecuritiesHeldForPurposesOtherThanPureInvestmentLargestHoldingCompany	貸借対照表計上額、保有目的が純投資目的以外の目的である特定投資株式の明細、最大保有会社	Prior1YearInstant_Row61Member	JPY	13773000000
jpcrp_cor:NumberOfSharesHeldDetailsOfSpecifiedInvestmentEquitySecuritiesHeldForPurposesOtherThanPureInvestmentLargestHoldingCompany	株式数、保有目的が純投資目的以外の目的である特定投資株式の明細、最大保有会社	Prior1YearInstant_Row62Member	shares	1662960
jpcrp_cor:BookValueDetailsOfSpecifiedInvestmentEquitySecuritiesHeldForPurposesOtherThanPureInvestmentLargestHoldingCompany	貸借対照表計上額、保有目的が純投資目的以外の目的である特定投資株式の明細、最大保有会社	Prior1YearInstant_Row62Member	JPY	8321000000
jpcrp_cor:NumberOfSharesHeldDetailsOfSpecifiedInvestmentEquitySecuritiesHeldForPurposesOtherThanPureInvestmentLargestHoldingCompany	株式数、保有目的が純投資目的以外の目的である特定投資株式の明細、最大保有会社	CurrentYearInstant_Row63Member	shares	－
jpcrp_cor:NumberOfSharesHeldDetailsOfSpecifiedInvestmentEquitySecuritiesHeldForPurposesOtherThanPureInvestmentLargestHoldingCompany	株式数、保有目的が純投資目的以外の目的である特定投資株式の明細、最大保有会社	Prior1YearInstant_Row63Member	shares	9548745
jpcrp_cor:BookValueDetailsOfSpecifiedInvestmentEquitySecuritiesHeldForPurposesOtherThanPureInvestmentLargestHoldingCompany	貸借対照表計上額、保有目的が純投資目的以外の目的である特定投資株式の明細、最大保有会社	CurrentYearInstant_Row63Member	JPY	－
jpcrp_cor:BookValueDetailsOfSpecifiedInvestmentEquitySecuritiesHeldForPurposesOtherThanPureInvestmentLargestHoldingCompany	貸借対照表計上額、保有目的が純投資目的以外の目的である特定投資株式の明細、最大保有会社	Prior1YearInstant_Row63Member	JPY	40448000000
jpcrp_cor:NumberOfSharesHeldDetailsOfSpecifiedInvestmentEquitySecuritiesHeldForPurposesOtherThanPureInvestmentLargestHoldingCompany	株式数、保有目的が純投資目的以外の目的である特定投資株式の明細、最大保有会社	CurrentYearInstant_Row64Member	shares	－
jpcrp_cor:NumberOfSharesHeldDetailsOfSpecifiedInvestmentEquitySecuritiesHeldForPurposesOtherThanPureInvestmentLargestHoldingCompany	株式数、保有目的が純投資目的以外の目的である特定投資株式の明細、最大保有会社	Prior1YearInstant_Row64Member	shares	5142695
jpcrp_cor:BookValueDetailsOfSpecifiedInvestmentEquitySecuritiesHeldForPurposesOtherThanPureInvestmentLargestHoldingCompany	貸借対照表計上額、保有目的が純投資目的以外の目的である特定投資株式の明細、最大保有会社	CurrentYearInstant_Row64Member	JPY	－
jpcrp_cor:BookValueDetailsOfSpecifiedInvestmentEquitySecuritiesHeldForPurposesOtherThanPureInvestmentLargestHoldingCompany	貸借対照表計上額、保有目的が純投資目的以外の目的である特定投資株式の明細、最大保有会社	Prior1YearInstant_Row64Member	JPY	21661000000
jpcrp_cor:NumberOfSharesHeldDetailsOfSpecifiedInvestmentEquitySecuritiesHeldForPurposesOtherThanPureInvestmentLargestHoldingCompany	株式数、保有目的が純投資目的以外の目的である特定投資株式の明細、最大保有会社	CurrentYearInstant_Row65Member	shares	－
jpcrp_cor:NumberOfSharesHeldDetailsOfSpecifiedInvestmentEquitySecuritiesHeldForPurposesOtherThanPureInvestmentLargestHoldingCompany	株式数、保有目的が純投資目的以外の目的である特定投資株式の明細、最大保有会社	Prior1YearInstant_Row65Member	shares	5449815
jpcrp_cor:BookValueDetailsOfSpecifiedInvestmentEquitySecuritiesHeldForPurposesOtherThanPureInvestmentLargestHoldingCompany	貸借対照表計上額、保有目的が純投資目的以外の目的である特定投資株式の明細、最大保有会社	CurrentYearInstant_Row65Member	JPY	－
jpcrp_cor:BookValueDetailsOfSpecifiedInvestmentEquitySecuritiesHeldForPurposesOtherThanPureInvestmentLargestHoldingCompany	貸借対照表計上額、保有目的が純投資目的以外の目的である特定投資株式の明細、最大保有会社	Prior1YearInstant_Row65Member	JPY	18202000000
jpcrp_cor:NumberOfSharesHeldDetailsOfSpecifiedInvestmentEquitySecuritiesHeldForPurposesOtherThanPureInvestmentLargestHoldingCompany	株式数、保有目的が純投資目的以外の目的である特定投資株式の明細、最大保有会社	CurrentYearInstant_Row66Member	shares	－
jpcrp_cor:NumberOfSharesHeldDetailsOfSpecifiedInvestmentEquitySecuritiesHeldForPurposesOtherThanPureInvestmentLargestHoldingCompany	株式数、保有目的が純投資目的以外の目的である特定投資株式の明細、最大保有会社	Prior1YearInstant_Row66Member	shares	1644785
jpcrp_cor:BookValueDetailsOfSpecifiedInvestmentEquitySecuritiesHeldForPurposesOtherThanPureInvestmentLargestHoldingCompany	貸借対照表計上額、保有目的が純投資目的以外の目的である特定投資株式の明細、最大保有会社	CurrentYearInstant_Row66Member	JPY	－
jpcrp_cor:BookValueDetailsOfSpecifiedInvestmentEquitySecuritiesHeldForPurposesOtherThanPureInvestmentLargestHoldingCompany	貸借対照表計上額、保有目的が純投資目的以外の目的である特定投資株式の明細、最大保有会社	Prior1YearInstant_Row66Member	JPY	4614000000
jpcrp_cor:NumberOfSharesHeldDetailsOfDeemedHoldingsOfEquitySecuritiesHeldForPurposesOtherThanPureInvestmentLargestHoldingCompany	株式数、保有目的が純投資目的以外の目的であるみなし保有株式の明細、最大保有会社	CurrentYearInstant_Row1Member	shares	21054500
jpcrp_cor:NumberOfSharesHeldDetailsOfDeemedHoldingsOfEquitySecuritiesHeldForPurposesOtherThanPureInvestmentLargestHoldingCompany	株式数、保有目的が純投資目的以外の目的であるみなし保有株式の明細、最大保有会社	Prior1YearInstant_Row1Member	shares	42109000
jpcrp_cor:BookValueDetailsOfDeemedHoldingsOfEquitySecuritiesHeldForPurposesOtherThanPureInvestmentLargestHoldingCompany	貸借対照表計上額、保有目的が純投資目的以外の目的であるみなし保有株式の明細、最大保有会社	CurrentYearInstant_Row1Member	JPY	184753000000
jpcrp_cor:BookValueDetailsOfDeemedHoldingsOfEquitySecuritiesHeldForPurposesOtherThanPureInvestmentLargestHoldingCompany	貸借対照表計上額、保有目的が純投資目的以外の目的であるみなし保有株式の明細、最大保有会社	Prior1YearInstant_Row1Member	JPY	425721000000
jpcrp_cor:NumberOfSharesHeldDetailsOfDeemedHoldingsOfEquitySecuritiesHeldForPurposesOtherThanPureInvestmentLargestHoldingCompany	株式数、保有目的が純投資目的以外の目的であるみなし保有株式の明細、最大保有会社	CurrentYearInstant_Row2Member	shares	35625000
jpcrp_cor:NumberOfSharesHeldDetailsOfDeemedHoldingsOfEquitySecuritiesHeldForPurposesOtherThanPureInvestmentLargestHoldingCompany	株式数、保有目的が純投資目的以外の目的であるみなし保有株式の明細、最大保有会社	Prior1YearInstant_Row2Member	shares	35625000
jpcrp_cor:BookValueDetailsOfDeemedHoldingsOfEquitySecuritiesHeldForPurposesOtherThanPureInvestmentLargestHoldingCompany	貸借対照表計上額、保有目的が純投資目的以外の目的であるみなし保有株式の明細、最大保有会社	CurrentYearInstant_Row2Member	JPY	145492000000
jpcrp_cor:BookValueDetailsOfDeemedHoldingsOfEquitySecuritiesHeldForPurposesOtherThanPureInvestmentLargestHoldingCompany	貸借対照表計上額、保有目的が純投資目的以外の目的であるみなし保有株式の明細、最大保有会社	Prior1YearInstant_Row2Member	JPY	101673000000
jpcrp_cor:NumberOfSharesHeldDetailsOfDeemedHoldingsOfEquitySecuritiesHeldForPurposesOtherThanPureInvestmentLargestHoldingCompany	株式数、保有目的が純投資目的以外の目的であるみなし保有株式の明細、最大保有会社	CurrentYearInstant_Row3Member	shares	16315000
jpcrp_cor:NumberOfSharesHeldDetailsOfDeemedHoldingsOfEquitySecuritiesHeldForPurposesOtherThanPureInvestmentLargestHoldingCompany	株式数、保有目的が純投資目的以外の目的であるみなし保有株式の明細、最大保有会社	Prior1YearInstant_Row3Member	shares	38311600
jpcrp_cor:BookValueDetailsOfDeemedHoldingsOfEquitySecuritiesHeldForPurposesOtherThanPureInvestmentLargestHoldingCompany	貸借対照表計上額、保有目的が純投資目的以外の目的であるみなし保有株式の明細、最大保有会社	CurrentYearInstant_Row3Member	JPY	68898000000
jpcrp_cor:BookValueDetailsOfDeemedHoldingsOfEquitySecuritiesHeldForPurposesOtherThanPureInvestmentLargestHoldingCompany	貸借対照表計上額、保有目的が純投資目的以外の目的であるみなし保有株式の明細、最大保有会社	Prior1YearInstant_Row3Member	JPY	96775000000
jpcrp_cor:NumberOfSharesHeldDetailsOfDeemedHoldingsOfEquitySecuritiesHeldForPurposesOtherThanPureInvestmentLargestHoldingCompany	株式数、保有目的が純投資目的以外の目的であるみなし保有株式の明細、最大保有会社	CurrentYearInstant_Row4Member	shares	11000000
jpcrp_cor:NumberOfSharesHeldDetailsOfDeemedHoldingsOfEquitySecuritiesHeldForPurposesOtherThanPureInvestmentLargestHoldingCompany	株式数、保有目的が純投資目的以外の目的であるみなし保有株式の明細、最大保有会社	Prior1YearInstant_Row4Member	shares	11000000
jpcrp_cor:BookValueDetailsOfDeemedHoldingsOfEquitySecuritiesHeldForPurposesOtherThanPureInvestmentLargestHoldingCompany	貸借対照表計上額、保有目的が純投資目的以外の目的であるみなし保有株式の明細、最大保有会社	CurrentYearInstant_Row4Member	JPY	47531000000
jpcrp_cor:BookValueDetailsOfDeemedHoldingsOfEquitySecuritiesHeldForPurposesOtherThanPureInvestmentLargestHoldingCompany	貸借対照表計上額、保有目的が純投資目的以外の目的であるみなし保有株式の明細、最大保有会社	Prior1YearInstant_Row4Member	JPY	26752000000
jpcrp_cor:NumberOfSharesHeldDetailsOfDeemedHoldingsOfEquitySecuritiesHeldForPurposesOtherThanPureInvestmentLargestHoldingCompany	株式数、保有目的が純投資目的以外の目的であるみなし保有株式の明細、最大保有会社	CurrentYearInstant_Row5Member	shares	12650000
jpcrp_cor:NumberOfSharesHeldDetailsOfDeemedHoldingsOfEquitySecuritiesHeldForPurposesOtherThanPureInvestmentLargestHoldingCompany	株式数、保有目的が純投資目的以外の目的であるみなし保有株式の明細、最大保有会社	Prior1YearInstant_Row5Member	shares	12650000
jpcrp_cor:BookValueDetailsOfDeemedHoldingsOfEquitySecuritiesHeldForPurposesOtherThanPureInvestmentLargestHoldingCompany	貸借対照表計上額、保有目的が純投資目的以外の目的であるみなし保有株式の明細、最大保有会社	CurrentYearInstant_Row5Member	JPY	39999000000
jpcrp_cor:BookValueDetailsOfDeemedHoldingsOfEquitySecuritiesHeldForPurposesOtherThanPureInvestmentLargestHoldingCompany	貸借対照表計上額、保有目的が純投資目的以外の目的であるみなし保有株式の明細、最大保有会社	Prior1YearInstant_Row5Member	JPY	33092000000
jpcrp_cor:NumberOfSharesHeldDetailsOfDeemedHoldingsOfEquitySecuritiesHeldForPurposesOtherThanPureInvestmentLargestHoldingCompany	株式数、保有目的が純投資目的以外の目的であるみなし保有株式の明細、最大保有会社	CurrentYearInstant_Row6Member	shares	2850000
jpcrp_cor:NumberOfSharesHeldDetailsOfDeemedHoldingsOfEquitySecuritiesHeldForPurposesOtherThanPureInvestmentLargestHoldingCompany	株式数、保有目的が純投資目的以外の目的であるみなし保有株式の明細、最大保有会社	Prior1YearInstant_Row6Member	shares	2850000
jpcrp_cor:BookValueDetailsOfDeemedHoldingsOfEquitySecuritiesHeldForPurposesOtherThanPureInvestmentLargestHoldingCompany	貸借対照表計上額、保有目的が純投資目的以外の目的であるみなし保有株式の明細、最大保有会社	CurrentYearInstant_Row6Member	JPY	16438000000
jpcrp_cor:BookValueDetailsOfDeemedHoldingsOfEquitySecuritiesHeldForPurposesOtherThanPureInvestmentLargestHoldingCompany	貸借対照表計上額、保有目的が純投資目的以外の目的であるみなし保有株式の明細、最大保有会社	Prior1YearInstant_Row6Member	JPY	14024000000
jpcrp_cor:NumberOfSharesHeldDetailsOfDeemedHoldingsOfEquitySecuritiesHeldForPurposesOtherThanPureInvestmentLargestHoldingCompany	株式数、保有目的が純投資目的以外の目的であるみなし保有株式の明細、最大保有会社	CurrentYearInstant_Row7Member	shares	7135000
jpcrp_cor:NumberOfSharesHeldDetailsOfDeemedHoldingsOfEquitySecuritiesHeldForPurposesOtherThanPureInvestmentLargestHoldingCompany	株式数、保有目的が純投資目的以外の目的であるみなし保有株式の明細、最大保有会社	Prior1YearInstant_Row7Member	shares	7135000
jpcrp_cor:BookValueDetailsOfDeemedHoldingsOfEquitySecuritiesHeldForPurposesOtherThanPureInvestmentLargestHoldingCompany	貸借対照表計上額、保有目的が純投資目的以外の目的であるみなし保有株式の明細、最大保有会社	CurrentYearInstant_Row7Member	JPY	13281000000
jpcrp_cor:BookValueDetailsOfDeemedHoldingsOfEquitySecuritiesHeldForPurposesOtherThanPureInvestmentLargestHoldingCompany	貸借対照表計上額、保有目的が純投資目的以外の目的であるみなし保有株式の明細、最大保有会社	Prior1YearInstant_Row7Member	JPY	12022000000
jpcrp_cor:NumberOfSharesHeldDetailsOfDeemedHoldingsOfEquitySecuritiesHeldForPurposesOtherThanPureInvestmentLargestHoldingCompany	株式数、保有目的が純投資目的以外の目的であるみなし保有株式の明細、最大保有会社	CurrentYearInstant_Row8Member	shares	2000000
jpcrp_cor:NumberOfSharesHeldDetailsOfDeemedHoldingsOfEquitySecuritiesHeldForPurposesOtherThanPureInvestmentLargestHoldingCompany	株式数、保有目的が純投資目的以外の目的であるみなし保有株式の明細、最大保有会社	Prior1YearInstant_Row8Member	shares	4000000
jpcrp_cor:BookValueDetailsOfDeemedHoldingsOfEquitySecuritiesHeldForPurposesOtherThanPureInvestmentLargestHoldingCompany	貸借対照表計上額、保有目的が純投資目的以外の目的であるみなし保有株式の明細、最大保有会社	CurrentYearInstant_Row8Member	JPY	9976000000
jpcrp_cor:BookValueDetailsOfDeemedHoldingsOfEquitySecuritiesHeldForPurposesOtherThanPureInvestmentLargestHoldingCompany	貸借対照表計上額、保有目的が純投資目的以外の目的であるみなし保有株式の明細、最大保有会社	Prior1YearInstant_Row8Member	JPY	10880000000
jpcrp_cor:NumberOfSharesHeldDetailsOfDeemedHoldingsOfEquitySecuritiesHeldForPurposesOtherThanPureInvestmentLargestHoldingCompany	株式数、保有目的が純投資目的以外の目的であるみなし保有株式の明細、最大保有会社	CurrentYearInstant_Row9Member	shares	1500000
jpcrp_cor:NumberOfSharesHeldDetailsOfDeemedHoldingsOfEquitySecuritiesHeldForPurposesOtherThanPureInvestmentLargestHoldingCompany	株式数、保有目的が純投資目的以外の目的であるみなし保有株式の明細、最大保有会社	Prior1YearInstant_Row9Member	shares	1500000
jpcrp_cor:BookValueDetailsOfDeemedHoldingsOfEquitySecuritiesHeldForPurposesOtherThanPureInvestmentLargestHoldingCompany	貸借対照表計上額、保有目的が純投資目的以外の目的であるみなし保有株式の明細、最大保有会社	CurrentYearInstant_Row9Member	JPY	2832000000
jpcrp_cor:BookValueDetailsOfDeemedHoldingsOfEquitySecuritiesHeldForPurposesOtherThanPureInvestmentLargestHoldingCompany	貸借対照表計上額、保有目的が純投資目的以外の目的であるみなし保有株式の明細、最大保有会社	Prior1YearInstant_Row9Member	JPY	2223000000
jpcrp_cor:NumberOfSharesHeldDetailsOfDeemedHoldingsOfEquitySecuritiesHeldForPurposesOtherThanPureInvestmentLargestHoldingCompany	株式数、保有目的が純投資目的以外の目的であるみなし保有株式の明細、最大保有会社	Prior1YearInstant_Row10Member	shares	13758300
jpcrp_cor:BookValueDetailsOfDeemedHoldingsOfEquitySecuritiesHeldForPurposesOtherThanPureInvestmentLargestHoldingCompany	貸借対照表計上額、保有目的が純投資目的以外の目的であるみなし保有株式の明細、最大保有会社	Prior1YearInstant_Row10Member	JPY	68846000000
jpcrp_cor:NumberOfSharesHeldDetailsOfDeemedHoldingsOfEquitySecuritiesHeldForPurposesOtherThanPureInvestmentLargestHoldingCompany	株式数、保有目的が純投資目的以外の目的であるみなし保有株式の明細、最大保有会社	CurrentYearInstant_Row11Member	shares	－
jpcrp_cor:NumberOfSharesHeldDetailsOfDeemedHoldingsOfEquitySecuritiesHeldForPurposesOtherThanPureInvestmentLargestHoldingCompany	株式数、保有目的が純投資目的以外の目的であるみなし保有株式の明細、最大保有会社	Prior1YearInstant_Row11Member	shares	5440000
jpcrp_cor:BookValueDetailsOfDeemedHoldingsOfEquitySecuritiesHeldForPurposesOtherThanPureInvestmentLargestHoldingCompany	貸借対照表計上額、保有目的が純投資目的以外の目的であるみなし保有株式の明細、最大保有会社	CurrentYearInstant_Row11Member	JPY	－
jpcrp_cor:BookValueDetailsOfDeemedHoldingsOfEquitySecuritiesHeldForPurposesOtherThanPureInvestmentLargestHoldingCompany	貸借対照表計上額、保有目的が純投資目的以外の目的であるみなし保有株式の明細、最大保有会社	Prior1YearInstant_Row11Member	JPY	15261000000
jpcrp_cor:NumberOfSharesHeldDetailsOfDeemedHoldingsOfEquitySecuritiesHeldForPurposesOtherThanPureInvestmentLargestHoldingCompany	株式数、保有目的が純投資目的以外の目的であるみなし保有株式の明細、最大保有会社	CurrentYearInstant_Row12Member	shares	－
jpcrp_cor:NumberOfSharesHeldDetailsOfDeemedHoldingsOfEquitySecuritiesHeldForPurposesOtherThanPureInvestmentLargestHoldingCompany	株式数、保有目的が純投資目的以外の目的であるみなし保有株式の明細、最大保有会社	Prior1YearInstant_Row12Member	shares	3452600
jpcrp_cor:BookValueDetailsOfDeemedHoldingsOfEquitySecuritiesHeldForPurposesOtherThanPureInvestmentLargestHoldingCompany	貸借対照表計上額、保有目的が純投資目的以外の目的であるみなし保有株式の明細、最大保有会社	CurrentYearInstant_Row12Member	JPY	－
jpcrp_cor:BookValueDetailsOfDeemedHoldingsOfEquitySecuritiesHeldForPurposesOtherThanPureInvestmentLargestHoldingCompany	貸借対照表計上額、保有目的が純投資目的以外の目的であるみなし保有株式の明細、最大保有会社	Prior1YearInstant_Row12Member	JPY	13972000000
jpcrp_cor:NumberOfIssuesSharesNotListedInvestmentSharesHeldForPureInvestmentLargestHoldingCompany	銘柄数、非上場株式、保有目的が純投資目的である投資株式、最大保有会社	CurrentYearInstant	pure	－
jpcrp_cor:BookValueEquitySecuritiesNotListedInvestmentEquitySecuritiesHeldForPureInvestmentLargestHoldingCompany	貸借対照表計上額の合計額、非上場株式、保有目的が純投資目的である投資株式、最大保有会社	CurrentYearInstant	JPY	－
jpcrp_cor:NumberOfIssuesSharesNotListedInvestmentSharesHeldForPureInvestmentLargestHoldingCompany	銘柄数、非上場株式、保有目的が純投資目的である投資株式、最大保有会社	Prior1YearInstant	pure	－
jpcrp_cor:BookValueEquitySecuritiesNotListedInvestmentEquitySecuritiesHeldForPureInvestmentLargestHoldingCompany	貸借対照表計上額の合計額、非上場株式、保有目的が純投資目的である投資株式、最大保有会社	Prior1YearInstant	JPY	－
jpcrp_cor:NumberOfIssuesSharesOtherThanThoseNotListedInvestmentSharesHeldForPureInvestmentLargestHoldingCompany	銘柄数、非上場株式以外の株式、保有目的が純投資目的である投資株式、最大保有会社	CurrentYearInstant	pure	－
jpcrp_cor:BookValueEquitySecuritiesOtherThanThoseNotListedInvestmentEquitySecuritiesHeldForPureInvestmentLargestHoldingCompany	貸借対照表計上額の合計額、非上場株式以外の株式、保有目的が純投資目的である投資株式、最大保有会社	CurrentYearInstant	JPY	－
jpcrp_cor:NumberOfIssuesSharesOtherThanThoseNotListedInvestmentSharesHeldForPureInvestmentLargestHoldingCompany	銘柄数、非上場株式以外の株式、保有目的が純投資目的である投資株式、最大保有会社	Prior1YearInstant	pure	－
jpcrp_cor:BookValueEquitySecuritiesOtherThanThoseNotListedInvestmentEquitySecuritiesHeldForPureInvestmentLargestHoldingCompany	貸借対照表計上額の合計額、非上場株式以外の株式、保有目的が純投資目的である投資株式、最大保有会社	Prior1YearInstant	JPY	－
jpcrp_cor:TotalOfDividendsReceivedEquitySecuritiesNotListedInvestmentEquitySecuritiesHeldForPureInvestmentLargestHoldingCompany	受取配当金の合計額、非上場株式、保有目的が純投資目的である投資株式、最大保有会社	CurrentYearDuration	JPY	－
jpcrp_cor:TotalOfGainLossOnSaleEquitySecuritiesNotListedInvestmentEquitySecuritiesHeldForPureInvestmentLargestHoldingCompany	売却損益の合計額、非上場株式、保有目的が純投資目的である投資株式、最大保有会社	CurrentYearDuration	JPY	－
jpcrp_cor:TotalOfValuationGainLossEquitySecuritiesNotListedInvestmentEquitySecuritiesHeldForPureInvestmentLargestHoldingCompany	評価損益の合計額、非上場株式、保有目的が純投資目的である投資株式、最大保有会社	CurrentYearDuration	JPY	－
jpcrp_cor:TotalOfDividendsReceivedEquitySecuritiesOtherThanThoseNotListedInvestmentEquitySecuritiesHeldForPureInvestmentLargestHoldingCompany	受取配当金の合計額、非上場株式以外の株式、保有目的が純投資目的である投資株式、最大保有会社	CurrentYearDuration	JPY	－
jpcrp_cor:TotalOfGainLossOnSaleEquitySecuritiesOtherThanThoseNotListedInvestmentEquitySecuritiesHeldForPureInvestmentLargestHoldingCompany	売却損益の合計額、非上場株式以外の株式、保有目的が純投資目的である投資株式、最大保有会社	CurrentYearDuration	JPY	－
jpcrp_cor:TotalOfValuationGainLossEquitySecuritiesOtherThanThoseNotListedInvestmentEquitySecuritiesHeldForPureInvestmentLargestHoldingCompany	評価損益の合計額、非上場株式以外の株式、保有目的が純投資目的である投資株式、最大保有会社	CurrentYearDuration	JPY	－
jpcrp_cor:NumberOfEmployees	従業員数	CurrentYearInstant_jpcrp030000-asr_E03606-000RetailAndDigitalBusinessGroupMember	pure	18434
jpcrp_cor:NumberOfEmployees	従業員数	CurrentYearInstant_jpcrp030000-asr_E03606-000CommercialBankingAndWealthManagementBusinessGroupMember	pure	19090
jpcrp_cor:NumberOfEmployees	従業員数	CurrentYearInstant_jpcrp030000-asr_E03606-000JapaneseCorporateAndInvestmentBankingBusinessGroupMember	pure	6892
jpcrp_cor:NumberOfEmployees	従業員数	CurrentYearInstant_jpcrp030000-asr_E03606-000GlobalCommercialBankingBusinessGroupMember	pure	73850
jpcrp_cor:NumberOfEmployees	従業員数	CurrentYearInstant_jpcrp030000-asr_E03606-000AssetManagementAndInvestorServicesBusinessGroupMember	pure	13014
jpcrp_cor:NumberOfEmployees	従業員数	CurrentYearInstant_jpcrp030000-asr_E03606-000GlobalCorporateAndInvestmentBankingBusinessGroupMember	pure	4111
jpcrp_cor:NumberOfEmployees	従業員数	CurrentYearInstant_jpcrp030000-asr_E03606-000GlobalMarketsBusinessGroupMember	pure	2515
jpcrp_cor:NumberOfEmployees	従業員数	CurrentYearInstant_jpcrp030000-asr_E03606-000OtherMember	pure	23670
jpcrp_cor:NumberOfEmployees	従業員数	CurrentYearInstant	pure	161576
jpcrp_cor:AverageNumberOfTemporaryWorkers	平均臨時雇用人員	CurrentYearInstant_jpcrp030000-asr_E03606-000RetailAndDigitalBusinessGroupMember	pure	7000
jpcrp_cor:AverageNumberOfTemporaryWorkers	平均臨時雇用人員	CurrentYearInstant_jpcrp030000-asr_E03606-000CommercialBankingAndWealthManagementBusinessGroupMember	pure	5500
jpcrp_cor:AverageNumberOfTemporaryWorkers	平均臨時雇用人員	CurrentYearInstant_jpcrp030000-asr_E03606-000JapaneseCorporateAndInvestmentBankingBusinessGroupMember	pure	700
jpcrp_cor:AverageNumberOfTemporaryWorkers	平均臨時雇用人員	CurrentYearInstant_jpcrp030000-asr_E03606-000GlobalCommercialBankingBusinessGroupMember	pure	5700
jpcrp_cor:AverageNumberOfTemporaryWorkers	平均臨時雇用人員	CurrentYearInstant_jpcrp030000-asr_E03606-000AssetManagementAndInvestorServicesBusinessGroupMember	pure	1000
jpcrp_cor:AverageNumberOfTemporaryWorkers	平均臨時雇用人員	CurrentYearInstant_jpcrp030000-asr_E03606-000GlobalCorporateAndInvestmentBankingBusinessGroupMember	pure	100
jpcrp_cor:AverageNumberOfTemporaryWorkers	平均臨時雇用人員	CurrentYearInstant_jpcrp030000-asr_E03606-000GlobalMarketsBusinessGroupMember	pure	100
jpcrp_cor:AverageNumberOfTemporaryWorkers	平均臨時雇用人員	CurrentYearInstant_jpcrp030000-asr_E03606-000OtherMember	pure	2100
jpcrp_cor:AverageNumberOfTemporaryWorkers	平均臨時雇用人員	CurrentYearInstant	pure	22200
jpcrp_cor:NumberOfEmployees	従業員数	CurrentYearInstant_NonConsolidatedMember	pure	3637
jpcrp_cor:AverageAgeYearsInformationAboutReportingCompanyInformationAboutEmployees	平均年齢（年）、提出会社の状況、従業員の状況	CurrentYearInstant_NonConsolidatedMember	pure	40.3
jpcrp_cor:AverageLengthOfServiceYearsInformationAboutReportingCompanyInformationAboutEmployees	平均勤続年数（年）、提出会社の状況、従業員の状況	CurrentYearInstant_NonConsolidatedMember	pure	13.5
jpcrp_cor:AverageAnnualSalaryInformationAboutReportingCompanyInformationAboutEmployees	平均年間給与、提出会社の状況、従業員の状況	CurrentYearInstant_NonConsolidatedMember	JPY	11702000
jpcrp030000-asr_E03606-000:ChangeFromPreviousFiscalYearInAverageAnnualSalaryInformationAboutReportingCompanyInformationAboutEmployees		CurrentYearInstant_NonConsolidatedMember	pure	0.070
jpcrp_cor:RatioOfFemaleEmployeesInManagerialPositionsMetricsOfConsolidatedSubsidiaries	管理職に占める女性労働者の割合、連結子会社の指標	CurrentYearInstant_Row1Member	pure	0.300
jpcrp_cor:AllEmployeesRatioOfMaleEmployeesTakingChildcareLeaveMetricsOfConsolidatedSubsidiaries	全労働者、男性労働者の育児休業取得率、連結子会社の指標	CurrentYearInstant_Row1Member	pure	1.006
jpcrp_cor:AllEmployeesDifferencesInWagesBetweenMaleAndFemaleEmployeesMetricsOfConsolidatedSubsidiaries	全労働者、労働者の男女の賃金の差異、連結子会社の指標	CurrentYearInstant_Row1Member	pure	0.532
jpcrp_cor:RegularEmployeesDifferencesInWagesBetweenMaleAndFemaleEmployeesMetricsOfConsolidatedSubsidiaries	正規雇用労働者、労働者の男女の賃金の差異、連結子会社の指標	CurrentYearInstant_Row1Member	pure	0.542
jpcrp_cor:NonRegularEmployeesDifferencesInWagesBetweenMaleAndFemaleEmployeesMetricsOfConsolidatedSubsidiaries	非正規雇用労働者、労働者の男女の賃金の差異、連結子会社の指標	CurrentYearInstant_Row1Member	pure	0.550
jpcrp_cor:RatioOfFemaleEmployeesInManagerialPositionsMetricsOfConsolidatedSubsidiaries	管理職に占める女性労働者の割合、連結子会社の指標	CurrentYearInstant_Row2Member	pure	0.227
jpcrp_cor:AllEmployeesRatioOfMaleEmployeesTakingChildcareLeaveMetricsOfConsolidatedSubsidiaries	全労働者、男性労働者の育児休業取得率、連結子会社の指標	CurrentYearInstant_Row2Member	pure	1.005
jpcrp_cor:AllEmployeesDifferencesInWagesBetweenMaleAndFemaleEmployeesMetricsOfConsolidatedSubsidiaries	全労働者、労働者の男女の賃金の差異、連結子会社の指標	CurrentYearInstant_Row2Member	pure	0.696
jpcrp_cor:RegularEmployeesDifferencesInWagesBetweenMaleAndFemaleEmployeesMetricsOfConsolidatedSubsidiaries	正規雇用労働者、労働者の男女の賃金の差異、連結子会社の指標	CurrentYearInstant_Row2Member	pure	0.687
jpcrp_cor:NonRegularEmployeesDifferencesInWagesBetweenMaleAndFemaleEmployeesMetricsOfConsolidatedSubsidiaries	非正規雇用労働者、労働者の男女の賃金の差異、連結子会社の指標	CurrentYearInstant_Row2Member	pure	0.762
jpcrp_cor:RatioOfFemaleEmployeesInManagerialPositionsMetricsOfConsolidatedSubsidiaries	管理職に占める女性労働者の割合、連結子会社の指標	CurrentYearInstant_Row3Member	pure	0.209
jpcrp_cor:AllEmployeesRatioOfMaleEmployeesTakingChildcareLeaveMetricsOfConsolidatedSubsidiaries	全労働者、男性労働者の育児休業取得率、連結子会社の指標	CurrentYearInstant_Row3Member	pure	1.008
jpcrp_cor:AllEmployeesDifferencesInWagesBetweenMaleAndFemaleEmployeesMetricsOfConsolidatedSubsidiaries	全労働者、労働者の男女の賃金の差異、連結子会社の指標	CurrentYearInstant_Row3Member	pure	0.626
jpcrp_cor:RegularEmployeesDifferencesInWagesBetweenMaleAndFemaleEmployeesMetricsOfConsolidatedSubsidiaries	正規雇用労働者、労働者の男女の賃金の差異、連結子会社の指標	CurrentYearInstant_Row3Member	pure	0.599
jpcrp_cor:NonRegularEmployeesDifferencesInWagesBetweenMaleAndFemaleEmployeesMetricsOfConsolidatedSubsidiaries	非正規雇用労働者、労働者の男女の賃金の差異、連結子会社の指標	CurrentYearInstant_Row3Member	pure	0.590
jpcrp_cor:RatioOfFemaleEmployeesInManagerialPositionsMetricsOfConsolidatedSubsidiaries	管理職に占める女性労働者の割合、連結子会社の指標	CurrentYearInstant_Row4Member	pure	0.241
jpcrp_cor:AllEmployeesRatioOfMaleEmployeesTakingChildcareLeaveMetricsOfConsolidatedSubsidiaries	全労働者、男性労働者の育児休業取得率、連結子会社の指標	CurrentYearInstant_Row4Member	pure	1.205
jpcrp_cor:AllEmployeesDifferencesInWagesBetweenMaleAndFemaleEmployeesMetricsOfConsolidatedSubsidiaries	全労働者、労働者の男女の賃金の差異、連結子会社の指標	CurrentYearInstant_Row4Member	pure	0.570
jpcrp_cor:RegularEmployeesDifferencesInWagesBetweenMaleAndFemaleEmployeesMetricsOfConsolidatedSubsidiaries	正規雇用労働者、労働者の男女の賃金の差異、連結子会社の指標	CurrentYearInstant_Row4Member	pure	0.577
jpcrp_cor:NonRegularEmployeesDifferencesInWagesBetweenMaleAndFemaleEmployeesMetricsOfConsolidatedSubsidiaries	非正規雇用労働者、労働者の男女の賃金の差異、連結子会社の指標	CurrentYearInstant_Row4Member	pure	0.778
jpcrp_cor:RatioOfFemaleEmployeesInManagerialPositionsMetricsOfConsolidatedSubsidiaries	管理職に占める女性労働者の割合、連結子会社の指標	CurrentYearInstant_Row5Member	pure	0.100
jpcrp_cor:AllEmployeesRatioOfMaleEmployeesTakingChildcareLeaveMetricsOfConsolidatedSubsidiaries	全労働者、男性労働者の育児休業取得率、連結子会社の指標	CurrentYearInstant_Row5Member	pure	0.869
jpcrp_cor:AllEmployeesDifferencesInWagesBetweenMaleAndFemaleEmployeesMetricsOfConsolidatedSubsidiaries	全労働者、労働者の男女の賃金の差異、連結子会社の指標	CurrentYearInstant_Row5Member	pure	0.690
jpcrp_cor:RegularEmployeesDifferencesInWagesBetweenMaleAndFemaleEmployeesMetricsOfConsolidatedSubsidiaries	正規雇用労働者、労働者の男女の賃金の差異、連結子会社の指標	CurrentYearInstant_Row5Member	pure	0.687
jpcrp_cor:NonRegularEmployeesDifferencesInWagesBetweenMaleAndFemaleEmployeesMetricsOfConsolidatedSubsidiaries	非正規雇用労働者、労働者の男女の賃金の差異、連結子会社の指標	CurrentYearInstant_Row5Member	pure	0.692
jpcrp_cor:RatioOfFemaleEmployeesInManagerialPositionsMetricsOfConsolidatedSubsidiaries	管理職に占める女性労働者の割合、連結子会社の指標	CurrentYearInstant_Row6Member	pure	0.156
jpcrp_cor:AllEmployeesRatioOfMaleEmployeesTakingChildcareLeaveMetricsOfConsolidatedSubsidiaries	全労働者、男性労働者の育児休業取得率、連結子会社の指標	CurrentYearInstant_Row6Member	pure	1.000
jpcrp_cor:AllEmployeesDifferencesInWagesBetweenMaleAndFemaleEmployeesMetricsOfConsolidatedSubsidiaries	全労働者、労働者の男女の賃金の差異、連結子会社の指標	CurrentYearInstant_Row6Member	pure	0.652
jpcrp_cor:RegularEmployeesDifferencesInWagesBetweenMaleAndFemaleEmployeesMetricsOfConsolidatedSubsidiaries	正規雇用労働者、労働者の男女の賃金の差異、連結子会社の指標	CurrentYearInstant_Row6Member	pure	0.628
jpcrp_cor:NonRegularEmployeesDifferencesInWagesBetweenMaleAndFemaleEmployeesMetricsOfConsolidatedSubsidiaries	非正規雇用労働者、労働者の男女の賃金の差異、連結子会社の指標	CurrentYearInstant_Row6Member	pure	0.752
jpcrp_cor:RatioOfFemaleEmployeesInManagerialPositionsMetricsOfConsolidatedSubsidiaries	管理職に占める女性労働者の割合、連結子会社の指標	CurrentYearInstant_Row7Member	pure	0.126
jpcrp_cor:AllEmployeesRatioOfMaleEmployeesTakingChildcareLeaveMetricsOfConsolidatedSubsidiaries	全労働者、男性労働者の育児休業取得率、連結子会社の指標	CurrentYearInstant_Row7Member	pure	0.750
jpcrp_cor:AllEmployeesDifferencesInWagesBetweenMaleAndFemaleEmployeesMetricsOfConsolidatedSubsidiaries	全労働者、労働者の男女の賃金の差異、連結子会社の指標	CurrentYearInstant_Row7Member	pure	0.720
jpcrp_cor:RegularEmployeesDifferencesInWagesBetweenMaleAndFemaleEmployeesMetricsOfConsolidatedSubsidiaries	正規雇用労働者、労働者の男女の賃金の差異、連結子会社の指標	CurrentYearInstant_Row7Member	pure	0.708
jpcrp_cor:NonRegularEmployeesDifferencesInWagesBetweenMaleAndFemaleEmployeesMetricsOfConsolidatedSubsidiaries	非正規雇用労働者、労働者の男女の賃金の差異、連結子会社の指標	CurrentYearInstant_Row7Member	pure	0.517
jpcrp_cor:RatioOfFemaleEmployeesInManagerialPositionsMetricsOfConsolidatedSubsidiaries	管理職に占める女性労働者の割合、連結子会社の指標	CurrentYearInstant_Row8Member	pure	0.440
jpcrp_cor:AllEmployeesDifferencesInWagesBetweenMaleAndFemaleEmployeesMetricsOfConsolidatedSubsidiaries	全労働者、労働者の男女の賃金の差異、連結子会社の指標	CurrentYearInstant_Row8Member	pure	0.612
jpcrp_cor:RegularEmployeesDifferencesInWagesBetweenMaleAndFemaleEmployeesMetricsOfConsolidatedSubsidiaries	正規雇用労働者、労働者の男女の賃金の差異、連結子会社の指標	CurrentYearInstant_Row8Member	pure	0.710
jpcrp_cor:NonRegularEmployeesDifferencesInWagesBetweenMaleAndFemaleEmployeesMetricsOfConsolidatedSubsidiaries	非正規雇用労働者、労働者の男女の賃金の差異、連結子会社の指標	CurrentYearInstant_Row8Member	pure	0.553
jpcrp_cor:RatioOfFemaleEmployeesInManagerialPositionsMetricsOfConsolidatedSubsidiaries	管理職に占める女性労働者の割合、連結子会社の指標	CurrentYearInstant_Row9Member	pure	0.333
jpcrp_cor:AllEmployeesDifferencesInWagesBetweenMaleAndFemaleEmployeesMetricsOfConsolidatedSubsidiaries	全労働者、労働者の男女の賃金の差異、連結子会社の指標	CurrentYearInstant_Row9Member	pure	0.569
jpcrp_cor:RegularEmployeesDifferencesInWagesBetweenMaleAndFemaleEmployeesMetricsOfConsolidatedSubsidiaries	正規雇用労働者、労働者の男女の賃金の差異、連結子会社の指標	CurrentYearInstant_Row9Member	pure	0.753
jpcrp_cor:NonRegularEmployeesDifferencesInWagesBetweenMaleAndFemaleEmployeesMetricsOfConsolidatedSubsidiaries	非正規雇用労働者、労働者の男女の賃金の差異、連結子会社の指標	CurrentYearInstant_Row9Member	pure	0.636
jpcrp_cor:RatioOfFemaleEmployeesInManagerialPositionsMetricsOfConsolidatedSubsidiaries	管理職に占める女性労働者の割合、連結子会社の指標	CurrentYearInstant_Row10Member	pure	0.238
jpcrp_cor:AllEmployeesDifferencesInWagesBetweenMaleAndFemaleEmployeesMetricsOfConsolidatedSubsidiaries	全労働者、労働者の男女の賃金の差異、連結子会社の指標	CurrentYearInstant_Row10Member	pure	0.649
jpcrp_cor:RegularEmployeesDifferencesInWagesBetweenMaleAndFemaleEmployeesMetricsOfConsolidatedSubsidiaries	正規雇用労働者、労働者の男女の賃金の差異、連結子会社の指標	CurrentYearInstant_Row10Member	pure	0.711
jpcrp_cor:NonRegularEmployeesDifferencesInWagesBetweenMaleAndFemaleEmployeesMetricsOfConsolidatedSubsidiaries	非正規雇用労働者、労働者の男女の賃金の差異、連結子会社の指標	CurrentYearInstant_Row10Member	pure	0.567
jpcrp_cor:RatioOfFemaleEmployeesInManagerialPositionsMetricsOfConsolidatedSubsidiaries	管理職に占める女性労働者の割合、連結子会社の指標	CurrentYearInstant_Row11Member	pure	0.105
jpcrp_cor:AllEmployeesRatioOfMaleEmployeesTakingChildcareLeaveMetricsOfConsolidatedSubsidiaries	全労働者、男性労働者の育児休業取得率、連結子会社の指標	CurrentYearInstant_Row11Member	pure	0.860
jpcrp_cor:AllEmployeesDifferencesInWagesBetweenMaleAndFemaleEmployeesMetricsOfConsolidatedSubsidiaries	全労働者、労働者の男女の賃金の差異、連結子会社の指標	CurrentYearInstant_Row11Member	pure	0.844
jpcrp_cor:RegularEmployeesDifferencesInWagesBetweenMaleAndFemaleEmployeesMetricsOfConsolidatedSubsidiaries	正規雇用労働者、労働者の男女の賃金の差異、連結子会社の指標	CurrentYearInstant_Row11Member	pure	0.838
jpcrp_cor:NonRegularEmployeesDifferencesInWagesBetweenMaleAndFemaleEmployeesMetricsOfConsolidatedSubsidiaries	非正規雇用労働者、労働者の男女の賃金の差異、連結子会社の指標	CurrentYearInstant_Row11Member	pure	0.693
jpcrp_cor:RatioOfFemaleEmployeesInManagerialPositionsMetricsOfConsolidatedSubsidiaries	管理職に占める女性労働者の割合、連結子会社の指標	CurrentYearInstant_Row12Member	pure	0.582
jpcrp_cor:AllEmployeesDifferencesInWagesBetweenMaleAndFemaleEmployeesMetricsOfConsolidatedSubsidiaries	全労働者、労働者の男女の賃金の差異、連結子会社の指標	CurrentYearInstant_Row12Member	pure	0.546
jpcrp_cor:RegularEmployeesDifferencesInWagesBetweenMaleAndFemaleEmployeesMetricsOfConsolidatedSubsidiaries	正規雇用労働者、労働者の男女の賃金の差異、連結子会社の指標	CurrentYearInstant_Row12Member	pure	0.713
jpcrp_cor:NonRegularEmployeesDifferencesInWagesBetweenMaleAndFemaleEmployeesMetricsOfConsolidatedSubsidiaries	非正規雇用労働者、労働者の男女の賃金の差異、連結子会社の指標	CurrentYearInstant_Row12Member	pure	0.464
jpcrp_cor:RatioOfFemaleEmployeesInManagerialPositionsMetricsOfConsolidatedSubsidiaries	管理職に占める女性労働者の割合、連結子会社の指標	CurrentYearInstant_Row13Member	pure	0.333
jpcrp_cor:AllEmployeesDifferencesInWagesBetweenMaleAndFemaleEmployeesMetricsOfConsolidatedSubsidiaries	全労働者、労働者の男女の賃金の差異、連結子会社の指標	CurrentYearInstant_Row13Member	pure	0.369
jpcrp_cor:RegularEmployeesDifferencesInWagesBetweenMaleAndFemaleEmployeesMetricsOfConsolidatedSubsidiaries	正規雇用労働者、労働者の男女の賃金の差異、連結子会社の指標	CurrentYearInstant_Row13Member	pure	0.532
jpcrp_cor:NonRegularEmployeesDifferencesInWagesBetweenMaleAndFemaleEmployeesMetricsOfConsolidatedSubsidiaries	非正規雇用労働者、労働者の男女の賃金の差異、連結子会社の指標	CurrentYearInstant_Row13Member	pure	0.248
jpcrp_cor:RatioOfFemaleEmployeesInManagerialPositionsMetricsOfConsolidatedSubsidiaries	管理職に占める女性労働者の割合、連結子会社の指標	CurrentYearInstant_Row14Member	pure	0.533
jpcrp_cor:AllEmployeesDifferencesInWagesBetweenMaleAndFemaleEmployeesMetricsOfConsolidatedSubsidiaries	全労働者、労働者の男女の賃金の差異、連結子会社の指標	CurrentYearInstant_Row14Member	pure	0.524
jpcrp_cor:RegularEmployeesDifferencesInWagesBetweenMaleAndFemaleEmployeesMetricsOfConsolidatedSubsidiaries	正規雇用労働者、労働者の男女の賃金の差異、連結子会社の指標	CurrentYearInstant_Row14Member	pure	0.634
jpcrp_cor:NonRegularEmployeesDifferencesInWagesBetweenMaleAndFemaleEmployeesMetricsOfConsolidatedSubsidiaries	非正規雇用労働者、労働者の男女の賃金の差異、連結子会社の指標	CurrentYearInstant_Row14Member	pure	0.414
jpcrp_cor:RatioOfFemaleEmployeesInManagerialPositionsMetricsOfConsolidatedSubsidiaries	管理職に占める女性労働者の割合、連結子会社の指標	CurrentYearInstant_Row15Member	pure	0.259
jpcrp_cor:AllEmployeesRatioOfMaleEmployeesTakingChildcareLeaveMetricsOfConsolidatedSubsidiaries	全労働者、男性労働者の育児休業取得率、連結子会社の指標	CurrentYearInstant_Row15Member	pure	1.000
jpcrp_cor:AllEmployeesDifferencesInWagesBetweenMaleAndFemaleEmployeesMetricsOfConsolidatedSubsidiaries	全労働者、労働者の男女の賃金の差異、連結子会社の指標	CurrentYearInstant_Row15Member	pure	0.886
jpcrp_cor:RegularEmployeesDifferencesInWagesBetweenMaleAndFemaleEmployeesMetricsOfConsolidatedSubsidiaries	正規雇用労働者、労働者の男女の賃金の差異、連結子会社の指標	CurrentYearInstant_Row15Member	pure	0.902
jpcrp_cor:NonRegularEmployeesDifferencesInWagesBetweenMaleAndFemaleEmployeesMetricsOfConsolidatedSubsidiaries	非正規雇用労働者、労働者の男女の賃金の差異、連結子会社の指標	CurrentYearInstant_Row15Member	pure	0.736
jpcrp_cor:RatioOfFemaleEmployeesInManagerialPositionsMetricsOfConsolidatedSubsidiaries	管理職に占める女性労働者の割合、連結子会社の指標	CurrentYearInstant_Row16Member	pure	0.000
jpcrp_cor:AllEmployeesDifferencesInWagesBetweenMaleAndFemaleEmployeesMetricsOfConsolidatedSubsidiaries	全労働者、労働者の男女の賃金の差異、連結子会社の指標	CurrentYearInstant_Row16Member	pure	0.726
jpcrp_cor:RegularEmployeesDifferencesInWagesBetweenMaleAndFemaleEmployeesMetricsOfConsolidatedSubsidiaries	正規雇用労働者、労働者の男女の賃金の差異、連結子会社の指標	CurrentYearInstant_Row16Member	pure	0.693
jpcrp_cor:NonRegularEmployeesDifferencesInWagesBetweenMaleAndFemaleEmployeesMetricsOfConsolidatedSubsidiaries	非正規雇用労働者、労働者の男女の賃金の差異、連結子会社の指標	CurrentYearInstant_Row16Member	pure	0.577
jpcrp_cor:RatioOfFemaleEmployeesInManagerialPositionsMetricsOfConsolidatedSubsidiaries	管理職に占める女性労働者の割合、連結子会社の指標	CurrentYearInstant_Row17Member	pure	0.226
jpcrp_cor:AllEmployeesRatioOfMaleEmployeesTakingChildcareLeaveMetricsOfConsolidatedSubsidiaries	全労働者、男性労働者の育児休業取得率、連結子会社の指標	CurrentYearInstant_Row17Member	pure	1.333
jpcrp_cor:AllEmployeesDifferencesInWagesBetweenMaleAndFemaleEmployeesMetricsOfConsolidatedSubsidiaries	全労働者、労働者の男女の賃金の差異、連結子会社の指標	CurrentYearInstant_Row17Member	pure	0.625
jpcrp_cor:RegularEmployeesDifferencesInWagesBetweenMaleAndFemaleEmployeesMetricsOfConsolidatedSubsidiaries	正規雇用労働者、労働者の男女の賃金の差異、連結子会社の指標	CurrentYearInstant_Row17Member	pure	0.686
jpcrp_cor:NonRegularEmployeesDifferencesInWagesBetweenMaleAndFemaleEmployeesMetricsOfConsolidatedSubsidiaries	非正規雇用労働者、労働者の男女の賃金の差異、連結子会社の指標	CurrentYearInstant_Row17Member	pure	0.571
jpcrp_cor:RatioOfFemaleEmployeesInManagerialPositionsMetricsOfConsolidatedSubsidiaries	管理職に占める女性労働者の割合、連結子会社の指標	CurrentYearInstant_Row18Member	pure	0.154
jpcrp_cor:AllEmployeesRatioOfMaleEmployeesTakingChildcareLeaveMetricsOfConsolidatedSubsidiaries	全労働者、男性労働者の育児休業取得率、連結子会社の指標	CurrentYearInstant_Row18Member	pure	0.656
jpcrp_cor:AllEmployeesDifferencesInWagesBetweenMaleAndFemaleEmployeesMetricsOfConsolidatedSubsidiaries	全労働者、労働者の男女の賃金の差異、連結子会社の指標	CurrentYearInstant_Row18Member	pure	0.641
jpcrp_cor:RegularEmployeesDifferencesInWagesBetweenMaleAndFemaleEmployeesMetricsOfConsolidatedSubsidiaries	正規雇用労働者、労働者の男女の賃金の差異、連結子会社の指標	CurrentYearInstant_Row18Member	pure	0.650
jpcrp_cor:NonRegularEmployeesDifferencesInWagesBetweenMaleAndFemaleEmployeesMetricsOfConsolidatedSubsidiaries	非正規雇用労働者、労働者の男女の賃金の差異、連結子会社の指標	CurrentYearInstant_Row18Member	pure	0.539
jpcrp_cor:RatioOfFemaleEmployeesInManagerialPositionsMetricsOfConsolidatedSubsidiaries	管理職に占める女性労働者の割合、連結子会社の指標	CurrentYearInstant_Row19Member	pure	0.169
jpcrp_cor:AllEmployeesDifferencesInWagesBetweenMaleAndFemaleEmployeesMetricsOfConsolidatedSubsidiaries	全労働者、労働者の男女の賃金の差異、連結子会社の指標	CurrentYearInstant_Row19Member	pure	0.677
jpcrp_cor:RegularEmployeesDifferencesInWagesBetweenMaleAndFemaleEmployeesMetricsOfConsolidatedSubsidiaries	正規雇用労働者、労働者の男女の賃金の差異、連結子会社の指標	CurrentYearInstant_Row19Member	pure	0.660
jpcrp_cor:NonRegularEmployeesDifferencesInWagesBetweenMaleAndFemaleEmployeesMetricsOfConsolidatedSubsidiaries	非正規雇用労働者、労働者の男女の賃金の差異、連結子会社の指標	CurrentYearInstant_Row19Member	pure	0.614
jpcrp_cor:RatioOfFemaleEmployeesInManagerialPositionsMetricsOfConsolidatedSubsidiaries	管理職に占める女性労働者の割合、連結子会社の指標	CurrentYearInstant_Row20Member	pure	0.048
jpcrp_cor:AllEmployeesDifferencesInWagesBetweenMaleAndFemaleEmployeesMetricsOfConsolidatedSubsidiaries	全労働者、労働者の男女の賃金の差異、連結子会社の指標	CurrentYearInstant_Row20Member	pure	0.510
jpcrp_cor:RegularEmployeesDifferencesInWagesBetweenMaleAndFemaleEmployeesMetricsOfConsolidatedSubsidiaries	正規雇用労働者、労働者の男女の賃金の差異、連結子会社の指標	CurrentYearInstant_Row20Member	pure	0.733
jpcrp_cor:NonRegularEmployeesDifferencesInWagesBetweenMaleAndFemaleEmployeesMetricsOfConsolidatedSubsidiaries	非正規雇用労働者、労働者の男女の賃金の差異、連結子会社の指標	CurrentYearInstant_Row20Member	pure	0.462
jpcrp_cor:RatioOfFemaleEmployeesInManagerialPositionsMetricsOfConsolidatedSubsidiaries	管理職に占める女性労働者の割合、連結子会社の指標	CurrentYearInstant_Row21Member	pure	0.125
jpcrp_cor:AllEmployeesRatioOfMaleEmployeesTakingChildcareLeaveMetricsOfConsolidatedSubsidiaries	全労働者、男性労働者の育児休業取得率、連結子会社の指標	CurrentYearInstant_Row21Member	pure	0.600
jpcrp_cor:AllEmployeesDifferencesInWagesBetweenMaleAndFemaleEmployeesMetricsOfConsolidatedSubsidiaries	全労働者、労働者の男女の賃金の差異、連結子会社の指標	CurrentYearInstant_Row21Member	pure	0.733
jpcrp_cor:RegularEmployeesDifferencesInWagesBetweenMaleAndFemaleEmployeesMetricsOfConsolidatedSubsidiaries	正規雇用労働者、労働者の男女の賃金の差異、連結子会社の指標	CurrentYearInstant_Row21Member	pure	0.762
jpcrp_cor:NonRegularEmployeesDifferencesInWagesBetweenMaleAndFemaleEmployeesMetricsOfConsolidatedSubsidiaries	非正規雇用労働者、労働者の男女の賃金の差異、連結子会社の指標	CurrentYearInstant_Row21Member	pure	0.735
jpcrp_cor:RatioOfFemaleEmployeesInManagerialPositionsMetricsOfConsolidatedSubsidiaries	管理職に占める女性労働者の割合、連結子会社の指標	CurrentYearInstant_Row22Member	pure	0.288
jpcrp_cor:AllEmployeesRatioOfMaleEmployeesTakingChildcareLeaveMetricsOfConsolidatedSubsidiaries	全労働者、男性労働者の育児休業取得率、連結子会社の指標	CurrentYearInstant_Row22Member	pure	1.000
jpcrp_cor:AllEmployeesDifferencesInWagesBetweenMaleAndFemaleEmployeesMetricsOfConsolidatedSubsidiaries	全労働者、労働者の男女の賃金の差異、連結子会社の指標	CurrentYearInstant_Row22Member	pure	0.704
jpcrp_cor:RegularEmployeesDifferencesInWagesBetweenMaleAndFemaleEmployeesMetricsOfConsolidatedSubsidiaries	正規雇用労働者、労働者の男女の賃金の差異、連結子会社の指標	CurrentYearInstant_Row22Member	pure	0.720
jpcrp_cor:NonRegularEmployeesDifferencesInWagesBetweenMaleAndFemaleEmployeesMetricsOfConsolidatedSubsidiaries	非正規雇用労働者、労働者の男女の賃金の差異、連結子会社の指標	CurrentYearInstant_Row22Member	pure	0.666
jpcrp_cor:RatioOfFemaleEmployeesInManagerialPositionsMetricsOfConsolidatedSubsidiaries	管理職に占める女性労働者の割合、連結子会社の指標	CurrentYearInstant_Row23Member	pure	0.000
jpcrp_cor:AllEmployeesDifferencesInWagesBetweenMaleAndFemaleEmployeesMetricsOfConsolidatedSubsidiaries	全労働者、労働者の男女の賃金の差異、連結子会社の指標	CurrentYearInstant_Row23Member	pure	0.360
jpcrp_cor:RegularEmployeesDifferencesInWagesBetweenMaleAndFemaleEmployeesMetricsOfConsolidatedSubsidiaries	正規雇用労働者、労働者の男女の賃金の差異、連結子会社の指標	CurrentYearInstant_Row23Member	pure	0.688
jpcrp_cor:NonRegularEmployeesDifferencesInWagesBetweenMaleAndFemaleEmployeesMetricsOfConsolidatedSubsidiaries	非正規雇用労働者、労働者の男女の賃金の差異、連結子会社の指標	CurrentYearInstant_Row23Member	pure	0.256
jpcrp_cor:RatioOfFemaleEmployeesInManagerialPositionsMetricsOfConsolidatedSubsidiaries	管理職に占める女性労働者の割合、連結子会社の指標	CurrentYearInstant_Row24Member	pure	0.125
jpcrp_cor:AllEmployeesDifferencesInWagesBetweenMaleAndFemaleEmployeesMetricsOfConsolidatedSubsidiaries	全労働者、労働者の男女の賃金の差異、連結子会社の指標	CurrentYearInstant_Row24Member	pure	0.667
jpcrp_cor:RegularEmployeesDifferencesInWagesBetweenMaleAndFemaleEmployeesMetricsOfConsolidatedSubsidiaries	正規雇用労働者、労働者の男女の賃金の差異、連結子会社の指標	CurrentYearInstant_Row24Member	pure	0.670
jpcrp_cor:NonRegularEmployeesDifferencesInWagesBetweenMaleAndFemaleEmployeesMetricsOfConsolidatedSubsidiaries	非正規雇用労働者、労働者の男女の賃金の差異、連結子会社の指標	CurrentYearInstant_Row24Member	pure	0.753
jpcrp_cor:RatioOfFemaleEmployeesInManagerialPositionsMetricsOfConsolidatedSubsidiaries	管理職に占める女性労働者の割合、連結子会社の指標	CurrentYearInstant_Row25Member	pure	0.082
jpcrp_cor:AllEmployeesRatioOfMaleEmployeesTakingChildcareLeaveMetricsOfConsolidatedSubsidiaries	全労働者、男性労働者の育児休業取得率、連結子会社の指標	CurrentYearInstant_Row25Member	pure	0.800
jpcrp_cor:AllEmployeesDifferencesInWagesBetweenMaleAndFemaleEmployeesMetricsOfConsolidatedSubsidiaries	全労働者、労働者の男女の賃金の差異、連結子会社の指標	CurrentYearInstant_Row25Member	pure	0.705
jpcrp_cor:RegularEmployeesDifferencesInWagesBetweenMaleAndFemaleEmployeesMetricsOfConsolidatedSubsidiaries	正規雇用労働者、労働者の男女の賃金の差異、連結子会社の指標	CurrentYearInstant_Row25Member	pure	0.741
jpcrp_cor:NonRegularEmployeesDifferencesInWagesBetweenMaleAndFemaleEmployeesMetricsOfConsolidatedSubsidiaries	非正規雇用労働者、労働者の男女の賃金の差異、連結子会社の指標	CurrentYearInstant_Row25Member	pure	1.660
jpcrp_cor:RatioOfFemaleEmployeesInManagerialPositionsMetricsOfConsolidatedSubsidiaries	管理職に占める女性労働者の割合、連結子会社の指標	CurrentYearInstant_Row26Member	pure	0.286
jpcrp_cor:AllEmployeesDifferencesInWagesBetweenMaleAndFemaleEmployeesMetricsOfConsolidatedSubsidiaries	全労働者、労働者の男女の賃金の差異、連結子会社の指標	CurrentYearInstant_Row26Member	pure	0.994
jpcrp_cor:RegularEmployeesDifferencesInWagesBetweenMaleAndFemaleEmployeesMetricsOfConsolidatedSubsidiaries	正規雇用労働者、労働者の男女の賃金の差異、連結子会社の指標	CurrentYearInstant_Row26Member	pure	0.561
jpcrp_cor:NonRegularEmployeesDifferencesInWagesBetweenMaleAndFemaleEmployeesMetricsOfConsolidatedSubsidiaries	非正規雇用労働者、労働者の男女の賃金の差異、連結子会社の指標	CurrentYearInstant_Row26Member	pure	0.816
jpcrp_cor:RatioOfFemaleEmployeesInManagerialPositionsMetricsOfConsolidatedSubsidiaries	管理職に占める女性労働者の割合、連結子会社の指標	CurrentYearInstant_Row27Member	pure	1.000
jpcrp_cor:AllEmployeesDifferencesInWagesBetweenMaleAndFemaleEmployeesMetricsOfConsolidatedSubsidiaries	全労働者、労働者の男女の賃金の差異、連結子会社の指標	CurrentYearInstant_Row27Member	pure	1.306
jpcrp_cor:RegularEmployeesDifferencesInWagesBetweenMaleAndFemaleEmployeesMetricsOfConsolidatedSubsidiaries	正規雇用労働者、労働者の男女の賃金の差異、連結子会社の指標	CurrentYearInstant_Row27Member	pure	1.093
jpcrp_cor:NonRegularEmployeesDifferencesInWagesBetweenMaleAndFemaleEmployeesMetricsOfConsolidatedSubsidiaries	非正規雇用労働者、労働者の男女の賃金の差異、連結子会社の指標	CurrentYearInstant_Row27Member	pure	1.082
jpcrp_cor:RatioOfFemaleEmployeesInManagerialPositionsMetricsOfConsolidatedSubsidiaries	管理職に占める女性労働者の割合、連結子会社の指標	CurrentYearInstant_Row28Member	pure	0.187
jpcrp_cor:AllEmployeesRatioOfMaleEmployeesTakingChildcareLeaveMetricsOfConsolidatedSubsidiaries	全労働者、男性労働者の育児休業取得率、連結子会社の指標	CurrentYearInstant_Row28Member	pure	0.923
jpcrp_cor:AllEmployeesDifferencesInWagesBetweenMaleAndFemaleEmployeesMetricsOfConsolidatedSubsidiaries	全労働者、労働者の男女の賃金の差異、連結子会社の指標	CurrentYearInstant_Row28Member	pure	0.795
jpcrp_cor:RegularEmployeesDifferencesInWagesBetweenMaleAndFemaleEmployeesMetricsOfConsolidatedSubsidiaries	正規雇用労働者、労働者の男女の賃金の差異、連結子会社の指標	CurrentYearInstant_Row28Member	pure	0.773
jpcrp_cor:NonRegularEmployeesDifferencesInWagesBetweenMaleAndFemaleEmployeesMetricsOfConsolidatedSubsidiaries	非正規雇用労働者、労働者の男女の賃金の差異、連結子会社の指標	CurrentYearInstant_Row28Member	pure	0.863
jpcrp_cor:RatioOfFemaleEmployeesInManagerialPositionsMetricsOfConsolidatedSubsidiaries	管理職に占める女性労働者の割合、連結子会社の指標	CurrentYearInstant_Row29Member	pure	0.091
jpcrp_cor:AllEmployeesRatioOfMaleEmployeesTakingChildcareLeaveMetricsOfConsolidatedSubsidiaries	全労働者、男性労働者の育児休業取得率、連結子会社の指標	CurrentYearInstant_Row29Member	pure	0.708
jpcrp_cor:AllEmployeesDifferencesInWagesBetweenMaleAndFemaleEmployeesMetricsOfConsolidatedSubsidiaries	全労働者、労働者の男女の賃金の差異、連結子会社の指標	CurrentYearInstant_Row29Member	pure	0.563
jpcrp_cor:RegularEmployeesDifferencesInWagesBetweenMaleAndFemaleEmployeesMetricsOfConsolidatedSubsidiaries	正規雇用労働者、労働者の男女の賃金の差異、連結子会社の指標	CurrentYearInstant_Row29Member	pure	0.589
jpcrp_cor:NonRegularEmployeesDifferencesInWagesBetweenMaleAndFemaleEmployeesMetricsOfConsolidatedSubsidiaries	非正規雇用労働者、労働者の男女の賃金の差異、連結子会社の指標	CurrentYearInstant_Row29Member	pure	0.440
jpcrp_cor:RatioOfFemaleEmployeesInManagerialPositionsMetricsOfConsolidatedSubsidiaries	管理職に占める女性労働者の割合、連結子会社の指標	CurrentYearInstant_Row30Member	pure	0.811
jpcrp_cor:AllEmployeesRatioOfMaleEmployeesTakingChildcareLeaveMetricsOfConsolidatedSubsidiaries	全労働者、男性労働者の育児休業取得率、連結子会社の指標	CurrentYearInstant_Row30Member	pure	1.000
jpcrp_cor:AllEmployeesDifferencesInWagesBetweenMaleAndFemaleEmployeesMetricsOfConsolidatedSubsidiaries	全労働者、労働者の男女の賃金の差異、連結子会社の指標	CurrentYearInstant_Row30Member	pure	0.746
jpcrp_cor:RegularEmployeesDifferencesInWagesBetweenMaleAndFemaleEmployeesMetricsOfConsolidatedSubsidiaries	正規雇用労働者、労働者の男女の賃金の差異、連結子会社の指標	CurrentYearInstant_Row30Member	pure	0.731
jpcrp_cor:NonRegularEmployeesDifferencesInWagesBetweenMaleAndFemaleEmployeesMetricsOfConsolidatedSubsidiaries	非正規雇用労働者、労働者の男女の賃金の差異、連結子会社の指標	CurrentYearInstant_Row30Member	pure	0.780
jpcrp_cor:RatioOfFemaleEmployeesInManagerialPositionsMetricsOfConsolidatedSubsidiaries	管理職に占める女性労働者の割合、連結子会社の指標	CurrentYearInstant_Row31Member	pure	0.907
jpcrp_cor:AllEmployeesRatioOfMaleEmployeesTakingChildcareLeaveMetricsOfConsolidatedSubsidiaries	全労働者、男性労働者の育児休業取得率、連結子会社の指標	CurrentYearInstant_Row31Member	pure	1.000
jpcrp_cor:AllEmployeesDifferencesInWagesBetweenMaleAndFemaleEmployeesMetricsOfConsolidatedSubsidiaries	全労働者、労働者の男女の賃金の差異、連結子会社の指標	CurrentYearInstant_Row31Member	pure	1.080
jpcrp_cor:RegularEmployeesDifferencesInWagesBetweenMaleAndFemaleEmployeesMetricsOfConsolidatedSubsidiaries	正規雇用労働者、労働者の男女の賃金の差異、連結子会社の指標	CurrentYearInstant_Row31Member	pure	1.062
jpcrp_cor:NonRegularEmployeesDifferencesInWagesBetweenMaleAndFemaleEmployeesMetricsOfConsolidatedSubsidiaries	非正規雇用労働者、労働者の男女の賃金の差異、連結子会社の指標	CurrentYearInstant_Row31Member	pure	0.907
jpcrp_cor:RatioOfFemaleEmployeesInManagerialPositionsMetricsOfConsolidatedSubsidiaries	管理職に占める女性労働者の割合、連結子会社の指標	CurrentYearInstant_Row32Member	pure	0.182
jpcrp_cor:AllEmployeesDifferencesInWagesBetweenMaleAndFemaleEmployeesMetricsOfConsolidatedSubsidiaries	全労働者、労働者の男女の賃金の差異、連結子会社の指標	CurrentYearInstant_Row32Member	pure	0.702
jpcrp_cor:RegularEmployeesDifferencesInWagesBetweenMaleAndFemaleEmployeesMetricsOfConsolidatedSubsidiaries	正規雇用労働者、労働者の男女の賃金の差異、連結子会社の指標	CurrentYearInstant_Row32Member	pure	0.695
jpcrp_cor:NonRegularEmployeesDifferencesInWagesBetweenMaleAndFemaleEmployeesMetricsOfConsolidatedSubsidiaries	非正規雇用労働者、労働者の男女の賃金の差異、連結子会社の指標	CurrentYearInstant_Row32Member	pure	0.911
jpcrp_cor:RatioOfFemaleEmployeesInManagerialPositionsMetricsOfConsolidatedSubsidiaries	管理職に占める女性労働者の割合、連結子会社の指標	CurrentYearInstant_Row33Member	pure	0.532
jpcrp_cor:AllEmployeesRatioOfMaleEmployeesTakingChildcareLeaveMetricsOfConsolidatedSubsidiaries	全労働者、男性労働者の育児休業取得率、連結子会社の指標	CurrentYearInstant_Row33Member	pure	1.000
jpcrp_cor:AllEmployeesDifferencesInWagesBetweenMaleAndFemaleEmployeesMetricsOfConsolidatedSubsidiaries	全労働者、労働者の男女の賃金の差異、連結子会社の指標	CurrentYearInstant_Row33Member	pure	0.779
jpcrp_cor:RegularEmployeesDifferencesInWagesBetweenMaleAndFemaleEmployeesMetricsOfConsolidatedSubsidiaries	正規雇用労働者、労働者の男女の賃金の差異、連結子会社の指標	CurrentYearInstant_Row33Member	pure	0.754
jpcrp_cor:NonRegularEmployeesDifferencesInWagesBetweenMaleAndFemaleEmployeesMetricsOfConsolidatedSubsidiaries	非正規雇用労働者、労働者の男女の賃金の差異、連結子会社の指標	CurrentYearInstant_Row33Member	pure	0.767
jpcrp_cor:RatioOfFemaleEmployeesInManagerialPositionsMetricsOfConsolidatedSubsidiaries	管理職に占める女性労働者の割合、連結子会社の指標	CurrentYearInstant_Row34Member	pure	0.109
jpcrp_cor:AllEmployeesRatioOfMaleEmployeesTakingChildcareLeaveMetricsOfConsolidatedSubsidiaries	全労働者、男性労働者の育児休業取得率、連結子会社の指標	CurrentYearInstant_Row34Member	pure	0.800
jpcrp_cor:AllEmployeesDifferencesInWagesBetweenMaleAndFemaleEmployeesMetricsOfConsolidatedSubsidiaries	全労働者、労働者の男女の賃金の差異、連結子会社の指標	CurrentYearInstant_Row34Member	pure	0.665
jpcrp_cor:RegularEmployeesDifferencesInWagesBetweenMaleAndFemaleEmployeesMetricsOfConsolidatedSubsidiaries	正規雇用労働者、労働者の男女の賃金の差異、連結子会社の指標	CurrentYearInstant_Row34Member	pure	0.667
jpcrp_cor:NonRegularEmployeesDifferencesInWagesBetweenMaleAndFemaleEmployeesMetricsOfConsolidatedSubsidiaries	非正規雇用労働者、労働者の男女の賃金の差異、連結子会社の指標	CurrentYearInstant_Row34Member	pure	0.744
jpcrp_cor:RatioOfFemaleEmployeesInManagerialPositionsMetricsOfConsolidatedSubsidiaries	管理職に占める女性労働者の割合、連結子会社の指標	CurrentYearInstant_Row35Member	pure	0.118
jpcrp_cor:AllEmployeesRatioOfMaleEmployeesTakingChildcareLeaveMetricsOfConsolidatedSubsidiaries	全労働者、男性労働者の育児休業取得率、連結子会社の指標	CurrentYearInstant_Row35Member	pure	0.000
jpcrp_cor:AllEmployeesDifferencesInWagesBetweenMaleAndFemaleEmployeesMetricsOfConsolidatedSubsidiaries	全労働者、労働者の男女の賃金の差異、連結子会社の指標	CurrentYearInstant_Row35Member	pure	0.709
jpcrp_cor:RegularEmployeesDifferencesInWagesBetweenMaleAndFemaleEmployeesMetricsOfConsolidatedSubsidiaries	正規雇用労働者、労働者の男女の賃金の差異、連結子会社の指標	CurrentYearInstant_Row35Member	pure	0.709
jppfs_cor:CashAndDueFromBanksAssetsBNK	現金預け金、資産の部、銀行業	Prior1YearInstant	JPY	109095437000000
jppfs_cor:CashAndDueFromBanksAssetsBNK	現金預け金、資産の部、銀行業	CurrentYearInstant	JPY	90045500000000
jppfs_cor:CallLoansAndBillsBoughtAssetsBNK	コールローン及び買入手形、資産の部、銀行業	Prior1YearInstant	JPY	1180949000000
jppfs_cor:CallLoansAndBillsBoughtAssetsBNK	コールローン及び買入手形、資産の部、銀行業	CurrentYearInstant	JPY	1570196000000
jppfs_cor:ReceivablesUnderResaleAgreementsAssetsBNK	買現先勘定、資産の部、銀行業	Prior1YearInstant	JPY	18856895000000
jppfs_cor:ReceivablesUnderResaleAgreementsAssetsBNK	買現先勘定、資産の部、銀行業	CurrentYearInstant	JPY	16375722000000
jppfs_cor:ReceivablesUnderSecuritiesBorrowingTransactionsAssetsBNK	債券貸借取引支払保証金、資産の部、銀行業	Prior1YearInstant	JPY	5701495000000
jppfs_cor:ReceivablesUnderSecuritiesBorrowingTransactionsAssetsBNK	債券貸借取引支払保証金、資産の部、銀行業	CurrentYearInstant	JPY	5486014000000
jppfs_cor:MonetaryClaimsBoughtAssetsBNK	買入金銭債権、資産の部、銀行業	Prior1YearInstant	JPY	6620404000000
jppfs_cor:MonetaryClaimsBoughtAssetsBNK	買入金銭債権、資産の部、銀行業	CurrentYearInstant	JPY	7560410000000
jppfs_cor:TradingAssetsAssetsBNK	特定取引資産、資産の部、銀行業	Prior1YearInstant	JPY	26142919000000
jppfs_cor:TradingAssetsAssetsBNK	特定取引資産、資産の部、銀行業	CurrentYearInstant	JPY	39995337000000
jppfs_cor:MoneyHeldInTrustAssetsBNK	金銭の信託、資産の部、銀行業	Prior1YearInstant	JPY	1084487000000
jppfs_cor:MoneyHeldInTrustAssetsBNK	金銭の信託、資産の部、銀行業	CurrentYearInstant	JPY	1159280000000
jppfs_cor:SecuritiesAssetsBNK	有価証券、資産の部、銀行業	Prior1YearInstant	JPY	86125371000000
jppfs_cor:SecuritiesAssetsBNK	有価証券、資産の部、銀行業	CurrentYearInstant	JPY	85714795000000
jppfs_cor:LoansAndBillsDiscountedAssetsBNK	貸出金、資産の部、銀行業	Prior1YearInstant	JPY	121436133000000
jppfs_cor:LoansAndBillsDiscountedAssetsBNK	貸出金、資産の部、銀行業	CurrentYearInstant	JPY	133799490000000
jppfs_cor:ForeignExchangesAssetsBNK	外国為替、資産の部、銀行業	Prior1YearInstant	JPY	1913526000000
jppfs_cor:ForeignExchangesAssetsBNK	外国為替、資産の部、銀行業	CurrentYearInstant	JPY	2248944000000
jppfs_cor:OtherAssetsAssetsBNK	その他資産、資産の部、銀行業	Prior1YearInstant	JPY	17824068000000
jppfs_cor:OtherAssetsAssetsBNK	その他資産、資産の部、銀行業	CurrentYearInstant	JPY	28407448000000
jppfs_cor:PropertyPlantAndEquipment	有形固定資産	Prior1YearInstant	JPY	1240104000000
jppfs_cor:PropertyPlantAndEquipment	有形固定資産	CurrentYearInstant	JPY	1417304000000
jppfs_cor:BuildingsNet	建物（純額）	Prior1YearInstant	JPY	285624000000
jppfs_cor:BuildingsNet	建物（純額）	CurrentYearInstant	JPY	291245000000
jppfs_cor:Land	土地	Prior1YearInstant	JPY	600852000000
jppfs_cor:Land	土地	CurrentYearInstant	JPY	599414000000
jppfs_cor:LeaseAssetsNetPPE	リース資産（純額）、有形固定資産	Prior1YearInstant	JPY	7581000000
jppfs_cor:LeaseAssetsNetPPE	リース資産（純額）、有形固定資産	CurrentYearInstant	JPY	14353000000
jppfs_cor:ConstructionInProgress	建設仮勘定	Prior1YearInstant	JPY	33974000000
jppfs_cor:ConstructionInProgress	建設仮勘定	CurrentYearInstant	JPY	48856000000
jppfs_cor:OtherNetPPE	その他（純額）、有形固定資産	Prior1YearInstant	JPY	312072000000
jppfs_cor:OtherNetPPE	その他（純額）、有形固定資産	CurrentYearInstant	JPY	463435000000
jppfs_cor:IntangibleAssets	無形固定資産	Prior1YearInstant	JPY	1875551000000
jppfs_cor:IntangibleAssets	無形固定資産	CurrentYearInstant	JPY	1955987000000
jppfs_cor:Software	ソフトウエア	Prior1YearInstant	JPY	669248000000
jppfs_cor:Software	ソフトウエア	CurrentYearInstant	JPY	793542000000
jppfs_cor:Goodwill	のれん	Prior1YearInstant	JPY	530386000000
jppfs_cor:Goodwill	のれん	CurrentYearInstant	JPY	511465000000
jppfs_cor:LeaseAssetsIA	リース資産、無形固定資産	Prior1YearInstant	JPY	12000000
jppfs_cor:LeaseAssetsIA	リース資産、無形固定資産	CurrentYearInstant	JPY	282000000
jppfs_cor:OtherIA	その他、無形固定資産	Prior1YearInstant	JPY	675903000000
jppfs_cor:OtherIA	その他、無形固定資産	CurrentYearInstant	JPY	650696000000
jppfs_cor:NetDefinedBenefitAsset	退職給付に係る資産	Prior1YearInstant	JPY	2217529000000
jppfs_cor:NetDefinedBenefitAsset	退職給付に係る資産	CurrentYearInstant	JPY	2646314000000
jppfs_cor:DeferredTaxAssets	繰延税金資産	Prior1YearInstant	JPY	148752000000
jppfs_cor:DeferredTaxAssets	繰延税金資産	CurrentYearInstant	JPY	147478000000
jppfs_cor:CustomersLiabilitiesForAcceptancesAndGuaranteesAssetsBNK	支払承諾見返、資産の部、銀行業	Prior1YearInstant	JPY	12864745000000
jppfs_cor:CustomersLiabilitiesForAcceptancesAndGuaranteesAssetsBNK	支払承諾見返、資産の部、銀行業	CurrentYearInstant	JPY	14431269000000
jppfs_cor:AllowanceForLoanLossesAssetsBNK	貸倒引当金、資産の部、銀行業	Prior1YearInstant	JPY	-1214870000000
jppfs_cor:AllowanceForLoanLossesAssetsBNK	貸倒引当金、資産の部、銀行業	CurrentYearInstant	JPY	-1229947000000
jppfs_cor:Assets	資産	Prior1YearInstant	JPY	413113501000000
jppfs_cor:Assets	資産	CurrentYearInstant	JPY	431731548000000
jppfs_cor:DepositsLiabilitiesBNK	預金、負債の部、銀行業	Prior1YearInstant	JPY	228512749000000
jppfs_cor:DepositsLiabilitiesBNK	預金、負債の部、銀行業	CurrentYearInstant	JPY	239439246000000
jppfs_cor:NegotiableCertificatesOfDepositLiabilitiesBNK	譲渡性預金、負債の部、銀行業	Prior1YearInstant	JPY	17374010000000
jppfs_cor:NegotiableCertificatesOfDepositLiabilitiesBNK	譲渡性預金、負債の部、銀行業	CurrentYearInstant	JPY	17601483000000
jppfs_cor:CallMoneyAndBillsSoldLiabilitiesBNK	コールマネー及び売渡手形、負債の部、銀行業	Prior1YearInstant	JPY	5072926000000
jppfs_cor:CallMoneyAndBillsSoldLiabilitiesBNK	コールマネー及び売渡手形、負債の部、銀行業	CurrentYearInstant	JPY	5307704000000
jppfs_cor:PayablesUnderRepurchaseAgreementsLiabilitiesBNK	売現先勘定、負債の部、銀行業	Prior1YearInstant	JPY	43359076000000
jppfs_cor:PayablesUnderRepurchaseAgreementsLiabilitiesBNK	売現先勘定、負債の部、銀行業	CurrentYearInstant	JPY	39146995000000
jppfs_cor:PayablesUnderSecuritiesLendingTransactionsLiabilitiesBNK	債券貸借取引受入担保金、負債の部、銀行業	Prior1YearInstant	JPY	699852000000
jppfs_cor:PayablesUnderSecuritiesLendingTransactionsLiabilitiesBNK	債券貸借取引受入担保金、負債の部、銀行業	CurrentYearInstant	JPY	1197233000000
jppfs_cor:CommercialPapersLiabilities	コマーシャル・ペーパー	Prior1YearInstant	JPY	3475042000000
jppfs_cor:CommercialPapersLiabilities	コマーシャル・ペーパー	CurrentYearInstant	JPY	3421893000000
jppfs_cor:TradingLiabilitiesLiabilitiesBNK	特定取引負債、負債の部、銀行業	Prior1YearInstant	JPY	19362603000000
jppfs_cor:TradingLiabilitiesLiabilitiesBNK	特定取引負債、負債の部、銀行業	CurrentYearInstant	JPY	32038719000000
jppfs_cor:BorrowedMoneyLiabilitiesBNK	借用金、負債の部、銀行業	Prior1YearInstant	JPY	22101954000000
jppfs_cor:BorrowedMoneyLiabilitiesBNK	借用金、負債の部、銀行業	CurrentYearInstant	JPY	9359997000000
jppfs_cor:ForeignExchangesLiabilitiesBNK	外国為替、負債の部、銀行業	Prior1YearInstant	JPY	2508462000000
jppfs_cor:ForeignExchangesLiabilitiesBNK	外国為替、負債の部、銀行業	CurrentYearInstant	JPY	2715051000000
jppfs_cor:ShortTermBondsPayable	短期社債	Prior1YearInstant	JPY	1373236000000
jppfs_cor:ShortTermBondsPayable	短期社債	CurrentYearInstant	JPY	1217464000000
jppfs_cor:BondsPayable	社債	Prior1YearInstant	JPY	14018955000000
jppfs_cor:BondsPayable	社債	CurrentYearInstant	JPY	15790570000000
jppfs_cor:BorrowedMoneyFromTrustAccountLiabilitiesBNK	信託勘定借、負債の部、銀行業	Prior1YearInstant	JPY	4937999000000
jppfs_cor:BorrowedMoneyFromTrustAccountLiabilitiesBNK	信託勘定借、負債の部、銀行業	CurrentYearInstant	JPY	2903438000000
jppfs_cor:OtherLiabilitiesLiabilitiesBNK	その他負債、負債の部、銀行業	Prior1YearInstant	JPY	14563347000000
jppfs_cor:OtherLiabilitiesLiabilitiesBNK	その他負債、負債の部、銀行業	CurrentYearInstant	JPY	22285686000000
jppfs_cor:ProvisionForBonuses	賞与引当金	Prior1YearInstant	JPY	251665000000
jppfs_cor:ProvisionForBonuses	賞与引当金	CurrentYearInstant	JPY	293548000000
jppfs_cor:ProvisionForDirectorsBonuses	役員賞与引当金	Prior1YearInstant	JPY	2879000000
jppfs_cor:ProvisionForDirectorsBonuses	役員賞与引当金	CurrentYearInstant	JPY	3978000000
jpcrp030000-asr_E03606-000:ReserveForStocksPaymentLiabilities		Prior1YearInstant	JPY	11077000000
jpcrp030000-asr_E03606-000:ReserveForStocksPaymentLiabilities		CurrentYearInstant	JPY	14287000000
jppfs_cor:NetDefinedBenefitLiability	退職給付に係る負債	Prior1YearInstant	JPY	104612000000
jppfs_cor:NetDefinedBenefitLiability	退職給付に係る負債	CurrentYearInstant	JPY	107274000000
jppfs_cor:ProvisionForDirectorsRetirementBenefits	役員退職慰労引当金	Prior1YearInstant	JPY	813000000
jppfs_cor:ProvisionForDirectorsRetirementBenefits	役員退職慰労引当金	CurrentYearInstant	JPY	1548000000
jpcrp030000-asr_E03606-000:ReserveForLoyaltyAwardsCreditsLiabilitiesBNK		Prior1YearInstant	JPY	7730000000
jpcrp030000-asr_E03606-000:ReserveForLoyaltyAwardsCreditsLiabilitiesBNK		CurrentYearInstant	JPY	8877000000
jppfs_cor:ProvisionForContingentLossLiabilitiesBNK	偶発損失引当金、負債の部、銀行業	Prior1YearInstant	JPY	150657000000
jppfs_cor:ProvisionForContingentLossLiabilitiesBNK	偶発損失引当金、負債の部、銀行業	CurrentYearInstant	JPY	144184000000
jppfs_cor:ReservesUnderTheSpecialLaws2	特別法上の引当金	Prior1YearInstant	JPY	5295000000
jppfs_cor:ReservesUnderTheSpecialLaws2	特別法上の引当金	CurrentYearInstant	JPY	6179000000
jppfs_cor:DeferredTaxLiabilities	繰延税金負債	Prior1YearInstant	JPY	540770000000
jppfs_cor:DeferredTaxLiabilities	繰延税金負債	CurrentYearInstant	JPY	466990000000
jppfs_cor:DeferredTaxLiabilitiesForLandRevaluation	再評価に係る繰延税金負債	Prior1YearInstant	JPY	84903000000
jppfs_cor:DeferredTaxLiabilitiesForLandRevaluation	再評価に係る繰延税金負債	CurrentYearInstant	JPY	83769000000
jppfs_cor:AcceptancesAndGuaranteesLiabilitiesBNK	支払承諾、負債の部、銀行業	Prior1YearInstant	JPY	12864745000000
jppfs_cor:AcceptancesAndGuaranteesLiabilitiesBNK	支払承諾、負債の部、銀行業	CurrentYearInstant	JPY	14431269000000
jppfs_cor:Liabilities	負債	Prior1YearInstant	JPY	391385368000000
jppfs_cor:Liabilities	負債	CurrentYearInstant	JPY	407987396000000
jppfs_cor:CapitalStock	資本金	Prior1YearInstant	JPY	2141513000000
jppfs_cor:CapitalStock	資本金	CurrentYearInstant	JPY	2141513000000
jppfs_cor:CapitalSurplus	資本剰余金	Prior1YearInstant	JPY	－
jppfs_cor:CapitalSurplus	資本剰余金	CurrentYearInstant	JPY	－
jppfs_cor:RetainedEarnings	利益剰余金	Prior1YearInstant	JPY	14845617000000
jppfs_cor:RetainedEarnings	利益剰余金	CurrentYearInstant	JPY	16150394000000
jppfs_cor:TreasuryStock	自己株式	Prior1YearInstant	JPY	-726631000000
jppfs_cor:TreasuryStock	自己株式	CurrentYearInstant	JPY	-934137000000
jppfs_cor:ShareholdersEquity	株主資本	Prior1YearInstant	JPY	16260498000000
jppfs_cor:ShareholdersEquity	株主資本	CurrentYearInstant	JPY	17357770000000
jppfs_cor:ValuationDifferenceOnAvailableForSaleSecurities	その他有価証券評価差額金	Prior1YearInstant	JPY	1327127000000
jppfs_cor:ValuationDifferenceOnAvailableForSaleSecurities	その他有価証券評価差額金	CurrentYearInstant	JPY	1672075000000
jppfs_cor:DeferredGainsOrLossesOnHedges	繰延ヘッジ損益	Prior1YearInstant	JPY	-894227000000
jppfs_cor:DeferredGainsOrLossesOnHedges	繰延ヘッジ損益	CurrentYearInstant	JPY	-1262833000000
jppfs_cor:RevaluationReserveForLand	土地再評価差額金	Prior1YearInstant	JPY	122400000000
jppfs_cor:RevaluationReserveForLand	土地再評価差額金	CurrentYearInstant	JPY	121039000000
jppfs_cor:ForeignCurrencyTranslationAdjustment	為替換算調整勘定	Prior1YearInstant	JPY	3198279000000
jppfs_cor:ForeignCurrencyTranslationAdjustment	為替換算調整勘定	CurrentYearInstant	JPY	3711516000000
jppfs_cor:RemeasurementsOfDefinedBenefitPlans	退職給付に係る調整累計額	Prior1YearInstant	JPY	554502000000
jppfs_cor:RemeasurementsOfDefinedBenefitPlans	退職給付に係る調整累計額	CurrentYearInstant	JPY	724229000000
jpcrp030000-asr_E03606-000:DebtValueAdjustmentsOfForeignSubsidiariesAndAffiliatesVTA		Prior1YearInstant	JPY	-51663000000
jpcrp030000-asr_E03606-000:DebtValueAdjustmentsOfForeignSubsidiariesAndAffiliatesVTA		CurrentYearInstant	JPY	-53835000000
jpcrp030000-asr_E03606-000:NetUnrealizedGainsLossesOnLoansOfForeignSubsidiariesAndAffiliatesVTA		Prior1YearInstant	JPY	3457000000
jpcrp030000-asr_E03606-000:NetUnrealizedGainsLossesOnLoansOfForeignSubsidiariesAndAffiliatesVTA		CurrentYearInstant	JPY	3979000000
jppfs_cor:ValuationAndTranslationAdjustments	評価・換算差額等	Prior1YearInstant	JPY	4259875000000
jppfs_cor:ValuationAndTranslationAdjustments	評価・換算差額等	CurrentYearInstant	JPY	4916171000000
jppfs_cor:SubscriptionRightsToShares	新株予約権	Prior1YearInstant	JPY	11000000
jppfs_cor:SubscriptionRightsToShares	新株予約権	CurrentYearInstant	JPY	99000000
jppfs_cor:NonControllingInterests	非支配株主持分	Prior1YearInstant	JPY	1207746000000
jppfs_cor:NonControllingInterests	非支配株主持分	CurrentYearInstant	JPY	1470111000000
jppfs_cor:NetAssets	純資産	Prior1YearInstant	JPY	21728132000000
jppfs_cor:NetAssets	純資産	CurrentYearInstant	JPY	23744152000000
jppfs_cor:LiabilitiesAndNetAssets	負債純資産	Prior1YearInstant	JPY	413113501000000
jppfs_cor:LiabilitiesAndNetAssets	負債純資産	CurrentYearInstant	JPY	431731548000000
jppfs_cor:OrdinaryIncomeBNK	経常収益、銀行業	Prior1YearDuration	JPY	13629997000000
jppfs_cor:OrdinaryIncomeBNK	経常収益、銀行業	CurrentYearDuration	JPY	14620843000000
jppfs_cor:InterestIncomeOIBNK	資金運用収益、経常収益、銀行業	Prior1YearDuration	JPY	8467719000000
jppfs_cor:InterestIncomeOIBNK	資金運用収益、経常収益、銀行業	CurrentYearDuration	JPY	8723940000000
jppfs_cor:InterestOnLoansAndDiscountsOIBNK	貸出金利息、経常収益、銀行業	Prior1YearDuration	JPY	4158027000000
jppfs_cor:InterestOnLoansAndDiscountsOIBNK	貸出金利息、経常収益、銀行業	CurrentYearDuration	JPY	4214185000000
jppfs_cor:InterestAndDividendsOnSecuritiesOIBNK	有価証券利息配当金、経常収益、銀行業	Prior1YearDuration	JPY	1685174000000
jppfs_cor:InterestAndDividendsOnSecuritiesOIBNK	有価証券利息配当金、経常収益、銀行業	CurrentYearDuration	JPY	1836432000000
jppfs_cor:InterestOnCallLoansAndBillsBoughtOIBNK	コールローン利息及び買入手形利息、経常収益、銀行業	Prior1YearDuration	JPY	33377000000
jppfs_cor:InterestOnCallLoansAndBillsBoughtOIBNK	コールローン利息及び買入手形利息、経常収益、銀行業	CurrentYearDuration	JPY	30728000000
jppfs_cor:InterestOnReceivablesUnderResaleAgreementsOIBNK	買現先利息、経常収益、銀行業	Prior1YearDuration	JPY	747550000000
jppfs_cor:InterestOnReceivablesUnderResaleAgreementsOIBNK	買現先利息、経常収益、銀行業	CurrentYearDuration	JPY	570624000000
jppfs_cor:InterestOnReceivablesUnderSecuritiesBorrowingTransactionsOIBNK	債券貸借取引受入利息、経常収益、銀行業	Prior1YearDuration	JPY	161089000000
jppfs_cor:InterestOnReceivablesUnderSecuritiesBorrowingTransactionsOIBNK	債券貸借取引受入利息、経常収益、銀行業	CurrentYearDuration	JPY	154583000000
jppfs_cor:InterestOnDepositsWithBanksOIBNK	預け金利息、経常収益、銀行業	Prior1YearDuration	JPY	751749000000
jppfs_cor:InterestOnDepositsWithBanksOIBNK	預け金利息、経常収益、銀行業	CurrentYearDuration	JPY	1087148000000
jppfs_cor:OtherInterestIncomeOIBNK	その他の受入利息、経常収益、銀行業	Prior1YearDuration	JPY	930751000000
jppfs_cor:OtherInterestIncomeOIBNK	その他の受入利息、経常収益、銀行業	CurrentYearDuration	JPY	830237000000
jppfs_cor:TrustFeesBNK	信託報酬、銀行業	Prior1YearDuration	JPY	144395000000
jppfs_cor:TrustFeesBNK	信託報酬、銀行業	CurrentYearDuration	JPY	163112000000
jppfs_cor:FeesAndCommissionsOIBNK	役務取引等収益、経常収益、銀行業	Prior1YearDuration	JPY	2360111000000
jppfs_cor:FeesAndCommissionsOIBNK	役務取引等収益、経常収益、銀行業	CurrentYearDuration	JPY	2666354000000
jppfs_cor:TradingIncomeOIBNK	特定取引収益、経常収益、銀行業	Prior1YearDuration	JPY	454258000000
jppfs_cor:TradingIncomeOIBNK	特定取引収益、経常収益、銀行業	CurrentYearDuration	JPY	433392000000
jppfs_cor:OtherOrdinaryIncomeOIBNK	その他業務収益、経常収益、銀行業	Prior1YearDuration	JPY	505980000000
jppfs_cor:OtherOrdinaryIncomeOIBNK	その他業務収益、経常収益、銀行業	CurrentYearDuration	JPY	665646000000
jppfs_cor:OtherIncomeOIBNK	その他経常収益、経常収益、銀行業	Prior1YearDuration	JPY	1697531000000
jppfs_cor:OtherIncomeOIBNK	その他経常収益、経常収益、銀行業	CurrentYearDuration	JPY	1968397000000
jppfs_cor:ReversalOfAllowanceForLoanLossesOIBNK	貸倒引当金戻入益、経常収益、銀行業	Prior1YearDuration	JPY	76843000000
jppfs_cor:ReversalOfAllowanceForLoanLossesOIBNK	貸倒引当金戻入益、経常収益、銀行業	CurrentYearDuration	JPY	－
jppfs_cor:RecoveriesOfWrittenOffClaimsOIBNK	償却債権取立益、経常収益、銀行業	Prior1YearDuration	JPY	112203000000
jppfs_cor:RecoveriesOfWrittenOffClaimsOIBNK	償却債権取立益、経常収益、銀行業	CurrentYearDuration	JPY	96758000000
jppfs_cor:OtherOtherIncomeOIBNK	その他の経常収益、経常収益、銀行業	Prior1YearDuration	JPY	1508484000000
jppfs_cor:OtherOtherIncomeOIBNK	その他の経常収益、経常収益、銀行業	CurrentYearDuration	JPY	1871639000000
jppfs_cor:OrdinaryExpensesBNK	経常費用、銀行業	Prior1YearDuration	JPY	10960514000000
jppfs_cor:OrdinaryExpensesBNK	経常費用、銀行業	CurrentYearDuration	JPY	11210651000000
jppfs_cor:InterestExpensesOEBNK	資金調達費用、経常費用、銀行業	Prior1YearDuration	JPY	5591266000000
jppfs_cor:InterestExpensesOEBNK	資金調達費用、経常費用、銀行業	CurrentYearDuration	JPY	5717866000000
jppfs_cor:InterestOnDepositsOEBNK	預金利息、経常費用、銀行業	Prior1YearDuration	JPY	2108129000000
jppfs_cor:InterestOnDepositsOEBNK	預金利息、経常費用、銀行業	CurrentYearDuration	JPY	2086767000000
jppfs_cor:InterestOnNegotiableCertificatesOfDepositOEBNK	譲渡性預金利息、経常費用、銀行業	Prior1YearDuration	JPY	716717000000
jppfs_cor:InterestOnNegotiableCertificatesOfDepositOEBNK	譲渡性預金利息、経常費用、銀行業	CurrentYearDuration	JPY	638057000000
jppfs_cor:InterestOnCallMoneyAndBillsSoldOEBNK	コールマネー利息及び売渡手形利息、経常費用、銀行業	Prior1YearDuration	JPY	13348000000
jppfs_cor:InterestOnCallMoneyAndBillsSoldOEBNK	コールマネー利息及び売渡手形利息、経常費用、銀行業	CurrentYearDuration	JPY	33051000000
jppfs_cor:InterestOnPayablesUnderRepurchaseAgreementsOEBNK	売現先利息、経常費用、銀行業	Prior1YearDuration	JPY	1364295000000
jppfs_cor:InterestOnPayablesUnderRepurchaseAgreementsOEBNK	売現先利息、経常費用、銀行業	CurrentYearDuration	JPY	1300546000000
jppfs_cor:InterestOnPayablesUnderSecuritiesLendingTransactionsOEBNK	債券貸借取引支払利息、経常費用、銀行業	Prior1YearDuration	JPY	20426000000
jppfs_cor:InterestOnPayablesUnderSecuritiesLendingTransactionsOEBNK	債券貸借取引支払利息、経常費用、銀行業	CurrentYearDuration	JPY	11318000000
jppfs_cor:InterestOnCommercialPapersNOE	コマーシャル・ペーパー利息、営業外費用	Prior1YearDuration	JPY	145534000000
jppfs_cor:InterestOnCommercialPapersNOE	コマーシャル・ペーパー利息、営業外費用	CurrentYearDuration	JPY	148414000000
jppfs_cor:InterestOnBorrowingsAndRediscountsOEBNK	借用金利息、経常費用、銀行業	Prior1YearDuration	JPY	159238000000
jppfs_cor:InterestOnBorrowingsAndRediscountsOEBNK	借用金利息、経常費用、銀行業	CurrentYearDuration	JPY	134919000000
jppfs_cor:InterestOnShortTermBondsNOE	短期社債利息、営業外費用	Prior1YearDuration	JPY	4139000000
jppfs_cor:InterestOnShortTermBondsNOE	短期社債利息、営業外費用	CurrentYearDuration	JPY	13666000000
jppfs_cor:InterestOnBondsNOE	社債利息、営業外費用	Prior1YearDuration	JPY	464681000000
jppfs_cor:InterestOnBondsNOE	社債利息、営業外費用	CurrentYearDuration	JPY	474111000000
jppfs_cor:OtherInterestExpensesOEBNK	その他の支払利息、経常費用、銀行業	Prior1YearDuration	JPY	594754000000
jppfs_cor:OtherInterestExpensesOEBNK	その他の支払利息、経常費用、銀行業	CurrentYearDuration	JPY	877013000000
jppfs_cor:FeesAndCommissionsPaymentsOEBNK	役務取引等費用、経常費用、銀行業	Prior1YearDuration	JPY	414289000000
jppfs_cor:FeesAndCommissionsPaymentsOEBNK	役務取引等費用、経常費用、銀行業	CurrentYearDuration	JPY	439548000000
jppfs_cor:TradingExpensesOEBNK	特定取引費用、経常費用、銀行業	Prior1YearDuration	JPY	－
jppfs_cor:TradingExpensesOEBNK	特定取引費用、経常費用、銀行業	CurrentYearDuration	JPY	103924000000
jppfs_cor:OtherOrdinaryExpensesOEBNK	その他業務費用、経常費用、銀行業	Prior1YearDuration	JPY	1107697000000
jppfs_cor:OtherOrdinaryExpensesOEBNK	その他業務費用、経常費用、銀行業	CurrentYearDuration	JPY	446819000000
jppfs_cor:GeneralAndAdministrativeExpensesOEBNK	営業経費、経常費用、銀行業	Prior1YearDuration	JPY	3166035000000
jppfs_cor:GeneralAndAdministrativeExpensesOEBNK	営業経費、経常費用、銀行業	CurrentYearDuration	JPY	3489570000000
jppfs_cor:OtherExpensesOEBNK	その他経常費用、経常費用、銀行業	Prior1YearDuration	JPY	681224000000
jppfs_cor:OtherExpensesOEBNK	その他経常費用、経常費用、銀行業	CurrentYearDuration	JPY	1012921000000
jppfs_cor:ProvisionOfAllowanceForLoanLossesOEBNK	貸倒引当金繰入額、経常費用、銀行業	Prior1YearDuration	JPY	－
jppfs_cor:ProvisionOfAllowanceForLoanLossesOEBNK	貸倒引当金繰入額、経常費用、銀行業	CurrentYearDuration	JPY	176952000000
jppfs_cor:OtherOtherExpensesOEBNK	その他の経常費用、経常費用、銀行業	Prior1YearDuration	JPY	681224000000
jppfs_cor:OtherOtherExpensesOEBNK	その他の経常費用、経常費用、銀行業	CurrentYearDuration	JPY	835969000000
jppfs_cor:OrdinaryIncome	経常利益又は経常損失（△）	Prior1YearDuration	JPY	2669483000000
jppfs_cor:OrdinaryIncome	経常利益又は経常損失（△）	CurrentYearDuration	JPY	3410192000000
jppfs_cor:ExtraordinaryIncome	特別利益	Prior1YearDuration	JPY	67824000000
jppfs_cor:ExtraordinaryIncome	特別利益	CurrentYearDuration	JPY	48661000000
jppfs_cor:GainOnDisposalOfNoncurrentAssetsEI	固定資産処分益、特別利益	Prior1YearDuration	JPY	19961000000
jppfs_cor:GainOnDisposalOfNoncurrentAssetsEI	固定資産処分益、特別利益	CurrentYearDuration	JPY	9713000000
jppfs_cor:GainOnStepAcquisitionsEI	段階取得に係る差益、特別利益	Prior1YearDuration	JPY	－
jppfs_cor:GainOnStepAcquisitionsEI	段階取得に係る差益、特別利益	CurrentYearDuration	JPY	20801000000
jppfs_cor:GainOnLiquidationOfSubsidiariesEI	子会社清算益、特別利益	Prior1YearDuration	JPY	－
jppfs_cor:GainOnLiquidationOfSubsidiariesEI	子会社清算益、特別利益	CurrentYearDuration	JPY	18140000000
jppfs_cor:GainOnChangeInEquityEI	持分変動利益、特別利益	Prior1YearDuration	JPY	102000000
jppfs_cor:GainOnChangeInEquityEI	持分変動利益、特別利益	CurrentYearDuration	JPY	5000000
jpcrp030000-asr_E03606-000:GainsOnSalesOfSharesOfAffiliates		Prior1YearDuration	JPY	47759000000
jpcrp030000-asr_E03606-000:GainsOnSalesOfSharesOfAffiliates		CurrentYearDuration	JPY	－
jppfs_cor:ExtraordinaryLoss	特別損失	Prior1YearDuration	JPY	186673000000
jppfs_cor:ExtraordinaryLoss	特別損失	CurrentYearDuration	JPY	136692000000
jppfs_cor:LossOnDisposalOfNoncurrentAssetsEL	固定資産処分損、特別損失	Prior1YearDuration	JPY	12348000000
jppfs_cor:LossOnDisposalOfNoncurrentAssetsEL	固定資産処分損、特別損失	CurrentYearDuration	JPY	17019000000
jppfs_cor:ImpairmentLossEL	減損損失、特別損失	Prior1YearDuration	JPY	141542000000
jppfs_cor:ImpairmentLossEL	減損損失、特別損失	CurrentYearDuration	JPY	67894000000
jppfs_cor:TransferToReserveForFinancialProductsTransactionLiabilitiesELBNK	金融商品取引責任準備金繰入額、特別損失、銀行業	Prior1YearDuration	JPY	236000000
jppfs_cor:TransferToReserveForFinancialProductsTransactionLiabilitiesELBNK	金融商品取引責任準備金繰入額、特別損失、銀行業	CurrentYearDuration	JPY	884000000
jpcrp030000-asr_E03606-000:ProvisionForReserveForContingentLiabilitiesFromCommodityTransactions		Prior1YearDuration	JPY	0
jpcrp030000-asr_E03606-000:ProvisionForReserveForContingentLiabilitiesFromCommodityTransactions		CurrentYearDuration	JPY	0
jppfs_cor:LossOnChangeInEquityEL	持分変動損失、特別損失	Prior1YearDuration	JPY	23668000000
jppfs_cor:LossOnChangeInEquityEL	持分変動損失、特別損失	CurrentYearDuration	JPY	19803000000
jpcrp030000-asr_E03606-000:SystemIntegrationRelatedCostsEL		Prior1YearDuration	JPY	－
jpcrp030000-asr_E03606-000:SystemIntegrationRelatedCostsEL		CurrentYearDuration	JPY	31091000000
jpcrp030000-asr_E03606-000:LossesOnStepAcqusitions		Prior1YearDuration	JPY	5854000000
jpcrp030000-asr_E03606-000:LossesOnStepAcqusitions		CurrentYearDuration	JPY	－
jppfs_cor:LossOnSalesOfSubsidiariesStocksEL	子会社株式売却損、特別損失	Prior1YearDuration	JPY	3023000000
jppfs_cor:LossOnSalesOfSubsidiariesStocksEL	子会社株式売却損、特別損失	CurrentYearDuration	JPY	－
jppfs_cor:IncomeBeforeIncomeTaxes	税引前当期純利益又は税引前当期純損失（△）	Prior1YearDuration	JPY	2550634000000
jppfs_cor:IncomeBeforeIncomeTaxes	税引前当期純利益又は税引前当期純損失（△）	CurrentYearDuration	JPY	3322161000000
jppfs_cor:IncomeTaxesCurrent	法人税、住民税及び事業税	Prior1YearDuration	JPY	382695000000
jppfs_cor:IncomeTaxesCurrent	法人税、住民税及び事業税	CurrentYearDuration	JPY	853410000000
jppfs_cor:IncomeTaxesDeferred	法人税等調整額	Prior1YearDuration	JPY	226461000000
jppfs_cor:IncomeTaxesDeferred	法人税等調整額	CurrentYearDuration	JPY	-91761000000
jppfs_cor:IncomeTaxes	法人税等	Prior1YearDuration	JPY	609156000000
jppfs_cor:IncomeTaxes	法人税等	CurrentYearDuration	JPY	761648000000
jppfs_cor:ProfitLoss	当期純利益又は当期純損失（△）（平成26年3月28日財規等改正後）	Prior1YearDuration	JPY	1941477000000
jppfs_cor:ProfitLoss	当期純利益又は当期純損失（△）（平成26年3月28日財規等改正後）	CurrentYearDuration	JPY	2560512000000
jppfs_cor:ProfitLossAttributableToNonControllingInterests	非支配株主に帰属する当期純利益又は非支配株主に帰属する当期純損失（△）	Prior1YearDuration	JPY	78530000000
jppfs_cor:ProfitLossAttributableToNonControllingInterests	非支配株主に帰属する当期純利益又は非支配株主に帰属する当期純損失（△）	CurrentYearDuration	JPY	133283000000
jppfs_cor:ProfitLossAttributableToOwnersOfParent	親会社株主に帰属する当期純利益又は親会社株主に帰属する当期純損失（△）	Prior1YearDuration	JPY	1862946000000
jppfs_cor:ProfitLossAttributableToOwnersOfParent	親会社株主に帰属する当期純利益又は親会社株主に帰属する当期純損失（△）	CurrentYearDuration	JPY	2427229000000
jppfs_cor:ProfitLoss	当期純利益又は当期純損失（△）（平成26年3月28日財規等改正後）	Prior1YearDuration	JPY	1941477000000
jppfs_cor:ProfitLoss	当期純利益又は当期純損失（△）（平成26年3月28日財規等改正後）	CurrentYearDuration	JPY	2560512000000
jppfs_cor:ValuationDifferenceOnAvailableForSaleSecuritiesNetOfTaxOCI	その他有価証券評価差額金（税引後）、その他の包括利益	Prior1YearDuration	JPY	-233452000000
jppfs_cor:ValuationDifferenceOnAvailableForSaleSecuritiesNetOfTaxOCI	その他有価証券評価差額金（税引後）、その他の包括利益	CurrentYearDuration	JPY	328192000000
jppfs_cor:DeferredGainsOrLossesOnHedgesNetOfTaxOCI	繰延ヘッジ損益（税引後）、その他の包括利益	Prior1YearDuration	JPY	-201599000000
jppfs_cor:DeferredGainsOrLossesOnHedgesNetOfTaxOCI	繰延ヘッジ損益（税引後）、その他の包括利益	CurrentYearDuration	JPY	-358645000000
jppfs_cor:RevaluationReserveForLandNetOfTaxOCI	土地再評価差額金（税引後）、その他の包括利益	Prior1YearDuration	JPY	-2424000000
jppfs_cor:RevaluationReserveForLandNetOfTaxOCI	土地再評価差額金（税引後）、その他の包括利益	CurrentYearDuration	JPY	29000000
jppfs_cor:ForeignCurrencyTranslationAdjustmentNetOfTaxOCI	為替換算調整勘定（税引後）、その他の包括利益	Prior1YearDuration	JPY	464906000000
jppfs_cor:ForeignCurrencyTranslationAdjustmentNetOfTaxOCI	為替換算調整勘定（税引後）、その他の包括利益	CurrentYearDuration	JPY	312349000000
jppfs_cor:RemeasurementsOfDefinedBenefitPlansNetOfTaxOCI	退職給付に係る調整額（税引後）、その他の包括利益	Prior1YearDuration	JPY	45916000000
jppfs_cor:RemeasurementsOfDefinedBenefitPlansNetOfTaxOCI	退職給付に係る調整額（税引後）、その他の包括利益	CurrentYearDuration	JPY	169600000000
jpcrp030000-asr_E03606-000:NetUnrealizedGainsLossesOnLoansOfForeignSubsidiariesAndAffiliatesOCI		Prior1YearDuration	JPY	4279000000
jpcrp030000-asr_E03606-000:NetUnrealizedGainsLossesOnLoansOfForeignSubsidiariesAndAffiliatesOCI		CurrentYearDuration	JPY	2206000000
jppfs_cor:ShareOfOtherComprehensiveIncomeOfAssociatesAccountedForUsingEquityMethodOCI	持分法適用会社に対する持分相当額、その他の包括利益	Prior1YearDuration	JPY	50556000000
jppfs_cor:ShareOfOtherComprehensiveIncomeOfAssociatesAccountedForUsingEquityMethodOCI	持分法適用会社に対する持分相当額、その他の包括利益	CurrentYearDuration	JPY	256999000000
jppfs_cor:OtherComprehensiveIncome	その他の包括利益	Prior1YearDuration	JPY	128182000000
jppfs_cor:OtherComprehensiveIncome	その他の包括利益	CurrentYearDuration	JPY	710734000000
jppfs_cor:ComprehensiveIncome	包括利益	Prior1YearDuration	JPY	2069660000000
jppfs_cor:ComprehensiveIncome	包括利益	CurrentYearDuration	JPY	3271246000000
jppfs_cor:ComprehensiveIncomeAttributableToOwnersOfTheParent	親会社株主に係る包括利益、包括利益	Prior1YearDuration	JPY	1948808000000
jppfs_cor:ComprehensiveIncomeAttributableToOwnersOfTheParent	親会社株主に係る包括利益、包括利益	CurrentYearDuration	JPY	3086298000000
jppfs_cor:ComprehensiveIncomeAttributableToNonControllingInterests	非支配株主に係る包括利益、包括利益	Prior1YearDuration	JPY	120851000000
jppfs_cor:ComprehensiveIncomeAttributableToNonControllingInterests	非支配株主に係る包括利益、包括利益	CurrentYearDuration	JPY	184948000000
jppfs_cor:NetAssets	純資産	Prior2YearInstant_CapitalStockMember	JPY	2141513000000
jppfs_cor:NetAssets	純資産	Prior2YearInstant_CapitalSurplusMember	JPY	83623000000
jppfs_cor:NetAssets	純資産	Prior2YearInstant_RetainedEarningsMember	JPY	13791608000000
jppfs_cor:NetAssets	純資産	Prior2YearInstant_TreasuryStockMember	JPY	-613823000000
jppfs_cor:NetAssets	純資産	Prior2YearInstant_ShareholdersEquityMember	JPY	15402921000000
jppfs_cor:NetAssets	純資産	Prior2YearInstant_ValuationDifferenceOnAvailableForSaleSecuritiesMember	JPY	1534094000000
jppfs_cor:NetAssets	純資産	Prior2YearInstant_DeferredGainsOrLossesOnHedgesMember	JPY	-687476000000
jppfs_cor:CumulativeEffectsOfChangesInAccountingPolicies	会計方針の変更による累積的影響額	Prior2YearInstant_RetainedEarningsMember	JPY	6119000000
jppfs_cor:CumulativeEffectsOfChangesInAccountingPolicies	会計方針の変更による累積的影響額	Prior2YearInstant_ShareholdersEquityMember	JPY	6119000000
jppfs_cor:CumulativeEffectsOfChangesInAccountingPolicies	会計方針の変更による累積的影響額	Prior2YearInstant_DeferredGainsOrLossesOnHedgesMember	JPY	-1896000000
jppfs_cor:RestatedBalance	会計方針の変更を反映した当期首残高	Prior2YearInstant_CapitalStockMember	JPY	2141513000000
jppfs_cor:RestatedBalance	会計方針の変更を反映した当期首残高	Prior2YearInstant_CapitalSurplusMember	JPY	83623000000
jppfs_cor:RestatedBalance	会計方針の変更を反映した当期首残高	Prior2YearInstant_RetainedEarningsMember	JPY	13797728000000
jppfs_cor:RestatedBalance	会計方針の変更を反映した当期首残高	Prior2YearInstant_TreasuryStockMember	JPY	-613823000000
jppfs_cor:RestatedBalance	会計方針の変更を反映した当期首残高	Prior2YearInstant_ShareholdersEquityMember	JPY	15409041000000
jppfs_cor:RestatedBalance	会計方針の変更を反映した当期首残高	Prior2YearInstant_ValuationDifferenceOnAvailableForSaleSecuritiesMember	JPY	1534094000000
jppfs_cor:RestatedBalance	会計方針の変更を反映した当期首残高	Prior2YearInstant_DeferredGainsOrLossesOnHedgesMember	JPY	-689373000000
jppfs_cor:DividendsFromSurplus	剰余金の配当	Prior1YearDuration_RetainedEarningsMember	JPY	-533196000000
jppfs_cor:DividendsFromSurplus	剰余金の配当	Prior1YearDuration_ShareholdersEquityMember	JPY	-533196000000
jppfs_cor:ProfitLossAttributableToOwnersOfParent	親会社株主に帰属する当期純利益又は親会社株主に帰属する当期純損失（△）	Prior1YearDuration_RetainedEarningsMember	JPY	1862946000000
jppfs_cor:ProfitLossAttributableToOwnersOfParent	親会社株主に帰属する当期純利益又は親会社株主に帰属する当期純損失（△）	Prior1YearDuration_ShareholdersEquityMember	JPY	1862946000000
jppfs_cor:PurchaseOfTreasuryStock	自己株式の取得	Prior1YearDuration_TreasuryStockMember	JPY	-418426000000
jppfs_cor:PurchaseOfTreasuryStock	自己株式の取得	Prior1YearDuration_ShareholdersEquityMember	JPY	-418426000000
jppfs_cor:DisposalOfTreasuryStock	自己株式の処分	Prior1YearDuration_CapitalSurplusMember	JPY	0
jppfs_cor:DisposalOfTreasuryStock	自己株式の処分	Prior1YearDuration_TreasuryStockMember	JPY	9333000000
jppfs_cor:DisposalOfTreasuryStock	自己株式の処分	Prior1YearDuration_ShareholdersEquityMember	JPY	9333000000
jppfs_cor:RetirementOfTreasuryStock	自己株式の消却	Prior1YearDuration_CapitalSurplusMember	JPY	-296284000000
jppfs_cor:RetirementOfTreasuryStock	自己株式の消却	Prior1YearDuration_TreasuryStockMember	JPY	296284000000
jppfs_cor:RetirementOfTreasuryStock	自己株式の消却	Prior1YearDuration_ShareholdersEquityMember	JPY	－
jppfs_cor:ReversalOfRevaluationReserveForLand	土地再評価差額金の取崩	Prior1YearDuration_RetainedEarningsMember	JPY	9142000000
jppfs_cor:ReversalOfRevaluationReserveForLand	土地再評価差額金の取崩	Prior1YearDuration_ShareholdersEquityMember	JPY	9142000000
jpcrp030000-asr_E03606-000:ChangesInSubsidiariesEquity		Prior1YearDuration_CapitalSurplusMember	JPY	-78342000000
jpcrp030000-asr_E03606-000:ChangesInSubsidiariesEquity		Prior1YearDuration_ShareholdersEquityMember	JPY	-78342000000
jppfs_cor:TransferToCapitalSurplusFromRetainedEarnings	利益剰余金から資本剰余金への振替	Prior1YearDuration_CapitalSurplusMember	JPY	291003000000
jppfs_cor:TransferToCapitalSurplusFromRetainedEarnings	利益剰余金から資本剰余金への振替	Prior1YearDuration_RetainedEarningsMember	JPY	-291003000000
jppfs_cor:TransferToCapitalSurplusFromRetainedEarnings	利益剰余金から資本剰余金への振替	Prior1YearDuration_ShareholdersEquityMember	JPY	－
jppfs_cor:NetChangesOfItemsOtherThanShareholdersEquity	株主資本以外の項目の当期変動額（純額）	Prior1YearDuration_ValuationDifferenceOnAvailableForSaleSecuritiesMember	JPY	-206967000000
jppfs_cor:NetChangesOfItemsOtherThanShareholdersEquity	株主資本以外の項目の当期変動額（純額）	Prior1YearDuration_DeferredGainsOrLossesOnHedgesMember	JPY	-204854000000
jppfs_cor:TotalChangesOfItemsDuringThePeriod	当期変動額合計	Prior1YearDuration_CapitalStockMember	JPY	－
jppfs_cor:TotalChangesOfItemsDuringThePeriod	当期変動額合計	Prior1YearDuration_CapitalSurplusMember	JPY	-83623000000
jppfs_cor:TotalChangesOfItemsDuringThePeriod	当期変動額合計	Prior1YearDuration_RetainedEarningsMember	JPY	1047889000000
jppfs_cor:TotalChangesOfItemsDuringThePeriod	当期変動額合計	Prior1YearDuration_TreasuryStockMember	JPY	-112808000000
jppfs_cor:TotalChangesOfItemsDuringThePeriod	当期変動額合計	Prior1YearDuration_ShareholdersEquityMember	JPY	851457000000
jppfs_cor:TotalChangesOfItemsDuringThePeriod	当期変動額合計	Prior1YearDuration_ValuationDifferenceOnAvailableForSaleSecuritiesMember	JPY	-206967000000
jppfs_cor:TotalChangesOfItemsDuringThePeriod	当期変動額合計	Prior1YearDuration_DeferredGainsOrLossesOnHedgesMember	JPY	-204854000000
jppfs_cor:NetAssets	純資産	Prior1YearInstant_CapitalStockMember	JPY	2141513000000
jppfs_cor:NetAssets	純資産	Prior1YearInstant_CapitalSurplusMember	JPY	－
jppfs_cor:NetAssets	純資産	Prior1YearInstant_RetainedEarningsMember	JPY	14845617000000
jppfs_cor:NetAssets	純資産	Prior1YearInstant_TreasuryStockMember	JPY	-726631000000
jppfs_cor:NetAssets	純資産	Prior1YearInstant_ShareholdersEquityMember	JPY	16260498000000
jppfs_cor:NetAssets	純資産	Prior1YearInstant_ValuationDifferenceOnAvailableForSaleSecuritiesMember	JPY	1327127000000
jppfs_cor:NetAssets	純資産	Prior1YearInstant_DeferredGainsOrLossesOnHedgesMember	JPY	-894227000000
jppfs_cor:NetAssets	純資産	Prior2YearInstant_RevaluationReserveForLandMember	JPY	133967000000
jppfs_cor:NetAssets	純資産	Prior2YearInstant_ForeignCurrencyTranslationAdjustmentMember	JPY	2762818000000
jppfs_cor:NetAssets	純資産	Prior2YearInstant_RemeasurementsOfDefinedBenefitPlansMember	JPY	507085000000
jppfs_cor:NetAssets	純資産	Prior2YearInstant_jpcrp030000-asr_E03606-000DebtValueAdjustmentsOfForeignSubsidiariesAndAffiliatesMember	JPY	-65435000000
jppfs_cor:NetAssets	純資産	Prior2YearInstant_jpcrp030000-asr_E03606-000NetUnrealizedGainsLossesOnLoansOfForeignSubsidiariesAndAffiliatesMember	JPY	－
jppfs_cor:NetAssets	純資産	Prior2YearInstant_ValuationAndTranslationAdjustmentsMember	JPY	4185052000000
jppfs_cor:NetAssets	純資産	Prior2YearInstant_SubscriptionRightsToSharesMember	JPY	0
jppfs_cor:NetAssets	純資産	Prior2YearInstant_NonControllingInterestsMember	JPY	1159003000000
jppfs_cor:NetAssets	純資産	Prior2YearInstant	JPY	20746978000000
jppfs_cor:CumulativeEffectsOfChangesInAccountingPolicies	会計方針の変更による累積的影響額	Prior2YearInstant_ValuationAndTranslationAdjustmentsMember	JPY	-1896000000
jppfs_cor:CumulativeEffectsOfChangesInAccountingPolicies	会計方針の変更による累積的影響額	Prior2YearInstant	JPY	4223000000
jppfs_cor:RestatedBalance	会計方針の変更を反映した当期首残高	Prior2YearInstant_RevaluationReserveForLandMember	JPY	133967000000
jppfs_cor:RestatedBalance	会計方針の変更を反映した当期首残高	Prior2YearInstant_ForeignCurrencyTranslationAdjustmentMember	JPY	2762818000000
jppfs_cor:RestatedBalance	会計方針の変更を反映した当期首残高	Prior2YearInstant_RemeasurementsOfDefinedBenefitPlansMember	JPY	507085000000
jppfs_cor:RestatedBalance	会計方針の変更を反映した当期首残高	Prior2YearInstant_jpcrp030000-asr_E03606-000DebtValueAdjustmentsOfForeignSubsidiariesAndAffiliatesMember	JPY	-65435000000
jppfs_cor:RestatedBalance	会計方針の変更を反映した当期首残高	Prior2YearInstant_jpcrp030000-asr_E03606-000NetUnrealizedGainsLossesOnLoansOfForeignSubsidiariesAndAffiliatesMember	JPY	－
jppfs_cor:RestatedBalance	会計方針の変更を反映した当期首残高	Prior2YearInstant_ValuationAndTranslationAdjustmentsMember	JPY	4183156000000
jppfs_cor:RestatedBalance	会計方針の変更を反映した当期首残高	Prior2YearInstant_SubscriptionRightsToSharesMember	JPY	0
jppfs_cor:RestatedBalance	会計方針の変更を反映した当期首残高	Prior2YearInstant_NonControllingInterestsMember	JPY	1159003000000
jppfs_cor:RestatedBalance	会計方針の変更を反映した当期首残高	Prior2YearInstant	JPY	20751202000000
jppfs_cor:DividendsFromSurplus	剰余金の配当	Prior1YearDuration	JPY	-533196000000
jppfs_cor:ProfitLossAttributableToOwnersOfParent	親会社株主に帰属する当期純利益又は親会社株主に帰属する当期純損失（△）	Prior1YearDuration	JPY	1862946000000
jppfs_cor:PurchaseOfTreasuryStock	自己株式の取得	Prior1YearDuration	JPY	-418426000000
jppfs_cor:DisposalOfTreasuryStock	自己株式の処分	Prior1YearDuration	JPY	9333000000
jppfs_cor:RetirementOfTreasuryStock	自己株式の消却	Prior1YearDuration	JPY	－
jppfs_cor:ReversalOfRevaluationReserveForLand	土地再評価差額金の取崩	Prior1YearDuration	JPY	9142000000
jpcrp030000-asr_E03606-000:ChangesInSubsidiariesEquity		Prior1YearDuration	JPY	-78342000000
jppfs_cor:TransferToCapitalSurplusFromRetainedEarnings	利益剰余金から資本剰余金への振替	Prior1YearDuration	JPY	－
jppfs_cor:NetChangesOfItemsOtherThanShareholdersEquity	株主資本以外の項目の当期変動額（純額）	Prior1YearDuration_RevaluationReserveForLandMember	JPY	-11567000000
jppfs_cor:NetChangesOfItemsOtherThanShareholdersEquity	株主資本以外の項目の当期変動額（純額）	Prior1YearDuration_ForeignCurrencyTranslationAdjustmentMember	JPY	435460000000
jppfs_cor:NetChangesOfItemsOtherThanShareholdersEquity	株主資本以外の項目の当期変動額（純額）	Prior1YearDuration_RemeasurementsOfDefinedBenefitPlansMember	JPY	47416000000
jppfs_cor:NetChangesOfItemsOtherThanShareholdersEquity	株主資本以外の項目の当期変動額（純額）	Prior1YearDuration_jpcrp030000-asr_E03606-000DebtValueAdjustmentsOfForeignSubsidiariesAndAffiliatesMember	JPY	13772000000
jppfs_cor:NetChangesOfItemsOtherThanShareholdersEquity	株主資本以外の項目の当期変動額（純額）	Prior1YearDuration_jpcrp030000-asr_E03606-000NetUnrealizedGainsLossesOnLoansOfForeignSubsidiariesAndAffiliatesMember	JPY	3457000000
jppfs_cor:NetChangesOfItemsOtherThanShareholdersEquity	株主資本以外の項目の当期変動額（純額）	Prior1YearDuration_ValuationAndTranslationAdjustmentsMember	JPY	76719000000
jppfs_cor:NetChangesOfItemsOtherThanShareholdersEquity	株主資本以外の項目の当期変動額（純額）	Prior1YearDuration_SubscriptionRightsToSharesMember	JPY	10000000
jppfs_cor:NetChangesOfItemsOtherThanShareholdersEquity	株主資本以外の項目の当期変動額（純額）	Prior1YearDuration_NonControllingInterestsMember	JPY	48743000000
jppfs_cor:NetChangesOfItemsOtherThanShareholdersEquity	株主資本以外の項目の当期変動額（純額）	Prior1YearDuration	JPY	125473000000
jppfs_cor:TotalChangesOfItemsDuringThePeriod	当期変動額合計	Prior1YearDuration_RevaluationReserveForLandMember	JPY	-11567000000
jppfs_cor:TotalChangesOfItemsDuringThePeriod	当期変動額合計	Prior1YearDuration_ForeignCurrencyTranslationAdjustmentMember	JPY	435460000000
jppfs_cor:TotalChangesOfItemsDuringThePeriod	当期変動額合計	Prior1YearDuration_RemeasurementsOfDefinedBenefitPlansMember	JPY	47416000000
jppfs_cor:TotalChangesOfItemsDuringThePeriod	当期変動額合計	Prior1YearDuration_jpcrp030000-asr_E03606-000DebtValueAdjustmentsOfForeignSubsidiariesAndAffiliatesMember	JPY	13772000000
jppfs_cor:TotalChangesOfItemsDuringThePeriod	当期変動額合計	Prior1YearDuration_jpcrp030000-asr_E03606-000NetUnrealizedGainsLossesOnLoansOfForeignSubsidiariesAndAffiliatesMember	JPY	3457000000
jppfs_cor:TotalChangesOfItemsDuringThePeriod	当期変動額合計	Prior1YearDuration_ValuationAndTranslationAdjustmentsMember	JPY	76719000000
jppfs_cor:TotalChangesOfItemsDuringThePeriod	当期変動額合計	Prior1YearDuration_SubscriptionRightsToSharesMember	JPY	10000000
jppfs_cor:TotalChangesOfItemsDuringThePeriod	当期変動額合計	Prior1YearDuration_NonControllingInterestsMember	JPY	48743000000
jppfs_cor:TotalChangesOfItemsDuringThePeriod	当期変動額合計	Prior1YearDuration	JPY	976930000000
jppfs_cor:NetAssets	純資産	Prior1YearInstant_RevaluationReserveForLandMember	JPY	122400000000
jppfs_cor:NetAssets	純資産	Prior1YearInstant_ForeignCurrencyTranslationAdjustmentMember	JPY	3198279000000
jppfs_cor:NetAssets	純資産	Prior1YearInstant_RemeasurementsOfDefinedBenefitPlansMember	JPY	554502000000
jppfs_cor:NetAssets	純資産	Prior1YearInstant_jpcrp030000-asr_E03606-000DebtValueAdjustmentsOfForeignSubsidiariesAndAffiliatesMember	JPY	-51663000000
jppfs_cor:NetAssets	純資産	Prior1YearInstant_jpcrp030000-asr_E03606-000NetUnrealizedGainsLossesOnLoansOfForeignSubsidiariesAndAffiliatesMember	JPY	3457000000
jppfs_cor:NetAssets	純資産	Prior1YearInstant_ValuationAndTranslationAdjustmentsMember	JPY	4259875000000
jppfs_cor:NetAssets	純資産	Prior1YearInstant_SubscriptionRightsToSharesMember	JPY	11000000
jppfs_cor:NetAssets	純資産	Prior1YearInstant_NonControllingInterestsMember	JPY	1207746000000
jppfs_cor:NetAssets	純資産	Prior1YearInstant	JPY	21728132000000
jppfs_cor:NetAssets	純資産	Prior1YearInstant_CapitalStockMember	JPY	2141513000000
jppfs_cor:NetAssets	純資産	Prior1YearInstant_CapitalSurplusMember	JPY	－
jppfs_cor:NetAssets	純資産	Prior1YearInstant_RetainedEarningsMember	JPY	14845617000000
jppfs_cor:NetAssets	純資産	Prior1YearInstant_TreasuryStockMember	JPY	-726631000000
jppfs_cor:NetAssets	純資産	Prior1YearInstant_ShareholdersEquityMember	JPY	16260498000000
jppfs_cor:NetAssets	純資産	Prior1YearInstant_ValuationDifferenceOnAvailableForSaleSecuritiesMember	JPY	1327127000000
jppfs_cor:NetAssets	純資産	Prior1YearInstant_DeferredGainsOrLossesOnHedgesMember	JPY	-894227000000
jppfs_cor:DividendsFromSurplus	剰余金の配当	CurrentYearDuration_RetainedEarningsMember	JPY	-848915000000
jppfs_cor:DividendsFromSurplus	剰余金の配当	CurrentYearDuration_ShareholdersEquityMember	JPY	-848915000000
jppfs_cor:ProfitLossAttributableToOwnersOfParent	親会社株主に帰属する当期純利益又は親会社株主に帰属する当期純損失（△）	CurrentYearDuration_RetainedEarningsMember	JPY	2427229000000
jppfs_cor:ProfitLossAttributableToOwnersOfParent	親会社株主に帰属する当期純利益又は親会社株主に帰属する当期純損失（△）	CurrentYearDuration_ShareholdersEquityMember	JPY	2427229000000
jppfs_cor:PurchaseOfTreasuryStock	自己株式の取得	CurrentYearDuration_TreasuryStockMember	JPY	-500061000000
jppfs_cor:PurchaseOfTreasuryStock	自己株式の取得	CurrentYearDuration_ShareholdersEquityMember	JPY	-500061000000
jppfs_cor:DisposalOfTreasuryStock	自己株式の処分	CurrentYearDuration_CapitalSurplusMember	JPY	0
jppfs_cor:DisposalOfTreasuryStock	自己株式の処分	CurrentYearDuration_TreasuryStockMember	JPY	2068000000
jppfs_cor:DisposalOfTreasuryStock	自己株式の処分	CurrentYearDuration_ShareholdersEquityMember	JPY	2068000000
jppfs_cor:RetirementOfTreasuryStock	自己株式の消却	CurrentYearDuration_CapitalSurplusMember	JPY	-290488000000
jppfs_cor:RetirementOfTreasuryStock	自己株式の消却	CurrentYearDuration_TreasuryStockMember	JPY	290488000000
jppfs_cor:RetirementOfTreasuryStock	自己株式の消却	CurrentYearDuration_ShareholdersEquityMember	JPY	－
jppfs_cor:ReversalOfRevaluationReserveForLand	土地再評価差額金の取崩	CurrentYearDuration_RetainedEarningsMember	JPY	1390000000
jppfs_cor:ReversalOfRevaluationReserveForLand	土地再評価差額金の取崩	CurrentYearDuration_ShareholdersEquityMember	JPY	1390000000
jpcrp030000-asr_E03606-000:ChangesInSubsidiariesEquity		CurrentYearDuration_CapitalSurplusMember	JPY	15560000000
jpcrp030000-asr_E03606-000:ChangesInSubsidiariesEquity		CurrentYearDuration_ShareholdersEquityMember	JPY	15560000000
jppfs_cor:TransferToCapitalSurplusFromRetainedEarnings	利益剰余金から資本剰余金への振替	CurrentYearDuration_CapitalSurplusMember	JPY	274926000000
jppfs_cor:TransferToCapitalSurplusFromRetainedEarnings	利益剰余金から資本剰余金への振替	CurrentYearDuration_RetainedEarningsMember	JPY	-274926000000
jppfs_cor:TransferToCapitalSurplusFromRetainedEarnings	利益剰余金から資本剰余金への振替	CurrentYearDuration_ShareholdersEquityMember	JPY	－
jppfs_cor:NetChangesOfItemsOtherThanShareholdersEquity	株主資本以外の項目の当期変動額（純額）	CurrentYearDuration_ValuationDifferenceOnAvailableForSaleSecuritiesMember	JPY	344948000000
jppfs_cor:NetChangesOfItemsOtherThanShareholdersEquity	株主資本以外の項目の当期変動額（純額）	CurrentYearDuration_DeferredGainsOrLossesOnHedgesMember	JPY	-368606000000
jppfs_cor:TotalChangesOfItemsDuringThePeriod	当期変動額合計	CurrentYearDuration_CapitalStockMember	JPY	－
jppfs_cor:TotalChangesOfItemsDuringThePeriod	当期変動額合計	CurrentYearDuration_CapitalSurplusMember	JPY	－
jppfs_cor:TotalChangesOfItemsDuringThePeriod	当期変動額合計	CurrentYearDuration_RetainedEarningsMember	JPY	1304777000000
jppfs_cor:TotalChangesOfItemsDuringThePeriod	当期変動額合計	CurrentYearDuration_TreasuryStockMember	JPY	-207505000000
jppfs_cor:TotalChangesOfItemsDuringThePeriod	当期変動額合計	CurrentYearDuration_ShareholdersEquityMember	JPY	1097271000000
jppfs_cor:TotalChangesOfItemsDuringThePeriod	当期変動額合計	CurrentYearDuration_ValuationDifferenceOnAvailableForSaleSecuritiesMember	JPY	344948000000
jppfs_cor:TotalChangesOfItemsDuringThePeriod	当期変動額合計	CurrentYearDuration_DeferredGainsOrLossesOnHedgesMember	JPY	-368606000000
jppfs_cor:NetAssets	純資産	CurrentYearInstant_CapitalStockMember	JPY	2141513000000
jppfs_cor:NetAssets	純資産	CurrentYearInstant_CapitalSurplusMember	JPY	－
jppfs_cor:NetAssets	純資産	CurrentYearInstant_RetainedEarningsMember	JPY	16150394000000
jppfs_cor:NetAssets	純資産	CurrentYearInstant_TreasuryStockMember	JPY	-934137000000
jppfs_cor:NetAssets	純資産	CurrentYearInstant_ShareholdersEquityMember	JPY	17357770000000
jppfs_cor:NetAssets	純資産	CurrentYearInstant_ValuationDifferenceOnAvailableForSaleSecuritiesMember	JPY	1672075000000
jppfs_cor:NetAssets	純資産	CurrentYearInstant_DeferredGainsOrLossesOnHedgesMember	JPY	-1262833000000
jppfs_cor:NetAssets	純資産	Prior1YearInstant_RevaluationReserveForLandMember	JPY	122400000000
jppfs_cor:NetAssets	純資産	Prior1YearInstant_ForeignCurrencyTranslationAdjustmentMember	JPY	3198279000000
jppfs_cor:NetAssets	純資産	Prior1YearInstant_RemeasurementsOfDefinedBenefitPlansMember	JPY	554502000000
jppfs_cor:NetAssets	純資産	Prior1YearInstant_jpcrp030000-asr_E03606-000DebtValueAdjustmentsOfForeignSubsidiariesAndAffiliatesMember	JPY	-51663000000
jppfs_cor:NetAssets	純資産	Prior1YearInstant_jpcrp030000-asr_E03606-000NetUnrealizedGainsLossesOnLoansOfForeignSubsidiariesAndAffiliatesMember	JPY	3457000000
jppfs_cor:NetAssets	純資産	Prior1YearInstant_ValuationAndTranslationAdjustmentsMember	JPY	4259875000000
jppfs_cor:NetAssets	純資産	Prior1YearInstant_SubscriptionRightsToSharesMember	JPY	11000000
jppfs_cor:NetAssets	純資産	Prior1YearInstant_NonControllingInterestsMember	JPY	1207746000000
jppfs_cor:NetAssets	純資産	Prior1YearInstant	JPY	21728132000000
jppfs_cor:DividendsFromSurplus	剰余金の配当	CurrentYearDuration	JPY	-848915000000
jppfs_cor:ProfitLossAttributableToOwnersOfParent	親会社株主に帰属する当期純利益又は親会社株主に帰属する当期純損失（△）	CurrentYearDuration	JPY	2427229000000
jppfs_cor:PurchaseOfTreasuryStock	自己株式の取得	CurrentYearDuration	JPY	-500061000000
jppfs_cor:DisposalOfTreasuryStock	自己株式の処分	CurrentYearDuration	JPY	2068000000
jppfs_cor:RetirementOfTreasuryStock	自己株式の消却	CurrentYearDuration	JPY	－
jppfs_cor:ReversalOfRevaluationReserveForLand	土地再評価差額金の取崩	CurrentYearDuration	JPY	1390000000
jpcrp030000-asr_E03606-000:ChangesInSubsidiariesEquity		CurrentYearDuration	JPY	15560000000
jppfs_cor:TransferToCapitalSurplusFromRetainedEarnings	利益剰余金から資本剰余金への振替	CurrentYearDuration	JPY	－
jppfs_cor:NetChangesOfItemsOtherThanShareholdersEquity	株主資本以外の項目の当期変動額（純額）	CurrentYearDuration_RevaluationReserveForLandMember	JPY	-1360000000
jppfs_cor:NetChangesOfItemsOtherThanShareholdersEquity	株主資本以外の項目の当期変動額（純額）	CurrentYearDuration_ForeignCurrencyTranslationAdjustmentMember	JPY	513236000000
jppfs_cor:NetChangesOfItemsOtherThanShareholdersEquity	株主資本以外の項目の当期変動額（純額）	CurrentYearDuration_RemeasurementsOfDefinedBenefitPlansMember	JPY	169727000000
jppfs_cor:NetChangesOfItemsOtherThanShareholdersEquity	株主資本以外の項目の当期変動額（純額）	CurrentYearDuration_jpcrp030000-asr_E03606-000DebtValueAdjustmentsOfForeignSubsidiariesAndAffiliatesMember	JPY	-2171000000
jppfs_cor:NetChangesOfItemsOtherThanShareholdersEquity	株主資本以外の項目の当期変動額（純額）	CurrentYearDuration_jpcrp030000-asr_E03606-000NetUnrealizedGainsLossesOnLoansOfForeignSubsidiariesAndAffiliatesMember	JPY	522000000
jppfs_cor:NetChangesOfItemsOtherThanShareholdersEquity	株主資本以外の項目の当期変動額（純額）	CurrentYearDuration_ValuationAndTranslationAdjustmentsMember	JPY	656295000000
jppfs_cor:NetChangesOfItemsOtherThanShareholdersEquity	株主資本以外の項目の当期変動額（純額）	CurrentYearDuration_SubscriptionRightsToSharesMember	JPY	87000000
jppfs_cor:NetChangesOfItemsOtherThanShareholdersEquity	株主資本以外の項目の当期変動額（純額）	CurrentYearDuration_NonControllingInterestsMember	JPY	262364000000
jppfs_cor:NetChangesOfItemsOtherThanShareholdersEquity	株主資本以外の項目の当期変動額（純額）	CurrentYearDuration	JPY	918747000000
jppfs_cor:TotalChangesOfItemsDuringThePeriod	当期変動額合計	CurrentYearDuration_RevaluationReserveForLandMember	JPY	-1360000000
jppfs_cor:TotalChangesOfItemsDuringThePeriod	当期変動額合計	CurrentYearDuration_ForeignCurrencyTranslationAdjustmentMember	JPY	513236000000
jppfs_cor:TotalChangesOfItemsDuringThePeriod	当期変動額合計	CurrentYearDuration_RemeasurementsOfDefinedBenefitPlansMember	JPY	169727000000
jppfs_cor:TotalChangesOfItemsDuringThePeriod	当期変動額合計	CurrentYearDuration_jpcrp030000-asr_E03606-000DebtValueAdjustmentsOfForeignSubsidiariesAndAffiliatesMember	JPY	-2171000000
jppfs_cor:TotalChangesOfItemsDuringThePeriod	当期変動額合計	CurrentYearDuration_jpcrp030000-asr_E03606-000NetUnrealizedGainsLossesOnLoansOfForeignSubsidiariesAndAffiliatesMember	JPY	522000000
jppfs_cor:TotalChangesOfItemsDuringThePeriod	当期変動額合計	CurrentYearDuration_ValuationAndTranslationAdjustmentsMember	JPY	656295000000
jppfs_cor:TotalChangesOfItemsDuringThePeriod	当期変動額合計	CurrentYearDuration_SubscriptionRightsToSharesMember	JPY	87000000
jppfs_cor:TotalChangesOfItemsDuringThePeriod	当期変動額合計	CurrentYearDuration_NonControllingInterestsMember	JPY	262364000000
jppfs_cor:TotalChangesOfItemsDuringThePeriod	当期変動額合計	CurrentYearDuration	JPY	2016019000000
jppfs_cor:NetAssets	純資産	CurrentYearInstant_RevaluationReserveForLandMember	JPY	121039000000
jppfs_cor:NetAssets	純資産	CurrentYearInstant_ForeignCurrencyTranslationAdjustmentMember	JPY	3711516000000
jppfs_cor:NetAssets	純資産	CurrentYearInstant_RemeasurementsOfDefinedBenefitPlansMember	JPY	724229000000
jppfs_cor:NetAssets	純資産	CurrentYearInstant_jpcrp030000-asr_E03606-000DebtValueAdjustmentsOfForeignSubsidiariesAndAffiliatesMember	JPY	-53835000000
jppfs_cor:NetAssets	純資産	CurrentYearInstant_jpcrp030000-asr_E03606-000NetUnrealizedGainsLossesOnLoansOfForeignSubsidiariesAndAffiliatesMember	JPY	3979000000
jppfs_cor:NetAssets	純資産	CurrentYearInstant_ValuationAndTranslationAdjustmentsMember	JPY	4916171000000
jppfs_cor:NetAssets	純資産	CurrentYearInstant_SubscriptionRightsToSharesMember	JPY	99000000
jppfs_cor:NetAssets	純資産	CurrentYearInstant_NonControllingInterestsMember	JPY	1470111000000
jppfs_cor:NetAssets	純資産	CurrentYearInstant	JPY	23744152000000
jppfs_cor:IncomeBeforeIncomeTaxes	税引前当期純利益又は税引前当期純損失（△）	Prior1YearDuration	JPY	2550634000000
jppfs_cor:IncomeBeforeIncomeTaxes	税引前当期純利益又は税引前当期純損失（△）	CurrentYearDuration	JPY	3322161000000
jppfs_cor:DepreciationAndAmortizationOpeCF	減価償却費、営業活動によるキャッシュ・フロー	Prior1YearDuration	JPY	378476000000
jppfs_cor:DepreciationAndAmortizationOpeCF	減価償却費、営業活動によるキャッシュ・フロー	CurrentYearDuration	JPY	410838000000
jppfs_cor:ImpairmentLossOpeCF	減損損失、営業活動によるキャッシュ・フロー	Prior1YearDuration	JPY	141542000000
jppfs_cor:ImpairmentLossOpeCF	減損損失、営業活動によるキャッシュ・フロー	CurrentYearDuration	JPY	67894000000
jppfs_cor:AmortizationOfGoodwillOpeCF	のれん償却額、営業活動によるキャッシュ・フロー	Prior1YearDuration	JPY	36553000000
jppfs_cor:AmortizationOfGoodwillOpeCF	のれん償却額、営業活動によるキャッシュ・フロー	CurrentYearDuration	JPY	41835000000
jppfs_cor:EquityInEarningsLossesOfAffiliatesOpeCF	持分法による投資損益（△は益）、営業活動によるキャッシュ・フロー	Prior1YearDuration	JPY	-596956000000
jppfs_cor:EquityInEarningsLossesOfAffiliatesOpeCF	持分法による投資損益（△は益）、営業活動によるキャッシュ・フロー	CurrentYearDuration	JPY	-845545000000
jppfs_cor:IncreaseDecreaseInAllowanceForDoubtfulAccountsOpeCF	貸倒引当金の増減額（△は減少）、営業活動によるキャッシュ・フロー	Prior1YearDuration	JPY	-355752000000
jppfs_cor:IncreaseDecreaseInAllowanceForDoubtfulAccountsOpeCF	貸倒引当金の増減額（△は減少）、営業活動によるキャッシュ・フロー	CurrentYearDuration	JPY	-25183000000
jppfs_cor:IncreaseDecreaseInProvisionForBonusesOpeCF	賞与引当金の増減額（△は減少）、営業活動によるキャッシュ・フロー	Prior1YearDuration	JPY	705000000
jppfs_cor:IncreaseDecreaseInProvisionForBonusesOpeCF	賞与引当金の増減額（△は減少）、営業活動によるキャッシュ・フロー	CurrentYearDuration	JPY	37637000000
jppfs_cor:IncreaseDecreaseInProvisionForDirectorsBonusesOpeCF	役員賞与引当金の増減額（△は減少）、営業活動によるキャッシュ・フロー	Prior1YearDuration	JPY	134000000
jppfs_cor:IncreaseDecreaseInProvisionForDirectorsBonusesOpeCF	役員賞与引当金の増減額（△は減少）、営業活動によるキャッシュ・フロー	CurrentYearDuration	JPY	434000000
jppfs_cor:IncreaseDecreaseInProvisionForShareBasedRemunerationOpeCF	株式給付引当金の増減額（△は減少）、営業活動によるキャッシュ・フロー	Prior1YearDuration	JPY	-2254000000
jppfs_cor:IncreaseDecreaseInProvisionForShareBasedRemunerationOpeCF	株式給付引当金の増減額（△は減少）、営業活動によるキャッシュ・フロー	CurrentYearDuration	JPY	3209000000
jppfs_cor:IncreaseDecreaseInNetDefinedBenefitAssetOpeCF	退職給付に係る資産の増減額（△は増加）、営業活動によるキャッシュ・フロー	Prior1YearDuration	JPY	-80073000000
jppfs_cor:IncreaseDecreaseInNetDefinedBenefitAssetOpeCF	退職給付に係る資産の増減額（△は増加）、営業活動によるキャッシュ・フロー	CurrentYearDuration	JPY	-81000000000
jppfs_cor:IncreaseDecreaseInNetDefinedBenefitLiabilityOpeCF	退職給付に係る負債の増減額（△は減少）、営業活動によるキャッシュ・フロー	Prior1YearDuration	JPY	887000000
jppfs_cor:IncreaseDecreaseInNetDefinedBenefitLiabilityOpeCF	退職給付に係る負債の増減額（△は減少）、営業活動によるキャッシュ・フロー	CurrentYearDuration	JPY	336000000
jppfs_cor:IncreaseDecreaseInProvisionForDirectorsRetirementBenefitsOpeCF	役員退職慰労引当金の増減額（△は減少）、営業活動によるキャッシュ・フロー	Prior1YearDuration	JPY	-2000000
jppfs_cor:IncreaseDecreaseInProvisionForDirectorsRetirementBenefitsOpeCF	役員退職慰労引当金の増減額（△は減少）、営業活動によるキャッシュ・フロー	CurrentYearDuration	JPY	734000000
jppfs_cor:IncreaseDecreaseInProvisionForPointCardCertificatesOpeCF	ポイント引当金の増減額（△は減少）、営業活動によるキャッシュ・フロー	Prior1YearDuration	JPY	-10824000000
jppfs_cor:IncreaseDecreaseInProvisionForPointCardCertificatesOpeCF	ポイント引当金の増減額（△は減少）、営業活動によるキャッシュ・フロー	CurrentYearDuration	JPY	1171000000
jppfs_cor:IncreaseDecreaseInProvisionForContingentLossOpeCF	偶発損失引当金の増減額（△は減少）、営業活動によるキャッシュ・フロー	Prior1YearDuration	JPY	8400000000
jppfs_cor:IncreaseDecreaseInProvisionForContingentLossOpeCF	偶発損失引当金の増減額（△は減少）、営業活動によるキャッシュ・フロー	CurrentYearDuration	JPY	-8832000000
jppfs_cor:GainOnFundManagementOpeCFBNK	資金運用収益、営業活動によるキャッシュ・フロー、銀行業	Prior1YearDuration	JPY	-8467719000000
jppfs_cor:GainOnFundManagementOpeCFBNK	資金運用収益、営業活動によるキャッシュ・フロー、銀行業	CurrentYearDuration	JPY	-8723940000000
jppfs_cor:FinancingExpensesOpeCFBNK	資金調達費用、営業活動によるキャッシュ・フロー、銀行業	Prior1YearDuration	JPY	5591266000000
jppfs_cor:FinancingExpensesOpeCFBNK	資金調達費用、営業活動によるキャッシュ・フロー、銀行業	CurrentYearDuration	JPY	5717866000000
jppfs_cor:LossGainRelatedToSecuritiesOpeCFBNK	有価証券関係損益（△）、営業活動によるキャッシュ・フロー、銀行業	Prior1YearDuration	JPY	401929000000
jppfs_cor:LossGainRelatedToSecuritiesOpeCFBNK	有価証券関係損益（△）、営業活動によるキャッシュ・フロー、銀行業	CurrentYearDuration	JPY	-308777000000
jppfs_cor:LossGainOnMoneyHeldInTrustOpeCFBNK	金銭の信託の運用損益（△は運用益）、営業活動によるキャッシュ・フロー、銀行業	Prior1YearDuration	JPY	-231000000
jppfs_cor:LossGainOnMoneyHeldInTrustOpeCFBNK	金銭の信託の運用損益（△は運用益）、営業活動によるキャッシュ・フロー、銀行業	CurrentYearDuration	JPY	-7166000000
jppfs_cor:ForeignExchangeLossesGainsOpeCF	為替差損益（△は益）、営業活動によるキャッシュ・フロー	Prior1YearDuration	JPY	162239000000
jppfs_cor:ForeignExchangeLossesGainsOpeCF	為替差損益（△は益）、営業活動によるキャッシュ・フロー	CurrentYearDuration	JPY	-3309405000000
jppfs_cor:LossGainOnDisposalOfNoncurrentAssetsOpeCF	固定資産処分損益（△は益）、営業活動によるキャッシュ・フロー	Prior1YearDuration	JPY	-7612000000
jppfs_cor:LossGainOnDisposalOfNoncurrentAssetsOpeCF	固定資産処分損益（△は益）、営業活動によるキャッシュ・フロー	CurrentYearDuration	JPY	7305000000
jppfs_cor:NetDecreaseIncreaseInTradingAssetsOpeCFBNK	特定取引資産の純増（△）減、営業活動によるキャッシュ・フロー、銀行業	Prior1YearDuration	JPY	-4698259000000
jppfs_cor:NetDecreaseIncreaseInTradingAssetsOpeCFBNK	特定取引資産の純増（△）減、営業活動によるキャッシュ・フロー、銀行業	CurrentYearDuration	JPY	-13459490000000
jppfs_cor:NetIncreaseDecreaseInTradingLiabilitiesOpeCFBNK	特定取引負債の純増減（△）、営業活動によるキャッシュ・フロー、銀行業	Prior1YearDuration	JPY	2172346000000
jppfs_cor:NetIncreaseDecreaseInTradingLiabilitiesOpeCFBNK	特定取引負債の純増減（△）、営業活動によるキャッシュ・フロー、銀行業	CurrentYearDuration	JPY	12266241000000
jppfs_cor:AdjustmentOfUnsettledTradingAccountsOpeCFBNK	約定済未決済特定取引調整額、営業活動によるキャッシュ・フロー、銀行業	Prior1YearDuration	JPY	484987000000
jppfs_cor:AdjustmentOfUnsettledTradingAccountsOpeCFBNK	約定済未決済特定取引調整額、営業活動によるキャッシュ・フロー、銀行業	CurrentYearDuration	JPY	-656939000000
jppfs_cor:NetDecreaseIncreaseInLoansAndBillsDiscountedOpeCFBNK	貸出金の純増（△）減、営業活動によるキャッシュ・フロー、銀行業	Prior1YearDuration	JPY	-4061718000000
jppfs_cor:NetDecreaseIncreaseInLoansAndBillsDiscountedOpeCFBNK	貸出金の純増（△）減、営業活動によるキャッシュ・フロー、銀行業	CurrentYearDuration	JPY	-11155656000000
jppfs_cor:NetIncreaseDecreaseInDepositOpeCFBNK	預金の純増減（△）、営業活動によるキャッシュ・フロー、銀行業	Prior1YearDuration	JPY	3607220000000
jppfs_cor:NetIncreaseDecreaseInDepositOpeCFBNK	預金の純増減（△）、営業活動によるキャッシュ・フロー、銀行業	CurrentYearDuration	JPY	9955494000000
jppfs_cor:NetIncreaseDecreaseInNegotiableCertificatesOfDepositOpeCFBNK	譲渡性預金の純増減（△）、営業活動によるキャッシュ・フロー、銀行業	Prior1YearDuration	JPY	792861000000
jppfs_cor:NetIncreaseDecreaseInNegotiableCertificatesOfDepositOpeCFBNK	譲渡性預金の純増減（△）、営業活動によるキャッシュ・フロー、銀行業	CurrentYearDuration	JPY	226251000000
jppfs_cor:NetIncreaseDecreaseInBorrowedMoneyExcludingSubordinatedBorrowingsOpeCFBNK	借用金（劣後特約付借入金を除く）の純増減（△）、営業活動によるキャッシュ・フロー、銀行業	Prior1YearDuration	JPY	-4070898000000
jppfs_cor:NetIncreaseDecreaseInBorrowedMoneyExcludingSubordinatedBorrowingsOpeCFBNK	借用金（劣後特約付借入金を除く）の純増減（△）、営業活動によるキャッシュ・フロー、銀行業	CurrentYearDuration	JPY	-12878873000000
jppfs_cor:NetDecreaseIncreaseInCallLoansOpeCFBNK	コールローン等の純増（△）減、営業活動によるキャッシュ・フロー、銀行業	Prior1YearDuration	JPY	1111226000000
jppfs_cor:NetDecreaseIncreaseInCallLoansOpeCFBNK	コールローン等の純増（△）減、営業活動によるキャッシュ・フロー、銀行業	CurrentYearDuration	JPY	1869137000000
jppfs_cor:NetDecreaseIncreaseInReceivablesUnderSecuritiesBorrowingTransactionsOpeCFBNK	債券貸借取引支払保証金の純増（△）減、営業活動によるキャッシュ・フロー、銀行業	Prior1YearDuration	JPY	-474540000000
jppfs_cor:NetDecreaseIncreaseInReceivablesUnderSecuritiesBorrowingTransactionsOpeCFBNK	債券貸借取引支払保証金の純増（△）減、営業活動によるキャッシュ・フロー、銀行業	CurrentYearDuration	JPY	284023000000
jppfs_cor:NetIncreaseDecreaseInCallMoneyOpeCFBNK	コールマネー等の純増減（△）、営業活動によるキャッシュ・フロー、銀行業	Prior1YearDuration	JPY	6820892000000
jppfs_cor:NetIncreaseDecreaseInCallMoneyOpeCFBNK	コールマネー等の純増減（△）、営業活動によるキャッシュ・フロー、銀行業	CurrentYearDuration	JPY	-4525176000000
jppfs_cor:NetIncreaseDecreaseInCommercialPapersOpeCFBNK	コマーシャル・ペーパーの純増減（△）、営業活動によるキャッシュ・フロー、銀行業	Prior1YearDuration	JPY	375713000000
jppfs_cor:NetIncreaseDecreaseInCommercialPapersOpeCFBNK	コマーシャル・ペーパーの純増減（△）、営業活動によるキャッシュ・フロー、銀行業	CurrentYearDuration	JPY	-67743000000
jppfs_cor:NetIncreaseDecreaseInPayablesUnderSecuritiesLendingTransactionsOpeCFBNK	債券貸借取引受入担保金の純増減（△）、営業活動によるキャッシュ・フロー、銀行業	Prior1YearDuration	JPY	-394001000000
jppfs_cor:NetIncreaseDecreaseInPayablesUnderSecuritiesLendingTransactionsOpeCFBNK	債券貸借取引受入担保金の純増減（△）、営業活動によるキャッシュ・フロー、銀行業	CurrentYearDuration	JPY	499403000000
jppfs_cor:NetDecreaseIncreaseInForeignExchangesAssetsOpeCFBNK	外国為替（資産）の純増（△）減、営業活動によるキャッシュ・フロー、銀行業	Prior1YearDuration	JPY	597580000000
jppfs_cor:NetDecreaseIncreaseInForeignExchangesAssetsOpeCFBNK	外国為替（資産）の純増（△）減、営業活動によるキャッシュ・フロー、銀行業	CurrentYearDuration	JPY	-320013000000
jppfs_cor:NetIncreaseDecreaseInForeignExchangesLiabilitiesOpeCFBNK	外国為替（負債）の純増減（△）、営業活動によるキャッシュ・フロー、銀行業	Prior1YearDuration	JPY	-960008000000
jppfs_cor:NetIncreaseDecreaseInForeignExchangesLiabilitiesOpeCFBNK	外国為替（負債）の純増減（△）、営業活動によるキャッシュ・フロー、銀行業	CurrentYearDuration	JPY	204119000000
jppfs_cor:NetIncreaseDecreaseInShortTermCorporateBondsOpeCFBNK	短期社債（負債）の純増減（△）、営業活動によるキャッシュ・フロー、銀行業	Prior1YearDuration	JPY	191466000000
jppfs_cor:NetIncreaseDecreaseInShortTermCorporateBondsOpeCFBNK	短期社債（負債）の純増減（△）、営業活動によるキャッシュ・フロー、銀行業	CurrentYearDuration	JPY	-155771000000
jppfs_cor:IncreaseDecreaseInStraightBondsIssuanceAndRedemptionOpeCFBNK	普通社債発行及び償還による増減（△）、営業活動によるキャッシュ・フロー、銀行業	Prior1YearDuration	JPY	-2510207000000
jppfs_cor:IncreaseDecreaseInStraightBondsIssuanceAndRedemptionOpeCFBNK	普通社債発行及び償還による増減（△）、営業活動によるキャッシュ・フロー、銀行業	CurrentYearDuration	JPY	1413155000000
jppfs_cor:NetIncreaseDecreaseInBorrowedMoneyFromTrustAccountOpeCFBNK	信託勘定借の純増減（△）、営業活動によるキャッシュ・フロー、銀行業	Prior1YearDuration	JPY	-2449496000000
jppfs_cor:NetIncreaseDecreaseInBorrowedMoneyFromTrustAccountOpeCFBNK	信託勘定借の純増減（△）、営業活動によるキャッシュ・フロー、銀行業	CurrentYearDuration	JPY	-2034560000000
jppfs_cor:ProceedsFromFundManagementOpeCFBNK	資金運用による収入、営業活動によるキャッシュ・フロー、銀行業	Prior1YearDuration	JPY	8389421000000
jppfs_cor:ProceedsFromFundManagementOpeCFBNK	資金運用による収入、営業活動によるキャッシュ・フロー、銀行業	CurrentYearDuration	JPY	8555059000000
jppfs_cor:PaymentsForFinanceOpeCFBNK	資金調達による支出、営業活動によるキャッシュ・フロー、銀行業	Prior1YearDuration	JPY	-5573505000000
jppfs_cor:PaymentsForFinanceOpeCFBNK	資金調達による支出、営業活動によるキャッシュ・フロー、銀行業	CurrentYearDuration	JPY	-5673855000000
jppfs_cor:OtherNetOpeCF	その他、営業活動によるキャッシュ・フロー	Prior1YearDuration	JPY	1233679000000
jppfs_cor:OtherNetOpeCF	その他、営業活動によるキャッシュ・フロー	CurrentYearDuration	JPY	-3271836000000
jppfs_cor:SubtotalOpeCF	小計、営業活動によるキャッシュ・フロー	Prior1YearDuration	JPY	336102000000
jppfs_cor:SubtotalOpeCF	小計、営業活動によるキャッシュ・フロー	CurrentYearDuration	JPY	-22625455000000
jppfs_cor:IncomeTaxesPaidOpeCF	法人税等の支払額、営業活動によるキャッシュ・フロー	Prior1YearDuration	JPY	-464398000000
jppfs_cor:IncomeTaxesPaidOpeCF	法人税等の支払額、営業活動によるキャッシュ・フロー	CurrentYearDuration	JPY	-509413000000
jppfs_cor:IncomeTaxesRefundOpeCF	法人税等の還付額、営業活動によるキャッシュ・フロー	Prior1YearDuration	JPY	134711000000
jppfs_cor:IncomeTaxesRefundOpeCF	法人税等の還付額、営業活動によるキャッシュ・フロー	CurrentYearDuration	JPY	70448000000
jppfs_cor:NetCashProvidedByUsedInOperatingActivities	営業活動によるキャッシュ・フロー	Prior1YearDuration	JPY	6415000000
jppfs_cor:NetCashProvidedByUsedInOperatingActivities	営業活動によるキャッシュ・フロー	CurrentYearDuration	JPY	-23064420000000
jppfs_cor:PurchaseOfSecuritiesInvCFBNK	有価証券の取得による支出、投資活動によるキャッシュ・フロー、銀行業	Prior1YearDuration	JPY	-108125780000000
jppfs_cor:PurchaseOfSecuritiesInvCFBNK	有価証券の取得による支出、投資活動によるキャッシュ・フロー、銀行業	CurrentYearDuration	JPY	-108294060000000
jppfs_cor:ProceedsFromSalesOfSecuritiesInvCFBNK	有価証券の売却による収入、投資活動によるキャッシュ・フロー、銀行業	Prior1YearDuration	JPY	55734137000000
jppfs_cor:ProceedsFromSalesOfSecuritiesInvCFBNK	有価証券の売却による収入、投資活動によるキャッシュ・フロー、銀行業	CurrentYearDuration	JPY	73570247000000
jppfs_cor:ProceedsFromRedemptionOfSecuritiesInvCFBNK	有価証券の償還による収入、投資活動によるキャッシュ・フロー、銀行業	Prior1YearDuration	JPY	52543394000000
jppfs_cor:ProceedsFromRedemptionOfSecuritiesInvCFBNK	有価証券の償還による収入、投資活動によるキャッシュ・フロー、銀行業	CurrentYearDuration	JPY	39902548000000
jppfs_cor:IncreaseInMoneyHeldInTrustInvCFBNK	金銭の信託の増加による支出、投資活動によるキャッシュ・フロー、銀行業	Prior1YearDuration	JPY	-1484910000000
jppfs_cor:IncreaseInMoneyHeldInTrustInvCFBNK	金銭の信託の増加による支出、投資活動によるキャッシュ・フロー、銀行業	CurrentYearDuration	JPY	-1409889000000
jppfs_cor:DecreaseInMoneyHeldInTrustInvCFBNK	金銭の信託の減少による収入、投資活動によるキャッシュ・フロー、銀行業	Prior1YearDuration	JPY	1684568000000
jppfs_cor:DecreaseInMoneyHeldInTrustInvCFBNK	金銭の信託の減少による収入、投資活動によるキャッシュ・フロー、銀行業	CurrentYearDuration	JPY	1337016000000
jppfs_cor:PurchaseOfPropertyPlantAndEquipmentInvCF	有形固定資産の取得による支出、投資活動によるキャッシュ・フロー	Prior1YearDuration	JPY	-134196000000
jppfs_cor:PurchaseOfPropertyPlantAndEquipmentInvCF	有形固定資産の取得による支出、投資活動によるキャッシュ・フロー	CurrentYearDuration	JPY	-307914000000
jppfs_cor:PurchaseOfIntangibleAssetsInvCF	無形固定資産の取得による支出、投資活動によるキャッシュ・フロー	Prior1YearDuration	JPY	-322505000000
jppfs_cor:PurchaseOfIntangibleAssetsInvCF	無形固定資産の取得による支出、投資活動によるキャッシュ・フロー	CurrentYearDuration	JPY	-365221000000
jppfs_cor:ProceedsFromSalesOfPropertyPlantAndEquipmentInvCF	有形固定資産の売却による収入、投資活動によるキャッシュ・フロー	Prior1YearDuration	JPY	77714000000
jppfs_cor:ProceedsFromSalesOfPropertyPlantAndEquipmentInvCF	有形固定資産の売却による収入、投資活動によるキャッシュ・フロー	CurrentYearDuration	JPY	78881000000
jppfs_cor:ProceedsFromSalesOfIntangibleAssetsInvCF	無形固定資産の売却による収入、投資活動によるキャッシュ・フロー	Prior1YearDuration	JPY	4000000
jppfs_cor:ProceedsFromSalesOfIntangibleAssetsInvCF	無形固定資産の売却による収入、投資活動によるキャッシュ・フロー	CurrentYearDuration	JPY	215000000
jppfs_cor:PurchaseOfInvestmentsInSubsidiariesResultingInChangeInScopeOfConsolidationInvCF	連結の範囲の変更を伴う子会社株式の取得による支出、投資活動によるキャッシュ・フロー	Prior1YearDuration	JPY	-161424000000
jppfs_cor:PurchaseOfInvestmentsInSubsidiariesResultingInChangeInScopeOfConsolidationInvCF	連結の範囲の変更を伴う子会社株式の取得による支出、投資活動によるキャッシュ・フロー	CurrentYearDuration	JPY	-36700000000
jppfs_cor:PaymentsForSalesOfInvestmentsInSubsidiariesResultingInChangeInScopeOfConsolidationInvCF	連結の範囲の変更を伴う子会社株式の売却による支出、投資活動によるキャッシュ・フロー	Prior1YearDuration	JPY	-1988000000
jppfs_cor:PaymentsForSalesOfInvestmentsInSubsidiariesResultingInChangeInScopeOfConsolidationInvCF	連結の範囲の変更を伴う子会社株式の売却による支出、投資活動によるキャッシュ・フロー	CurrentYearDuration	JPY	－
jppfs_cor:OtherNetInvCF	その他、投資活動によるキャッシュ・フロー	Prior1YearDuration	JPY	4038000000
jppfs_cor:OtherNetInvCF	その他、投資活動によるキャッシュ・フロー	CurrentYearDuration	JPY	-1163000000
jppfs_cor:NetCashProvidedByUsedInInvestmentActivities	投資活動によるキャッシュ・フロー	Prior1YearDuration	JPY	-186948000000
jppfs_cor:NetCashProvidedByUsedInInvestmentActivities	投資活動によるキャッシュ・フロー	CurrentYearDuration	JPY	4473959000000
jppfs_cor:IncreaseInSubordinatedBorrowingsFinCFBNK	劣後特約付借入れによる収入、財務活動によるキャッシュ・フロー、銀行業	Prior1YearDuration	JPY	85000000000
jppfs_cor:IncreaseInSubordinatedBorrowingsFinCFBNK	劣後特約付借入れによる収入、財務活動によるキャッシュ・フロー、銀行業	CurrentYearDuration	JPY	70000000000
jppfs_cor:DecreaseInSubordinatedBorrowingsFinCFBNK	劣後特約付借入金の返済による支出、財務活動によるキャッシュ・フロー、銀行業	Prior1YearDuration	JPY	-31000000000
jppfs_cor:DecreaseInSubordinatedBorrowingsFinCFBNK	劣後特約付借入金の返済による支出、財務活動によるキャッシュ・フロー、銀行業	CurrentYearDuration	JPY	-51500000000
jppfs_cor:ProceedsFromIssuanceOfSubordinatedBondsAndBondsWithSubscriptionRightsToSharesFinCFBNK	劣後特約付社債及び新株予約権付社債の発行による収入、財務活動によるキャッシュ・フロー、銀行業	Prior1YearDuration	JPY	674976000000
jppfs_cor:ProceedsFromIssuanceOfSubordinatedBondsAndBondsWithSubscriptionRightsToSharesFinCFBNK	劣後特約付社債及び新株予約権付社債の発行による収入、財務活動によるキャッシュ・フロー、銀行業	CurrentYearDuration	JPY	588694000000
jppfs_cor:PaymentsForRedemptionSubordinatedBondsAndBondsWithSubscriptionRightsToSharesFinCFBNK	劣後特約付社債及び新株予約権付社債の償還による支出、財務活動によるキャッシュ・フロー、銀行業	Prior1YearDuration	JPY	-507910000000
jppfs_cor:PaymentsForRedemptionSubordinatedBondsAndBondsWithSubscriptionRightsToSharesFinCFBNK	劣後特約付社債及び新株予約権付社債の償還による支出、財務活動によるキャッシュ・フロー、銀行業	CurrentYearDuration	JPY	-409979000000
jppfs_cor:ProceedsFromShareIssuanceToNonControllingShareholdersFinCF	非支配株主からの払込みによる収入、財務活動によるキャッシュ・フロー	Prior1YearDuration	JPY	4912000000
jppfs_cor:ProceedsFromShareIssuanceToNonControllingShareholdersFinCF	非支配株主からの払込みによる収入、財務活動によるキャッシュ・フロー	CurrentYearDuration	JPY	3427000000
jpcrp030000-asr_E03606-000:ProceedsFromIssuanceOfStockBasedCompensationLiabilitiesOfOverseasSubsidiariesFinCF		Prior1YearDuration	JPY	－
jpcrp030000-asr_E03606-000:ProceedsFromIssuanceOfStockBasedCompensationLiabilitiesOfOverseasSubsidiariesFinCF		CurrentYearDuration	JPY	4702000000
jppfs_cor:CashDividendsPaidFinCF	配当金の支払額、財務活動によるキャッシュ・フロー	Prior1YearDuration	JPY	-532976000000
jppfs_cor:CashDividendsPaidFinCF	配当金の支払額、財務活動によるキャッシュ・フロー	CurrentYearDuration	JPY	-848401000000
jppfs_cor:DividendsPaidToNonControllingInterestsFinCF	非支配株主への配当金の支払額、財務活動によるキャッシュ・フロー	Prior1YearDuration	JPY	-43888000000
jppfs_cor:DividendsPaidToNonControllingInterestsFinCF	非支配株主への配当金の支払額、財務活動によるキャッシュ・フロー	CurrentYearDuration	JPY	-38891000000
jppfs_cor:PurchaseOfTreasuryStockFinCF	自己株式の取得による支出、財務活動によるキャッシュ・フロー	Prior1YearDuration	JPY	-418546000000
jppfs_cor:PurchaseOfTreasuryStockFinCF	自己株式の取得による支出、財務活動によるキャッシュ・フロー	CurrentYearDuration	JPY	-500212000000
jppfs_cor:ProceedsFromSalesOfTreasuryStockFinCF	自己株式の売却による収入、財務活動によるキャッシュ・フロー	Prior1YearDuration	JPY	15661000000
jppfs_cor:ProceedsFromSalesOfTreasuryStockFinCF	自己株式の売却による収入、財務活動によるキャッシュ・フロー	CurrentYearDuration	JPY	3932000000
jppfs_cor:PaymentsFromChangesInOwnershipInterestsInSubsidiariesThatDoNotResultInChangeInScopeOfConsolidationFinCF	連結の範囲の変更を伴わない子会社株式の取得による支出、財務活動によるキャッシュ・フロー	Prior1YearDuration	JPY	-107344000000
jppfs_cor:PaymentsFromChangesInOwnershipInterestsInSubsidiariesThatDoNotResultInChangeInScopeOfConsolidationFinCF	連結の範囲の変更を伴わない子会社株式の取得による支出、財務活動によるキャッシュ・フロー	CurrentYearDuration	JPY	-1222000000
jppfs_cor:ProceedsFromChangesInOwnershipInterestsInSubsidiariesThatDoNotResultInChangeInScopeOfConsolidationFinCF	連結の範囲の変更を伴わない子会社株式の売却による収入、財務活動によるキャッシュ・フロー	Prior1YearDuration	JPY	－
jppfs_cor:ProceedsFromChangesInOwnershipInterestsInSubsidiariesThatDoNotResultInChangeInScopeOfConsolidationFinCF	連結の範囲の変更を伴わない子会社株式の売却による収入、財務活動によるキャッシュ・フロー	CurrentYearDuration	JPY	29574000000
jppfs_cor:NetCashProvidedByUsedInFinancingActivities	財務活動によるキャッシュ・フロー	Prior1YearDuration	JPY	-861116000000
jppfs_cor:NetCashProvidedByUsedInFinancingActivities	財務活動によるキャッシュ・フロー	CurrentYearDuration	JPY	-1149876000000
jppfs_cor:EffectOfExchangeRateChangeOnCashAndCashEquivalents	現金及び現金同等物に係る換算差額	Prior1YearDuration	JPY	261988000000
jppfs_cor:EffectOfExchangeRateChangeOnCashAndCashEquivalents	現金及び現金同等物に係る換算差額	CurrentYearDuration	JPY	690400000000
jppfs_cor:NetIncreaseDecreaseInCashAndCashEquivalents	現金及び現金同等物の増減額（△は減少）	Prior1YearDuration	JPY	-779659000000
jppfs_cor:NetIncreaseDecreaseInCashAndCashEquivalents	現金及び現金同等物の増減額（△は減少）	CurrentYearDuration	JPY	-19049937000000
jppfs_cor:CashAndCashEquivalents	現金及び現金同等物の残高	Prior2YearInstant	JPY	109875097000000
jppfs_cor:CashAndCashEquivalents	現金及び現金同等物の残高	Prior1YearInstant	JPY	109095437000000
jppfs_cor:CashAndCashEquivalents	現金及び現金同等物の残高	Prior1YearInstant	JPY	109095437000000
jppfs_cor:CashAndCashEquivalents	現金及び現金同等物の残高	CurrentYearInstant	JPY	90045500000000
jpcrp_cor:NumberOfConsolidatedSubsidiaries	連結子会社の数	CurrentYearInstant	pure	345
jpcrp_cor:NumberOfAssociatesAccountedForUsingEquityMethod	持分法を適用した関連会社の数	CurrentYearInstant	pure	55
jppfs_cor:AccumulatedDepreciationPPEByGroup	減価償却累計額、有形固定資産、一括控除	Prior1YearInstant	JPY	-1124625000000
jppfs_cor:AccumulatedDepreciationPPEByGroup	減価償却累計額、有形固定資産、一括控除	CurrentYearInstant	JPY	-1191679000000
jpcrp030000-asr_E03606-000:NetRevenue		Prior1YearDuration_jpcrp030000-asr_E03606-000RetailAndDigitalBusinessGroupMember	JPY	941650000000
jpcrp030000-asr_E03606-000:NetRevenue		Prior1YearDuration_jpcrp030000-asr_E03606-000CommercialBankingAndWealthManagementBusinessGroupMember	JPY	727213000000
jpcrp030000-asr_E03606-000:NetRevenue		Prior1YearDuration_jpcrp030000-asr_E03606-000JapaneseCorporateAndInvestmentBankingBusinessGroupMember	JPY	1024686000000
jpcrp030000-asr_E03606-000:NetRevenue		Prior1YearDuration_jpcrp030000-asr_E03606-000GlobalCommercialBankingBusinessGroupMember	JPY	969328000000
jpcrp030000-asr_E03606-000:NetRevenue		Prior1YearDuration_jpcrp030000-asr_E03606-000AssetManagementAndInvestorServicesBusinessGroupMember	JPY	534207000000
jpcrp030000-asr_E03606-000:NetRevenue		Prior1YearDuration_jpcrp030000-asr_E03606-000GlobalCorporateAndInvestmentBankingBusinessGroupMember	JPY	910120000000
jpcrp030000-asr_E03606-000:NetRevenue		Prior1YearDuration_jpcrp030000-asr_E03606-000TotalOfCustomerBusinessUnitMember	JPY	5107206000000
jpcrp030000-asr_E03606-000:NetRevenue		Prior1YearDuration_jpcrp030000-asr_E03606-000GlobalMarketsBusinessGroupMember	JPY	-339511000000
jpcrp030000-asr_E03606-000:NetRevenue		Prior1YearDuration_jpcrp030000-asr_E03606-000OtherMember	JPY	40596000000
jpcrp030000-asr_E03606-000:NetRevenue		Prior1YearDuration_jpcrp030000-asr_E03606-000TotalMember	JPY	4808291000000
jpcrp030000-asr_E03606-000:BTMUAndMUTB		Prior1YearDuration_jpcrp030000-asr_E03606-000RetailAndDigitalBusinessGroupMember	JPY	390163000000
jpcrp030000-asr_E03606-000:BTMUAndMUTB		Prior1YearDuration_jpcrp030000-asr_E03606-000CommercialBankingAndWealthManagementBusinessGroupMember	JPY	499661000000
jpcrp030000-asr_E03606-000:BTMUAndMUTB		Prior1YearDuration_jpcrp030000-asr_E03606-000JapaneseCorporateAndInvestmentBankingBusinessGroupMember	JPY	835789000000
jpcrp030000-asr_E03606-000:BTMUAndMUTB		Prior1YearDuration_jpcrp030000-asr_E03606-000GlobalCommercialBankingBusinessGroupMember	JPY	26994000000
jpcrp030000-asr_E03606-000:BTMUAndMUTB		Prior1YearDuration_jpcrp030000-asr_E03606-000AssetManagementAndInvestorServicesBusinessGroupMember	JPY	139282000000
jpcrp030000-asr_E03606-000:BTMUAndMUTB		Prior1YearDuration_jpcrp030000-asr_E03606-000GlobalCorporateAndInvestmentBankingBusinessGroupMember	JPY	811070000000
jpcrp030000-asr_E03606-000:BTMUAndMUTB		Prior1YearDuration_jpcrp030000-asr_E03606-000TotalOfCustomerBusinessUnitMember	JPY	2702961000000
jpcrp030000-asr_E03606-000:BTMUAndMUTB		Prior1YearDuration_jpcrp030000-asr_E03606-000GlobalMarketsBusinessGroupMember	JPY	-622288000000
jpcrp030000-asr_E03606-000:BTMUAndMUTB		Prior1YearDuration_jpcrp030000-asr_E03606-000OtherMember	JPY	72176000000
jpcrp030000-asr_E03606-000:BTMUAndMUTB		Prior1YearDuration_jpcrp030000-asr_E03606-000TotalMember	JPY	2152849000000
jpcrp030000-asr_E03606-000:NetInterestIncome		Prior1YearDuration_jpcrp030000-asr_E03606-000RetailAndDigitalBusinessGroupMember	JPY	307368000000
jpcrp030000-asr_E03606-000:NetInterestIncome		Prior1YearDuration_jpcrp030000-asr_E03606-000CommercialBankingAndWealthManagementBusinessGroupMember	JPY	267963000000
jpcrp030000-asr_E03606-000:NetInterestIncome		Prior1YearDuration_jpcrp030000-asr_E03606-000JapaneseCorporateAndInvestmentBankingBusinessGroupMember	JPY	512300000000
jpcrp030000-asr_E03606-000:NetInterestIncome		Prior1YearDuration_jpcrp030000-asr_E03606-000GlobalCommercialBankingBusinessGroupMember	JPY	27956000000
jpcrp030000-asr_E03606-000:NetInterestIncome		Prior1YearDuration_jpcrp030000-asr_E03606-000AssetManagementAndInvestorServicesBusinessGroupMember	JPY	25782000000
jpcrp030000-asr_E03606-000:NetInterestIncome		Prior1YearDuration_jpcrp030000-asr_E03606-000GlobalCorporateAndInvestmentBankingBusinessGroupMember	JPY	423715000000
jpcrp030000-asr_E03606-000:NetInterestIncome		Prior1YearDuration_jpcrp030000-asr_E03606-000TotalOfCustomerBusinessUnitMember	JPY	1565088000000
jpcrp030000-asr_E03606-000:NetInterestIncome		Prior1YearDuration_jpcrp030000-asr_E03606-000GlobalMarketsBusinessGroupMember	JPY	103129000000
jpcrp030000-asr_E03606-000:NetInterestIncome		Prior1YearDuration_jpcrp030000-asr_E03606-000OtherMember	JPY	88670000000
jpcrp030000-asr_E03606-000:NetInterestIncome		Prior1YearDuration_jpcrp030000-asr_E03606-000TotalMember	JPY	1756888000000
jpcrp030000-asr_E03606-000:NetNonInterestIncomeExpense		Prior1YearDuration_jpcrp030000-asr_E03606-000RetailAndDigitalBusinessGroupMember	JPY	82794000000
jpcrp030000-asr_E03606-000:NetNonInterestIncomeExpense		Prior1YearDuration_jpcrp030000-asr_E03606-000CommercialBankingAndWealthManagementBusinessGroupMember	JPY	231697000000
jpcrp030000-asr_E03606-000:NetNonInterestIncomeExpense		Prior1YearDuration_jpcrp030000-asr_E03606-000JapaneseCorporateAndInvestmentBankingBusinessGroupMember	JPY	323488000000
jpcrp030000-asr_E03606-000:NetNonInterestIncomeExpense		Prior1YearDuration_jpcrp030000-asr_E03606-000GlobalCommercialBankingBusinessGroupMember	JPY	-962000000
jpcrp030000-asr_E03606-000:NetNonInterestIncomeExpense		Prior1YearDuration_jpcrp030000-asr_E03606-000AssetManagementAndInvestorServicesBusinessGroupMember	JPY	113499000000
jpcrp030000-asr_E03606-000:NetNonInterestIncomeExpense		Prior1YearDuration_jpcrp030000-asr_E03606-000GlobalCorporateAndInvestmentBankingBusinessGroupMember	JPY	387355000000
jpcrp030000-asr_E03606-000:NetNonInterestIncomeExpense		Prior1YearDuration_jpcrp030000-asr_E03606-000TotalOfCustomerBusinessUnitMember	JPY	1137872000000
jpcrp030000-asr_E03606-000:NetNonInterestIncomeExpense		Prior1YearDuration_jpcrp030000-asr_E03606-000GlobalMarketsBusinessGroupMember	JPY	-725417000000
jpcrp030000-asr_E03606-000:NetNonInterestIncomeExpense		Prior1YearDuration_jpcrp030000-asr_E03606-000OtherMember	JPY	-16493000000
jpcrp030000-asr_E03606-000:NetNonInterestIncomeExpense		Prior1YearDuration_jpcrp030000-asr_E03606-000TotalMember	JPY	395960000000
jpcrp030000-asr_E03606-000:OtherThanBTMUAndMUTB		Prior1YearDuration_jpcrp030000-asr_E03606-000RetailAndDigitalBusinessGroupMember	JPY	551487000000
jpcrp030000-asr_E03606-000:OtherThanBTMUAndMUTB		Prior1YearDuration_jpcrp030000-asr_E03606-000CommercialBankingAndWealthManagementBusinessGroupMember	JPY	227551000000
jpcrp030000-asr_E03606-000:OtherThanBTMUAndMUTB		Prior1YearDuration_jpcrp030000-asr_E03606-000JapaneseCorporateAndInvestmentBankingBusinessGroupMember	JPY	188897000000
jpcrp030000-asr_E03606-000:OtherThanBTMUAndMUTB		Prior1YearDuration_jpcrp030000-asr_E03606-000GlobalCommercialBankingBusinessGroupMember	JPY	942334000000
jpcrp030000-asr_E03606-000:OtherThanBTMUAndMUTB		Prior1YearDuration_jpcrp030000-asr_E03606-000AssetManagementAndInvestorServicesBusinessGroupMember	JPY	394924000000
jpcrp030000-asr_E03606-000:OtherThanBTMUAndMUTB		Prior1YearDuration_jpcrp030000-asr_E03606-000GlobalCorporateAndInvestmentBankingBusinessGroupMember	JPY	99050000000
jpcrp030000-asr_E03606-000:OtherThanBTMUAndMUTB		Prior1YearDuration_jpcrp030000-asr_E03606-000TotalOfCustomerBusinessUnitMember	JPY	2404245000000
jpcrp030000-asr_E03606-000:OtherThanBTMUAndMUTB		Prior1YearDuration_jpcrp030000-asr_E03606-000GlobalMarketsBusinessGroupMember	JPY	282776000000
jpcrp030000-asr_E03606-000:OtherThanBTMUAndMUTB		Prior1YearDuration_jpcrp030000-asr_E03606-000OtherMember	JPY	-31579000000
jpcrp030000-asr_E03606-000:OtherThanBTMUAndMUTB		Prior1YearDuration_jpcrp030000-asr_E03606-000TotalMember	JPY	2655442000000
jpcrp030000-asr_E03606-000:SundryExpense		Prior1YearDuration_jpcrp030000-asr_E03606-000RetailAndDigitalBusinessGroupMember	JPY	663580000000
jpcrp030000-asr_E03606-000:SundryExpense		Prior1YearDuration_jpcrp030000-asr_E03606-000CommercialBankingAndWealthManagementBusinessGroupMember	JPY	429209000000
jpcrp030000-asr_E03606-000:SundryExpense		Prior1YearDuration_jpcrp030000-asr_E03606-000JapaneseCorporateAndInvestmentBankingBusinessGroupMember	JPY	388109000000
jpcrp030000-asr_E03606-000:SundryExpense		Prior1YearDuration_jpcrp030000-asr_E03606-000GlobalCommercialBankingBusinessGroupMember	JPY	531359000000
jpcrp030000-asr_E03606-000:SundryExpense		Prior1YearDuration_jpcrp030000-asr_E03606-000AssetManagementAndInvestorServicesBusinessGroupMember	JPY	398712000000
jpcrp030000-asr_E03606-000:SundryExpense		Prior1YearDuration_jpcrp030000-asr_E03606-000GlobalCorporateAndInvestmentBankingBusinessGroupMember	JPY	449215000000
jpcrp030000-asr_E03606-000:SundryExpense		Prior1YearDuration_jpcrp030000-asr_E03606-000TotalOfCustomerBusinessUnitMember	JPY	2860188000000
jpcrp030000-asr_E03606-000:SundryExpense		Prior1YearDuration_jpcrp030000-asr_E03606-000GlobalMarketsBusinessGroupMember	JPY	318326000000
jpcrp030000-asr_E03606-000:SundryExpense		Prior1YearDuration_jpcrp030000-asr_E03606-000OtherMember	JPY	64042000000
jpcrp030000-asr_E03606-000:SundryExpense		Prior1YearDuration_jpcrp030000-asr_E03606-000TotalMember	JPY	3242557000000
jpcrp030000-asr_E03606-000:OperatingProfit		Prior1YearDuration_jpcrp030000-asr_E03606-000RetailAndDigitalBusinessGroupMember	JPY	278069000000
jpcrp030000-asr_E03606-000:OperatingProfit		Prior1YearDuration_jpcrp030000-asr_E03606-000CommercialBankingAndWealthManagementBusinessGroupMember	JPY	298003000000
jpcrp030000-asr_E03606-000:OperatingProfit		Prior1YearDuration_jpcrp030000-asr_E03606-000JapaneseCorporateAndInvestmentBankingBusinessGroupMember	JPY	636576000000
jpcrp030000-asr_E03606-000:OperatingProfit		Prior1YearDuration_jpcrp030000-asr_E03606-000GlobalCommercialBankingBusinessGroupMember	JPY	437968000000
jpcrp030000-asr_E03606-000:OperatingProfit		Prior1YearDuration_jpcrp030000-asr_E03606-000AssetManagementAndInvestorServicesBusinessGroupMember	JPY	135494000000
jpcrp030000-asr_E03606-000:OperatingProfit		Prior1YearDuration_jpcrp030000-asr_E03606-000GlobalCorporateAndInvestmentBankingBusinessGroupMember	JPY	460905000000
jpcrp030000-asr_E03606-000:OperatingProfit		Prior1YearDuration_jpcrp030000-asr_E03606-000TotalOfCustomerBusinessUnitMember	JPY	2247018000000
jpcrp030000-asr_E03606-000:OperatingProfit		Prior1YearDuration_jpcrp030000-asr_E03606-000GlobalMarketsBusinessGroupMember	JPY	-657838000000
jpcrp030000-asr_E03606-000:OperatingProfit		Prior1YearDuration_jpcrp030000-asr_E03606-000OtherMember	JPY	-23445000000
jpcrp030000-asr_E03606-000:OperatingProfit		Prior1YearDuration_jpcrp030000-asr_E03606-000TotalMember	JPY	1565734000000
jppfs_cor:NoncurrentAssets	固定資産	Prior1YearInstant_jpcrp030000-asr_E03606-000RetailAndDigitalBusinessGroupMember	JPY	267446000000
jppfs_cor:NoncurrentAssets	固定資産	Prior1YearInstant_jpcrp030000-asr_E03606-000CommercialBankingAndWealthManagementBusinessGroupMember	JPY	187824000000
jppfs_cor:NoncurrentAssets	固定資産	Prior1YearInstant_jpcrp030000-asr_E03606-000JapaneseCorporateAndInvestmentBankingBusinessGroupMember	JPY	171687000000
jppfs_cor:NoncurrentAssets	固定資産	Prior1YearInstant_jpcrp030000-asr_E03606-000GlobalCommercialBankingBusinessGroupMember	JPY	2045000000
jppfs_cor:NoncurrentAssets	固定資産	Prior1YearInstant_jpcrp030000-asr_E03606-000AssetManagementAndInvestorServicesBusinessGroupMember	JPY	23137000000
jppfs_cor:NoncurrentAssets	固定資産	Prior1YearInstant_jpcrp030000-asr_E03606-000GlobalCorporateAndInvestmentBankingBusinessGroupMember	JPY	160913000000
jppfs_cor:NoncurrentAssets	固定資産	Prior1YearInstant_jpcrp030000-asr_E03606-000TotalOfCustomerBusinessUnitMember	JPY	813055000000
jppfs_cor:NoncurrentAssets	固定資産	Prior1YearInstant_jpcrp030000-asr_E03606-000GlobalMarketsBusinessGroupMember	JPY	87803000000
jppfs_cor:NoncurrentAssets	固定資産	Prior1YearInstant_jpcrp030000-asr_E03606-000OtherMember	JPY	482307000000
jppfs_cor:NoncurrentAssets	固定資産	Prior1YearInstant_jpcrp030000-asr_E03606-000TotalMember	JPY	1383167000000
jpcrp030000-asr_E03606-000:AdditionsOfFixedAssets		Prior1YearDuration_jpcrp030000-asr_E03606-000RetailAndDigitalBusinessGroupMember	JPY	50258000000
jpcrp030000-asr_E03606-000:AdditionsOfFixedAssets		Prior1YearDuration_jpcrp030000-asr_E03606-000CommercialBankingAndWealthManagementBusinessGroupMember	JPY	37209000000
jpcrp030000-asr_E03606-000:AdditionsOfFixedAssets		Prior1YearDuration_jpcrp030000-asr_E03606-000JapaneseCorporateAndInvestmentBankingBusinessGroupMember	JPY	44954000000
jpcrp030000-asr_E03606-000:AdditionsOfFixedAssets		Prior1YearDuration_jpcrp030000-asr_E03606-000GlobalCommercialBankingBusinessGroupMember	JPY	646000000
jpcrp030000-asr_E03606-000:AdditionsOfFixedAssets		Prior1YearDuration_jpcrp030000-asr_E03606-000AssetManagementAndInvestorServicesBusinessGroupMember	JPY	7713000000
jpcrp030000-asr_E03606-000:AdditionsOfFixedAssets		Prior1YearDuration_jpcrp030000-asr_E03606-000GlobalCorporateAndInvestmentBankingBusinessGroupMember	JPY	26503000000
jpcrp030000-asr_E03606-000:AdditionsOfFixedAssets		Prior1YearDuration_jpcrp030000-asr_E03606-000TotalOfCustomerBusinessUnitMember	JPY	167285000000
jpcrp030000-asr_E03606-000:AdditionsOfFixedAssets		Prior1YearDuration_jpcrp030000-asr_E03606-000GlobalMarketsBusinessGroupMember	JPY	25475000000
jpcrp030000-asr_E03606-000:AdditionsOfFixedAssets		Prior1YearDuration_jpcrp030000-asr_E03606-000OtherMember	JPY	39600000000
jpcrp030000-asr_E03606-000:AdditionsOfFixedAssets		Prior1YearDuration_jpcrp030000-asr_E03606-000TotalMember	JPY	232361000000
jpcrp_cor:DepreciationSegmentInformation	減価償却費、セグメント情報	Prior1YearDuration_jpcrp030000-asr_E03606-000RetailAndDigitalBusinessGroupMember	JPY	33028000000
jpcrp_cor:DepreciationSegmentInformation	減価償却費、セグメント情報	Prior1YearDuration_jpcrp030000-asr_E03606-000CommercialBankingAndWealthManagementBusinessGroupMember	JPY	20998000000
jpcrp_cor:DepreciationSegmentInformation	減価償却費、セグメント情報	Prior1YearDuration_jpcrp030000-asr_E03606-000JapaneseCorporateAndInvestmentBankingBusinessGroupMember	JPY	42211000000
jpcrp_cor:DepreciationSegmentInformation	減価償却費、セグメント情報	Prior1YearDuration_jpcrp030000-asr_E03606-000GlobalCommercialBankingBusinessGroupMember	JPY	280000000
jpcrp_cor:DepreciationSegmentInformation	減価償却費、セグメント情報	Prior1YearDuration_jpcrp030000-asr_E03606-000AssetManagementAndInvestorServicesBusinessGroupMember	JPY	7568000000
jpcrp_cor:DepreciationSegmentInformation	減価償却費、セグメント情報	Prior1YearDuration_jpcrp030000-asr_E03606-000GlobalCorporateAndInvestmentBankingBusinessGroupMember	JPY	39152000000
jpcrp_cor:DepreciationSegmentInformation	減価償却費、セグメント情報	Prior1YearDuration_jpcrp030000-asr_E03606-000TotalOfCustomerBusinessUnitMember	JPY	143239000000
jpcrp_cor:DepreciationSegmentInformation	減価償却費、セグメント情報	Prior1YearDuration_jpcrp030000-asr_E03606-000GlobalMarketsBusinessGroupMember	JPY	30274000000
jpcrp_cor:DepreciationSegmentInformation	減価償却費、セグメント情報	Prior1YearDuration_jpcrp030000-asr_E03606-000OtherMember	JPY	13025000000
jpcrp_cor:DepreciationSegmentInformation	減価償却費、セグメント情報	Prior1YearDuration_jpcrp030000-asr_E03606-000TotalMember	JPY	186539000000
jpcrp030000-asr_E03606-000:NetRevenue		CurrentYearDuration_jpcrp030000-asr_E03606-000RetailAndDigitalBusinessGroupMember	JPY	1064642000000
jpcrp030000-asr_E03606-000:NetRevenue		CurrentYearDuration_jpcrp030000-asr_E03606-000CommercialBankingAndWealthManagementBusinessGroupMember	JPY	866902000000
jpcrp030000-asr_E03606-000:NetRevenue		CurrentYearDuration_jpcrp030000-asr_E03606-000JapaneseCorporateAndInvestmentBankingBusinessGroupMember	JPY	1125924000000
jpcrp030000-asr_E03606-000:NetRevenue		CurrentYearDuration_jpcrp030000-asr_E03606-000GlobalCommercialBankingBusinessGroupMember	JPY	904227000000
jpcrp030000-asr_E03606-000:NetRevenue		CurrentYearDuration_jpcrp030000-asr_E03606-000AssetManagementAndInvestorServicesBusinessGroupMember	JPY	621834000000
jpcrp030000-asr_E03606-000:NetRevenue		CurrentYearDuration_jpcrp030000-asr_E03606-000GlobalCorporateAndInvestmentBankingBusinessGroupMember	JPY	1081474000000
jpcrp030000-asr_E03606-000:NetRevenue		CurrentYearDuration_jpcrp030000-asr_E03606-000TotalOfCustomerBusinessUnitMember	JPY	5665005000000
jpcrp030000-asr_E03606-000:NetRevenue		CurrentYearDuration_jpcrp030000-asr_E03606-000GlobalMarketsBusinessGroupMember	JPY	306905000000
jpcrp030000-asr_E03606-000:NetRevenue		CurrentYearDuration_jpcrp030000-asr_E03606-000OtherMember	JPY	19340000000
jpcrp030000-asr_E03606-000:NetRevenue		CurrentYearDuration_jpcrp030000-asr_E03606-000TotalMember	JPY	5991251000000
jpcrp030000-asr_E03606-000:BTMUAndMUTB		CurrentYearDuration_jpcrp030000-asr_E03606-000RetailAndDigitalBusinessGroupMember	JPY	458016000000
jpcrp030000-asr_E03606-000:BTMUAndMUTB		CurrentYearDuration_jpcrp030000-asr_E03606-000CommercialBankingAndWealthManagementBusinessGroupMember	JPY	619529000000
jpcrp030000-asr_E03606-000:BTMUAndMUTB		CurrentYearDuration_jpcrp030000-asr_E03606-000JapaneseCorporateAndInvestmentBankingBusinessGroupMember	JPY	923333000000
jpcrp030000-asr_E03606-000:BTMUAndMUTB		CurrentYearDuration_jpcrp030000-asr_E03606-000GlobalCommercialBankingBusinessGroupMember	JPY	34023000000
jpcrp030000-asr_E03606-000:BTMUAndMUTB		CurrentYearDuration_jpcrp030000-asr_E03606-000AssetManagementAndInvestorServicesBusinessGroupMember	JPY	159721000000
jpcrp030000-asr_E03606-000:BTMUAndMUTB		CurrentYearDuration_jpcrp030000-asr_E03606-000GlobalCorporateAndInvestmentBankingBusinessGroupMember	JPY	970779000000
jpcrp030000-asr_E03606-000:BTMUAndMUTB		CurrentYearDuration_jpcrp030000-asr_E03606-000TotalOfCustomerBusinessUnitMember	JPY	3165402000000
jpcrp030000-asr_E03606-000:BTMUAndMUTB		CurrentYearDuration_jpcrp030000-asr_E03606-000GlobalMarketsBusinessGroupMember	JPY	-18712000000
jpcrp030000-asr_E03606-000:BTMUAndMUTB		CurrentYearDuration_jpcrp030000-asr_E03606-000OtherMember	JPY	-1240000000
jpcrp030000-asr_E03606-000:BTMUAndMUTB		CurrentYearDuration_jpcrp030000-asr_E03606-000TotalMember	JPY	3145449000000
jpcrp030000-asr_E03606-000:NetInterestIncome		CurrentYearDuration_jpcrp030000-asr_E03606-000RetailAndDigitalBusinessGroupMember	JPY	365448000000
jpcrp030000-asr_E03606-000:NetInterestIncome		CurrentYearDuration_jpcrp030000-asr_E03606-000CommercialBankingAndWealthManagementBusinessGroupMember	JPY	366225000000
jpcrp030000-asr_E03606-000:NetInterestIncome		CurrentYearDuration_jpcrp030000-asr_E03606-000JapaneseCorporateAndInvestmentBankingBusinessGroupMember	JPY	539869000000
jpcrp030000-asr_E03606-000:NetInterestIncome		CurrentYearDuration_jpcrp030000-asr_E03606-000GlobalCommercialBankingBusinessGroupMember	JPY	35831000000
jpcrp030000-asr_E03606-000:NetInterestIncome		CurrentYearDuration_jpcrp030000-asr_E03606-000AssetManagementAndInvestorServicesBusinessGroupMember	JPY	38652000000
jpcrp030000-asr_E03606-000:NetInterestIncome		CurrentYearDuration_jpcrp030000-asr_E03606-000GlobalCorporateAndInvestmentBankingBusinessGroupMember	JPY	477322000000
jpcrp030000-asr_E03606-000:NetInterestIncome		CurrentYearDuration_jpcrp030000-asr_E03606-000TotalOfCustomerBusinessUnitMember	JPY	1823350000000
jpcrp030000-asr_E03606-000:NetInterestIncome		CurrentYearDuration_jpcrp030000-asr_E03606-000GlobalMarketsBusinessGroupMember	JPY	56650000000
jpcrp030000-asr_E03606-000:NetInterestIncome		CurrentYearDuration_jpcrp030000-asr_E03606-000OtherMember	JPY	33890000000
jpcrp030000-asr_E03606-000:NetInterestIncome		CurrentYearDuration_jpcrp030000-asr_E03606-000TotalMember	JPY	1913890000000
jpcrp030000-asr_E03606-000:NetNonInterestIncomeExpense		CurrentYearDuration_jpcrp030000-asr_E03606-000RetailAndDigitalBusinessGroupMember	JPY	92568000000
jpcrp030000-asr_E03606-000:NetNonInterestIncomeExpense		CurrentYearDuration_jpcrp030000-asr_E03606-000CommercialBankingAndWealthManagementBusinessGroupMember	JPY	253304000000
jpcrp030000-asr_E03606-000:NetNonInterestIncomeExpense		CurrentYearDuration_jpcrp030000-asr_E03606-000JapaneseCorporateAndInvestmentBankingBusinessGroupMember	JPY	383463000000
jpcrp030000-asr_E03606-000:NetNonInterestIncomeExpense		CurrentYearDuration_jpcrp030000-asr_E03606-000GlobalCommercialBankingBusinessGroupMember	JPY	-1808000000
jpcrp030000-asr_E03606-000:NetNonInterestIncomeExpense		CurrentYearDuration_jpcrp030000-asr_E03606-000AssetManagementAndInvestorServicesBusinessGroupMember	JPY	121068000000
jpcrp030000-asr_E03606-000:NetNonInterestIncomeExpense		CurrentYearDuration_jpcrp030000-asr_E03606-000GlobalCorporateAndInvestmentBankingBusinessGroupMember	JPY	493456000000
jpcrp030000-asr_E03606-000:NetNonInterestIncomeExpense		CurrentYearDuration_jpcrp030000-asr_E03606-000TotalOfCustomerBusinessUnitMember	JPY	1342052000000
jpcrp030000-asr_E03606-000:NetNonInterestIncomeExpense		CurrentYearDuration_jpcrp030000-asr_E03606-000GlobalMarketsBusinessGroupMember	JPY	-75362000000
jpcrp030000-asr_E03606-000:NetNonInterestIncomeExpense		CurrentYearDuration_jpcrp030000-asr_E03606-000OtherMember	JPY	-35131000000
jpcrp030000-asr_E03606-000:NetNonInterestIncomeExpense		CurrentYearDuration_jpcrp030000-asr_E03606-000TotalMember	JPY	1231559000000
jpcrp030000-asr_E03606-000:OtherThanBTMUAndMUTB		CurrentYearDuration_jpcrp030000-asr_E03606-000RetailAndDigitalBusinessGroupMember	JPY	606625000000
jpcrp030000-asr_E03606-000:OtherThanBTMUAndMUTB		CurrentYearDuration_jpcrp030000-asr_E03606-000CommercialBankingAndWealthManagementBusinessGroupMember	JPY	247373000000
jpcrp030000-asr_E03606-000:OtherThanBTMUAndMUTB		CurrentYearDuration_jpcrp030000-asr_E03606-000JapaneseCorporateAndInvestmentBankingBusinessGroupMember	JPY	202590000000
jpcrp030000-asr_E03606-000:OtherThanBTMUAndMUTB		CurrentYearDuration_jpcrp030000-asr_E03606-000GlobalCommercialBankingBusinessGroupMember	JPY	870204000000
jpcrp030000-asr_E03606-000:OtherThanBTMUAndMUTB		CurrentYearDuration_jpcrp030000-asr_E03606-000AssetManagementAndInvestorServicesBusinessGroupMember	JPY	462113000000
jpcrp030000-asr_E03606-000:OtherThanBTMUAndMUTB		CurrentYearDuration_jpcrp030000-asr_E03606-000GlobalCorporateAndInvestmentBankingBusinessGroupMember	JPY	110695000000
jpcrp030000-asr_E03606-000:OtherThanBTMUAndMUTB		CurrentYearDuration_jpcrp030000-asr_E03606-000TotalOfCustomerBusinessUnitMember	JPY	2499602000000
jpcrp030000-asr_E03606-000:OtherThanBTMUAndMUTB		CurrentYearDuration_jpcrp030000-asr_E03606-000GlobalMarketsBusinessGroupMember	JPY	325617000000
jpcrp030000-asr_E03606-000:OtherThanBTMUAndMUTB		CurrentYearDuration_jpcrp030000-asr_E03606-000OtherMember	JPY	20581000000
jpcrp030000-asr_E03606-000:OtherThanBTMUAndMUTB		CurrentYearDuration_jpcrp030000-asr_E03606-000TotalMember	JPY	2845801000000
jpcrp030000-asr_E03606-000:SundryExpense		CurrentYearDuration_jpcrp030000-asr_E03606-000RetailAndDigitalBusinessGroupMember	JPY	778762000000
jpcrp030000-asr_E03606-000:SundryExpense		CurrentYearDuration_jpcrp030000-asr_E03606-000CommercialBankingAndWealthManagementBusinessGroupMember	JPY	458924000000
jpcrp030000-asr_E03606-000:SundryExpense		CurrentYearDuration_jpcrp030000-asr_E03606-000JapaneseCorporateAndInvestmentBankingBusinessGroupMember	JPY	418959000000
jpcrp030000-asr_E03606-000:SundryExpense		CurrentYearDuration_jpcrp030000-asr_E03606-000GlobalCommercialBankingBusinessGroupMember	JPY	516668000000
jpcrp030000-asr_E03606-000:SundryExpense		CurrentYearDuration_jpcrp030000-asr_E03606-000AssetManagementAndInvestorServicesBusinessGroupMember	JPY	469351000000
jpcrp030000-asr_E03606-000:SundryExpense		CurrentYearDuration_jpcrp030000-asr_E03606-000GlobalCorporateAndInvestmentBankingBusinessGroupMember	JPY	501164000000
jpcrp030000-asr_E03606-000:SundryExpense		CurrentYearDuration_jpcrp030000-asr_E03606-000TotalOfCustomerBusinessUnitMember	JPY	3143830000000
jpcrp030000-asr_E03606-000:SundryExpense		CurrentYearDuration_jpcrp030000-asr_E03606-000GlobalMarketsBusinessGroupMember	JPY	342359000000
jpcrp030000-asr_E03606-000:SundryExpense		CurrentYearDuration_jpcrp030000-asr_E03606-000OtherMember	JPY	139678000000
jpcrp030000-asr_E03606-000:SundryExpense		CurrentYearDuration_jpcrp030000-asr_E03606-000TotalMember	JPY	3625868000000
jpcrp030000-asr_E03606-000:OperatingProfit		CurrentYearDuration_jpcrp030000-asr_E03606-000RetailAndDigitalBusinessGroupMember	JPY	285880000000
jpcrp030000-asr_E03606-000:OperatingProfit		CurrentYearDuration_jpcrp030000-asr_E03606-000CommercialBankingAndWealthManagementBusinessGroupMember	JPY	407977000000
jpcrp030000-asr_E03606-000:OperatingProfit		CurrentYearDuration_jpcrp030000-asr_E03606-000JapaneseCorporateAndInvestmentBankingBusinessGroupMember	JPY	706964000000
jpcrp030000-asr_E03606-000:OperatingProfit		CurrentYearDuration_jpcrp030000-asr_E03606-000GlobalCommercialBankingBusinessGroupMember	JPY	387559000000
jpcrp030000-asr_E03606-000:OperatingProfit		CurrentYearDuration_jpcrp030000-asr_E03606-000AssetManagementAndInvestorServicesBusinessGroupMember	JPY	152483000000
jpcrp030000-asr_E03606-000:OperatingProfit		CurrentYearDuration_jpcrp030000-asr_E03606-000GlobalCorporateAndInvestmentBankingBusinessGroupMember	JPY	580310000000
jpcrp030000-asr_E03606-000:OperatingProfit		CurrentYearDuration_jpcrp030000-asr_E03606-000TotalOfCustomerBusinessUnitMember	JPY	2521174000000
jpcrp030000-asr_E03606-000:OperatingProfit		CurrentYearDuration_jpcrp030000-asr_E03606-000GlobalMarketsBusinessGroupMember	JPY	-35453000000
jpcrp030000-asr_E03606-000:OperatingProfit		CurrentYearDuration_jpcrp030000-asr_E03606-000OtherMember	JPY	-120337000000
jpcrp030000-asr_E03606-000:OperatingProfit		CurrentYearDuration_jpcrp030000-asr_E03606-000TotalMember	JPY	2365383000000
jppfs_cor:NoncurrentAssets	固定資産	CurrentYearInstant_jpcrp030000-asr_E03606-000RetailAndDigitalBusinessGroupMember	JPY	333050000000
jppfs_cor:NoncurrentAssets	固定資産	CurrentYearInstant_jpcrp030000-asr_E03606-000CommercialBankingAndWealthManagementBusinessGroupMember	JPY	199929000000
jppfs_cor:NoncurrentAssets	固定資産	CurrentYearInstant_jpcrp030000-asr_E03606-000JapaneseCorporateAndInvestmentBankingBusinessGroupMember	JPY	176570000000
jppfs_cor:NoncurrentAssets	固定資産	CurrentYearInstant_jpcrp030000-asr_E03606-000GlobalCommercialBankingBusinessGroupMember	JPY	2398000000
jppfs_cor:NoncurrentAssets	固定資産	CurrentYearInstant_jpcrp030000-asr_E03606-000AssetManagementAndInvestorServicesBusinessGroupMember	JPY	23618000000
jppfs_cor:NoncurrentAssets	固定資産	CurrentYearInstant_jpcrp030000-asr_E03606-000GlobalCorporateAndInvestmentBankingBusinessGroupMember	JPY	163494000000
jppfs_cor:NoncurrentAssets	固定資産	CurrentYearInstant_jpcrp030000-asr_E03606-000TotalOfCustomerBusinessUnitMember	JPY	899062000000
jppfs_cor:NoncurrentAssets	固定資産	CurrentYearInstant_jpcrp030000-asr_E03606-000GlobalMarketsBusinessGroupMember	JPY	95435000000
jppfs_cor:NoncurrentAssets	固定資産	CurrentYearInstant_jpcrp030000-asr_E03606-000OtherMember	JPY	488297000000
jppfs_cor:NoncurrentAssets	固定資産	CurrentYearInstant_jpcrp030000-asr_E03606-000TotalMember	JPY	1482795000000
jpcrp030000-asr_E03606-000:AdditionsOfFixedAssets		CurrentYearDuration_jpcrp030000-asr_E03606-000RetailAndDigitalBusinessGroupMember	JPY	82296000000
jpcrp030000-asr_E03606-000:AdditionsOfFixedAssets		CurrentYearDuration_jpcrp030000-asr_E03606-000CommercialBankingAndWealthManagementBusinessGroupMember	JPY	44841000000
jpcrp030000-asr_E03606-000:AdditionsOfFixedAssets		CurrentYearDuration_jpcrp030000-asr_E03606-000JapaneseCorporateAndInvestmentBankingBusinessGroupMember	JPY	44771000000
jpcrp030000-asr_E03606-000:AdditionsOfFixedAssets		CurrentYearDuration_jpcrp030000-asr_E03606-000GlobalCommercialBankingBusinessGroupMember	JPY	886000000
jpcrp030000-asr_E03606-000:AdditionsOfFixedAssets		CurrentYearDuration_jpcrp030000-asr_E03606-000AssetManagementAndInvestorServicesBusinessGroupMember	JPY	8242000000
jpcrp030000-asr_E03606-000:AdditionsOfFixedAssets		CurrentYearDuration_jpcrp030000-asr_E03606-000GlobalCorporateAndInvestmentBankingBusinessGroupMember	JPY	28490000000
jpcrp030000-asr_E03606-000:AdditionsOfFixedAssets		CurrentYearDuration_jpcrp030000-asr_E03606-000TotalOfCustomerBusinessUnitMember	JPY	209528000000
jpcrp030000-asr_E03606-000:AdditionsOfFixedAssets		CurrentYearDuration_jpcrp030000-asr_E03606-000GlobalMarketsBusinessGroupMember	JPY	34223000000
jpcrp030000-asr_E03606-000:AdditionsOfFixedAssets		CurrentYearDuration_jpcrp030000-asr_E03606-000OtherMember	JPY	41748000000
jpcrp030000-asr_E03606-000:AdditionsOfFixedAssets		CurrentYearDuration_jpcrp030000-asr_E03606-000TotalMember	JPY	285500000000
jpcrp_cor:DepreciationSegmentInformation	減価償却費、セグメント情報	CurrentYearDuration_jpcrp030000-asr_E03606-000RetailAndDigitalBusinessGroupMember	JPY	41162000000
jpcrp_cor:DepreciationSegmentInformation	減価償却費、セグメント情報	CurrentYearDuration_jpcrp030000-asr_E03606-000CommercialBankingAndWealthManagementBusinessGroupMember	JPY	24189000000
jpcrp_cor:DepreciationSegmentInformation	減価償却費、セグメント情報	CurrentYearDuration_jpcrp030000-asr_E03606-000JapaneseCorporateAndInvestmentBankingBusinessGroupMember	JPY	40586000000
jpcrp_cor:DepreciationSegmentInformation	減価償却費、セグメント情報	CurrentYearDuration_jpcrp030000-asr_E03606-000GlobalCommercialBankingBusinessGroupMember	JPY	359000000
jpcrp_cor:DepreciationSegmentInformation	減価償却費、セグメント情報	CurrentYearDuration_jpcrp030000-asr_E03606-000AssetManagementAndInvestorServicesBusinessGroupMember	JPY	7761000000
jpcrp_cor:DepreciationSegmentInformation	減価償却費、セグメント情報	CurrentYearDuration_jpcrp030000-asr_E03606-000GlobalCorporateAndInvestmentBankingBusinessGroupMember	JPY	36087000000
jpcrp_cor:DepreciationSegmentInformation	減価償却費、セグメント情報	CurrentYearDuration_jpcrp030000-asr_E03606-000TotalOfCustomerBusinessUnitMember	JPY	150147000000
jpcrp_cor:DepreciationSegmentInformation	減価償却費、セグメント情報	CurrentYearDuration_jpcrp030000-asr_E03606-000GlobalMarketsBusinessGroupMember	JPY	23259000000
jpcrp_cor:DepreciationSegmentInformation	減価償却費、セグメント情報	CurrentYearDuration_jpcrp030000-asr_E03606-000OtherMember	JPY	9421000000
jpcrp_cor:DepreciationSegmentInformation	減価償却費、セグメント情報	CurrentYearDuration_jpcrp030000-asr_E03606-000TotalMember	JPY	182827000000
jppfs_cor:ImpairmentLossEL	減損損失、特別損失	Prior1YearDuration_jpcrp030000-asr_E03606-000RetailAndDigitalBusinessGroupMember	JPY	2385000000
jppfs_cor:ImpairmentLossEL	減損損失、特別損失	Prior1YearDuration_jpcrp030000-asr_E03606-000CommercialBankingAndWealthManagementBusinessGroupMember	JPY	1288000000
jppfs_cor:ImpairmentLossEL	減損損失、特別損失	Prior1YearDuration_jpcrp030000-asr_E03606-000JapaneseCorporateAndInvestmentBankingBusinessGroupMember	JPY	240000000
jppfs_cor:ImpairmentLossEL	減損損失、特別損失	Prior1YearDuration_jpcrp030000-asr_E03606-000GlobalCommercialBankingBusinessGroupMember	JPY	1000000
jppfs_cor:ImpairmentLossEL	減損損失、特別損失	Prior1YearDuration_jpcrp030000-asr_E03606-000AssetManagementAndInvestorServicesBusinessGroupMember	JPY	－
jppfs_cor:ImpairmentLossEL	減損損失、特別損失	Prior1YearDuration_jpcrp030000-asr_E03606-000GlobalCorporateAndInvestmentBankingBusinessGroupMember	JPY	498000000
jppfs_cor:ImpairmentLossEL	減損損失、特別損失	Prior1YearDuration_jpcrp030000-asr_E03606-000TotalOfCustomerBusinessUnitMember	JPY	4414000000
jppfs_cor:ImpairmentLossEL	減損損失、特別損失	Prior1YearDuration_jpcrp030000-asr_E03606-000GlobalMarketsBusinessGroupMember	JPY	21509000000
jppfs_cor:ImpairmentLossEL	減損損失、特別損失	Prior1YearDuration_jpcrp030000-asr_E03606-000OtherMember	JPY	1256000000
jppfs_cor:ImpairmentLossEL	減損損失、特別損失	Prior1YearDuration_jpcrp030000-asr_E03606-000TotalMember	JPY	27179000000
jppfs_cor:ImpairmentLossEL	減損損失、特別損失	CurrentYearDuration_jpcrp030000-asr_E03606-000RetailAndDigitalBusinessGroupMember	JPY	2616000000
jppfs_cor:ImpairmentLossEL	減損損失、特別損失	CurrentYearDuration_jpcrp030000-asr_E03606-000CommercialBankingAndWealthManagementBusinessGroupMember	JPY	1419000000
jppfs_cor:ImpairmentLossEL	減損損失、特別損失	CurrentYearDuration_jpcrp030000-asr_E03606-000JapaneseCorporateAndInvestmentBankingBusinessGroupMember	JPY	5000000
jppfs_cor:ImpairmentLossEL	減損損失、特別損失	CurrentYearDuration_jpcrp030000-asr_E03606-000GlobalCommercialBankingBusinessGroupMember	JPY	0
jppfs_cor:ImpairmentLossEL	減損損失、特別損失	CurrentYearDuration_jpcrp030000-asr_E03606-000AssetManagementAndInvestorServicesBusinessGroupMember	JPY	－
jppfs_cor:ImpairmentLossEL	減損損失、特別損失	CurrentYearDuration_jpcrp030000-asr_E03606-000GlobalCorporateAndInvestmentBankingBusinessGroupMember	JPY	1000000
jppfs_cor:ImpairmentLossEL	減損損失、特別損失	CurrentYearDuration_jpcrp030000-asr_E03606-000TotalOfCustomerBusinessUnitMember	JPY	4044000000
jppfs_cor:ImpairmentLossEL	減損損失、特別損失	CurrentYearDuration_jpcrp030000-asr_E03606-000GlobalMarketsBusinessGroupMember	JPY	2424000000
jppfs_cor:ImpairmentLossEL	減損損失、特別損失	CurrentYearDuration_jpcrp030000-asr_E03606-000OtherMember	JPY	540000000
jppfs_cor:ImpairmentLossEL	減損損失、特別損失	CurrentYearDuration_jpcrp030000-asr_E03606-000TotalMember	JPY	7009000000
jppfs_cor:AmortizationOfGoodwillSGA	のれん償却額、販売費及び一般管理費	Prior1YearDuration_jpcrp030000-asr_E03606-000RetailAndDigitalBusinessGroupMember	JPY	1436000000
jppfs_cor:AmortizationOfGoodwillSGA	のれん償却額、販売費及び一般管理費	Prior1YearDuration_jpcrp030000-asr_E03606-000CommercialBankingAndWealthManagementBusinessGroupMember	JPY	65000000
jppfs_cor:AmortizationOfGoodwillSGA	のれん償却額、販売費及び一般管理費	Prior1YearDuration_jpcrp030000-asr_E03606-000JapaneseCorporateAndInvestmentBankingBusinessGroupMember	JPY	44000000
jppfs_cor:AmortizationOfGoodwillSGA	のれん償却額、販売費及び一般管理費	Prior1YearDuration_jpcrp030000-asr_E03606-000GlobalCommercialBankingBusinessGroupMember	JPY	9912000000
jppfs_cor:AmortizationOfGoodwillSGA	のれん償却額、販売費及び一般管理費	Prior1YearDuration_jpcrp030000-asr_E03606-000AssetManagementAndInvestorServicesBusinessGroupMember	JPY	21726000000
jppfs_cor:AmortizationOfGoodwillSGA	のれん償却額、販売費及び一般管理費	Prior1YearDuration_jpcrp030000-asr_E03606-000GlobalCorporateAndInvestmentBankingBusinessGroupMember	JPY	3369000000
jppfs_cor:AmortizationOfGoodwillSGA	のれん償却額、販売費及び一般管理費	Prior1YearDuration_jpcrp030000-asr_E03606-000TotalOfCustomerBusinessUnitMember	JPY	36553000000
jppfs_cor:AmortizationOfGoodwillSGA	のれん償却額、販売費及び一般管理費	Prior1YearDuration_jpcrp030000-asr_E03606-000GlobalMarketsBusinessGroupMember	JPY	－
jppfs_cor:AmortizationOfGoodwillSGA	のれん償却額、販売費及び一般管理費	Prior1YearDuration_jpcrp030000-asr_E03606-000OtherMember	JPY	－
jppfs_cor:AmortizationOfGoodwillSGA	のれん償却額、販売費及び一般管理費	Prior1YearDuration_jpcrp030000-asr_E03606-000TotalMember	JPY	36553000000
jpcrp_cor:GoodwillBeforeOffsetting	のれん（相殺前）	Prior1YearInstant_jpcrp030000-asr_E03606-000RetailAndDigitalBusinessGroupMember	JPY	74797000000
jpcrp_cor:GoodwillBeforeOffsetting	のれん（相殺前）	Prior1YearInstant_jpcrp030000-asr_E03606-000CommercialBankingAndWealthManagementBusinessGroupMember	JPY	－
jpcrp_cor:GoodwillBeforeOffsetting	のれん（相殺前）	Prior1YearInstant_jpcrp030000-asr_E03606-000JapaneseCorporateAndInvestmentBankingBusinessGroupMember	JPY	254000000
jpcrp_cor:GoodwillBeforeOffsetting	のれん（相殺前）	Prior1YearInstant_jpcrp030000-asr_E03606-000GlobalCommercialBankingBusinessGroupMember	JPY	50834000000
jpcrp_cor:GoodwillBeforeOffsetting	のれん（相殺前）	Prior1YearInstant_jpcrp030000-asr_E03606-000AssetManagementAndInvestorServicesBusinessGroupMember	JPY	369353000000
jpcrp_cor:GoodwillBeforeOffsetting	のれん（相殺前）	Prior1YearInstant_jpcrp030000-asr_E03606-000GlobalCorporateAndInvestmentBankingBusinessGroupMember	JPY	35146000000
jpcrp_cor:GoodwillBeforeOffsetting	のれん（相殺前）	Prior1YearInstant_jpcrp030000-asr_E03606-000TotalOfCustomerBusinessUnitMember	JPY	530386000000
jpcrp_cor:GoodwillBeforeOffsetting	のれん（相殺前）	Prior1YearInstant_jpcrp030000-asr_E03606-000GlobalMarketsBusinessGroupMember	JPY	－
jpcrp_cor:GoodwillBeforeOffsetting	のれん（相殺前）	Prior1YearInstant_jpcrp030000-asr_E03606-000OtherMember	JPY	－
jpcrp_cor:GoodwillBeforeOffsetting	のれん（相殺前）	Prior1YearInstant_jpcrp030000-asr_E03606-000TotalMember	JPY	530386000000
jppfs_cor:AmortizationOfGoodwillSGA	のれん償却額、販売費及び一般管理費	CurrentYearDuration_jpcrp030000-asr_E03606-000RetailAndDigitalBusinessGroupMember	JPY	7177000000
jppfs_cor:AmortizationOfGoodwillSGA	のれん償却額、販売費及び一般管理費	CurrentYearDuration_jpcrp030000-asr_E03606-000CommercialBankingAndWealthManagementBusinessGroupMember	JPY	－
jppfs_cor:AmortizationOfGoodwillSGA	のれん償却額、販売費及び一般管理費	CurrentYearDuration_jpcrp030000-asr_E03606-000JapaneseCorporateAndInvestmentBankingBusinessGroupMember	JPY	44000000
jppfs_cor:AmortizationOfGoodwillSGA	のれん償却額、販売費及び一般管理費	CurrentYearDuration_jpcrp030000-asr_E03606-000GlobalCommercialBankingBusinessGroupMember	JPY	6872000000
jppfs_cor:AmortizationOfGoodwillSGA	のれん償却額、販売費及び一般管理費	CurrentYearDuration_jpcrp030000-asr_E03606-000AssetManagementAndInvestorServicesBusinessGroupMember	JPY	24340000000
jppfs_cor:AmortizationOfGoodwillSGA	のれん償却額、販売費及び一般管理費	CurrentYearDuration_jpcrp030000-asr_E03606-000GlobalCorporateAndInvestmentBankingBusinessGroupMember	JPY	3400000000
jppfs_cor:AmortizationOfGoodwillSGA	のれん償却額、販売費及び一般管理費	CurrentYearDuration_jpcrp030000-asr_E03606-000TotalOfCustomerBusinessUnitMember	JPY	41835000000
jppfs_cor:AmortizationOfGoodwillSGA	のれん償却額、販売費及び一般管理費	CurrentYearDuration_jpcrp030000-asr_E03606-000GlobalMarketsBusinessGroupMember	JPY	－
jppfs_cor:AmortizationOfGoodwillSGA	のれん償却額、販売費及び一般管理費	CurrentYearDuration_jpcrp030000-asr_E03606-000OtherMember	JPY	－
jppfs_cor:AmortizationOfGoodwillSGA	のれん償却額、販売費及び一般管理費	CurrentYearDuration_jpcrp030000-asr_E03606-000TotalMember	JPY	41835000000
jpcrp_cor:GoodwillBeforeOffsetting	のれん（相殺前）	CurrentYearInstant_jpcrp030000-asr_E03606-000RetailAndDigitalBusinessGroupMember	JPY	82459000000
jpcrp_cor:GoodwillBeforeOffsetting	のれん（相殺前）	CurrentYearInstant_jpcrp030000-asr_E03606-000CommercialBankingAndWealthManagementBusinessGroupMember	JPY	－
jpcrp_cor:GoodwillBeforeOffsetting	のれん（相殺前）	CurrentYearInstant_jpcrp030000-asr_E03606-000JapaneseCorporateAndInvestmentBankingBusinessGroupMember	JPY	210000000
jpcrp_cor:GoodwillBeforeOffsetting	のれん（相殺前）	CurrentYearInstant_jpcrp030000-asr_E03606-000GlobalCommercialBankingBusinessGroupMember	JPY	68343000000
jpcrp_cor:GoodwillBeforeOffsetting	のれん（相殺前）	CurrentYearInstant_jpcrp030000-asr_E03606-000AssetManagementAndInvestorServicesBusinessGroupMember	JPY	327727000000
jpcrp_cor:GoodwillBeforeOffsetting	のれん（相殺前）	CurrentYearInstant_jpcrp030000-asr_E03606-000GlobalCorporateAndInvestmentBankingBusinessGroupMember	JPY	32725000000
jpcrp_cor:GoodwillBeforeOffsetting	のれん（相殺前）	CurrentYearInstant_jpcrp030000-asr_E03606-000TotalOfCustomerBusinessUnitMember	JPY	511465000000
jpcrp_cor:GoodwillBeforeOffsetting	のれん（相殺前）	CurrentYearInstant_jpcrp030000-asr_E03606-000GlobalMarketsBusinessGroupMember	JPY	－
jpcrp_cor:GoodwillBeforeOffsetting	のれん（相殺前）	CurrentYearInstant_jpcrp030000-asr_E03606-000OtherMember	JPY	－
jpcrp_cor:GoodwillBeforeOffsetting	のれん（相殺前）	CurrentYearInstant_jpcrp030000-asr_E03606-000TotalMember	JPY	511465000000
jppfs_cor:CashAndDeposits	現金及び預金	Prior1YearInstant_NonConsolidatedMember	JPY	353098000000
jppfs_cor:CashAndDeposits	現金及び預金	CurrentYearInstant_NonConsolidatedMember	JPY	370492000000
jppfs_cor:PrepaidExpenses	前払費用	Prior1YearInstant_NonConsolidatedMember	JPY	7000000
jppfs_cor:PrepaidExpenses	前払費用	CurrentYearInstant_NonConsolidatedMember	JPY	8000000
jppfs_cor:AccountsReceivableOther	未収入金	Prior1YearInstant_NonConsolidatedMember	JPY	8621000000
jppfs_cor:AccountsReceivableOther	未収入金	CurrentYearInstant_NonConsolidatedMember	JPY	26826000000
jppfs_cor:CurrentPortionOfLongTermLoansReceivableFromSubsidiariesAndAffiliates	１年内回収予定の関係会社長期貸付金	Prior1YearInstant_NonConsolidatedMember	JPY	906421000000
jppfs_cor:CurrentPortionOfLongTermLoansReceivableFromSubsidiariesAndAffiliates	１年内回収予定の関係会社長期貸付金	CurrentYearInstant_NonConsolidatedMember	JPY	491760000000
jppfs_cor:OtherCA	その他、流動資産	Prior1YearInstant_NonConsolidatedMember	JPY	91551000000
jppfs_cor:OtherCA	その他、流動資産	CurrentYearInstant_NonConsolidatedMember	JPY	121289000000
jppfs_cor:AllowanceForDoubtfulAccountsCA	貸倒引当金、流動資産、一括控除	Prior1YearInstant_NonConsolidatedMember	JPY	-98000000
jppfs_cor:AllowanceForDoubtfulAccountsCA	貸倒引当金、流動資産、一括控除	CurrentYearInstant_NonConsolidatedMember	JPY	-60000000
jppfs_cor:CurrentAssets	流動資産	Prior1YearInstant_NonConsolidatedMember	JPY	1359600000000
jppfs_cor:CurrentAssets	流動資産	CurrentYearInstant_NonConsolidatedMember	JPY	1010317000000
jppfs_cor:BuildingsNet	建物（純額）	Prior1YearInstant_NonConsolidatedMember	JPY	73000000
jppfs_cor:BuildingsNet	建物（純額）	CurrentYearInstant_NonConsolidatedMember	JPY	96000000
jpcrp030000-asr_E03606-000:FurnitureAndFixturesNetPPE		Prior1YearInstant_NonConsolidatedMember	JPY	4461000000
jpcrp030000-asr_E03606-000:FurnitureAndFixturesNetPPE		CurrentYearInstant_NonConsolidatedMember	JPY	4022000000
jppfs_cor:LeaseAssetsNetPPE	リース資産（純額）、有形固定資産	Prior1YearInstant_NonConsolidatedMember	JPY	660000000
jppfs_cor:LeaseAssetsNetPPE	リース資産（純額）、有形固定資産	CurrentYearInstant_NonConsolidatedMember	JPY	8269000000
jppfs_cor:PropertyPlantAndEquipment	有形固定資産	Prior1YearInstant_NonConsolidatedMember	JPY	5194000000
jppfs_cor:PropertyPlantAndEquipment	有形固定資産	CurrentYearInstant_NonConsolidatedMember	JPY	12388000000
jppfs_cor:RightOfTrademark	商標権	Prior1YearInstant_NonConsolidatedMember	JPY	79000000
jppfs_cor:RightOfTrademark	商標権	CurrentYearInstant_NonConsolidatedMember	JPY	65000000
jppfs_cor:Software	ソフトウエア	Prior1YearInstant_NonConsolidatedMember	JPY	17755000000
jppfs_cor:Software	ソフトウエア	CurrentYearInstant_NonConsolidatedMember	JPY	23637000000
jppfs_cor:OtherIA	その他、無形固定資産	Prior1YearInstant_NonConsolidatedMember	JPY	10688000000
jppfs_cor:OtherIA	その他、無形固定資産	CurrentYearInstant_NonConsolidatedMember	JPY	10846000000
jppfs_cor:IntangibleAssets	無形固定資産	Prior1YearInstant_NonConsolidatedMember	JPY	28523000000
jppfs_cor:IntangibleAssets	無形固定資産	CurrentYearInstant_NonConsolidatedMember	JPY	34549000000
jppfs_cor:StocksOfSubsidiariesAndAffiliates	関係会社株式	Prior1YearInstant_NonConsolidatedMember	JPY	9398426000000
jppfs_cor:StocksOfSubsidiariesAndAffiliates	関係会社株式	CurrentYearInstant_NonConsolidatedMember	JPY	9344837000000
jppfs_cor:LongTermLoansReceivableFromSubsidiariesAndAffiliates	関係会社長期貸付金	Prior1YearInstant_NonConsolidatedMember	JPY	11299533000000
jppfs_cor:LongTermLoansReceivableFromSubsidiariesAndAffiliates	関係会社長期貸付金	CurrentYearInstant_NonConsolidatedMember	JPY	13371072000000
jppfs_cor:DeferredTaxAssets	繰延税金資産	Prior1YearInstant_NonConsolidatedMember	JPY	24894000000
jppfs_cor:DeferredTaxAssets	繰延税金資産	CurrentYearInstant_NonConsolidatedMember	JPY	24035000000
jppfs_cor:OtherIOA	その他、投資その他の資産	Prior1YearInstant_NonConsolidatedMember	JPY	0
jppfs_cor:OtherIOA	その他、投資その他の資産	CurrentYearInstant_NonConsolidatedMember	JPY	－
jppfs_cor:AllowanceForDoubtfulAccountsIOAByGroup	貸倒引当金、投資その他の資産、一括控除	Prior1YearInstant_NonConsolidatedMember	JPY	-1129000000
jppfs_cor:AllowanceForDoubtfulAccountsIOAByGroup	貸倒引当金、投資その他の資産、一括控除	CurrentYearInstant_NonConsolidatedMember	JPY	-1365000000
jppfs_cor:InvestmentsAndOtherAssets	投資その他の資産	Prior1YearInstant_NonConsolidatedMember	JPY	20721724000000
jppfs_cor:InvestmentsAndOtherAssets	投資その他の資産	CurrentYearInstant_NonConsolidatedMember	JPY	22738579000000
jppfs_cor:NoncurrentAssets	固定資産	Prior1YearInstant_NonConsolidatedMember	JPY	20755442000000
jppfs_cor:NoncurrentAssets	固定資産	CurrentYearInstant_NonConsolidatedMember	JPY	22785517000000
jppfs_cor:Assets	資産	Prior1YearInstant_NonConsolidatedMember	JPY	22115043000000
jppfs_cor:Assets	資産	CurrentYearInstant_NonConsolidatedMember	JPY	23795835000000
jppfs_cor:ShortTermLoansPayable	短期借入金	Prior1YearInstant_NonConsolidatedMember	JPY	1127981000000
jppfs_cor:ShortTermLoansPayable	短期借入金	CurrentYearInstant_NonConsolidatedMember	JPY	1117978000000
jppfs_cor:CurrentPortionOfBonds	１年内償還予定の社債	Prior1YearInstant_NonConsolidatedMember	JPY	884633000000
jppfs_cor:CurrentPortionOfBonds	１年内償還予定の社債	CurrentYearInstant_NonConsolidatedMember	JPY	460760000000
jppfs_cor:CurrentPortionOfLongTermLoansPayable	１年内返済予定の長期借入金	Prior1YearInstant_NonConsolidatedMember	JPY	22000000000
jppfs_cor:CurrentPortionOfLongTermLoansPayable	１年内返済予定の長期借入金	CurrentYearInstant_NonConsolidatedMember	JPY	31000000000
jppfs_cor:LeaseObligationsCL	リース負債、流動負債	Prior1YearInstant_NonConsolidatedMember	JPY	185000000
jppfs_cor:LeaseObligationsCL	リース負債、流動負債	CurrentYearInstant_NonConsolidatedMember	JPY	1958000000
jppfs_cor:AccountsPayableOther	未払金	Prior1YearInstant_NonConsolidatedMember	JPY	13081000000
jppfs_cor:AccountsPayableOther	未払金	CurrentYearInstant_NonConsolidatedMember	JPY	32050000000
jppfs_cor:AccruedExpenses	未払費用	Prior1YearInstant_NonConsolidatedMember	JPY	80667000000
jppfs_cor:AccruedExpenses	未払費用	CurrentYearInstant_NonConsolidatedMember	JPY	108123000000
jppfs_cor:IncomeTaxesPayable	未払法人税等	Prior1YearInstant_NonConsolidatedMember	JPY	262000000
jppfs_cor:IncomeTaxesPayable	未払法人税等	CurrentYearInstant_NonConsolidatedMember	JPY	3630000000
jppfs_cor:DepositsReceived	預り金	Prior1YearInstant_NonConsolidatedMember	JPY	2250000000
jppfs_cor:DepositsReceived	預り金	CurrentYearInstant_NonConsolidatedMember	JPY	3216000000
jppfs_cor:ProvisionForBonuses	賞与引当金	Prior1YearInstant_NonConsolidatedMember	JPY	977000000
jppfs_cor:ProvisionForBonuses	賞与引当金	CurrentYearInstant_NonConsolidatedMember	JPY	1096000000
jppfs_cor:ProvisionForDirectorsBonuses	役員賞与引当金	Prior1YearInstant_NonConsolidatedMember	JPY	473000000
jppfs_cor:ProvisionForDirectorsBonuses	役員賞与引当金	CurrentYearInstant_NonConsolidatedMember	JPY	474000000
jppfs_cor:OtherCL	その他、流動負債	Prior1YearInstant_NonConsolidatedMember	JPY	20227000000
jppfs_cor:OtherCL	その他、流動負債	CurrentYearInstant_NonConsolidatedMember	JPY	18551000000
jppfs_cor:CurrentLiabilities	流動負債	Prior1YearInstant_NonConsolidatedMember	JPY	2152741000000
jppfs_cor:CurrentLiabilities	流動負債	CurrentYearInstant_NonConsolidatedMember	JPY	1778841000000
jppfs_cor:BondsPayable	社債	Prior1YearInstant_NonConsolidatedMember	JPY	10728256000000
jppfs_cor:BondsPayable	社債	CurrentYearInstant_NonConsolidatedMember	JPY	12768875000000
jppfs_cor:LongTermLoansPayable	長期借入金	Prior1YearInstant_NonConsolidatedMember	JPY	571000000000
jppfs_cor:LongTermLoansPayable	長期借入金	CurrentYearInstant_NonConsolidatedMember	JPY	602000000000
jppfs_cor:LeaseObligationsNCL	リース負債、固定負債	Prior1YearInstant_NonConsolidatedMember	JPY	540000000
jppfs_cor:LeaseObligationsNCL	リース負債、固定負債	CurrentYearInstant_NonConsolidatedMember	JPY	7137000000
jppfs_cor:LongTermIncomeTaxesPayable	長期未払法人税等	Prior1YearInstant_NonConsolidatedMember	JPY	2249000000
jppfs_cor:LongTermIncomeTaxesPayable	長期未払法人税等	CurrentYearInstant_NonConsolidatedMember	JPY	1927000000
jpcrp030000-asr_E03606-000:ReserveForStocksPaymentLiabilities		Prior1YearInstant_NonConsolidatedMember	JPY	2213000000
jpcrp030000-asr_E03606-000:ReserveForStocksPaymentLiabilities		CurrentYearInstant_NonConsolidatedMember	JPY	3075000000
jppfs_cor:NoncurrentLiabilities	固定負債	Prior1YearInstant_NonConsolidatedMember	JPY	11304259000000
jppfs_cor:NoncurrentLiabilities	固定負債	CurrentYearInstant_NonConsolidatedMember	JPY	13383016000000
jppfs_cor:Liabilities	負債	Prior1YearInstant_NonConsolidatedMember	JPY	13457001000000
jppfs_cor:Liabilities	負債	CurrentYearInstant_NonConsolidatedMember	JPY	15161857000000
jppfs_cor:CapitalStock	資本金	Prior1YearInstant_NonConsolidatedMember	JPY	2141513000000
jppfs_cor:CapitalStock	資本金	CurrentYearInstant_NonConsolidatedMember	JPY	2141513000000
jppfs_cor:LegalCapitalSurplus	資本準備金	Prior1YearInstant_NonConsolidatedMember	JPY	2141524000000
jppfs_cor:LegalCapitalSurplus	資本準備金	CurrentYearInstant_NonConsolidatedMember	JPY	2141524000000
jppfs_cor:CapitalSurplus	資本剰余金	Prior1YearInstant_NonConsolidatedMember	JPY	2141524000000
jppfs_cor:CapitalSurplus	資本剰余金	CurrentYearInstant_NonConsolidatedMember	JPY	2141524000000
jppfs_cor:GeneralReserve	別途積立金	Prior1YearInstant_NonConsolidatedMember	JPY	150000000000
jppfs_cor:GeneralReserve	別途積立金	CurrentYearInstant_NonConsolidatedMember	JPY	150000000000
jppfs_cor:RetainedEarningsBroughtForward	繰越利益剰余金	Prior1YearInstant_NonConsolidatedMember	JPY	5035065000000
jppfs_cor:RetainedEarningsBroughtForward	繰越利益剰余金	CurrentYearInstant_NonConsolidatedMember	JPY	5218507000000
jppfs_cor:RetainedEarnings	利益剰余金	Prior1YearInstant_NonConsolidatedMember	JPY	5185065000000
jppfs_cor:RetainedEarnings	利益剰余金	CurrentYearInstant_NonConsolidatedMember	JPY	5368507000000
jppfs_cor:TreasuryStock	自己株式	Prior1YearInstant_NonConsolidatedMember	JPY	-726000000000
jppfs_cor:TreasuryStock	自己株式	CurrentYearInstant_NonConsolidatedMember	JPY	-933506000000
jppfs_cor:ShareholdersEquity	株主資本	Prior1YearInstant_NonConsolidatedMember	JPY	8742102000000
jppfs_cor:ShareholdersEquity	株主資本	CurrentYearInstant_NonConsolidatedMember	JPY	8718038000000
jppfs_cor:DeferredGainsOrLossesOnHedges	繰延ヘッジ損益	Prior1YearInstant_NonConsolidatedMember	JPY	-84061000000
jppfs_cor:DeferredGainsOrLossesOnHedges	繰延ヘッジ損益	CurrentYearInstant_NonConsolidatedMember	JPY	-84061000000
jppfs_cor:ValuationAndTranslationAdjustments	評価・換算差額等	Prior1YearInstant_NonConsolidatedMember	JPY	-84061000000
jppfs_cor:ValuationAndTranslationAdjustments	評価・換算差額等	CurrentYearInstant_NonConsolidatedMember	JPY	-84061000000
jppfs_cor:NetAssets	純資産	Prior1YearInstant_NonConsolidatedMember	JPY	8658041000000
jppfs_cor:NetAssets	純資産	CurrentYearInstant_NonConsolidatedMember	JPY	8633977000000
jppfs_cor:LiabilitiesAndNetAssets	負債純資産	Prior1YearInstant_NonConsolidatedMember	JPY	22115043000000
jppfs_cor:LiabilitiesAndNetAssets	負債純資産	CurrentYearInstant_NonConsolidatedMember	JPY	23795835000000
jppfs_cor:DividendsIncomeRevOA	受取配当金、営業活動による収益	Prior1YearDuration_NonConsolidatedMember	JPY	1307634000000
jppfs_cor:DividendsIncomeRevOA	受取配当金、営業活動による収益	CurrentYearDuration_NonConsolidatedMember	JPY	1414315000000
jppfs_cor:CommissionsFromSubsidiariesAndAffiliatesRevOA	関係会社受入手数料、営業活動による収益	Prior1YearDuration_NonConsolidatedMember	JPY	35633000000
jppfs_cor:CommissionsFromSubsidiariesAndAffiliatesRevOA	関係会社受入手数料、営業活動による収益	CurrentYearDuration_NonConsolidatedMember	JPY	41322000000
jppfs_cor:OperatingRevenue1	営業収益	Prior1YearDuration_NonConsolidatedMember	JPY	1343267000000
jppfs_cor:OperatingRevenue1	営業収益	CurrentYearDuration_NonConsolidatedMember	JPY	1455637000000
jppfs_cor:SellingGeneralAndAdministrativeExpenses	販売費及び一般管理費	Prior1YearDuration_NonConsolidatedMember	JPY	49642000000
jppfs_cor:SellingGeneralAndAdministrativeExpenses	販売費及び一般管理費	CurrentYearDuration_NonConsolidatedMember	JPY	55864000000
jppfs_cor:OperatingExpenses	営業費用	Prior1YearDuration_NonConsolidatedMember	JPY	49642000000
jppfs_cor:OperatingExpenses	営業費用	CurrentYearDuration_NonConsolidatedMember	JPY	55864000000
jppfs_cor:OperatingIncome	営業利益又は営業損失（△）	Prior1YearDuration_NonConsolidatedMember	JPY	1293624000000
jppfs_cor:OperatingIncome	営業利益又は営業損失（△）	CurrentYearDuration_NonConsolidatedMember	JPY	1399773000000
jppfs_cor:InterestIncomeNOI	受取利息、営業外収益	Prior1YearDuration_NonConsolidatedMember	JPY	374230000000
jppfs_cor:InterestIncomeNOI	受取利息、営業外収益	CurrentYearDuration_NonConsolidatedMember	JPY	395317000000
jpcrp030000-asr_E03606-000:ProvisionOfAllowanceForDoubtfulAccountsNOI		Prior1YearDuration_NonConsolidatedMember	JPY	199000000
jpcrp030000-asr_E03606-000:ProvisionOfAllowanceForDoubtfulAccountsNOI		CurrentYearDuration_NonConsolidatedMember	JPY	－
jppfs_cor:OtherNOI	その他、営業外収益	Prior1YearDuration_NonConsolidatedMember	JPY	16019000000
jppfs_cor:OtherNOI	その他、営業外収益	CurrentYearDuration_NonConsolidatedMember	JPY	16785000000
jppfs_cor:NonOperatingIncome	営業外収益	Prior1YearDuration_NonConsolidatedMember	JPY	390449000000
jppfs_cor:NonOperatingIncome	営業外収益	CurrentYearDuration_NonConsolidatedMember	JPY	412103000000
jppfs_cor:InterestExpensesNOE	支払利息、営業外費用	Prior1YearDuration_NonConsolidatedMember	JPY	18401000000
jppfs_cor:InterestExpensesNOE	支払利息、営業外費用	CurrentYearDuration_NonConsolidatedMember	JPY	25688000000
jppfs_cor:InterestOnBondsNOE	社債利息、営業外費用	Prior1YearDuration_NonConsolidatedMember	JPY	365434000000
jppfs_cor:InterestOnBondsNOE	社債利息、営業外費用	CurrentYearDuration_NonConsolidatedMember	JPY	384052000000
jppfs_cor:ProvisionOfAllowanceForDoubtfulAccountsNOE	貸倒引当金繰入額、営業外費用	Prior1YearDuration_NonConsolidatedMember	JPY	－
jppfs_cor:ProvisionOfAllowanceForDoubtfulAccountsNOE	貸倒引当金繰入額、営業外費用	CurrentYearDuration_NonConsolidatedMember	JPY	197000000
jppfs_cor:BondIssuanceCostNOE	社債発行費、営業外費用	Prior1YearDuration_NonConsolidatedMember	JPY	8818000000
jppfs_cor:BondIssuanceCostNOE	社債発行費、営業外費用	CurrentYearDuration_NonConsolidatedMember	JPY	12675000000
jppfs_cor:OtherNOE	その他、営業外費用	Prior1YearDuration_NonConsolidatedMember	JPY	4551000000
jppfs_cor:OtherNOE	その他、営業外費用	CurrentYearDuration_NonConsolidatedMember	JPY	3663000000
jppfs_cor:NonOperatingExpenses	営業外費用	Prior1YearDuration_NonConsolidatedMember	JPY	397207000000
jppfs_cor:NonOperatingExpenses	営業外費用	CurrentYearDuration_NonConsolidatedMember	JPY	426277000000
jppfs_cor:OrdinaryIncome	経常利益又は経常損失（△）	Prior1YearDuration_NonConsolidatedMember	JPY	1286866000000
jppfs_cor:OrdinaryIncome	経常利益又は経常損失（△）	CurrentYearDuration_NonConsolidatedMember	JPY	1385599000000
jppfs_cor:LossOnRetirementOfNoncurrentAssetsEL	固定資産除却損、特別損失	Prior1YearDuration_NonConsolidatedMember	JPY	33000000
jppfs_cor:LossOnRetirementOfNoncurrentAssetsEL	固定資産除却損、特別損失	CurrentYearDuration_NonConsolidatedMember	JPY	139000000
jppfs_cor:LossOnValuationOfSubsidiariesStocksEL	子会社株式評価損、特別損失	Prior1YearDuration_NonConsolidatedMember	JPY	－
jppfs_cor:LossOnValuationOfSubsidiariesStocksEL	子会社株式評価損、特別損失	CurrentYearDuration_NonConsolidatedMember	JPY	53589000000
jppfs_cor:ExtraordinaryLoss	特別損失	Prior1YearDuration_NonConsolidatedMember	JPY	33000000
jppfs_cor:ExtraordinaryLoss	特別損失	CurrentYearDuration_NonConsolidatedMember	JPY	53729000000
jppfs_cor:IncomeBeforeIncomeTaxes	税引前当期純利益又は税引前当期純損失（△）	Prior1YearDuration_NonConsolidatedMember	JPY	1286832000000
jppfs_cor:IncomeBeforeIncomeTaxes	税引前当期純利益又は税引前当期純損失（△）	CurrentYearDuration_NonConsolidatedMember	JPY	1331870000000
jppfs_cor:IncomeTaxesCurrent	法人税、住民税及び事業税	Prior1YearDuration_NonConsolidatedMember	JPY	8405000000
jppfs_cor:IncomeTaxesCurrent	法人税、住民税及び事業税	CurrentYearDuration_NonConsolidatedMember	JPY	4933000000
jppfs_cor:IncomeTaxesForGlobalMinimumTax	国際最低課税額に対する法人税等	Prior1YearDuration_NonConsolidatedMember	JPY	2249000000
jppfs_cor:IncomeTaxesForGlobalMinimumTax	国際最低課税額に対する法人税等	CurrentYearDuration_NonConsolidatedMember	JPY	3232000000
jppfs_cor:IncomeTaxesDeferred	法人税等調整額	Prior1YearDuration_NonConsolidatedMember	JPY	608000000
jppfs_cor:IncomeTaxesDeferred	法人税等調整額	CurrentYearDuration_NonConsolidatedMember	JPY	858000000
jppfs_cor:IncomeTaxes	法人税等	Prior1YearDuration_NonConsolidatedMember	JPY	11263000000
jppfs_cor:IncomeTaxes	法人税等	CurrentYearDuration_NonConsolidatedMember	JPY	9024000000
jppfs_cor:ProfitLoss	当期純利益又は当期純損失（△）（平成26年3月28日財規等改正後）	Prior1YearDuration_NonConsolidatedMember	JPY	1275569000000
jppfs_cor:ProfitLoss	当期純利益又は当期純損失（△）（平成26年3月28日財規等改正後）	CurrentYearDuration_NonConsolidatedMember	JPY	1322845000000
jppfs_cor:NetAssets	純資産	Prior2YearInstant_NonConsolidatedMember_CapitalStockMember	JPY	2141513000000
jppfs_cor:NetAssets	純資産	Prior2YearInstant_NonConsolidatedMember_LegalCapitalSurplusMember	JPY	2141524000000
jppfs_cor:NetAssets	純資産	Prior2YearInstant_NonConsolidatedMember_OtherCapitalSurplusMember	JPY	168826000000
jppfs_cor:NetAssets	純資産	Prior2YearInstant_NonConsolidatedMember_GeneralReserveMember	JPY	150000000000
jppfs_cor:NetAssets	純資産	Prior2YearInstant_NonConsolidatedMember_RetainedEarningsBroughtForwardMember	JPY	4420151000000
jppfs_cor:DividendsFromSurplus	剰余金の配当	Prior1YearDuration_NonConsolidatedMember_RetainedEarningsBroughtForwardMember	JPY	-533196000000
jppfs_cor:ProfitLoss	当期純利益又は当期純損失（△）（平成26年3月28日財規等改正後）	Prior1YearDuration_NonConsolidatedMember_RetainedEarningsBroughtForwardMember	JPY	1275569000000
jppfs_cor:DisposalOfTreasuryStock	自己株式の処分	Prior1YearDuration_NonConsolidatedMember_OtherCapitalSurplusMember	JPY	0
jppfs_cor:RetirementOfTreasuryStock	自己株式の消却	Prior1YearDuration_NonConsolidatedMember_OtherCapitalSurplusMember	JPY	-296284000000
jppfs_cor:TransferToCapitalSurplusFromRetainedEarnings	利益剰余金から資本剰余金への振替	Prior1YearDuration_NonConsolidatedMember_OtherCapitalSurplusMember	JPY	127457000000
jppfs_cor:TransferToCapitalSurplusFromRetainedEarnings	利益剰余金から資本剰余金への振替	Prior1YearDuration_NonConsolidatedMember_RetainedEarningsBroughtForwardMember	JPY	-127457000000
jppfs_cor:TotalChangesOfItemsDuringThePeriod	当期変動額合計	Prior1YearDuration_NonConsolidatedMember_CapitalStockMember	JPY	－
jppfs_cor:TotalChangesOfItemsDuringThePeriod	当期変動額合計	Prior1YearDuration_NonConsolidatedMember_LegalCapitalSurplusMember	JPY	－
jppfs_cor:TotalChangesOfItemsDuringThePeriod	当期変動額合計	Prior1YearDuration_NonConsolidatedMember_OtherCapitalSurplusMember	JPY	-168826000000
jppfs_cor:TotalChangesOfItemsDuringThePeriod	当期変動額合計	Prior1YearDuration_NonConsolidatedMember_GeneralReserveMember	JPY	－
jppfs_cor:TotalChangesOfItemsDuringThePeriod	当期変動額合計	Prior1YearDuration_NonConsolidatedMember_RetainedEarningsBroughtForwardMember	JPY	614914000000
jppfs_cor:NetAssets	純資産	Prior1YearInstant_NonConsolidatedMember_CapitalStockMember	JPY	2141513000000
jppfs_cor:NetAssets	純資産	Prior1YearInstant_NonConsolidatedMember_LegalCapitalSurplusMember	JPY	2141524000000
jppfs_cor:NetAssets	純資産	Prior1YearInstant_NonConsolidatedMember_OtherCapitalSurplusMember	JPY	－
jppfs_cor:NetAssets	純資産	Prior1YearInstant_NonConsolidatedMember_GeneralReserveMember	JPY	150000000000
jppfs_cor:NetAssets	純資産	Prior1YearInstant_NonConsolidatedMember_RetainedEarningsBroughtForwardMember	JPY	5035065000000
jppfs_cor:NetAssets	純資産	Prior2YearInstant_NonConsolidatedMember_TreasuryStockMember	JPY	-613187000000
jppfs_cor:NetAssets	純資産	Prior2YearInstant_NonConsolidatedMember_ShareholdersEquityMember	JPY	8408828000000
jppfs_cor:NetAssets	純資産	Prior2YearInstant_NonConsolidatedMember_DeferredGainsOrLossesOnHedgesMember	JPY	-85124000000
jppfs_cor:NetAssets	純資産	Prior2YearInstant_NonConsolidatedMember	JPY	8323703000000
jppfs_cor:DividendsFromSurplus	剰余金の配当	Prior1YearDuration_NonConsolidatedMember_ShareholdersEquityMember	JPY	-533196000000
jppfs_cor:DividendsFromSurplus	剰余金の配当	Prior1YearDuration_NonConsolidatedMember	JPY	-533196000000
jppfs_cor:ProfitLoss	当期純利益又は当期純損失（△）（平成26年3月28日財規等改正後）	Prior1YearDuration_NonConsolidatedMember_ShareholdersEquityMember	JPY	1275569000000
jppfs_cor:ProfitLoss	当期純利益又は当期純損失（△）（平成26年3月28日財規等改正後）	Prior1YearDuration_NonConsolidatedMember	JPY	1275569000000
jppfs_cor:PurchaseOfTreasuryStock	自己株式の取得	Prior1YearDuration_NonConsolidatedMember_TreasuryStockMember	JPY	-418426000000
jppfs_cor:PurchaseOfTreasuryStock	自己株式の取得	Prior1YearDuration_NonConsolidatedMember_ShareholdersEquityMember	JPY	-418426000000
jppfs_cor:PurchaseOfTreasuryStock	自己株式の取得	Prior1YearDuration_NonConsolidatedMember	JPY	-418426000000
jppfs_cor:DisposalOfTreasuryStock	自己株式の処分	Prior1YearDuration_NonConsolidatedMember_TreasuryStockMember	JPY	9329000000
jppfs_cor:DisposalOfTreasuryStock	自己株式の処分	Prior1YearDuration_NonConsolidatedMember_ShareholdersEquityMember	JPY	9329000000
jppfs_cor:DisposalOfTreasuryStock	自己株式の処分	Prior1YearDuration_NonConsolidatedMember	JPY	9329000000
jppfs_cor:RetirementOfTreasuryStock	自己株式の消却	Prior1YearDuration_NonConsolidatedMember_TreasuryStockMember	JPY	296284000000
jppfs_cor:RetirementOfTreasuryStock	自己株式の消却	Prior1YearDuration_NonConsolidatedMember_ShareholdersEquityMember	JPY	－
jppfs_cor:RetirementOfTreasuryStock	自己株式の消却	Prior1YearDuration_NonConsolidatedMember	JPY	－
jppfs_cor:TransferToCapitalSurplusFromRetainedEarnings	利益剰余金から資本剰余金への振替	Prior1YearDuration_NonConsolidatedMember_ShareholdersEquityMember	JPY	－
jppfs_cor:TransferToCapitalSurplusFromRetainedEarnings	利益剰余金から資本剰余金への振替	Prior1YearDuration_NonConsolidatedMember	JPY	－
jppfs_cor:NetChangesOfItemsOtherThanShareholdersEquity	株主資本以外の項目の当期変動額（純額）	Prior1YearDuration_NonConsolidatedMember_DeferredGainsOrLossesOnHedgesMember	JPY	1063000000
jppfs_cor:NetChangesOfItemsOtherThanShareholdersEquity	株主資本以外の項目の当期変動額（純額）	Prior1YearDuration_NonConsolidatedMember	JPY	1063000000
jppfs_cor:TotalChangesOfItemsDuringThePeriod	当期変動額合計	Prior1YearDuration_NonConsolidatedMember_TreasuryStockMember	JPY	-112813000000
jppfs_cor:TotalChangesOfItemsDuringThePeriod	当期変動額合計	Prior1YearDuration_NonConsolidatedMember_ShareholdersEquityMember	JPY	333274000000
jppfs_cor:TotalChangesOfItemsDuringThePeriod	当期変動額合計	Prior1YearDuration_NonConsolidatedMember_DeferredGainsOrLossesOnHedgesMember	JPY	1063000000
jppfs_cor:TotalChangesOfItemsDuringThePeriod	当期変動額合計	Prior1YearDuration_NonConsolidatedMember	JPY	334338000000
jppfs_cor:NetAssets	純資産	Prior1YearInstant_NonConsolidatedMember_TreasuryStockMember	JPY	-726000000000
jppfs_cor:NetAssets	純資産	Prior1YearInstant_NonConsolidatedMember_ShareholdersEquityMember	JPY	8742102000000
jppfs_cor:NetAssets	純資産	Prior1YearInstant_NonConsolidatedMember_DeferredGainsOrLossesOnHedgesMember	JPY	-84061000000
jppfs_cor:NetAssets	純資産	Prior1YearInstant_NonConsolidatedMember	JPY	8658041000000
jppfs_cor:NetAssets	純資産	Prior1YearInstant_NonConsolidatedMember_CapitalStockMember	JPY	2141513000000
jppfs_cor:NetAssets	純資産	Prior1YearInstant_NonConsolidatedMember_LegalCapitalSurplusMember	JPY	2141524000000
jppfs_cor:NetAssets	純資産	Prior1YearInstant_NonConsolidatedMember_OtherCapitalSurplusMember	JPY	－
jppfs_cor:NetAssets	純資産	Prior1YearInstant_NonConsolidatedMember_GeneralReserveMember	JPY	150000000000
jppfs_cor:NetAssets	純資産	Prior1YearInstant_NonConsolidatedMember_RetainedEarningsBroughtForwardMember	JPY	5035065000000
jppfs_cor:DividendsFromSurplus	剰余金の配当	CurrentYearDuration_NonConsolidatedMember_RetainedEarningsBroughtForwardMember	JPY	-848915000000
jppfs_cor:ProfitLoss	当期純利益又は当期純損失（△）（平成26年3月28日財規等改正後）	CurrentYearDuration_NonConsolidatedMember_RetainedEarningsBroughtForwardMember	JPY	1322845000000
jppfs_cor:DisposalOfTreasuryStock	自己株式の処分	CurrentYearDuration_NonConsolidatedMember_OtherCapitalSurplusMember	JPY	0
jppfs_cor:RetirementOfTreasuryStock	自己株式の消却	CurrentYearDuration_NonConsolidatedMember_OtherCapitalSurplusMember	JPY	-290488000000
jppfs_cor:TransferToCapitalSurplusFromRetainedEarnings	利益剰余金から資本剰余金への振替	CurrentYearDuration_NonConsolidatedMember_OtherCapitalSurplusMember	JPY	290487000000
jppfs_cor:TransferToCapitalSurplusFromRetainedEarnings	利益剰余金から資本剰余金への振替	CurrentYearDuration_NonConsolidatedMember_RetainedEarningsBroughtForwardMember	JPY	-290487000000
jppfs_cor:TotalChangesOfItemsDuringThePeriod	当期変動額合計	CurrentYearDuration_NonConsolidatedMember_CapitalStockMember	JPY	－
jppfs_cor:TotalChangesOfItemsDuringThePeriod	当期変動額合計	CurrentYearDuration_NonConsolidatedMember_LegalCapitalSurplusMember	JPY	－
jppfs_cor:TotalChangesOfItemsDuringThePeriod	当期変動額合計	CurrentYearDuration_NonConsolidatedMember_OtherCapitalSurplusMember	JPY	－
jppfs_cor:TotalChangesOfItemsDuringThePeriod	当期変動額合計	CurrentYearDuration_NonConsolidatedMember_GeneralReserveMember	JPY	－
jppfs_cor:TotalChangesOfItemsDuringThePeriod	当期変動額合計	CurrentYearDuration_NonConsolidatedMember_RetainedEarningsBroughtForwardMember	JPY	183442000000
jppfs_cor:NetAssets	純資産	CurrentYearInstant_NonConsolidatedMember_CapitalStockMember	JPY	2141513000000
jppfs_cor:NetAssets	純資産	CurrentYearInstant_NonConsolidatedMember_LegalCapitalSurplusMember	JPY	2141524000000
jppfs_cor:NetAssets	純資産	CurrentYearInstant_NonConsolidatedMember_OtherCapitalSurplusMember	JPY	－
jppfs_cor:NetAssets	純資産	CurrentYearInstant_NonConsolidatedMember_GeneralReserveMember	JPY	150000000000
jppfs_cor:NetAssets	純資産	CurrentYearInstant_NonConsolidatedMember_RetainedEarningsBroughtForwardMember	JPY	5218507000000
jppfs_cor:NetAssets	純資産	Prior1YearInstant_NonConsolidatedMember_TreasuryStockMember	JPY	-726000000000
jppfs_cor:NetAssets	純資産	Prior1YearInstant_NonConsolidatedMember_ShareholdersEquityMember	JPY	8742102000000
jppfs_cor:NetAssets	純資産	Prior1YearInstant_NonConsolidatedMember_DeferredGainsOrLossesOnHedgesMember	JPY	-84061000000
jppfs_cor:NetAssets	純資産	Prior1YearInstant_NonConsolidatedMember	JPY	8658041000000
jppfs_cor:DividendsFromSurplus	剰余金の配当	CurrentYearDuration_NonConsolidatedMember_ShareholdersEquityMember	JPY	-848915000000
jppfs_cor:DividendsFromSurplus	剰余金の配当	CurrentYearDuration_NonConsolidatedMember	JPY	-848915000000
jppfs_cor:ProfitLoss	当期純利益又は当期純損失（△）（平成26年3月28日財規等改正後）	CurrentYearDuration_NonConsolidatedMember_ShareholdersEquityMember	JPY	1322845000000
jppfs_cor:ProfitLoss	当期純利益又は当期純損失（△）（平成26年3月28日財規等改正後）	CurrentYearDuration_NonConsolidatedMember	JPY	1322845000000
jppfs_cor:PurchaseOfTreasuryStock	自己株式の取得	CurrentYearDuration_NonConsolidatedMember_TreasuryStockMember	JPY	-500061000000
jppfs_cor:PurchaseOfTreasuryStock	自己株式の取得	CurrentYearDuration_NonConsolidatedMember_ShareholdersEquityMember	JPY	-500061000000
jppfs_cor:PurchaseOfTreasuryStock	自己株式の取得	CurrentYearDuration_NonConsolidatedMember	JPY	-500061000000
jppfs_cor:DisposalOfTreasuryStock	自己株式の処分	CurrentYearDuration_NonConsolidatedMember_TreasuryStockMember	JPY	2066000000
jppfs_cor:DisposalOfTreasuryStock	自己株式の処分	CurrentYearDuration_NonConsolidatedMember_ShareholdersEquityMember	JPY	2067000000
jppfs_cor:DisposalOfTreasuryStock	自己株式の処分	CurrentYearDuration_NonConsolidatedMember	JPY	2067000000
jppfs_cor:RetirementOfTreasuryStock	自己株式の消却	CurrentYearDuration_NonConsolidatedMember_TreasuryStockMember	JPY	290488000000
jppfs_cor:RetirementOfTreasuryStock	自己株式の消却	CurrentYearDuration_NonConsolidatedMember_ShareholdersEquityMember	JPY	－
jppfs_cor:RetirementOfTreasuryStock	自己株式の消却	CurrentYearDuration_NonConsolidatedMember	JPY	－
jppfs_cor:TransferToCapitalSurplusFromRetainedEarnings	利益剰余金から資本剰余金への振替	CurrentYearDuration_NonConsolidatedMember_ShareholdersEquityMember	JPY	－
jppfs_cor:TransferToCapitalSurplusFromRetainedEarnings	利益剰余金から資本剰余金への振替	CurrentYearDuration_NonConsolidatedMember	JPY	－
jppfs_cor:NetChangesOfItemsOtherThanShareholdersEquity	株主資本以外の項目の当期変動額（純額）	CurrentYearDuration_NonConsolidatedMember_DeferredGainsOrLossesOnHedgesMember	JPY	－
jppfs_cor:NetChangesOfItemsOtherThanShareholdersEquity	株主資本以外の項目の当期変動額（純額）	CurrentYearDuration_NonConsolidatedMember	JPY	－
jppfs_cor:TotalChangesOfItemsDuringThePeriod	当期変動額合計	CurrentYearDuration_NonConsolidatedMember_TreasuryStockMember	JPY	-207506000000
jppfs_cor:TotalChangesOfItemsDuringThePeriod	当期変動額合計	CurrentYearDuration_NonConsolidatedMember_ShareholdersEquityMember	JPY	-24064000000
jppfs_cor:TotalChangesOfItemsDuringThePeriod	当期変動額合計	CurrentYearDuration_NonConsolidatedMember_DeferredGainsOrLossesOnHedgesMember	JPY	－
jppfs_cor:TotalChangesOfItemsDuringThePeriod	当期変動額合計	CurrentYearDuration_NonConsolidatedMember	JPY	-24064000000
jppfs_cor:NetAssets	純資産	CurrentYearInstant_NonConsolidatedMember_TreasuryStockMember	JPY	-933506000000
jppfs_cor:NetAssets	純資産	CurrentYearInstant_NonConsolidatedMember_ShareholdersEquityMember	JPY	8718038000000
jppfs_cor:NetAssets	純資産	CurrentYearInstant_NonConsolidatedMember_DeferredGainsOrLossesOnHedgesMember	JPY	-84061000000
jppfs_cor:NetAssets	純資産	CurrentYearInstant_NonConsolidatedMember	JPY	8633977000000
jppfs_cor:SalariesAndAllowancesSGAIVT	給料・手当、一般管理費、投資運用業	Prior1YearDuration_NonConsolidatedMember	JPY	15674000000
jppfs_cor:SalariesAndAllowancesSGAIVT	給料・手当、一般管理費、投資運用業	CurrentYearDuration_NonConsolidatedMember	JPY	16425000000
jpcrp030000-asr_E03606-000:ConsignmentAndOtherExpensesSGA		Prior1YearDuration_NonConsolidatedMember	JPY	7839000000
jpcrp030000-asr_E03606-000:ConsignmentAndOtherExpensesSGA		CurrentYearDuration_NonConsolidatedMember	JPY	12079000000
jppfs_cor:DepreciationSGA	減価償却費、販売費及び一般管理費	Prior1YearDuration_NonConsolidatedMember	JPY	9918000000
jppfs_cor:DepreciationSGA	減価償却費、販売費及び一般管理費	CurrentYearDuration_NonConsolidatedMember	JPY	10007000000
jppfs_cor:CommissionFeeSGA	支払手数料、販売費及び一般管理費	Prior1YearDuration_NonConsolidatedMember	JPY	6916000000
jppfs_cor:CommissionFeeSGA	支払手数料、販売費及び一般管理費	CurrentYearDuration_NonConsolidatedMember	JPY	7687000000
jpcrp_cor:DocumentTitleCoverPage	提出書類、表紙	FilingDateInstant	－	有価証券報告書
jpcrp_cor:ClauseOfStipulationCoverPage	根拠条文、表紙	FilingDateInstant	－	金融商品取引法第24条第1項
jpcrp_cor:PlaceOfFilingCoverPage	提出先、表紙	FilingDateInstant	－	関東財務局長
jpcrp_cor:FilingDateCoverPage	提出日、表紙	FilingDateInstant	－	2026-06-24
jpcrp_cor:FiscalYearCoverPage	事業年度、表紙	FilingDateInstant	－	第21期(自  2025年4月1日  至  2026年3月31日)
jpcrp_cor:CompanyNameCoverPage	会社名、表紙	FilingDateInstant	－	株式会社三菱ＵＦＪフィナンシャル・グループ
jpcrp_cor:CompanyNameInEnglishCoverPage	英訳名、表紙	FilingDateInstant	－	Mitsubishi UFJ Financial Group, Inc.
jpcrp_cor:TitleAndNameOfRepresentativeCoverPage	代表者の役職氏名、表紙	FilingDateInstant	－	代表執行役社長    半　沢  淳　一
jpcrp_cor:AddressOfRegisteredHeadquarterCoverPage	本店の所在の場所、表紙	FilingDateInstant	－	東京都千代田区丸の内一丁目4番5号
jpcrp_cor:TelephoneNumberAddressOfRegisteredHeadquarterCoverPage	電話番号、本店の所在の場所、表紙	FilingDateInstant	－	(03)3240－8111(代表)
jpcrp_cor:NameOfContactPersonAddressOfRegisteredHeadquarterCoverPage	事務連絡者氏名、本店の所在の場所、表紙	FilingDateInstant	－	総務部次長    関　根　吉　崇
jpcrp_cor:NearestPlaceOfContactCoverPage	最寄りの連絡場所、表紙	FilingDateInstant	－	東京都千代田区丸の内一丁目4番5号
jpcrp_cor:TelephoneNumberNearestPlaceOfContactCoverPage	電話番号、最寄りの連絡場所、表紙	FilingDateInstant	－	(03)3240－8111(代表)
jpcrp_cor:NameOfContactPersonNearestPlaceOfContactCoverPage	事務連絡者氏名、最寄りの連絡場所、表紙	FilingDateInstant	－	総務部次長    関　根　吉　崇
jpcrp_cor:PlaceForPublicInspectionCoverPageTextBlock	縦覧に供する場所、表紙 [テキストブロック]	FilingDateInstant	－	株式会社東京証券取引所(東京都中央区日本橋兜町2番1号)株式会社名古屋証券取引所(名古屋市中区栄三丁目8番20号)
jpdei_cor:EDINETCodeDEI	EDINETコード、DEI	FilingDateInstant	－	E03606
jpdei_cor:FundCodeDEI	ファンドコード、DEI	FilingDateInstant	－	－
jpdei_cor:SecurityCodeDEI	証券コード、DEI	FilingDateInstant	－	83060
jpdei_cor:FilerNameInJapaneseDEI	提出者名（日本語表記）、DEI	FilingDateInstant	－	株式会社 三菱ＵＦＪフィナンシャル・グループ
jpdei_cor:FilerNameInEnglishDEI	提出者名（英語表記）、DEI	FilingDateInstant	－	Mitsubishi UFJ Financial Group, Inc.
jpdei_cor:FundNameInJapaneseDEI	ファンド名称（日本語表記）、DEI	FilingDateInstant	－	－
jpdei_cor:FundNameInEnglishDEI	ファンド名称（英語表記）、DEI	FilingDateInstant	－	－
jpdei_cor:CabinetOfficeOrdinanceDEI	府令、DEI	FilingDateInstant	－	企業内容等の開示に関する内閣府令
jpdei_cor:DocumentTypeDEI	様式、DEI	FilingDateInstant	－	第三号様式
jpdei_cor:AccountingStandardsDEI	会計基準、DEI	FilingDateInstant	－	Japan GAAP
jpdei_cor:WhetherConsolidatedFinancialStatementsArePreparedDEI	連結決算の有無、DEI	FilingDateInstant	－	true
jpdei_cor:IndustryCodeWhenConsolidatedFinancialStatementsArePreparedInAccordanceWithIndustrySpecificRegulationsDEI	別記事業（連結）、DEI	FilingDateInstant	－	bnk
jpdei_cor:IndustryCodeWhenFinancialStatementsArePreparedInAccordanceWithIndustrySpecificRegulationsDEI	別記事業（個別）、DEI	FilingDateInstant	－	cte
jpdei_cor:CurrentFiscalYearStartDateDEI	当事業年度開始日、DEI	FilingDateInstant	－	2025-04-01
jpdei_cor:CurrentPeriodEndDateDEI	当会計期間終了日、DEI	FilingDateInstant	－	2026-03-31
jpdei_cor:TypeOfCurrentPeriodDEI	当会計期間の種類、DEI	FilingDateInstant	－	FY
jpdei_cor:CurrentFiscalYearEndDateDEI	当事業年度終了日、DEI	FilingDateInstant	－	2026-03-31
jpdei_cor:PreviousFiscalYearStartDateDEI	前事業年度開始日、DEI	FilingDateInstant	－	2024-04-01
jpdei_cor:ComparativePeriodEndDateDEI	比較対象会計期間終了日、DEI	FilingDateInstant	－	2025-03-31
jpdei_cor:PreviousFiscalYearEndDateDEI	前事業年度終了日、DEI	FilingDateInstant	－	2025-03-31
jpdei_cor:NextFiscalYearStartDateDEI	次の事業年度開始日、DEI	FilingDateInstant	－	－
jpdei_cor:EndDateOfQuarterlyOrSemiAnnualPeriodOfNextFiscalYearDEI	次の中間期の会計期間終了日、DEI	FilingDateInstant	－	－
jpdei_cor:AmendmentFlagDEI	訂正の有無、DEI	FilingDateInstant	－	false
jpdei_cor:IdentificationOfDocumentSubjectToAmendmentDEI	訂正対象書類の書類管理番号、DEI	FilingDateInstant	－	－
jpdei_cor:ReportAmendmentFlagDEI	記載事項訂正のフラグ、DEI	FilingDateInstant	－	false
jpdei_cor:XBRLAmendmentFlagDEI	XBRL訂正のフラグ、DEI	FilingDateInstant	－	false
jpcrp_cor:BusinessResultsOfGroupTextBlock	連結経営指標等 [テキストブロック]	FilingDateInstant	－	(1) 当連結会計年度の前4連結会計年度及び当連結会計年度に係る次に掲げる主要な経営指標等の推移  2021年度2022年度2023年度2024年度2025年度 (自　2021年　　4月 1日至　2022年　　3月31日)(自　2022年　
jpcrp_cor:BusinessResultsOfReportingCompanyTextBlock	提出会社の経営指標等 [テキストブロック]	FilingDateInstant	－	 (2) 提出会社の当事業年度の前4事業年度及び当事業年度に係る主要な経営指標等の推移 回次第17期第18期第19期第20期第21期決算年月2022年3月2023年3月2024年3月2025年3月2026年3月営業収益百万円622,6376
jpcrp_cor:CompanyHistoryTextBlock	沿革 [テキストブロック]	FilingDateInstant	－	 ２ 【沿革】2000年 4月株式会社東京三菱銀行、三菱信託銀行株式会社及び日本信託銀行株式会社が、持株会社の設立を通じた経営統合に基本合意。2000年 7月株式会社三和銀行、株式会社東海銀行及び東洋信託銀行株式会社が、持株会社の設立を通じ
jpcrp_cor:DescriptionOfBusinessTextBlock	事業の内容 [テキストブロック]	FilingDateInstant	－	 ３ 【事業の内容】当社グループは、当社、連結子会社345社及び持分法適用関連会社55社で構成され、「世界に選ばれる、信頼のグローバル金融グループ」を目指し、銀行業務、信託銀行業務、証券業務を中心に、クレジットカード・貸金業務、リース業務、
jpcrp_cor:OverviewOfAffiliatedEntitiesTextBlock	関係会社の状況 [テキストブロック]	FilingDateInstant	－	４ 【関係会社の状況】銀行、信託銀行、証券会社に加え、カード会社、消費者金融会社、リース会社、資産運用会社など、主な関係会社は以下のとおりです。(1) 連結子会社    345社名称住所資本金又は出資金(百万円)主要な事業の内容議決権の所有
jpcrp_cor:BusinessPolicyBusinessEnvironmentIssuesToAddressEtcTextBlock	経営方針、経営環境及び対処すべき課題等 [テキストブロック]	FilingDateInstant	－	１ 【経営方針、経営環境及び対処すべき課題等】 文中の将来に関する事項は、当連結会計年度末現在において、当社グループが判断したものであります。 (1) 経営方針わが国は少子高齢化や人口減少等の構造的課題を抱える中、足元ではＡＩを始めとしたデ
jpcrp_cor:DisclosureOfSustainabilityRelatedFinancialInformationTextBlock	サステナビリティに関する考え方及び取組 [テキストブロック]	FilingDateInstant	－	 ２ 【サステナビリティに関する考え方及び取組】文中の将来に関する事項は、当連結会計年度末現在において、当社グループが判断したものであります。 (1) サステナビリティ関連財務開示の作成方法について①　全般的情報当社グループのサステナビリテ
jpcrp_cor:GovernanceTextBlock	ガバナンス [テキストブロック]	FilingDateInstant	－	①　ガバナンスⅰ．ガバナンス機関当社グループでは、取締役会が、グループ全体のサステナビリティ関連のリスク及び機会について、監督する責任を負っています。ガバナンス体制の詳細については、「第４　提出会社の状況　４　コーポレート・ガバナンスの状況
jpcrp_cor:ReferenceToOtherInformationGovernance	他の記載への参照、ガバナンス	FilingDateInstant	－	第４　提出会社の状況　４　コーポレート・ガバナンスの状況等
jpcrp030000-asr_E03606-000:ReferenceToOtherInformation2Governance		FilingDateInstant	－	第４　提出会社の状況　４　コーポレート・ガバナンスの状況等　(4) 役員の報酬等
jpcrp030000-asr_E03606-000:ReferenceToOtherInformation3Governance		FilingDateInstant	－	第４　提出会社の状況　４　コーポレート・ガバナンスの状況等
jpcrp030000-asr_E03606-000:ReferenceToOtherInformation4Governance		FilingDateInstant	－	第４　提出会社の状況　４　コーポレート・ガバナンスの状況等　(1) ②　(ⅱ)　(イ)会社の業務の適正を確保するための体制(内部統制体制)
jpcrp_cor:StrategyTextBlock	戦略 [テキストブロック]	FilingDateInstant	－	②　戦略ⅰ．サステナビリティ関連のリスク及び機会の識別「(1) サステナビリティ関連財務開示の作成方法について」の「②　ガイダンスの情報源に関する情報」に記載したとおり、当社グループは、当社グループの見通しに影響を与えると合理的に見込み得る
jpcrp_cor:RiskManagementTextBlock	リスク管理 [テキストブロック]	FilingDateInstant	－	③　リスク管理ⅰ．サステナビリティ関連のリスクの識別等及びモニタリングを行うためのプロセス及び関連する方針、全体的なリスク管理プロセスとの関連性当社グループがサステナビリティ関連のリスク・機会を識別するにあたっては、ＳＳＢＪが公表するサステ
jpcrp_cor:MetricsAndTargetsTextBlock	指標及び目標 [テキストブロック]	FilingDateInstant	－	④　指標及び目標サステナビリティ関連のリスク及び機会毎に指標や目標を設定しています。詳細は各リスク及び機会における指標及び目標をご参照ください。 
jpcrp030000-asr_E03606-000:GovernanceClimateTextBlock		FilingDateInstant	－	①　ガバナンス全体的なガバナンスについては「(2) サステナビリティ全般　①　ガバナンス」をご参照ください。 ⅰ．ガバナンス機関［情報の入手方法及び頻度］気候関連の課題は、取締役会の監督のもと、経営会議がその傘下にサステナビリティ委員会を設
jpcrp030000-asr_E03606-000:ReferenceToOtherInformationGovernanceClimate		FilingDateInstant	－	第４　提出会社の状況　４　コーポレート・ガバナンスの状況等
jpcrp030000-asr_E03606-000:StrategyClimateTextBlock		FilingDateInstant	－	②　戦略ⅰ．気候関連のリスク及び機会の識別、ビジネス・モデル及びバリュー・チェーンに与える影響(気候関連リスク)当社グループでは、企業の見通しに影響を与えると合理的に見込み得る気候関連のリスク(以下、「合理的に見込み得る気候関連リスク」)に
jpcrp030000-asr_E03606-000:ReferenceToOtherInformationStrategyClimate		FilingDateInstant	－	Transition Progress 2026
jpcrp030000-asr_E03606-000:RiskManagementClimateTextBlock		FilingDateInstant	－	 ③　リスク管理全体的なリスク管理については「(2) サステナビリティ全般」及び「第４　提出会社の状況　４　コーポレート・ガバナンスの状況等」を参照してください。 ⅰ．気候関連のリスクの識別、評価、優先順位付けを行うためのプロセス及び関連す
jpcrp030000-asr_E03606-000:ReferenceToOtherInformationRiskManagementClimate		FilingDateInstant	－	第４　提出会社の状況　４　コーポレート・ガバナンスの状況等
jpcrp030000-asr_E03606-000:MetricsAndTargetsClimateTextBlock		FilingDateInstant	－	 ④　指標及び目標当社グループでは、以下のとおり気候変動関連の指標及び目標を開示しています。その概要は以下のとおりです。 (気候関連の指標)1.　産業横断的指標項目概要他の指標・目標との関連(1) 温室効果ガス排出・　ＧＨＧプロトコルに基づ
jpcrp030000-asr_E03606-000:ReferenceToOtherInformationMetricsAndTargetsClimate		FilingDateInstant	－	第４　提出会社の状況　４　コーポレート・ガバナンスの状況等
jpcrp030000-asr_E03606-000:GovernanceHumanCapitalTextBlock		FilingDateInstant	－	①　ガバナンスガバナンス全般については、「(2) サステナビリティ全般　①　ガバナンス」をご参照ください。 ⅰ．ガバナンス機関当社グループでは、取締役会が、グループ全体の人的資本関連のリスク及び機会について、監督する責任を負っています。 ［
jpcrp030000-asr_E03606-000:ReferenceToOtherInformationGovernanceHumanCapital		FilingDateInstant	－	第４　提出会社の状況　４　コーポレート・ガバナンスの状況等
jpcrp030000-asr_E03606-000:StrategyHumanCapitalTextBlock		FilingDateInstant	－	 ②　戦略ⅰ．人的資本関連のリスク及び機会の識別人的資本関連の機会について、当社がかかげる人的資本経営の四つの重点課題を企業価値向上に繋がる「機会」と捉えています。具体的には、四つの重点課題である①　プロ度追求(＝必要な人材の量・質の確保)
jpcrp_cor:PolicyOnDevelopmentOfHumanResourcesAndInternalEnvironmentStrategyTextBlock	人材の育成及び社内環境整備に関する方針、戦略 [テキストブロック]	FilingDateInstant	－	 ②　戦略ⅰ．人的資本関連のリスク及び機会の識別人的資本関連の機会について、当社がかかげる人的資本経営の四つの重点課題を企業価値向上に繋がる「機会」と捉えています。具体的には、四つの重点課題である①　プロ度追求(＝必要な人材の量・質の確保)
jpcrp030000-asr_E03606-000:RiskManagementHumanCapitalTextBlock		FilingDateInstant	－	③　リスク管理全体的なリスク管理については「(2) サステナビリティ全般」及び「第４　提出会社の状況　４　コーポレート・ガバナンスの状況等」を参照してください。 ⅰ．人的資本関連の機会の識別等及びモニタリングを行うためのプロセス人的資本関連
jpcrp030000-asr_E03606-000:ReferenceToOtherInformationRiskManagementHumanCapital		FilingDateInstant	－	第４　提出会社の状況　４　コーポレート・ガバナンスの状況等
jpcrp030000-asr_E03606-000:MetricsAndTargetsHumanCapitalTextBlock		FilingDateInstant	－	④　指標及び目標ⅰ．目標当社グループでは、2026年度を最終年度とする中期経営計画の達成に必要な人的資本拡充に向けて、人的資本ＫＧＩ・ＫＰＩの目標と取り組みの進捗を開示しています。目標に関しては、事業戦略等の変更に応じて機動的な見直しも行っ
jpcrp_cor:DescriptionOfMetricsRelatedToPolicyOnDevelopmentOfHumanResourcesAndInternalEnvironmentAndTargetsAndPerformanceUsingSuchMetricsMetricsAndTargetsTextBlock	人材の育成及び社内環境整備に関する方針に関する指標の内容並びに当該指標を用いた目標及び実績、指標及び目標 [テキストブロック]	FilingDateInstant	－	④　指標及び目標ⅰ．目標当社グループでは、2026年度を最終年度とする中期経営計画の達成に必要な人的資本拡充に向けて、人的資本ＫＧＩ・ＫＰＩの目標と取り組みの進捗を開示しています。目標に関しては、事業戦略等の変更に応じて機動的な見直しも行っ
jpcrp_cor:MetricsDescriptionOfMetricsRelatedToPolicyOnDevelopmentOfHumanResourcesAndInternalEnvironmentAndTargetsAndPerformanceUsingSuchMetrics	指標の内容、人材の育成及び社内環境整備に関する方針に関する指標の内容並びに当該指標を用いた目標及び実績	CurrentYearInstant_Row1Member	－	ＤＸコア人材
jpcrp_cor:MetricsDescriptionOfMetricsRelatedToPolicyOnDevelopmentOfHumanResourcesAndInternalEnvironmentAndTargetsAndPerformanceUsingSuchMetrics	指標の内容、人材の育成及び社内環境整備に関する方針に関する指標の内容並びに当該指標を用いた目標及び実績	CurrentYearInstant_Row2Member	－	ＩＴスキル取得
jpcrp_cor:MetricsDescriptionOfMetricsRelatedToPolicyOnDevelopmentOfHumanResourcesAndInternalEnvironmentAndTargetsAndPerformanceUsingSuchMetrics	指標の内容、人材の育成及び社内環境整備に関する方針に関する指標の内容並びに当該指標を用いた目標及び実績	CurrentYearInstant_Row3Member	－	エンゲージメントスコア
jpcrp_cor:MetricsUnitDescriptionOfMetricsRelatedToPolicyOnDevelopmentOfHumanResourcesAndInternalEnvironmentAndTargetsAndPerformanceUsingSuchMetrics	指標の単位、人材の育成及び社内環境整備に関する方針に関する指標の内容並びに当該指標を用いた目標及び実績	CurrentYearInstant_Row1Member	－	名
jpcrp_cor:MetricsUnitDescriptionOfMetricsRelatedToPolicyOnDevelopmentOfHumanResourcesAndInternalEnvironmentAndTargetsAndPerformanceUsingSuchMetrics	指標の単位、人材の育成及び社内環境整備に関する方針に関する指標の内容並びに当該指標を用いた目標及び実績	CurrentYearInstant_Row2Member	－	%
jpcrp_cor:MetricsUnitDescriptionOfMetricsRelatedToPolicyOnDevelopmentOfHumanResourcesAndInternalEnvironmentAndTargetsAndPerformanceUsingSuchMetrics	指標の単位、人材の育成及び社内環境整備に関する方針に関する指標の内容並びに当該指標を用いた目標及び実績	CurrentYearInstant_Row3Member	－	%
jpcrp_cor:TargetPeriodDescriptionOfMetricsRelatedToPolicyOnDevelopmentOfHumanResourcesAndInternalEnvironmentAndTargetsAndPerformanceUsingSuchMetrics	目標期間、人材の育成及び社内環境整備に関する方針に関する指標の内容並びに当該指標を用いた目標及び実績	CurrentYearInstant_Row1Member	－	2026年度
jpcrp_cor:TargetPeriodDescriptionOfMetricsRelatedToPolicyOnDevelopmentOfHumanResourcesAndInternalEnvironmentAndTargetsAndPerformanceUsingSuchMetrics	目標期間、人材の育成及び社内環境整備に関する方針に関する指標の内容並びに当該指標を用いた目標及び実績	CurrentYearInstant_Row2Member	－	2026年度
jpcrp_cor:TargetPeriodDescriptionOfMetricsRelatedToPolicyOnDevelopmentOfHumanResourcesAndInternalEnvironmentAndTargetsAndPerformanceUsingSuchMetrics	目標期間、人材の育成及び社内環境整備に関する方針に関する指標の内容並びに当該指標を用いた目標及び実績	CurrentYearInstant_Row3Member	－	2026年度
jpcrp_cor:MetricsDescriptionOfMetricsRelatedToPolicyOnDevelopmentOfHumanResourcesAndInternalEnvironmentAndTargetsAndPerformanceUsingSuchMetrics	指標の内容、人材の育成及び社内環境整備に関する方針に関する指標の内容並びに当該指標を用いた目標及び実績	CurrentYearInstant_Row4Member	－	女性マネジメント比率
jpcrp_cor:MetricsDescriptionOfMetricsRelatedToPolicyOnDevelopmentOfHumanResourcesAndInternalEnvironmentAndTargetsAndPerformanceUsingSuchMetrics	指標の内容、人材の育成及び社内環境整備に関する方針に関する指標の内容並びに当該指標を用いた目標及び実績	CurrentYearInstant_Row5Member	－	男性育休取得率
jpcrp_cor:MetricsDescriptionOfMetricsRelatedToPolicyOnDevelopmentOfHumanResourcesAndInternalEnvironmentAndTargetsAndPerformanceUsingSuchMetrics	指標の内容、人材の育成及び社内環境整備に関する方針に関する指標の内容並びに当該指標を用いた目標及び実績	CurrentYearInstant_Row6Member	－	障がい者雇用比率
jpcrp_cor:MetricsUnitDescriptionOfMetricsRelatedToPolicyOnDevelopmentOfHumanResourcesAndInternalEnvironmentAndTargetsAndPerformanceUsingSuchMetrics	指標の単位、人材の育成及び社内環境整備に関する方針に関する指標の内容並びに当該指標を用いた目標及び実績	CurrentYearInstant_Row4Member	－	%
jpcrp_cor:MetricsUnitDescriptionOfMetricsRelatedToPolicyOnDevelopmentOfHumanResourcesAndInternalEnvironmentAndTargetsAndPerformanceUsingSuchMetrics	指標の単位、人材の育成及び社内環境整備に関する方針に関する指標の内容並びに当該指標を用いた目標及び実績	CurrentYearInstant_Row5Member	－	%
jpcrp_cor:MetricsUnitDescriptionOfMetricsRelatedToPolicyOnDevelopmentOfHumanResourcesAndInternalEnvironmentAndTargetsAndPerformanceUsingSuchMetrics	指標の単位、人材の育成及び社内環境整備に関する方針に関する指標の内容並びに当該指標を用いた目標及び実績	CurrentYearInstant_Row6Member	－	%
jpcrp_cor:TargetPeriodDescriptionOfMetricsRelatedToPolicyOnDevelopmentOfHumanResourcesAndInternalEnvironmentAndTargetsAndPerformanceUsingSuchMetrics	目標期間、人材の育成及び社内環境整備に関する方針に関する指標の内容並びに当該指標を用いた目標及び実績	CurrentYearInstant_Row4Member	－	2026年度
jpcrp_cor:TargetPeriodDescriptionOfMetricsRelatedToPolicyOnDevelopmentOfHumanResourcesAndInternalEnvironmentAndTargetsAndPerformanceUsingSuchMetrics	目標期間、人材の育成及び社内環境整備に関する方針に関する指標の内容並びに当該指標を用いた目標及び実績	CurrentYearInstant_Row5Member	－	2026年度
jpcrp_cor:TargetPeriodDescriptionOfMetricsRelatedToPolicyOnDevelopmentOfHumanResourcesAndInternalEnvironmentAndTargetsAndPerformanceUsingSuchMetrics	目標期間、人材の育成及び社内環境整備に関する方針に関する指標の内容並びに当該指標を用いた目標及び実績	CurrentYearInstant_Row6Member	－	2026年度
jpcrp_cor:MetricsDescriptionOfMetricsRelatedToPolicyOnDevelopmentOfHumanResourcesAndInternalEnvironmentAndTargetsAndPerformanceUsingSuchMetrics	指標の内容、人材の育成及び社内環境整備に関する方針に関する指標の内容並びに当該指標を用いた目標及び実績	CurrentYearInstant_Row7Member	－	アブセンティーズム
jpcrp_cor:MetricsDescriptionOfMetricsRelatedToPolicyOnDevelopmentOfHumanResourcesAndInternalEnvironmentAndTargetsAndPerformanceUsingSuchMetrics	指標の内容、人材の育成及び社内環境整備に関する方針に関する指標の内容並びに当該指標を用いた目標及び実績	CurrentYearInstant_Row8Member	－	プレゼンティーズム
jpcrp_cor:MetricsUnitDescriptionOfMetricsRelatedToPolicyOnDevelopmentOfHumanResourcesAndInternalEnvironmentAndTargetsAndPerformanceUsingSuchMetrics	指標の単位、人材の育成及び社内環境整備に関する方針に関する指標の内容並びに当該指標を用いた目標及び実績	CurrentYearInstant_Row7Member	－	%
jpcrp_cor:MetricsUnitDescriptionOfMetricsRelatedToPolicyOnDevelopmentOfHumanResourcesAndInternalEnvironmentAndTargetsAndPerformanceUsingSuchMetrics	指標の単位、人材の育成及び社内環境整備に関する方針に関する指標の内容並びに当該指標を用いた目標及び実績	CurrentYearInstant_Row8Member	－	%
jpcrp_cor:TargetPeriodDescriptionOfMetricsRelatedToPolicyOnDevelopmentOfHumanResourcesAndInternalEnvironmentAndTargetsAndPerformanceUsingSuchMetrics	目標期間、人材の育成及び社内環境整備に関する方針に関する指標の内容並びに当該指標を用いた目標及び実績	CurrentYearInstant_Row7Member	－	2026年度
jpcrp_cor:TargetPeriodDescriptionOfMetricsRelatedToPolicyOnDevelopmentOfHumanResourcesAndInternalEnvironmentAndTargetsAndPerformanceUsingSuchMetrics	目標期間、人材の育成及び社内環境整備に関する方針に関する指標の内容並びに当該指標を用いた目標及び実績	CurrentYearInstant_Row8Member	－	2026年度
jpcrp030000-asr_E03606-000:GovernanceCybersecurityTextBlock		FilingDateInstant	－	①　ガバナンスガバナンス全般については、「(2) サステナビリティ全般　①　ガバナンス」をご参照ください。 ⅰ．ガバナンス機関当社グループでは、取締役会が、グループ全体のサイバーセキュリティ関連のリスクについて、監督する責任を負っています。
jpcrp030000-asr_E03606-000:ReferenceToOtherInformationGovernanceCybersecurity		FilingDateInstant	－	第４　提出会社の状況　４　コーポレート・ガバナンスの状況等
jpcrp030000-asr_E03606-000:StrategyCybersecurityTextBlock		FilingDateInstant	－	②　戦略ⅰ．サイバーセキュリティ関連のリスク及び機会の識別当社グループは、世界的に活動する金融機関として、ランサムウェア、フィッシング、分散型サービス拒否攻撃など、さまざまなサイバーセキュリティリスクにさらされています。これらのリスクは、攻
jpcrp030000-asr_E03606-000:RiskManagementCybersecurityTextBlock		FilingDateInstant	－	③　リスク管理全体的なリスク管理については「(2) サステナビリティ全般」及び「第４　提出会社の状況　４　コーポレート・ガバナンスの状況等」を参照してください。 ⅰ．サイバーセキュリティ関連のリスクの識別等及びモニタリングを行うためのプロセ
jpcrp030000-asr_E03606-000:ReferenceToOtherInformationRiskManagementCybersecurity		FilingDateInstant	－	第４　提出会社の状況　４　コーポレート・ガバナンスの状況等
jpcrp030000-asr_E03606-000:ReferenceToOtherInformation2RiskManagementCybersecurity		FilingDateInstant	－	第４　提出会社の状況　４　コーポレート・ガバナンスの状況等
jpcrp030000-asr_E03606-000:MetricsAndTargetsCybersecurityTextBlock		FilingDateInstant	－	 ④　指標及び目標ⅰ．指標当年度において、当社グループのビジネス戦略、業績、又は財務状況に実質的な影響を及ぼす、又は合理的に見て実質的な影響を及ぼす可能性があると判断されるサイバーセキュリティのインシデント等は確認されませんでした。 指標の
jpcrp030000-asr_E03606-000:GovernanceBusinessEthicsComplianceTextBlock		FilingDateInstant	－	①　ガバナンスガバナンス全般については、「(2) サステナビリティ全般　①　ガバナンス」をご参照ください。 ⅰ．ガバナンス機関当社グループでは、取締役会が、グループ全体の企業倫理(コンプライアンス)関連のリスクについて、監督する責任を負って
jpcrp030000-asr_E03606-000:ReferenceToOtherInformationGovernanceBusinessEthicsCompliance		FilingDateInstant	－	第４　提出会社の状況　４　コーポレート・ガバナンスの状況等
jpcrp030000-asr_E03606-000:StrategyBusinessEthicsComplianceTextBlock		FilingDateInstant	－	②　戦略ⅰ．企業倫理(コンプライアンス)関連のリスク及び機会の識別当社グループは、事業を行っている本邦及び海外における法令、規則、政策、自主規制等を遵守する必要があり、国内外の規制当局による検査、調査等の対象となっています。また、顧客やマー
jpcrp030000-asr_E03606-000:RiskManagementBusinessEthicsComplianceTextBlock		FilingDateInstant	－	③　リスク管理全体的なリスク管理については「(2) サステナビリティ全般」及び「第４　提出会社の状況　４　コーポレート・ガバナンスの状況等」を参照してください。 ⅰ．企業倫理(コンプライアンス)関連のリスクの識別等及びモニタリングを行うため
jpcrp030000-asr_E03606-000:ReferenceToOtherInformationRiskManagementBusinessEthicsCompliance		FilingDateInstant	－	第４　提出会社の状況　４　コーポレート・ガバナンスの状況等
jpcrp030000-asr_E03606-000:ReferenceToOtherInformation2RiskManagementBusinessEthicsCompliance		FilingDateInstant	－	第４　提出会社の状況　４　コーポレート・ガバナンスの状況等
jpcrp030000-asr_E03606-000:MetricsAndTargetsBusinessEthicsComplianceTextBlock		FilingDateInstant	－	④　指標及び目標ⅰ．指標当社及び当社の直接出資する主たる子会社における2025年度の状況指標の名称行動規範研修受講率内部通報件数定義当社及び当社の直接出資する主たる子会社における行動規範研修受講率(※1)当社及び主要グループ各社における内部
jpcrp_cor:BusinessRisksTextBlock	事業等のリスク [テキストブロック]	FilingDateInstant	－	 ３ 【事業等のリスク】 当社グループは、各種のリスクシナリオが顕在化した場合の影響度と蓋然性に基づき、その重要性を判定しており、今後約1年間で最も注意すべきリスク事象をトップリスクとして特定しています。2026年3月の当社リスク委員会にお
jpcrp_cor:ManagementAnalysisOfFinancialPositionOperatingResultsAndCashFlowsTextBlock	経営者による財政状態、経営成績及びキャッシュ・フローの状況の分析 [テキストブロック]	FilingDateInstant	－	 ４ 【経営者による財政状態、経営成績及びキャッシュ・フローの状況の分析】(1) 経営成績等の状況の概要(財政状態及び経営成績の状況)当連結会計年度の業績につきましては、以下のとおりとなりました。資産の部につきましては、当連結会計年度中18
jpcrp_cor:CriticalContractsTextBlock	重要な契約等 [テキストブロック]	FilingDateInstant	－	 ５ 【重要な契約等】(1) Shriram Finance Limitedへの出資に係る契約当社の連結子会社である株式会社三菱ＵＦＪ銀行(以下、「三菱ＵＦＪ銀行」という。)は、2025年12月19日、インド大手のノンバンクであるShrir
jpcrp_cor:ResearchAndDevelopmentActivitiesTextBlock	研究開発活動 [テキストブロック]	FilingDateInstant	－	６ 【研究開発活動】該当事項はありません。 
jpcrp_cor:OverviewOfCapitalExpendituresEtcTextBlock	設備投資等の概要 [テキストブロック]	FilingDateInstant	－	１ 【設備投資等の概要】 当連結会計年度の設備投資の主要な目的、内容は次のとおりであります。株式会社三菱ＵＦＪ銀行では、お客さまへのサービス向上と商品拡充及び内部事務の合理化・効率化を図ることを目的としたシステム投資のほか、本部ビル・センタ
jpcrp_cor:MajorFacilitiesTextBlock	主要な設備の状況 [テキストブロック]	FilingDateInstant	－	 ２ 【主要な設備の状況】当連結会計年度末における当社及び当社連結子会社の主要な設備は以下のとおりであります。なお、株式会社三菱ＵＦＪ銀行及び三菱ＵＦＪ信託銀行株式会社は固定資産をセグメントに配分しておりますが、その他の子会社は固定資産をセ
jpcrp_cor:PlannedAdditionsRetirementsEtcOfFacilitiesTextBlock	設備の新設、除却等の計画 [テキストブロック]	FilingDateInstant	－	 ３ 【設備の新設、除却等の計画】当連結会計年度末における当社及び当社連結子会社の主要な設備投資計画は以下のとおりであります。なお、株式会社三菱ＵＦＪ銀行及び三菱ＵＦＪ信託銀行株式会社は固定資産をセグメントに配分しておりますが、その他の子会
jpcrp_cor:TotalNumberOfSharesTextBlock	株式の総数 [テキストブロック]	FilingDateInstant	－	① 【株式の総数】　種類発行可能株式総数(株)普通株式33,000,000,000第2回第五種優先株式400,000,000(注)1第3回第五種優先株式400,000,000(注)1第4回第五種優先株式400,000,000(注)1第1回第
jpcrp_cor:IssuedSharesTotalNumberOfSharesEtcTextBlock	発行済株式、株式の総数等 [テキストブロック]	FilingDateInstant	－	② 【発行済株式】 種類事業年度末現在発行数(株)(2026年3月31日)提出日現在発行数(株)(2026年6月24日)上場金融商品取引所名又は登録認可金融商品取引業協会名内容普通株式11,867,710,92011,867,710,920
jpcrp_cor:ClassIssuedSharesTotalNumberOfSharesEtc	種類、発行済株式、株式の総数等	FilingDateInstant_OrdinaryShareMember	－	普通株式
jpcrp_cor:NameOfFinancialInstrumentsExchangeOnWhichSecuritiesAreListedOrAuthorizedFinancialInstrumentsBusinessAssociationToWhichSecuritiesAreRegistered	上場金融商品取引所名又は登録認可金融商品取引業協会名	FilingDateInstant_OrdinaryShareMember	－	東京証券取引所(プライム市場)名古屋証券取引所(プレミア市場)ニューヨーク証券取引所(注)
jpcrp_cor:DescriptionIssuedSharesTotalNumberOfSharesEtc	内容、発行済株式、株式の総数等	FilingDateInstant_OrdinaryShareMember	－	完全議決権株式であり、株主としての権利内容に制限のない、標準となる株式(単元株式数は100株)
jpcrp_cor:DetailsOfEmployeeShareOptionProgramTextBlock	ストックオプション制度の内容 [テキストブロック]	FilingDateInstant	－	① 【ストックオプション制度の内容】該当事項はありません。 
jpcrp_cor:DescriptionOfRightsPlanTextBlock	ライツプランの内容 [テキストブロック]	FilingDateInstant	－	② 【ライツプランの内容】該当事項はありません。 
jpcrp_cor:OtherInformationOnShareAcquisitionRightsTextBlock	その他の新株予約権等の状況 [テキストブロック]	FilingDateInstant	－	③ 【その他の新株予約権等の状況】該当事項はありません。  
jpcrp_cor:ExercisesEtcOfMovingStrikeConvertibleBondsEtcTextBlock	行使価額修正条項付新株予約権付社債券等の行使状況等 [テキストブロック]	FilingDateInstant	－	(3) 【行使価額修正条項付新株予約権付社債券等の行使状況等】該当事項はありません。  
jpcrp_cor:ChangesInNumberOfIssuedSharesStatedCapitalEtcTextBlock	発行済株式総数、資本金等の推移 [テキストブロック]	FilingDateInstant	－	(4) 【発行済株式総数、資本金等の推移】 年月日発行済株式総数増減数(株)発行済株式総数残高(株)資本金増減額(百万円)資本金残高(百万円)資本準備金増減額(百万円)資本準備金残高(百万円)2021年11月30日(注)△300,000,0
jpcrp_cor:ShareholdingByShareholderCategoryTextBlock	所有者別状況 [テキストブロック]	FilingDateInstant	－	(5) 【所有者別状況】2026年3月31日現在区分株式の状況(1単元の株式数100株)単元未満株式の状況(株)政府及び地方公共団体金融機関金融商品取引業者その他の法人外国法人等個人その他計個人以外個人株主数(人)123829215,201
jpcrp_cor:MajorShareholdersTextBlock	大株主の状況 [テキストブロック]	FilingDateInstant	－	 (6) 【大株主の状況】2026年3月31日現在氏名又は名称住所所有株式数(株)発行済株式(自己株式を除く。)の総数に対する所有株式数の割合(％)日本マスタートラスト信託銀行株式会社(信託口)東京都港区赤坂1丁目8番1号1,762,949
jpcrp_cor:NameMajorShareholders	氏名又は名称、大株主の状況	CurrentYearInstant_No1MajorShareholdersMember	－	日本マスタートラスト信託銀行株式会社(信託口)
jpcrp_cor:AddressMajorShareholders	住所、大株主の状況	CurrentYearInstant_No1MajorShareholdersMember	－	東京都港区赤坂1丁目8番1号
jpcrp_cor:NameMajorShareholders	氏名又は名称、大株主の状況	CurrentYearInstant_No2MajorShareholdersMember	－	株式会社日本カストディ銀行(信託口)
jpcrp_cor:AddressMajorShareholders	住所、大株主の状況	CurrentYearInstant_No2MajorShareholdersMember	－	東京都中央区晴海1丁目8-12
jpcrp_cor:NameMajorShareholders	氏名又は名称、大株主の状況	CurrentYearInstant_No3MajorShareholdersMember	－	THE BANK OF NEW YORK MELLON AS DEPOSITARY BANK FOR DR HOLDERS(常任代理人 株式会社三菱ＵＦＪ銀行)
jpcrp_cor:AddressMajorShareholders	住所、大株主の状況	CurrentYearInstant_No3MajorShareholdersMember	－	240 GREENWICH STREET, 8TH FL WEST, NEW YORK, NY 10286 U.S.A(東京都千代田区丸の内1丁目4番5号)
jpcrp_cor:NameMajorShareholders	氏名又は名称、大株主の状況	CurrentYearInstant_No4MajorShareholdersMember	－	STATE STREET BANK AND TRUST COMPANY 505001(常任代理人 株式会社みずほ銀行決済営業部)
jpcrp_cor:AddressMajorShareholders	住所、大株主の状況	CurrentYearInstant_No4MajorShareholdersMember	－	ONE CONGRESS STREET, SUITE 1,　BOSTON, MASSACHUSETTS(東京都港区港南2丁目15-1)
jpcrp_cor:NameMajorShareholders	氏名又は名称、大株主の状況	CurrentYearInstant_No5MajorShareholdersMember	－	日本マスタートラスト信託銀行株式会社(明治安田生命保険相互会社・退職給付信託口)
jpcrp_cor:AddressMajorShareholders	住所、大株主の状況	CurrentYearInstant_No5MajorShareholdersMember	－	東京都港区赤坂1丁目8番1号
jpcrp_cor:NameMajorShareholders	氏名又は名称、大株主の状況	CurrentYearInstant_No6MajorShareholdersMember	－	JP MORGAN CHASE BANK 385781(常任代理人 株式会社みずほ銀行決済営業部)
jpcrp_cor:AddressMajorShareholders	住所、大株主の状況	CurrentYearInstant_No6MajorShareholdersMember	－	25 BANK STREET, CANARY WHARF,　LONDON, E14 5JP, UNITED KINGDOM(東京都港区港南2丁目15-1)
jpcrp_cor:NameMajorShareholders	氏名又は名称、大株主の状況	CurrentYearInstant_No7MajorShareholdersMember	－	GOVERNMENT OF NORWAY(常任代理人　シティバンク、エヌ・エイ東京支店)
jpcrp_cor:AddressMajorShareholders	住所、大株主の状況	CurrentYearInstant_No7MajorShareholdersMember	－	BANKPLASSEN 2, 0107 OSLO 1 OSLO 0107 NO(東京都新宿区新宿6丁目27番30号)
jpcrp_cor:NameMajorShareholders	氏名又は名称、大株主の状況	CurrentYearInstant_No8MajorShareholdersMember	－	日本生命保険相互会社(常任代理人 日本マスタートラスト信託銀行株式会社)
jpcrp_cor:AddressMajorShareholders	住所、大株主の状況	CurrentYearInstant_No8MajorShareholdersMember	－	東京都千代田区丸の内1丁目6番6号(東京都港区赤坂1丁目8番1号)
jpcrp_cor:NameMajorShareholders	氏名又は名称、大株主の状況	CurrentYearInstant_No9MajorShareholdersMember	－	JP MORGAN CHASE BANK 385642(常任代理人 株式会社みずほ銀行決済営業部)
jpcrp_cor:AddressMajorShareholders	住所、大株主の状況	CurrentYearInstant_No9MajorShareholdersMember	－	25 BANK STREET, CANARY WHARF,　LONDON, E14 5JP, UNITED KINGDOM(東京都港区港南2丁目15-1)
jpcrp_cor:NameMajorShareholders	氏名又は名称、大株主の状況	CurrentYearInstant_No10MajorShareholdersMember	－	THE BANK OF NEW YORK MELLON140042(常任代理人 株式会社みずほ銀行決済営業部)
jpcrp_cor:AddressMajorShareholders	住所、大株主の状況	CurrentYearInstant_No10MajorShareholdersMember	－	240 GREENWICH STREET, NEW YORK, NY 10286, U.S.A.(東京都港区港南2丁目15-1)
jpcrp_cor:IssuedSharesVotingRightsTextBlock	発行済株式、議決権の状況 [テキストブロック]	FilingDateInstant	－	① 【発行済株式】2026年3月31日現在区分株式数(株)議決権の数(個)内容無議決権株式―――議決権制限株式(自己株式等)―――議決権制限株式(その他)―――完全議決権株式(自己株式等)(自己保有株式)普通株式――556,947,400(
jpcrp_cor:DescriptionIssuedSharesVotingRights	内容、発行済株式、議決権の状況	CurrentYearInstant_SharesWithNoVotingRightsMember	－	－
jpcrp_cor:DescriptionIssuedSharesVotingRights	内容、発行済株式、議決権の状況	CurrentYearInstant_SharesWithRestrictedVotingRightsTreasurySharesEtcMember	－	－
jpcrp_cor:DescriptionIssuedSharesVotingRights	内容、発行済株式、議決権の状況	CurrentYearInstant_SharesWithRestrictedVotingRightsOtherMember	－	－
jpcrp_cor:DescriptionIssuedSharesVotingRights	内容、発行済株式、議決権の状況	CurrentYearInstant_OrdinarySharesTreasurySharesSharesWithFullVotingRightsTreasurySharesEtcMember	－	－
jpcrp_cor:DescriptionIssuedSharesVotingRights	内容、発行済株式、議決権の状況	CurrentYearInstant_OrdinarySharesReciprocalHoldingSharesWithFullVotingRightsTreasurySharesEtcMember	－	－
jpcrp_cor:DescriptionIssuedSharesVotingRights	内容、発行済株式、議決権の状況	CurrentYearInstant_OrdinarySharesSharesWithFullVotingRightsOtherMember	－	－
jpcrp_cor:DescriptionIssuedSharesVotingRights	内容、発行済株式、議決権の状況	CurrentYearInstant_OrdinarySharesSharesLessThanOneUnitMember	－	－
jpcrp_cor:TreasurySharesEtcTextBlock	自己株式等 [テキストブロック]	FilingDateInstant	－	② 【自己株式等】2026年3月31日現在所有者の氏名又は名称所有者の住所自己名義所有株式数(株)他人名義所有株式数(株)所有株式数の合計(株)発行済株式総数に対する所有株式数の割合(％)(自己保有株式)     株式会社三菱ＵＦＪフィナン
jpcrp_cor:NameOfShareholderTreasurySharesEtc	所有者の氏名又は名称、自己株式等	CurrentYearInstant_Row1Member	－	株式会社三菱ＵＦＪフィナンシャル・グループ
jpcrp_cor:AddressOfShareholderTreasurySharesEtc	所有者の住所、自己株式等	CurrentYearInstant_Row1Member	－	東京都千代田区丸の内一丁目4番5号
jpcrp_cor:NameOfShareholderTreasurySharesEtc	所有者の氏名又は名称、自己株式等	CurrentYearInstant_Row2Member	－	モルガン・スタンレーＭＵＦＧ証券株式会社
jpcrp_cor:AddressOfShareholderTreasurySharesEtc	所有者の住所、自己株式等	CurrentYearInstant_Row2Member	－	東京都千代田区大手町一丁目9番7号
jpcrp_cor:NameOfShareholderTreasurySharesEtc	所有者の氏名又は名称、自己株式等	CurrentYearInstant_Row3Member	－	株式会社ジャックス
jpcrp_cor:AddressOfShareholderTreasurySharesEtc	所有者の住所、自己株式等	CurrentYearInstant_Row3Member	－	北海道函館市若松町2番5号
jpcrp_cor:ShareOwnershipPlansForDirectorsAndOtherOfficersAndEmployeesTextBlock	役員・従業員株式所有制度の内容 [テキストブロック]	FilingDateInstant	－	(8) 【役員・従業員株式所有制度の内容】①　役員に対する株式所有制度当社は、2016年5月16日開催の報酬委員会において、当社の子会社であり、当社グループの主要事業を担う株式会社三菱ＵＦＪ銀行、三菱ＵＦＪ信託銀行株式会社、三菱ＵＦＪ証券ホ
jpcrp_cor:ClassesOfSharesEtcTextBlock	株式の種類等 [テキストブロック]	FilingDateInstant	－	【株式の種類等】会社法第155条第3号及び会社法第155条第7号による普通株式の取得  
jpcrp_cor:AcquisitionsByResolutionOfShareholdersMeetingTextBlock	株主総会決議による取得の状況 [テキストブロック]	FilingDateInstant	－	(1) 【株主総会決議による取得の状況】該当事項はありません。 
jpcrp_cor:AcquisitionsByResolutionOfBoardOfDirectorsMeetingTextBlock	取締役会決議による取得の状況 [テキストブロック]	FilingDateInstant	－	(2) 【取締役会決議による取得の状況】区分株式数(株)価額の総額(円)取締役会(2025年5月15日)での決議状況(取得期間 2025年5月16日～ 2025年7月31日)175,000,000250,000,000,000当事業年度前に
jpcrp_cor:AcquisitionsNotBasedOnResolutionOfShareholdersMeetingOrBoardOfDirectorsMeetingTextBlock	株主総会決議又は取締役会決議に基づかないものの内容 [テキストブロック]	FilingDateInstant	－	(3) 【株主総会決議又は取締役会決議に基づかないものの内容】区分株式数(株)価額の総額(円)当事業年度における取得自己株式26,61061,623,640当期間における取得自己株式3,0088,653,624 (注)  当期間における取得
jpcrp_cor:DisposalsOrHoldingOfAcquiredTreasurySharesTextBlock	取得自己株式の処理状況及び保有状況 [テキストブロック]	FilingDateInstant	－	(4) 【取得自己株式の処理状況及び保有状況】区分当事業年度当期間株式数(株)処分価額の総額(円)株式数(株)処分価額の総額(円)引き受ける者の募集を行った取得自己株式――――消却の処分を行った取得自己株式200,000,000290,48
jpcrp_cor:DividendPolicyTextBlock	配当政策 [テキストブロック]	FilingDateInstant	－	 ３ 【配当政策】当社は、資本の健全性や成長のための投資との最適バランスを検討したうえで、配当を基本として株主還元の充実に努める方針としております。配当につきましては、配当性向を40%程度とし、利益成長を通じた1株当たり配当金の安定的・持続
jpcrp_cor:DateOfResolutionDividendsOfSurplus	決議日付、剰余金の配当	FilingDateInstant_Row1Member	－	2025-11-14
jpcrp_cor:ResolutionDividendsOfSurplus	決議、剰余金の配当	FilingDateInstant_Row1Member	－	取締役会決議
jpcrp_cor:DateOfResolutionDividendsOfSurplus	決議日付、剰余金の配当	FilingDateInstant_Row2Member	－	2026-06-26
jpcrp_cor:ResolutionDividendsOfSurplus	決議、剰余金の配当	FilingDateInstant_Row2Member	－	定時株主総会決議
jpcrp_cor:OverviewOfCorporateGovernanceTextBlock	コーポレート・ガバナンスの概要 [テキストブロック]	FilingDateInstant	－	(1) 【コーポレート・ガバナンスの概要】①　コーポレート・ガバナンスに関する基本的な考え方当社は、株式会社三菱ＵＦＪ銀行、三菱ＵＦＪ信託銀行株式会社、三菱ＵＦＪ証券ホールディングス株式会社などの子会社を傘下に擁する持株会社です。当社グルー
jpcrp_cor:CorporateGovernanceCompanyWithNominatingAndOtherCommitteesTextBlock	企業統治の体制の概要（指名委員会等設置会社） [テキストブロック]	FilingDateInstant	－	①　コーポレート・ガバナンスに関する基本的な考え方当社は、株式会社三菱ＵＦＪ銀行、三菱ＵＦＪ信託銀行株式会社、三菱ＵＦＪ証券ホールディングス株式会社などの子会社を傘下に擁する持株会社です。当社グループは、「世界が進むチカラになる。」をパーパ
jpcrp_cor:InformationAboutOfficersTextBlock	役員の状況 [テキストブロック]	FilingDateInstant	－	 (2) 【役員の状況】　　①役員一覧(i) 2026年6月24日(有価証券報告書提出日)現在の役員の状況は以下のとおりです。男性27名　女性5名　(役員のうち女性の比率15.6％)　　ａ．取締役の状況役職名氏名生年月日略歴任期所有株式数(
jpcrp_cor:OfficialTitleOrPositionInformationAboutDirectorsAndCorporateAuditors	役職名、役員の状況（取締役（及び監査役））	FilingDateInstant_jpcrp030000-asr_E03606-000HondaKeikoMember	－	取締役
jpcrp_cor:NameInformationAboutDirectorsAndCorporateAuditors	氏名、役員の状況（取締役（及び監査役））	FilingDateInstant_jpcrp030000-asr_E03606-000HondaKeikoMember	－	本　田　桂　子
jpcrp_cor:DateOfBirthInformationAboutDirectorsAndCorporateAuditors	生年月日、役員の状況（取締役（及び監査役））	FilingDateInstant_jpcrp030000-asr_E03606-000HondaKeikoMember	－	1961-09-27
jpcrp_cor:CareerSummaryInformationAboutDirectorsAndCorporateAuditorsTextBlock	略歴、役員の状況（取締役（及び監査役）） [テキストブロック]	FilingDateInstant_jpcrp030000-asr_E03606-000HondaKeikoMember	－	1984年4月ベイン・アンド・カンパニー・ジャパン・インコーポレイテッド入社1986年5月シェアソン・リーマン・ブラザーズ証券株式会社入社1989年7月マッキンゼー・アンド・カンパニー・インク・日本支社入社1999年7月マッキンゼー・アンド
jpcrp_cor:TermOfOfficeInformationAboutDirectorsAndCorporateAuditors	任期、役員の状況（取締役（及び監査役））	FilingDateInstant_jpcrp030000-asr_E03606-000HondaKeikoMember	－	(注)2
jpcrp_cor:OfficialTitleOrPositionInformationAboutDirectorsAndCorporateAuditors	役職名、役員の状況（取締役（及び監査役））	FilingDateInstant_jpcrp030000-asr_E03606-000KuwabaraSatokoMember	－	取締役
jpcrp_cor:NameInformationAboutDirectorsAndCorporateAuditors	氏名、役員の状況（取締役（及び監査役））	FilingDateInstant_jpcrp030000-asr_E03606-000KuwabaraSatokoMember	－	桑　原　聡　子
jpcrp_cor:DateOfBirthInformationAboutDirectorsAndCorporateAuditors	生年月日、役員の状況（取締役（及び監査役））	FilingDateInstant_jpcrp030000-asr_E03606-000KuwabaraSatokoMember	－	1964-11-01
jpcrp_cor:CareerSummaryInformationAboutDirectorsAndCorporateAuditorsTextBlock	略歴、役員の状況（取締役（及び監査役）） [テキストブロック]	FilingDateInstant_jpcrp030000-asr_E03606-000KuwabaraSatokoMember	－	1990年4月弁護士登録 第二東京弁護士会入会森綜合法律事務所入所1998年1月森・濱田松本法律事務所(現森・濱田松本法律事務所外国法共同事業)パートナー2016年6月株式会社バンダイナムコホールディングス社外取締役2020年3月株式会社ユ
jpcrp_cor:TermOfOfficeInformationAboutDirectorsAndCorporateAuditors	任期、役員の状況（取締役（及び監査役））	FilingDateInstant_jpcrp030000-asr_E03606-000KuwabaraSatokoMember	－	(注)2
jpcrp_cor:OfficialTitleOrPositionInformationAboutDirectorsAndCorporateAuditors	役職名、役員の状況（取締役（及び監査役））	FilingDateInstant_jpcrp030000-asr_E03606-000NomotoHirofumiMember	－	取締役
jpcrp_cor:NameInformationAboutDirectorsAndCorporateAuditors	氏名、役員の状況（取締役（及び監査役））	FilingDateInstant_jpcrp030000-asr_E03606-000NomotoHirofumiMember	－	野　本　弘　文
jpcrp_cor:DateOfBirthInformationAboutDirectorsAndCorporateAuditors	生年月日、役員の状況（取締役（及び監査役））	FilingDateInstant_jpcrp030000-asr_E03606-000NomotoHirofumiMember	－	1947-09-27
jpcrp_cor:CareerSummaryInformationAboutDirectorsAndCorporateAuditorsTextBlock	略歴、役員の状況（取締役（及び監査役）） [テキストブロック]	FilingDateInstant_jpcrp030000-asr_E03606-000NomotoHirofumiMember	－	1971年4月東京急行電鉄株式会社入社2003年4月同社経営統括本部メディア事業室統括室長2004年4月イッツ・コミュニケーションズ株式会社代表取締役社長2007年6月東京急行電鉄株式会社取締役同社執行役員開発事業本部長2008年1月同社常
jpcrp_cor:TermOfOfficeInformationAboutDirectorsAndCorporateAuditors	任期、役員の状況（取締役（及び監査役））	FilingDateInstant_jpcrp030000-asr_E03606-000NomotoHirofumiMember	－	(注)2
jpcrp_cor:OfficialTitleOrPositionInformationAboutDirectorsAndCorporateAuditors	役職名、役員の状況（取締役（及び監査役））	FilingDateInstant_jpcrp030000-asr_E03606-000MariElkaPangestuMember	－	取締役
jpcrp_cor:NameInformationAboutDirectorsAndCorporateAuditors	氏名、役員の状況（取締役（及び監査役））	FilingDateInstant_jpcrp030000-asr_E03606-000MariElkaPangestuMember	－	マリ・エルカ・ パンゲストゥ
jpcrp_cor:DateOfBirthInformationAboutDirectorsAndCorporateAuditors	生年月日、役員の状況（取締役（及び監査役））	FilingDateInstant_jpcrp030000-asr_E03606-000MariElkaPangestuMember	－	1956-10-23
jpcrp_cor:CareerSummaryInformationAboutDirectorsAndCorporateAuditorsTextBlock	略歴、役員の状況（取締役（及び監査役）） [テキストブロック]	FilingDateInstant_jpcrp030000-asr_E03606-000MariElkaPangestuMember	－	1986年8月インドネシア戦略国際問題研究所入所1987年7月インドネシア国財務省 Program For Financial Policy and Trainingリサーチコーディネーターインドネシア大学 Inter University
jpcrp_cor:TermOfOfficeInformationAboutDirectorsAndCorporateAuditors	任期、役員の状況（取締役（及び監査役））	FilingDateInstant_jpcrp030000-asr_E03606-000MariElkaPangestuMember	－	(注)2
jpcrp_cor:OfficialTitleOrPositionInformationAboutDirectorsAndCorporateAuditors	役職名、役員の状況（取締役（及び監査役））	FilingDateInstant_jpcrp030000-asr_E03606-000ShimizuHiroshiMember	－	取締役
jpcrp_cor:NameInformationAboutDirectorsAndCorporateAuditors	氏名、役員の状況（取締役（及び監査役））	FilingDateInstant_jpcrp030000-asr_E03606-000ShimizuHiroshiMember	－	清　水　　　博
jpcrp_cor:DateOfBirthInformationAboutDirectorsAndCorporateAuditors	生年月日、役員の状況（取締役（及び監査役））	FilingDateInstant_jpcrp030000-asr_E03606-000ShimizuHiroshiMember	－	1961-01-30
jpcrp_cor:CareerSummaryInformationAboutDirectorsAndCorporateAuditorsTextBlock	略歴、役員の状況（取締役（及び監査役）） [テキストブロック]	FilingDateInstant_jpcrp030000-asr_E03606-000ShimizuHiroshiMember	－	1983年4月日本生命保険相互会社入社2009年3月同社執行役員 総合企画部長2012年3月同社常務執行役員 総合企画部長2013年7月同社取締役常務執行役員2014年3月同社取締役常務執行役員法人第一営業本部長兼法人第三営業本部長兼東日本
jpcrp_cor:TermOfOfficeInformationAboutDirectorsAndCorporateAuditors	任期、役員の状況（取締役（及び監査役））	FilingDateInstant_jpcrp030000-asr_E03606-000ShimizuHiroshiMember	－	(注)2
jpcrp_cor:OfficialTitleOrPositionInformationAboutDirectorsAndCorporateAuditors	役職名、役員の状況（取締役（及び監査役））	FilingDateInstant_jpcrp030000-asr_E03606-000DavidSneiderMember	－	取締役
jpcrp_cor:NameInformationAboutDirectorsAndCorporateAuditors	氏名、役員の状況（取締役（及び監査役））	FilingDateInstant_jpcrp030000-asr_E03606-000DavidSneiderMember	－	デイビッド・スナイダー
jpcrp_cor:DateOfBirthInformationAboutDirectorsAndCorporateAuditors	生年月日、役員の状況（取締役（及び監査役））	FilingDateInstant_jpcrp030000-asr_E03606-000DavidSneiderMember	－	1957-07-25
jpcrp_cor:CareerSummaryInformationAboutDirectorsAndCorporateAuditorsTextBlock	略歴、役員の状況（取締役（及び監査役）） [テキストブロック]	FilingDateInstant_jpcrp030000-asr_E03606-000DavidSneiderMember	－	1984年12月Paul, Weiss, Rifkind, Wharton &amp;Garrison LLP アソシエイト1985年6月米国ニューヨーク州弁護士登録1987年7月Salomon Brothers Inc.法務部ディレクター
jpcrp_cor:TermOfOfficeInformationAboutDirectorsAndCorporateAuditors	任期、役員の状況（取締役（及び監査役））	FilingDateInstant_jpcrp030000-asr_E03606-000DavidSneiderMember	－	(注)2
jpcrp_cor:OfficialTitleOrPositionInformationAboutDirectorsAndCorporateAuditors	役職名、役員の状況（取締役（及び監査役））	FilingDateInstant_jpcrp030000-asr_E03606-000SuzukiMiyukiMember	－	取締役
jpcrp_cor:NameInformationAboutDirectorsAndCorporateAuditors	氏名、役員の状況（取締役（及び監査役））	FilingDateInstant_jpcrp030000-asr_E03606-000SuzukiMiyukiMember	－	鈴 木　みゆき
jpcrp_cor:DateOfBirthInformationAboutDirectorsAndCorporateAuditors	生年月日、役員の状況（取締役（及び監査役））	FilingDateInstant_jpcrp030000-asr_E03606-000SuzukiMiyukiMember	－	1960-08-03
jpcrp_cor:CareerSummaryInformationAboutDirectorsAndCorporateAuditorsTextBlock	略歴、役員の状況（取締役（及び監査役）） [テキストブロック]	FilingDateInstant_jpcrp030000-asr_E03606-000SuzukiMiyukiMember	－	1982年9月ロイター社入社(英国ロンドン)1997年1月ロイター社（シンガポール）東南アジア代表取締役1998年4月BROKAT ASIA PTE LTD（シンガポール）マネージング・ディレクター2001年1月CAZH SINGAPORE
jpcrp_cor:TermOfOfficeInformationAboutDirectorsAndCorporateAuditors	任期、役員の状況（取締役（及び監査役））	FilingDateInstant_jpcrp030000-asr_E03606-000SuzukiMiyukiMember	－	(注)2
jpcrp_cor:OfficialTitleOrPositionInformationAboutDirectorsAndCorporateAuditors	役職名、役員の状況（取締役（及び監査役））	FilingDateInstant_jpcrp030000-asr_E03606-000TsujiKoichiMember	－	取締役
jpcrp_cor:NameInformationAboutDirectorsAndCorporateAuditors	氏名、役員の状況（取締役（及び監査役））	FilingDateInstant_jpcrp030000-asr_E03606-000TsujiKoichiMember	－	辻　　　幸　一
jpcrp_cor:DateOfBirthInformationAboutDirectorsAndCorporateAuditors	生年月日、役員の状況（取締役（及び監査役））	FilingDateInstant_jpcrp030000-asr_E03606-000TsujiKoichiMember	－	1957-04-10
jpcrp_cor:CareerSummaryInformationAboutDirectorsAndCorporateAuditorsTextBlock	略歴、役員の状況（取締役（及び監査役）） [テキストブロック]	FilingDateInstant_jpcrp030000-asr_E03606-000TsujiKoichiMember	－	1984年10月ピート・マーウィック・ミッチェル会計士事務所入所1988年9月公認会計士登録1989年2月スイス国チューリッヒ駐在2004年7月新日本監査法人シニアパートナー2016年2月新日本有限責任監査法人(現EY新日本有限責任監査法人
jpcrp_cor:TermOfOfficeInformationAboutDirectorsAndCorporateAuditors	任期、役員の状況（取締役（及び監査役））	FilingDateInstant_jpcrp030000-asr_E03606-000TsujiKoichiMember	－	(注)2
jpcrp_cor:OfficialTitleOrPositionInformationAboutDirectorsAndCorporateAuditors	役職名、役員の状況（取締役（及び監査役））	FilingDateInstant_jpcrp030000-asr_E03606-000UedaTeruhisaMember	－	取締役
jpcrp_cor:NameInformationAboutDirectorsAndCorporateAuditors	氏名、役員の状況（取締役（及び監査役））	FilingDateInstant_jpcrp030000-asr_E03606-000UedaTeruhisaMember	－	上　田　輝　久
jpcrp_cor:DateOfBirthInformationAboutDirectorsAndCorporateAuditors	生年月日、役員の状況（取締役（及び監査役））	FilingDateInstant_jpcrp030000-asr_E03606-000UedaTeruhisaMember	－	1957-05-14
jpcrp_cor:CareerSummaryInformationAboutDirectorsAndCorporateAuditorsTextBlock	略歴、役員の状況（取締役（及び監査役）） [テキストブロック]	FilingDateInstant_jpcrp030000-asr_E03606-000UedaTeruhisaMember	－	1982年4月株式会社島津製作所入社2007年6月同社執行役員 分析計測事業部副事業部長2011年6月同社取締役 分析計測事業部長2013年6月同社取締役 常務執行役員2014年6月同社取締役 専務執行役員2015年6月同社代表取締役 社長
jpcrp_cor:TermOfOfficeInformationAboutDirectorsAndCorporateAuditors	任期、役員の状況（取締役（及び監査役））	FilingDateInstant_jpcrp030000-asr_E03606-000UedaTeruhisaMember	－	(注)2
jpcrp_cor:OfficialTitleOrPositionInformationAboutDirectorsAndCorporateAuditors	役職名、役員の状況（取締役（及び監査役））	FilingDateInstant_jpcrp030000-asr_E03606-000ShinkeRyoichiMember	－	取締役
jpcrp_cor:NameInformationAboutDirectorsAndCorporateAuditors	氏名、役員の状況（取締役（及び監査役））	FilingDateInstant_jpcrp030000-asr_E03606-000ShinkeRyoichiMember	－	新　家　良　一
jpcrp_cor:DateOfBirthInformationAboutDirectorsAndCorporateAuditors	生年月日、役員の状況（取締役（及び監査役））	FilingDateInstant_jpcrp030000-asr_E03606-000ShinkeRyoichiMember	－	1965-12-08
jpcrp_cor:CareerSummaryInformationAboutDirectorsAndCorporateAuditorsTextBlock	略歴、役員の状況（取締役（及び監査役）） [テキストブロック]	FilingDateInstant_jpcrp030000-asr_E03606-000ShinkeRyoichiMember	－	1988年4月株式会社三和銀行入行2014年6月株式会社三菱東京ＵＦＪ銀行執行役員2018年5月株式会社三菱ＵＦＪ銀行常務執行役員2020年5月当社常務執行役員2022年4月株式会社三菱ＵＦＪ銀行専務執行役員2023年6月当社取締役(現職)
jpcrp_cor:TermOfOfficeInformationAboutDirectorsAndCorporateAuditors	任期、役員の状況（取締役（及び監査役））	FilingDateInstant_jpcrp030000-asr_E03606-000ShinkeRyoichiMember	－	(注)2
jpcrp_cor:OfficialTitleOrPositionInformationAboutDirectorsAndCorporateAuditors	役職名、役員の状況（取締役（及び監査役））	FilingDateInstant_jpcrp030000-asr_E03606-000YasudaTakayukiMember	－	取締役
jpcrp_cor:NameInformationAboutDirectorsAndCorporateAuditors	氏名、役員の状況（取締役（及び監査役））	FilingDateInstant_jpcrp030000-asr_E03606-000YasudaTakayukiMember	－	安　田　敬　之
jpcrp_cor:DateOfBirthInformationAboutDirectorsAndCorporateAuditors	生年月日、役員の状況（取締役（及び監査役））	FilingDateInstant_jpcrp030000-asr_E03606-000YasudaTakayukiMember	－	1963-06-19
jpcrp_cor:CareerSummaryInformationAboutDirectorsAndCorporateAuditorsTextBlock	略歴、役員の状況（取締役（及び監査役）） [テキストブロック]	FilingDateInstant_jpcrp030000-asr_E03606-000YasudaTakayukiMember	－	1987年4月三菱信託銀行株式会社入社2013年6月三菱ＵＦＪ信託銀行株式会社執行役員2015年2月当社執行役員2017年6月三菱ＵＦＪ信託銀行株式会社常務執行役員2021年4月同社取締役専務執行役員当社執行役専務2023年4月三菱ＵＦＪ信
jpcrp_cor:TermOfOfficeInformationAboutDirectorsAndCorporateAuditors	任期、役員の状況（取締役（及び監査役））	FilingDateInstant_jpcrp030000-asr_E03606-000YasudaTakayukiMember	－	(注)2
jpcrp_cor:OfficialTitleOrPositionInformationAboutDirectorsAndCorporateAuditors	役職名、役員の状況（取締役（及び監査役））	FilingDateInstant_jpcrp030000-asr_E03606-000KamezawaHironoriMember	－	取締役
jpcrp_cor:NameInformationAboutDirectorsAndCorporateAuditors	氏名、役員の状況（取締役（及び監査役））	FilingDateInstant_jpcrp030000-asr_E03606-000KamezawaHironoriMember	－	亀　澤　宏　規
jpcrp_cor:DateOfBirthInformationAboutDirectorsAndCorporateAuditors	生年月日、役員の状況（取締役（及び監査役））	FilingDateInstant_jpcrp030000-asr_E03606-000KamezawaHironoriMember	－	1961-11-18
jpcrp_cor:CareerSummaryInformationAboutDirectorsAndCorporateAuditorsTextBlock	略歴、役員の状況（取締役（及び監査役）） [テキストブロック]	FilingDateInstant_jpcrp030000-asr_E03606-000KamezawaHironoriMember	－	1986年4月株式会社三菱銀行入行2010年6月株式会社三菱東京ＵＦＪ銀行執行役員当社執行役員2014年5月株式会社三菱東京ＵＦＪ銀行常務執行役員当社常務執行役員2017年5月当社執行役常務2017年6月株式会社三菱東京ＵＦＪ銀行取締役常務
jpcrp_cor:TermOfOfficeInformationAboutDirectorsAndCorporateAuditors	任期、役員の状況（取締役（及び監査役））	FilingDateInstant_jpcrp030000-asr_E03606-000KamezawaHironoriMember	－	(注)2
jpcrp_cor:OfficialTitleOrPositionInformationAboutDirectorsAndCorporateAuditors	役職名、役員の状況（取締役（及び監査役））	FilingDateInstant_jpcrp030000-asr_E03606-000HanzawaJunichiMember	－	取締役
jpcrp_cor:NameInformationAboutDirectorsAndCorporateAuditors	氏名、役員の状況（取締役（及び監査役））	FilingDateInstant_jpcrp030000-asr_E03606-000HanzawaJunichiMember	－	半　沢　淳　一
jpcrp_cor:DateOfBirthInformationAboutDirectorsAndCorporateAuditors	生年月日、役員の状況（取締役（及び監査役））	FilingDateInstant_jpcrp030000-asr_E03606-000HanzawaJunichiMember	－	1965-01-19
jpcrp_cor:CareerSummaryInformationAboutDirectorsAndCorporateAuditorsTextBlock	略歴、役員の状況（取締役（及び監査役）） [テキストブロック]	FilingDateInstant_jpcrp030000-asr_E03606-000HanzawaJunichiMember	－	1988年4月株式会社三菱銀行入行2014年6月株式会社三菱東京ＵＦＪ銀行執行役員当社執行役員2018年5月株式会社三菱ＵＦＪ銀行常務執行役員2019年4月当社執行役常務2019年6月株式会社三菱ＵＦＪ銀行取締役常務執行役員2021年4月同
jpcrp_cor:TermOfOfficeInformationAboutDirectorsAndCorporateAuditors	任期、役員の状況（取締役（及び監査役））	FilingDateInstant_jpcrp030000-asr_E03606-000HanzawaJunichiMember	－	(注)2
jpcrp_cor:OfficialTitleOrPositionInformationAboutDirectorsAndCorporateAuditors	役職名、役員の状況（取締役（及び監査役））	FilingDateInstant_jpcrp030000-asr_E03606-000MikeKanetsuguMember	－	取締役
jpcrp_cor:NameInformationAboutDirectorsAndCorporateAuditors	氏名、役員の状況（取締役（及び監査役））	FilingDateInstant_jpcrp030000-asr_E03606-000MikeKanetsuguMember	－	三　毛　兼　承
jpcrp_cor:DateOfBirthInformationAboutDirectorsAndCorporateAuditors	生年月日、役員の状況（取締役（及び監査役））	FilingDateInstant_jpcrp030000-asr_E03606-000MikeKanetsuguMember	－	1956-11-04
jpcrp_cor:CareerSummaryInformationAboutDirectorsAndCorporateAuditorsTextBlock	略歴、役員の状況（取締役（及び監査役）） [テキストブロック]	FilingDateInstant_jpcrp030000-asr_E03606-000MikeKanetsuguMember	－	1979年4月株式会社三菱銀行入行2005年6月株式会社東京三菱銀行執行役員当社執行役員2009年5月株式会社三菱東京ＵＦＪ銀行常務執行役員2011年5月当社常務執行役員2011年6月株式会社三菱東京ＵＦＪ銀行常務取締役2013年5月同行専
jpcrp_cor:TermOfOfficeInformationAboutDirectorsAndCorporateAuditors	任期、役員の状況（取締役（及び監査役））	FilingDateInstant_jpcrp030000-asr_E03606-000MikeKanetsuguMember	－	(注)2
jpcrp_cor:OfficialTitleOrPositionInformationAboutDirectorsAndCorporateAuditors	役職名、役員の状況（取締役（及び監査役））	FilingDateInstant_jpcrp030000-asr_E03606-000KobayashiMakotoMember	－	取締役
jpcrp_cor:NameInformationAboutDirectorsAndCorporateAuditors	氏名、役員の状況（取締役（及び監査役））	FilingDateInstant_jpcrp030000-asr_E03606-000KobayashiMakotoMember	－	小　林　　　真
jpcrp_cor:DateOfBirthInformationAboutDirectorsAndCorporateAuditors	生年月日、役員の状況（取締役（及び監査役））	FilingDateInstant_jpcrp030000-asr_E03606-000KobayashiMakotoMember	－	1962-02-22
jpcrp_cor:CareerSummaryInformationAboutDirectorsAndCorporateAuditorsTextBlock	略歴、役員の状況（取締役（及び監査役）） [テキストブロック]	FilingDateInstant_jpcrp030000-asr_E03606-000KobayashiMakotoMember	－	1985年4月株式会社三菱銀行入行2011年6月株式会社三菱東京ＵＦＪ銀行執行役員2015年5月同行常務執行役員2015年7月当社執行役員2018年7月三菱ＵＦＪ証券ホールディングス株式会社常務執行役員当社常務執行役員2018年10月三菱Ｕ
jpcrp_cor:TermOfOfficeInformationAboutDirectorsAndCorporateAuditors	任期、役員の状況（取締役（及び監査役））	FilingDateInstant_jpcrp030000-asr_E03606-000KobayashiMakotoMember	－	(注)2
jpcrp_cor:OfficialTitleOrPositionInformationAboutDirectorsAndCorporateAuditors	役職名、役員の状況（取締役（及び監査役））	FilingDateInstant_jpcrp030000-asr_E03606-000KubotaHiroshiMember	－	取締役
jpcrp_cor:NameInformationAboutDirectorsAndCorporateAuditors	氏名、役員の状況（取締役（及び監査役））	FilingDateInstant_jpcrp030000-asr_E03606-000KubotaHiroshiMember	－	窪　田　　　博
jpcrp_cor:DateOfBirthInformationAboutDirectorsAndCorporateAuditors	生年月日、役員の状況（取締役（及び監査役））	FilingDateInstant_jpcrp030000-asr_E03606-000KubotaHiroshiMember	－	1969-05-17
jpcrp_cor:CareerSummaryInformationAboutDirectorsAndCorporateAuditorsTextBlock	略歴、役員の状況（取締役（及び監査役）） [テキストブロック]	FilingDateInstant_jpcrp030000-asr_E03606-000KubotaHiroshiMember	－	1992年4月三菱信託銀行株式会社入社2018年4月三菱ＵＦＪ信託銀行株式会社執行役員株式会社三菱ＵＦＪ銀行執行役員2019年4月当社執行役員2022年4月三菱ＵＦＪ信託銀行株式会社常務執行役員株式会社三菱ＵＦＪ銀行常務執行役員2024年4
jpcrp_cor:TermOfOfficeInformationAboutDirectorsAndCorporateAuditors	任期、役員の状況（取締役（及び監査役））	FilingDateInstant_jpcrp030000-asr_E03606-000KubotaHiroshiMember	－	(注)2
jpcrp_cor:FootnotesDirectorsAndCorporateAuditorsTextBlock	脚注（取締役（及び監査役） [テキストブロック]	FilingDateInstant_Row1Member	－	(注) １ 取締役のうち、本田桂子、桑原聡子、野本弘文、マリ・エルカ・パンゲストゥ、清水博、デイビッド・スナイダー、鈴木みゆき、辻幸一、及び上田輝久の各氏は、会社法第2条第15号に定める社外取締役であります。
jpcrp_cor:FootnotesDirectorsAndCorporateAuditorsTextBlock	脚注（取締役（及び監査役） [テキストブロック]	FilingDateInstant_Row2Member	－	２ 取締役の任期は、2025年6月27日の定時株主総会での選任後、2026年3月期にかかる定時株主総会の終結の時までであります。
jpcrp_cor:FootnotesDirectorsAndCorporateAuditorsTextBlock	脚注（取締役（及び監査役） [テキストブロック]	FilingDateInstant_Row3Member	－	３ 当社は、指名委員会等設置会社であります。委員会の構成及び委員長については、以下のとおりであります。指名・ガバナンス委員会(会社法上の指名委員会)：野本弘文(委員長)、桑原聡子、鈴木みゆき、上田輝久、半沢淳一報酬委員会：桑原聡子(委員長)
jpcrp_cor:OfficialTitleOrPositionInformationAboutExecutiveDirectors	役職名、役員の状況（執行役）	FilingDateInstant_jpcrp030000-asr_E03606-000KamezawaHironoriMember	－	執行役会長
jpcrp_cor:NameInformationAboutExecutiveDirectors	氏名、役員の状況（執行役）	FilingDateInstant_jpcrp030000-asr_E03606-000KamezawaHironoriMember	－	亀　澤　宏　規
jpcrp_cor:DateOfBirthInformationAboutExecutiveDirectors	生年月日、役員の状況（執行役）	FilingDateInstant_jpcrp030000-asr_E03606-000KamezawaHironoriMember	－	1961-11-18
jpcrp_cor:CareerSummaryInformationAboutExecutiveDirectorsTextBlock	略歴、役員の状況（執行役） [テキストブロック]	FilingDateInstant_jpcrp030000-asr_E03606-000KamezawaHironoriMember	－	(注)1
jpcrp_cor:TermOfOfficeInformationAboutExecutiveDirectors	任期、役員の状況（執行役）	FilingDateInstant_jpcrp030000-asr_E03606-000KamezawaHironoriMember	－	(注)2
jpcrp_cor:OfficialTitleOrPositionInformationAboutExecutiveDirectors	役職名、役員の状況（執行役）	FilingDateInstant_jpcrp030000-asr_E03606-000ItagakiYasushiMember	－	執行役副会長
jpcrp_cor:NameInformationAboutExecutiveDirectors	氏名、役員の状況（執行役）	FilingDateInstant_jpcrp030000-asr_E03606-000ItagakiYasushiMember	－	板　垣　靖　士
jpcrp_cor:DateOfBirthInformationAboutExecutiveDirectors	生年月日、役員の状況（執行役）	FilingDateInstant_jpcrp030000-asr_E03606-000ItagakiYasushiMember	－	1964-05-24
jpcrp_cor:CareerSummaryInformationAboutExecutiveDirectorsTextBlock	略歴、役員の状況（執行役） [テキストブロック]	FilingDateInstant_jpcrp030000-asr_E03606-000ItagakiYasushiMember	－	1987年4月株式会社東京銀行入行2013年6月株式会社三菱東京ＵＦＪ銀行執行役員2013年7月当社執行役員2017年5月株式会社三菱東京ＵＦＪ銀行常務執行役員2019年10月ダナモン銀行頭取2021年4月株式会社三菱ＵＦＪ銀行専務執行役員
jpcrp_cor:TermOfOfficeInformationAboutExecutiveDirectors	任期、役員の状況（執行役）	FilingDateInstant_jpcrp030000-asr_E03606-000ItagakiYasushiMember	－	(注)2
jpcrp_cor:OfficialTitleOrPositionInformationAboutExecutiveDirectors	役職名、役員の状況（執行役）	FilingDateInstant_jpcrp030000-asr_E03606-000HanzawaJunichiMember	－	代表執行役社長グループＣＥＯ
jpcrp_cor:NameInformationAboutExecutiveDirectors	氏名、役員の状況（執行役）	FilingDateInstant_jpcrp030000-asr_E03606-000HanzawaJunichiMember	－	半　沢　淳　一
jpcrp_cor:DateOfBirthInformationAboutExecutiveDirectors	生年月日、役員の状況（執行役）	FilingDateInstant_jpcrp030000-asr_E03606-000HanzawaJunichiMember	－	1965-01-19
jpcrp_cor:CareerSummaryInformationAboutExecutiveDirectorsTextBlock	略歴、役員の状況（執行役） [テキストブロック]	FilingDateInstant_jpcrp030000-asr_E03606-000HanzawaJunichiMember	－	(注)1
jpcrp_cor:TermOfOfficeInformationAboutExecutiveDirectors	任期、役員の状況（執行役）	FilingDateInstant_jpcrp030000-asr_E03606-000HanzawaJunichiMember	－	(注)3
jpcrp_cor:OfficialTitleOrPositionInformationAboutExecutiveDirectors	役職名、役員の状況（執行役）	FilingDateInstant_jpcrp030000-asr_E03606-000NakahamaFumitakaMember	－	執行役専務グローバルＣＩＢ事業本部長
jpcrp_cor:NameInformationAboutExecutiveDirectors	氏名、役員の状況（執行役）	FilingDateInstant_jpcrp030000-asr_E03606-000NakahamaFumitakaMember	－	中　濱　文　貴
jpcrp_cor:DateOfBirthInformationAboutExecutiveDirectors	生年月日、役員の状況（執行役）	FilingDateInstant_jpcrp030000-asr_E03606-000NakahamaFumitakaMember	－	1966-07-28
jpcrp_cor:CareerSummaryInformationAboutExecutiveDirectorsTextBlock	略歴、役員の状況（執行役） [テキストブロック]	FilingDateInstant_jpcrp030000-asr_E03606-000NakahamaFumitakaMember	－	2009年12月株式会社三菱東京ＵＦＪ銀行入行2018年6月株式会社三菱ＵＦＪ銀行執行役員当社執行役員2021年4月株式会社三菱ＵＦＪ銀行常務執行役員当社常務執行役員2022年4月当社執行役常務2022年6月株式会社三菱ＵＦＪ銀行取締役常務
jpcrp_cor:TermOfOfficeInformationAboutExecutiveDirectors	任期、役員の状況（執行役）	FilingDateInstant_jpcrp030000-asr_E03606-000NakahamaFumitakaMember	－	(注)2
jpcrp_cor:OfficialTitleOrPositionInformationAboutExecutiveDirectors	役職名、役員の状況（執行役）	FilingDateInstant_jpcrp030000-asr_E03606-000IharaTakafumiMember	－	執行役専務受託財産事業本部長
jpcrp_cor:NameInformationAboutExecutiveDirectors	氏名、役員の状況（執行役）	FilingDateInstant_jpcrp030000-asr_E03606-000IharaTakafumiMember	－	伊　原　隆　史
jpcrp_cor:DateOfBirthInformationAboutExecutiveDirectors	生年月日、役員の状況（執行役）	FilingDateInstant_jpcrp030000-asr_E03606-000IharaTakafumiMember	－	1967-05-18
jpcrp_cor:CareerSummaryInformationAboutExecutiveDirectorsTextBlock	略歴、役員の状況（執行役） [テキストブロック]	FilingDateInstant_jpcrp030000-asr_E03606-000IharaTakafumiMember	－	1990年4月三菱信託銀行株式会社入社2016年6月三菱ＵＦＪ信託銀行株式会社執行役員2018年4月当社執行役員2021年4月三菱ＵＦＪ信託銀行株式会社常務執行役員2023年4月同社専務執行役員2024年4月同社取締役専務執行役員当社執行役
jpcrp_cor:TermOfOfficeInformationAboutExecutiveDirectors	任期、役員の状況（執行役）	FilingDateInstant_jpcrp030000-asr_E03606-000IharaTakafumiMember	－	(注)2
jpcrp_cor:OfficialTitleOrPositionInformationAboutExecutiveDirectors	役職名、役員の状況（執行役）	FilingDateInstant_jpcrp030000-asr_E03606-000TogawaJunMember	－	代表執行役専務グループＣＦＯ
jpcrp_cor:NameInformationAboutExecutiveDirectors	氏名、役員の状況（執行役）	FilingDateInstant_jpcrp030000-asr_E03606-000TogawaJunMember	－	十　川　　　潤
jpcrp_cor:DateOfBirthInformationAboutExecutiveDirectors	生年月日、役員の状況（執行役）	FilingDateInstant_jpcrp030000-asr_E03606-000TogawaJunMember	－	1967-07-03
jpcrp_cor:CareerSummaryInformationAboutExecutiveDirectorsTextBlock	略歴、役員の状況（執行役） [テキストブロック]	FilingDateInstant_jpcrp030000-asr_E03606-000TogawaJunMember	－	1990年4月三菱信託銀行株式会社入社2016年6月三菱ＵＦＪ信託銀行株式会社執行役員株式会社三菱東京ＵＦＪ銀行執行役員当社執行役員2020年4月三菱ＵＦＪ信託銀行株式会社常務執行役員株式会社三菱ＵＦＪ銀行常務執行役員2023年4月三菱ＵＦ
jpcrp_cor:TermOfOfficeInformationAboutExecutiveDirectors	任期、役員の状況（執行役）	FilingDateInstant_jpcrp030000-asr_E03606-000TogawaJunMember	－	(注)2
jpcrp_cor:OfficialTitleOrPositionInformationAboutExecutiveDirectors	役職名、役員の状況（執行役）	FilingDateInstant_jpcrp030000-asr_E03606-000TakaseHideakiMember	－	代表執行役専務コーポレートバンキング事業本部長（除くウェルスマネジメントリサーチ部担当）
jpcrp_cor:NameInformationAboutExecutiveDirectors	氏名、役員の状況（執行役）	FilingDateInstant_jpcrp030000-asr_E03606-000TakaseHideakiMember	－	髙　瀬　英　明
jpcrp_cor:DateOfBirthInformationAboutExecutiveDirectors	生年月日、役員の状況（執行役）	FilingDateInstant_jpcrp030000-asr_E03606-000TakaseHideakiMember	－	1968-12-14
jpcrp_cor:CareerSummaryInformationAboutExecutiveDirectorsTextBlock	略歴、役員の状況（執行役） [テキストブロック]	FilingDateInstant_jpcrp030000-asr_E03606-000TakaseHideakiMember	－	1991年4月株式会社三菱銀行入行2017年6月株式会社三菱東京ＵＦＪ銀行執行役員当社執行役員2019年8月ＭＵＦＧバンク(ヨーロッパ)頭取2021年4月株式会社三菱ＵＦＪ銀行常務執行役員2022年4月当社執行役常務2022年6月株式会社三
jpcrp_cor:TermOfOfficeInformationAboutExecutiveDirectors	任期、役員の状況（執行役）	FilingDateInstant_jpcrp030000-asr_E03606-000TakaseHideakiMember	－	(注)2
jpcrp_cor:OfficialTitleOrPositionInformationAboutExecutiveDirectors	役職名、役員の状況（執行役）	FilingDateInstant_jpcrp030000-asr_E03606-000YamamotoTadashiMember	－	執行役専務リテール・デジタル事業本部長兼グループＣＤＴＯ
jpcrp_cor:NameInformationAboutExecutiveDirectors	氏名、役員の状況（執行役）	FilingDateInstant_jpcrp030000-asr_E03606-000YamamotoTadashiMember	－	山　本　忠　司
jpcrp_cor:DateOfBirthInformationAboutExecutiveDirectors	生年月日、役員の状況（執行役）	FilingDateInstant_jpcrp030000-asr_E03606-000YamamotoTadashiMember	－	1969-05-23
jpcrp_cor:CareerSummaryInformationAboutExecutiveDirectorsTextBlock	略歴、役員の状況（執行役） [テキストブロック]	FilingDateInstant_jpcrp030000-asr_E03606-000YamamotoTadashiMember	－	1992年4月株式会社東京銀行入行2018年6月株式会社三菱ＵＦＪ銀行執行役員当社執行役員2022年4月株式会社三菱ＵＦＪ銀行常務執行役員当社常務執行役員2022年6月株式会社三菱ＵＦＪ銀行取締役常務執行役員2023年4月当社執行役常務20
jpcrp_cor:TermOfOfficeInformationAboutExecutiveDirectors	任期、役員の状況（執行役）	FilingDateInstant_jpcrp030000-asr_E03606-000YamamotoTadashiMember	－	(注)2
jpcrp_cor:OfficialTitleOrPositionInformationAboutExecutiveDirectors	役職名、役員の状況（執行役）	FilingDateInstant_jpcrp030000-asr_E03606-000YokomakuKatsunoriMember	－	執行役専務グループＣＲＯ
jpcrp_cor:NameInformationAboutExecutiveDirectors	氏名、役員の状況（執行役）	FilingDateInstant_jpcrp030000-asr_E03606-000YokomakuKatsunoriMember	－	横　幕　勝　範
jpcrp_cor:DateOfBirthInformationAboutExecutiveDirectors	生年月日、役員の状況（執行役）	FilingDateInstant_jpcrp030000-asr_E03606-000YokomakuKatsunoriMember	－	1967-12-23
jpcrp_cor:CareerSummaryInformationAboutExecutiveDirectorsTextBlock	略歴、役員の状況（執行役） [テキストブロック]	FilingDateInstant_jpcrp030000-asr_E03606-000YokomakuKatsunoriMember	－	1992年4月株式会社三和銀行入行2018年6月株式会社三菱ＵＦＪ銀行執行役員当社執行役員2022年4月株式会社三菱ＵＦＪ銀行常務執行役員2024年4月当社執行役常務2024年6月株式会社三菱ＵＦＪ銀行取締役常務執行役員2026年4月同行取
jpcrp_cor:TermOfOfficeInformationAboutExecutiveDirectors	任期、役員の状況（執行役）	FilingDateInstant_jpcrp030000-asr_E03606-000YokomakuKatsunoriMember	－	(注)2
jpcrp_cor:OfficialTitleOrPositionInformationAboutExecutiveDirectors	役職名、役員の状況（執行役）	FilingDateInstant_jpcrp030000-asr_E03606-000KomoriyaMasatoshiMember	－	執行役専務グループＣＯＯ-Ｉ兼グローバルコマーシャルバンキング事業本部長
jpcrp_cor:NameInformationAboutExecutiveDirectors	氏名、役員の状況（執行役）	FilingDateInstant_jpcrp030000-asr_E03606-000KomoriyaMasatoshiMember	－	小森谷　正 敏
jpcrp_cor:DateOfBirthInformationAboutExecutiveDirectors	生年月日、役員の状況（執行役）	FilingDateInstant_jpcrp030000-asr_E03606-000KomoriyaMasatoshiMember	－	1969-03-19
jpcrp_cor:CareerSummaryInformationAboutExecutiveDirectorsTextBlock	略歴、役員の状況（執行役） [テキストブロック]	FilingDateInstant_jpcrp030000-asr_E03606-000KomoriyaMasatoshiMember	－	1991年4月株式会社東京銀行入行2017年6月株式会社三菱東京ＵＦＪ銀行執行役員当社執行役員2022年4月株式会社三菱ＵＦＪ銀行常務執行役員当社常務執行役員2026年4月株式会社三菱ＵＦＪ銀行専務執行役員(現職)当社執行役専務(現職)
jpcrp_cor:TermOfOfficeInformationAboutExecutiveDirectors	任期、役員の状況（執行役）	FilingDateInstant_jpcrp030000-asr_E03606-000KomoriyaMasatoshiMember	－	(注)3
jpcrp_cor:OfficialTitleOrPositionInformationAboutExecutiveDirectors	役職名、役員の状況（執行役）	FilingDateInstant_jpcrp030000-asr_E03606-000TanakaTakuyaMember	－	代表執行役専務法人・ウェルスマネジメント事業本部長(除くウェルスマネジメントリサーチ部担当)兼 受託財産事業本部 副本部長兼 ウェルスマネジメントユニット長
jpcrp_cor:NameInformationAboutExecutiveDirectors	氏名、役員の状況（執行役）	FilingDateInstant_jpcrp030000-asr_E03606-000TanakaTakuyaMember	－	田　中　琢　哉
jpcrp_cor:DateOfBirthInformationAboutExecutiveDirectors	生年月日、役員の状況（執行役）	FilingDateInstant_jpcrp030000-asr_E03606-000TanakaTakuyaMember	－	1968-12-06
jpcrp_cor:CareerSummaryInformationAboutExecutiveDirectorsTextBlock	略歴、役員の状況（執行役） [テキストブロック]	FilingDateInstant_jpcrp030000-asr_E03606-000TanakaTakuyaMember	－	1991年4月株式会社三和銀行入行2017年6月株式会社三菱東京ＵＦＪ銀行執行役員当社執行役員2021年4月株式会社三菱ＵＦＪ銀行常務執行役員2023年4月当社常務執行役員2025年4月株式会社三菱ＵＦＪ銀行専務執行役員2026年4月同行副
jpcrp_cor:TermOfOfficeInformationAboutExecutiveDirectors	任期、役員の状況（執行役）	FilingDateInstant_jpcrp030000-asr_E03606-000TanakaTakuyaMember	－	(注)3
jpcrp_cor:OfficialTitleOrPositionInformationAboutExecutiveDirectors	役職名、役員の状況（執行役）	FilingDateInstant_jpcrp030000-asr_E03606-000KuniyukiMasahiroMember	－	執行役常務グループＣＨＲＯ兼総務部副担当
jpcrp_cor:NameInformationAboutExecutiveDirectors	氏名、役員の状況（執行役）	FilingDateInstant_jpcrp030000-asr_E03606-000KuniyukiMasahiroMember	－	國　行　昌　裕
jpcrp_cor:DateOfBirthInformationAboutExecutiveDirectors	生年月日、役員の状況（執行役）	FilingDateInstant_jpcrp030000-asr_E03606-000KuniyukiMasahiroMember	－	1970-10-20
jpcrp_cor:CareerSummaryInformationAboutExecutiveDirectorsTextBlock	略歴、役員の状況（執行役） [テキストブロック]	FilingDateInstant_jpcrp030000-asr_E03606-000KuniyukiMasahiroMember	－	1994年4月三菱信託銀行株式会社入社2020年4月三菱ＵＦＪ信託銀行株式会社執行役員2022年4月株式会社三菱ＵＦＪ銀行執行役員当社執行役員2024年4月三菱ＵＦＪ信託銀行株式会社常務執行役員当社常務執行役員2025年4月三菱ＵＦＪ信託銀
jpcrp_cor:TermOfOfficeInformationAboutExecutiveDirectors	任期、役員の状況（執行役）	FilingDateInstant_jpcrp030000-asr_E03606-000KuniyukiMasahiroMember	－	(注)2
jpcrp_cor:OfficialTitleOrPositionInformationAboutExecutiveDirectors	役職名、役員の状況（執行役）	FilingDateInstant_jpcrp030000-asr_E03606-000SueokaAkikoMember	－	執行役常務グループＣＬＯ
jpcrp_cor:NameInformationAboutExecutiveDirectors	氏名、役員の状況（執行役）	FilingDateInstant_jpcrp030000-asr_E03606-000SueokaAkikoMember	－	末　岡　晶　子
jpcrp_cor:DateOfBirthInformationAboutExecutiveDirectors	生年月日、役員の状況（執行役）	FilingDateInstant_jpcrp030000-asr_E03606-000SueokaAkikoMember	－	1971-10-31
jpcrp_cor:CareerSummaryInformationAboutExecutiveDirectorsTextBlock	略歴、役員の状況（執行役） [テキストブロック]	FilingDateInstant_jpcrp030000-asr_E03606-000SueokaAkikoMember	－	1994年4月厚生省（現厚生労働省）入省2000年4月弁護士登録森綜合法律事務所入所2003年9月Simpson Thacher &amp; Bartlett LLPニューヨークオフィス勤務2004年10月Pavia e Ansaldoロー
jpcrp_cor:TermOfOfficeInformationAboutExecutiveDirectors	任期、役員の状況（執行役）	FilingDateInstant_jpcrp030000-asr_E03606-000SueokaAkikoMember	－	(注)2
jpcrp_cor:OfficialTitleOrPositionInformationAboutExecutiveDirectors	役職名、役員の状況（執行役）	FilingDateInstant_jpcrp030000-asr_E03606-000KamiokaTomoyukiMember	－	執行役常務市場事業本部長
jpcrp_cor:NameInformationAboutExecutiveDirectors	氏名、役員の状況（執行役）	FilingDateInstant_jpcrp030000-asr_E03606-000KamiokaTomoyukiMember	－	上　岡　智　之
jpcrp_cor:DateOfBirthInformationAboutExecutiveDirectors	生年月日、役員の状況（執行役）	FilingDateInstant_jpcrp030000-asr_E03606-000KamiokaTomoyukiMember	－	1970-06-27
jpcrp_cor:CareerSummaryInformationAboutExecutiveDirectorsTextBlock	略歴、役員の状況（執行役） [テキストブロック]	FilingDateInstant_jpcrp030000-asr_E03606-000KamiokaTomoyukiMember	－	1994年4月株式会社東京銀行入行2020年6月株式会社三菱ＵＦＪ銀行執行役員当社執行役員2020年8月三菱ＵＦＪ証券ホールディングス株式会社執行役員2023年4月三菱ＵＦＪモルガン・スタンレー証券株式会社執行役員2024年4月三菱ＵＦＪ証
jpcrp_cor:TermOfOfficeInformationAboutExecutiveDirectors	任期、役員の状況（執行役）	FilingDateInstant_jpcrp030000-asr_E03606-000KamiokaTomoyukiMember	－	(注)3
jpcrp_cor:OfficialTitleOrPositionInformationAboutExecutiveDirectors	役職名、役員の状況（執行役）	FilingDateInstant_jpcrp030000-asr_E03606-000KatayamaMikiMember	－	執行役常務グループＣＣＯ
jpcrp_cor:NameInformationAboutExecutiveDirectors	氏名、役員の状況（執行役）	FilingDateInstant_jpcrp030000-asr_E03606-000KatayamaMikiMember	－	片　山　　　幹
jpcrp_cor:DateOfBirthInformationAboutExecutiveDirectors	生年月日、役員の状況（執行役）	FilingDateInstant_jpcrp030000-asr_E03606-000KatayamaMikiMember	－	1970-09-02
jpcrp_cor:CareerSummaryInformationAboutExecutiveDirectorsTextBlock	略歴、役員の状況（執行役） [テキストブロック]	FilingDateInstant_jpcrp030000-asr_E03606-000KatayamaMikiMember	－	1993年4月株式会社三菱銀行入行2022年6月株式会社三菱ＵＦＪ銀行執行役員当社執行役員2026年4月株式会社三菱ＵＦＪ銀行常務執行役員(現職)当社執行役常務(現職)
jpcrp_cor:TermOfOfficeInformationAboutExecutiveDirectors	任期、役員の状況（執行役）	FilingDateInstant_jpcrp030000-asr_E03606-000KatayamaMikiMember	－	(注)3
jpcrp_cor:OfficialTitleOrPositionInformationAboutExecutiveDirectors	役職名、役員の状況（執行役）	FilingDateInstant_jpcrp030000-asr_E03606-000SakuraiTakayukiMember	－	執行役常務グループＣＡＯ兼 監査部長
jpcrp_cor:NameInformationAboutExecutiveDirectors	氏名、役員の状況（執行役）	FilingDateInstant_jpcrp030000-asr_E03606-000SakuraiTakayukiMember	－	櫻　井　貴　之
jpcrp_cor:DateOfBirthInformationAboutExecutiveDirectors	生年月日、役員の状況（執行役）	FilingDateInstant_jpcrp030000-asr_E03606-000SakuraiTakayukiMember	－	1971-05-12
jpcrp_cor:CareerSummaryInformationAboutExecutiveDirectorsTextBlock	略歴、役員の状況（執行役） [テキストブロック]	FilingDateInstant_jpcrp030000-asr_E03606-000SakuraiTakayukiMember	－	1994年4月株式会社三菱銀行入行2020年4月株式会社三菱ＵＦＪ銀行執行役員当社執行役員2024年4月三菱ＵＦＪ証券ホールディングス株式会社執行役員三菱ＵＦＪモルガン・スタンレー証券株式会社執行役員2025年4月株式会社三菱ＵＦＪ銀行執行
jpcrp_cor:TermOfOfficeInformationAboutExecutiveDirectors	任期、役員の状況（執行役）	FilingDateInstant_jpcrp030000-asr_E03606-000SakuraiTakayukiMember	－	(注)3
jpcrp_cor:OfficialTitleOrPositionInformationAboutExecutiveDirectors	役職名、役員の状況（執行役）	FilingDateInstant_jpcrp030000-asr_E03606-000TokumaKensukeMember	－	執行役常務グループＣＩＯ
jpcrp_cor:NameInformationAboutExecutiveDirectors	氏名、役員の状況（執行役）	FilingDateInstant_jpcrp030000-asr_E03606-000TokumaKensukeMember	－	德　間　憲　介
jpcrp_cor:DateOfBirthInformationAboutExecutiveDirectors	生年月日、役員の状況（執行役）	FilingDateInstant_jpcrp030000-asr_E03606-000TokumaKensukeMember	－	1972-11-17
jpcrp_cor:CareerSummaryInformationAboutExecutiveDirectorsTextBlock	略歴、役員の状況（執行役） [テキストブロック]	FilingDateInstant_jpcrp030000-asr_E03606-000TokumaKensukeMember	－	1996年4月株式会社三和銀行入行2023年6月株式会社三菱ＵＦＪ銀行執行役員当社執行役員2026年4月株式会社三菱ＵＦＪ銀行常務執行役員(現職)当社執行役常務(現職)
jpcrp_cor:TermOfOfficeInformationAboutExecutiveDirectors	任期、役員の状況（執行役）	FilingDateInstant_jpcrp030000-asr_E03606-000TokumaKensukeMember	－	(注)3
jpcrp_cor:OfficialTitleOrPositionInformationAboutExecutiveDirectors	役職名、役員の状況（執行役）	FilingDateInstant_jpcrp030000-asr_E03606-000UenoYoshiakiMember	－	代表執行役常務 グループＣＳＯ(経営企画部(除く財務・資源運営兼海外事業)担当)兼グループＣＳｕＯ兼総務部担当
jpcrp_cor:NameInformationAboutExecutiveDirectors	氏名、役員の状況（執行役）	FilingDateInstant_jpcrp030000-asr_E03606-000UenoYoshiakiMember	－	上　野　義　明
jpcrp_cor:DateOfBirthInformationAboutExecutiveDirectors	生年月日、役員の状況（執行役）	FilingDateInstant_jpcrp030000-asr_E03606-000UenoYoshiakiMember	－	1974-02-26
jpcrp_cor:CareerSummaryInformationAboutExecutiveDirectorsTextBlock	略歴、役員の状況（執行役） [テキストブロック]	FilingDateInstant_jpcrp030000-asr_E03606-000UenoYoshiakiMember	－	1996年4月株式会社東京三菱銀行入行2022年6月株式会社三菱ＵＦＪ銀行執行役員当社執行役員2025年2月株式会社三菱ＵＦＪ銀行常務執行役員当社常務執行役員2025年6月株式会社三菱ＵＦＪ銀行取締役常務執行役員(現職)2026年4月当社代
jpcrp_cor:TermOfOfficeInformationAboutExecutiveDirectors	任期、役員の状況（執行役）	FilingDateInstant_jpcrp030000-asr_E03606-000UenoYoshiakiMember	－	(注)3
jpcrp_cor:FootnotesExecutiveOfficersTextBlock	脚注（執行役） [テキストブロック]	FilingDateInstant_Row1Member	－	(注) １ 「(2)役員の状況 ①役員一覧 (ⅱ) ａ．取締役の状況」に記載されております。
jpcrp_cor:FootnotesExecutiveOfficersTextBlock	脚注（執行役） [テキストブロック]	FilingDateInstant_Row2Member	－	２ 執行役の任期は、2025年6月から2026年3月期にかかる定時株主総会の終結後最初に招集される取締役会の終結の時までであります。 
jpcrp_cor:FootnotesExecutiveOfficersTextBlock	脚注（執行役） [テキストブロック]	FilingDateInstant_Row3Member	－	３ 執行役の任期は、2026年4月から2026年3月期にかかる定時株主総会の終結後最初に招集される取締役会の終結の時までであります。 
jpcrp_cor:OfficialTitleOrPositionInformationAboutDirectorsAndCorporateAuditorsProposal	役職名、役員の状況（取締役（及び監査役））（議案）	FilingDateInstant_jpcrp030000-asr_E03606-000KuwabaraSatokoMember	－	取締役
jpcrp_cor:NameInformationAboutDirectorsAndCorporateAuditorsProposal	氏名、役員の状況（取締役（及び監査役））（議案）	FilingDateInstant_jpcrp030000-asr_E03606-000KuwabaraSatokoMember	－	桑　原　聡　子
jpcrp_cor:DateOfBirthInformationAboutDirectorsAndCorporateAuditorsProposal	生年月日、役員の状況（取締役（及び監査役））（議案）	FilingDateInstant_jpcrp030000-asr_E03606-000KuwabaraSatokoMember	－	1964-11-01
jpcrp_cor:CareerSummaryInformationAboutDirectorsAndCorporateAuditorsProposalTextBlock	略歴、役員の状況（取締役（及び監査役））（議案） [テキストブロック]	FilingDateInstant_jpcrp030000-asr_E03606-000KuwabaraSatokoMember	－	1990年4月弁護士登録 第二東京弁護士会入会森綜合法律事務所入所1998年1月森・濱田松本法律事務所(現森・濱田松本法律事務所外国法共同事業)パートナー2016年6月株式会社バンダイナムコホールディングス社外取締役2020年3月株式会社ユ
jpcrp_cor:TermOfOfficeInformationAboutDirectorsAndCorporateAuditorsProposal	任期、役員の状況（取締役（及び監査役））（議案）	FilingDateInstant_jpcrp030000-asr_E03606-000KuwabaraSatokoMember	－	(注)2
jpcrp_cor:OfficialTitleOrPositionInformationAboutDirectorsAndCorporateAuditorsProposal	役職名、役員の状況（取締役（及び監査役））（議案）	FilingDateInstant_jpcrp030000-asr_E03606-000MariElkaPangestuMember	－	取締役
jpcrp_cor:NameInformationAboutDirectorsAndCorporateAuditorsProposal	氏名、役員の状況（取締役（及び監査役））（議案）	FilingDateInstant_jpcrp030000-asr_E03606-000MariElkaPangestuMember	－	マリ・エルカ・ パンゲストゥ
jpcrp_cor:DateOfBirthInformationAboutDirectorsAndCorporateAuditorsProposal	生年月日、役員の状況（取締役（及び監査役））（議案）	FilingDateInstant_jpcrp030000-asr_E03606-000MariElkaPangestuMember	－	1956-10-23
jpcrp_cor:CareerSummaryInformationAboutDirectorsAndCorporateAuditorsProposalTextBlock	略歴、役員の状況（取締役（及び監査役））（議案） [テキストブロック]	FilingDateInstant_jpcrp030000-asr_E03606-000MariElkaPangestuMember	－	1986年8月インドネシア戦略国際問題研究所入所1987年7月インドネシア国財務省 Program For Financial Policy and Trainingリサーチコーディネーターインドネシア大学 Inter University
jpcrp_cor:TermOfOfficeInformationAboutDirectorsAndCorporateAuditorsProposal	任期、役員の状況（取締役（及び監査役））（議案）	FilingDateInstant_jpcrp030000-asr_E03606-000MariElkaPangestuMember	－	(注)2
jpcrp_cor:OfficialTitleOrPositionInformationAboutDirectorsAndCorporateAuditorsProposal	役職名、役員の状況（取締役（及び監査役））（議案）	FilingDateInstant_jpcrp030000-asr_E03606-000ShimizuHiroshiMember	－	取締役
jpcrp_cor:NameInformationAboutDirectorsAndCorporateAuditorsProposal	氏名、役員の状況（取締役（及び監査役））（議案）	FilingDateInstant_jpcrp030000-asr_E03606-000ShimizuHiroshiMember	－	清　水　　　博
jpcrp_cor:DateOfBirthInformationAboutDirectorsAndCorporateAuditorsProposal	生年月日、役員の状況（取締役（及び監査役））（議案）	FilingDateInstant_jpcrp030000-asr_E03606-000ShimizuHiroshiMember	－	1961-01-30
jpcrp_cor:CareerSummaryInformationAboutDirectorsAndCorporateAuditorsProposalTextBlock	略歴、役員の状況（取締役（及び監査役））（議案） [テキストブロック]	FilingDateInstant_jpcrp030000-asr_E03606-000ShimizuHiroshiMember	－	1983年4月日本生命保険相互会社入社2009年3月同社執行役員 総合企画部長2012年3月同社常務執行役員 総合企画部長2013年7月同社取締役常務執行役員2014年3月同社取締役常務執行役員法人第一営業本部長兼法人第三営業本部長兼東日本
jpcrp_cor:TermOfOfficeInformationAboutDirectorsAndCorporateAuditorsProposal	任期、役員の状況（取締役（及び監査役））（議案）	FilingDateInstant_jpcrp030000-asr_E03606-000ShimizuHiroshiMember	－	(注)2
jpcrp_cor:OfficialTitleOrPositionInformationAboutDirectorsAndCorporateAuditorsProposal	役職名、役員の状況（取締役（及び監査役））（議案）	FilingDateInstant_jpcrp030000-asr_E03606-000DavidSneiderMember	－	取締役
jpcrp_cor:NameInformationAboutDirectorsAndCorporateAuditorsProposal	氏名、役員の状況（取締役（及び監査役））（議案）	FilingDateInstant_jpcrp030000-asr_E03606-000DavidSneiderMember	－	デイビッド・スナイダー
jpcrp_cor:DateOfBirthInformationAboutDirectorsAndCorporateAuditorsProposal	生年月日、役員の状況（取締役（及び監査役））（議案）	FilingDateInstant_jpcrp030000-asr_E03606-000DavidSneiderMember	－	1957-07-25
jpcrp_cor:CareerSummaryInformationAboutDirectorsAndCorporateAuditorsProposalTextBlock	略歴、役員の状況（取締役（及び監査役））（議案） [テキストブロック]	FilingDateInstant_jpcrp030000-asr_E03606-000DavidSneiderMember	－	1984年12月Paul, Weiss, Rifkind, Wharton &amp;Garrison LLP アソシエイト1985年6月米国ニューヨーク州弁護士登録1987年7月Salomon Brothers Inc.法務部ディレクター
jpcrp_cor:TermOfOfficeInformationAboutDirectorsAndCorporateAuditorsProposal	任期、役員の状況（取締役（及び監査役））（議案）	FilingDateInstant_jpcrp030000-asr_E03606-000DavidSneiderMember	－	(注)2
jpcrp_cor:OfficialTitleOrPositionInformationAboutDirectorsAndCorporateAuditorsProposal	役職名、役員の状況（取締役（及び監査役））（議案）	FilingDateInstant_jpcrp030000-asr_E03606-000SuzukiMiyukiMember	－	取締役
jpcrp_cor:NameInformationAboutDirectorsAndCorporateAuditorsProposal	氏名、役員の状況（取締役（及び監査役））（議案）	FilingDateInstant_jpcrp030000-asr_E03606-000SuzukiMiyukiMember	－	鈴 木　みゆき
jpcrp_cor:DateOfBirthInformationAboutDirectorsAndCorporateAuditorsProposal	生年月日、役員の状況（取締役（及び監査役））（議案）	FilingDateInstant_jpcrp030000-asr_E03606-000SuzukiMiyukiMember	－	1960-08-03
jpcrp_cor:CareerSummaryInformationAboutDirectorsAndCorporateAuditorsProposalTextBlock	略歴、役員の状況（取締役（及び監査役））（議案） [テキストブロック]	FilingDateInstant_jpcrp030000-asr_E03606-000SuzukiMiyukiMember	－	1982年9月ロイター社入社(英国ロンドン)1997年1月ロイター社（シンガポール）東南アジア代表取締役1998年4月BROKAT ASIA PTE LTD（シンガポール）マネージング・ディレクター2001年1月CAZH SINGAPORE
jpcrp_cor:TermOfOfficeInformationAboutDirectorsAndCorporateAuditorsProposal	任期、役員の状況（取締役（及び監査役））（議案）	FilingDateInstant_jpcrp030000-asr_E03606-000SuzukiMiyukiMember	－	(注)2
jpcrp_cor:OfficialTitleOrPositionInformationAboutDirectorsAndCorporateAuditorsProposal	役職名、役員の状況（取締役（及び監査役））（議案）	FilingDateInstant_jpcrp030000-asr_E03606-000TsujiKoichiMember	－	取締役
jpcrp_cor:NameInformationAboutDirectorsAndCorporateAuditorsProposal	氏名、役員の状況（取締役（及び監査役））（議案）	FilingDateInstant_jpcrp030000-asr_E03606-000TsujiKoichiMember	－	辻　　　幸　一
jpcrp_cor:DateOfBirthInformationAboutDirectorsAndCorporateAuditorsProposal	生年月日、役員の状況（取締役（及び監査役））（議案）	FilingDateInstant_jpcrp030000-asr_E03606-000TsujiKoichiMember	－	1957-04-10
jpcrp_cor:CareerSummaryInformationAboutDirectorsAndCorporateAuditorsProposalTextBlock	略歴、役員の状況（取締役（及び監査役））（議案） [テキストブロック]	FilingDateInstant_jpcrp030000-asr_E03606-000TsujiKoichiMember	－	1984年10月ピート・マーウィック・ミッチェル会計士事務所入所1988年9月公認会計士登録1989年2月スイス国チューリッヒ駐在2004年7月新日本監査法人シニアパートナー2016年2月新日本有限責任監査法人(現EY新日本有限責任監査法人
jpcrp_cor:TermOfOfficeInformationAboutDirectorsAndCorporateAuditorsProposal	任期、役員の状況（取締役（及び監査役））（議案）	FilingDateInstant_jpcrp030000-asr_E03606-000TsujiKoichiMember	－	(注)2
jpcrp_cor:OfficialTitleOrPositionInformationAboutDirectorsAndCorporateAuditorsProposal	役職名、役員の状況（取締役（及び監査役））（議案）	FilingDateInstant_jpcrp030000-asr_E03606-000UedaTeruhisaMember	－	取締役
jpcrp_cor:NameInformationAboutDirectorsAndCorporateAuditorsProposal	氏名、役員の状況（取締役（及び監査役））（議案）	FilingDateInstant_jpcrp030000-asr_E03606-000UedaTeruhisaMember	－	上　田　輝　久
jpcrp_cor:DateOfBirthInformationAboutDirectorsAndCorporateAuditorsProposal	生年月日、役員の状況（取締役（及び監査役））（議案）	FilingDateInstant_jpcrp030000-asr_E03606-000UedaTeruhisaMember	－	1957-05-14
jpcrp_cor:CareerSummaryInformationAboutDirectorsAndCorporateAuditorsProposalTextBlock	略歴、役員の状況（取締役（及び監査役））（議案） [テキストブロック]	FilingDateInstant_jpcrp030000-asr_E03606-000UedaTeruhisaMember	－	1982年4月株式会社島津製作所入社2007年6月同社執行役員 分析計測事業部副事業部長2011年6月同社取締役 分析計測事業部長2013年6月同社取締役 常務執行役員2014年6月同社取締役 専務執行役員2015年6月同社代表取締役 社長
jpcrp_cor:TermOfOfficeInformationAboutDirectorsAndCorporateAuditorsProposal	任期、役員の状況（取締役（及び監査役））（議案）	FilingDateInstant_jpcrp030000-asr_E03606-000UedaTeruhisaMember	－	(注)2
jpcrp_cor:OfficialTitleOrPositionInformationAboutDirectorsAndCorporateAuditorsProposal	役職名、役員の状況（取締役（及び監査役））（議案）	FilingDateInstant_jpcrp030000-asr_E03606-000YoshidaKenichiroMember	－	取締役
jpcrp_cor:NameInformationAboutDirectorsAndCorporateAuditorsProposal	氏名、役員の状況（取締役（及び監査役））（議案）	FilingDateInstant_jpcrp030000-asr_E03606-000YoshidaKenichiroMember	－	吉　田　憲一郎
jpcrp_cor:DateOfBirthInformationAboutDirectorsAndCorporateAuditorsProposal	生年月日、役員の状況（取締役（及び監査役））（議案）	FilingDateInstant_jpcrp030000-asr_E03606-000YoshidaKenichiroMember	－	1959-10-20
jpcrp_cor:CareerSummaryInformationAboutDirectorsAndCorporateAuditorsProposalTextBlock	略歴、役員の状況（取締役（及び監査役））（議案） [テキストブロック]	FilingDateInstant_jpcrp030000-asr_E03606-000YoshidaKenichiroMember	－	1983年4月ソニー株式会社（現ソニーグループ株式会社）入社1998年6月同社 社長室　室長2000年7月ソニーコミュニケーションネットワーク株式会社（現ソニーネットワークコミュニケーションズ株式会社）入社2001年5月同社 執行役員200
jpcrp_cor:TermOfOfficeInformationAboutDirectorsAndCorporateAuditorsProposal	任期、役員の状況（取締役（及び監査役））（議案）	FilingDateInstant_jpcrp030000-asr_E03606-000YoshidaKenichiroMember	－	(注)2
jpcrp_cor:OfficialTitleOrPositionInformationAboutDirectorsAndCorporateAuditorsProposal	役職名、役員の状況（取締役（及び監査役））（議案）	FilingDateInstant_jpcrp030000-asr_E03606-000YasudaTakayukiMember	－	取締役
jpcrp_cor:NameInformationAboutDirectorsAndCorporateAuditorsProposal	氏名、役員の状況（取締役（及び監査役））（議案）	FilingDateInstant_jpcrp030000-asr_E03606-000YasudaTakayukiMember	－	安　田　敬　之
jpcrp_cor:DateOfBirthInformationAboutDirectorsAndCorporateAuditorsProposal	生年月日、役員の状況（取締役（及び監査役））（議案）	FilingDateInstant_jpcrp030000-asr_E03606-000YasudaTakayukiMember	－	1963-06-19
jpcrp_cor:CareerSummaryInformationAboutDirectorsAndCorporateAuditorsProposalTextBlock	略歴、役員の状況（取締役（及び監査役））（議案） [テキストブロック]	FilingDateInstant_jpcrp030000-asr_E03606-000YasudaTakayukiMember	－	1987年4月三菱信託銀行株式会社入社2013年6月三菱ＵＦＪ信託銀行株式会社執行役員2015年2月当社執行役員2017年6月三菱ＵＦＪ信託銀行株式会社常務執行役員2021年4月同社取締役専務執行役員当社執行役専務2023年4月三菱ＵＦＪ信
jpcrp_cor:TermOfOfficeInformationAboutDirectorsAndCorporateAuditorsProposal	任期、役員の状況（取締役（及び監査役））（議案）	FilingDateInstant_jpcrp030000-asr_E03606-000YasudaTakayukiMember	－	(注)2
jpcrp_cor:OfficialTitleOrPositionInformationAboutDirectorsAndCorporateAuditorsProposal	役職名、役員の状況（取締役（及び監査役））（議案）	FilingDateInstant_jpcrp030000-asr_E03606-000KanieNorioMember	－	取締役
jpcrp_cor:NameInformationAboutDirectorsAndCorporateAuditorsProposal	氏名、役員の状況（取締役（及び監査役））（議案）	FilingDateInstant_jpcrp030000-asr_E03606-000KanieNorioMember	－	蟹　江　典　夫
jpcrp_cor:DateOfBirthInformationAboutDirectorsAndCorporateAuditorsProposal	生年月日、役員の状況（取締役（及び監査役））（議案）	FilingDateInstant_jpcrp030000-asr_E03606-000KanieNorioMember	－	1970-10-19
jpcrp_cor:CareerSummaryInformationAboutDirectorsAndCorporateAuditorsProposalTextBlock	略歴、役員の状況（取締役（及び監査役））（議案） [テキストブロック]	FilingDateInstant_jpcrp030000-asr_E03606-000KanieNorioMember	－	1994年4月株式会社三和銀行入行2021年6月株式会社三菱ＵＦＪ銀行執行役員当社執行役員2023年4月三菱ＵＦＪ証券ホールディングス株式会社執行役員2025年4月株式会社三菱ＵＦＪ銀行常務執行役員当社常務執行役員(現職)2026年6月当社
jpcrp_cor:TermOfOfficeInformationAboutDirectorsAndCorporateAuditorsProposal	任期、役員の状況（取締役（及び監査役））（議案）	FilingDateInstant_jpcrp030000-asr_E03606-000KanieNorioMember	－	(注)2
jpcrp_cor:OfficialTitleOrPositionInformationAboutDirectorsAndCorporateAuditorsProposal	役職名、役員の状況（取締役（及び監査役））（議案）	FilingDateInstant_jpcrp030000-asr_E03606-000KamezawaHironoriMember	－	取締役
jpcrp_cor:NameInformationAboutDirectorsAndCorporateAuditorsProposal	氏名、役員の状況（取締役（及び監査役））（議案）	FilingDateInstant_jpcrp030000-asr_E03606-000KamezawaHironoriMember	－	亀　澤　宏　規
jpcrp_cor:DateOfBirthInformationAboutDirectorsAndCorporateAuditorsProposal	生年月日、役員の状況（取締役（及び監査役））（議案）	FilingDateInstant_jpcrp030000-asr_E03606-000KamezawaHironoriMember	－	1961-11-18
jpcrp_cor:CareerSummaryInformationAboutDirectorsAndCorporateAuditorsProposalTextBlock	略歴、役員の状況（取締役（及び監査役））（議案） [テキストブロック]	FilingDateInstant_jpcrp030000-asr_E03606-000KamezawaHironoriMember	－	1986年4月株式会社三菱銀行入行2010年6月株式会社三菱東京ＵＦＪ銀行執行役員当社執行役員2014年5月株式会社三菱東京ＵＦＪ銀行常務執行役員当社常務執行役員2017年5月当社執行役常務2017年6月株式会社三菱東京ＵＦＪ銀行取締役常務
jpcrp_cor:TermOfOfficeInformationAboutDirectorsAndCorporateAuditorsProposal	任期、役員の状況（取締役（及び監査役））（議案）	FilingDateInstant_jpcrp030000-asr_E03606-000KamezawaHironoriMember	－	(注)2
jpcrp_cor:OfficialTitleOrPositionInformationAboutDirectorsAndCorporateAuditorsProposal	役職名、役員の状況（取締役（及び監査役））（議案）	FilingDateInstant_jpcrp030000-asr_E03606-000HanzawaJunichiMember	－	取締役
jpcrp_cor:NameInformationAboutDirectorsAndCorporateAuditorsProposal	氏名、役員の状況（取締役（及び監査役））（議案）	FilingDateInstant_jpcrp030000-asr_E03606-000HanzawaJunichiMember	－	半　沢　淳　一
jpcrp_cor:DateOfBirthInformationAboutDirectorsAndCorporateAuditorsProposal	生年月日、役員の状況（取締役（及び監査役））（議案）	FilingDateInstant_jpcrp030000-asr_E03606-000HanzawaJunichiMember	－	1965-01-19
jpcrp_cor:CareerSummaryInformationAboutDirectorsAndCorporateAuditorsProposalTextBlock	略歴、役員の状況（取締役（及び監査役））（議案） [テキストブロック]	FilingDateInstant_jpcrp030000-asr_E03606-000HanzawaJunichiMember	－	1988年4月株式会社三菱銀行入行2014年6月株式会社三菱東京ＵＦＪ銀行執行役員当社執行役員2018年5月株式会社三菱ＵＦＪ銀行常務執行役員2019年4月当社執行役常務2019年6月株式会社三菱ＵＦＪ銀行取締役常務執行役員2021年4月同
jpcrp_cor:TermOfOfficeInformationAboutDirectorsAndCorporateAuditorsProposal	任期、役員の状況（取締役（及び監査役））（議案）	FilingDateInstant_jpcrp030000-asr_E03606-000HanzawaJunichiMember	－	(注)2
jpcrp_cor:OfficialTitleOrPositionInformationAboutDirectorsAndCorporateAuditorsProposal	役職名、役員の状況（取締役（及び監査役））（議案）	FilingDateInstant_jpcrp030000-asr_E03606-000KubotaHiroshiMember	－	取締役
jpcrp_cor:NameInformationAboutDirectorsAndCorporateAuditorsProposal	氏名、役員の状況（取締役（及び監査役））（議案）	FilingDateInstant_jpcrp030000-asr_E03606-000KubotaHiroshiMember	－	窪　田　　　博
jpcrp_cor:DateOfBirthInformationAboutDirectorsAndCorporateAuditorsProposal	生年月日、役員の状況（取締役（及び監査役））（議案）	FilingDateInstant_jpcrp030000-asr_E03606-000KubotaHiroshiMember	－	1969-05-17
jpcrp_cor:CareerSummaryInformationAboutDirectorsAndCorporateAuditorsProposalTextBlock	略歴、役員の状況（取締役（及び監査役））（議案） [テキストブロック]	FilingDateInstant_jpcrp030000-asr_E03606-000KubotaHiroshiMember	－	1992年4月三菱信託銀行株式会社入社2018年4月三菱ＵＦＪ信託銀行株式会社執行役員株式会社三菱ＵＦＪ銀行執行役員2019年4月当社執行役員2022年4月三菱ＵＦＪ信託銀行株式会社常務執行役員株式会社三菱ＵＦＪ銀行常務執行役員2024年4
jpcrp_cor:TermOfOfficeInformationAboutDirectorsAndCorporateAuditorsProposal	任期、役員の状況（取締役（及び監査役））（議案）	FilingDateInstant_jpcrp030000-asr_E03606-000KubotaHiroshiMember	－	(注)2
jpcrp_cor:OfficialTitleOrPositionInformationAboutDirectorsAndCorporateAuditorsProposal	役職名、役員の状況（取締役（及び監査役））（議案）	FilingDateInstant_jpcrp030000-asr_E03606-000OsawaMasakazuMember	－	取締役
jpcrp_cor:NameInformationAboutDirectorsAndCorporateAuditorsProposal	氏名、役員の状況（取締役（及び監査役））（議案）	FilingDateInstant_jpcrp030000-asr_E03606-000OsawaMasakazuMember	－	大　澤　正　和
jpcrp_cor:DateOfBirthInformationAboutDirectorsAndCorporateAuditorsProposal	生年月日、役員の状況（取締役（及び監査役））（議案）	FilingDateInstant_jpcrp030000-asr_E03606-000OsawaMasakazuMember	－	1968-06-20
jpcrp_cor:CareerSummaryInformationAboutDirectorsAndCorporateAuditorsProposalTextBlock	略歴、役員の状況（取締役（及び監査役））（議案） [テキストブロック]	FilingDateInstant_jpcrp030000-asr_E03606-000OsawaMasakazuMember	－	1991年4月株式会社三菱銀行入行2017年6月株式会社三菱東京ＵＦＪ銀行執行役員当社執行役員2020年4月株式会社三菱ＵＦＪ銀行常務執行役員当社執行役常務2020年6月株式会社三菱ＵＦＪ銀行取締役常務執行役員2023年4月同行常務執行役員
jpcrp_cor:TermOfOfficeInformationAboutDirectorsAndCorporateAuditorsProposal	任期、役員の状況（取締役（及び監査役））（議案）	FilingDateInstant_jpcrp030000-asr_E03606-000OsawaMasakazuMember	－	(注)2
jpcrp_cor:OfficialTitleOrPositionInformationAboutDirectorsAndCorporateAuditorsProposal	役職名、役員の状況（取締役（及び監査役））（議案）	FilingDateInstant_jpcrp030000-asr_E03606-000SekiHiroyukiMember	－	取締役
jpcrp_cor:NameInformationAboutDirectorsAndCorporateAuditorsProposal	氏名、役員の状況（取締役（及び監査役））（議案）	FilingDateInstant_jpcrp030000-asr_E03606-000SekiHiroyukiMember	－	関　　　浩　之
jpcrp_cor:DateOfBirthInformationAboutDirectorsAndCorporateAuditorsProposal	生年月日、役員の状況（取締役（及び監査役））（議案）	FilingDateInstant_jpcrp030000-asr_E03606-000SekiHiroyukiMember	－	1968-03-10
jpcrp_cor:CareerSummaryInformationAboutDirectorsAndCorporateAuditorsProposalTextBlock	略歴、役員の状況（取締役（及び監査役））（議案） [テキストブロック]	FilingDateInstant_jpcrp030000-asr_E03606-000SekiHiroyukiMember	－	1990年4月株式会社三菱銀行入行2016年6月株式会社三菱東京ＵＦＪ銀行執行役員当社執行役員2021年4月株式会社三菱ＵＦＪ銀行常務執行役員当社常務執行役員2022年4月当社執行役常務2022年6月株式会社三菱ＵＦＪ銀行取締役常務執行役員
jpcrp_cor:TermOfOfficeInformationAboutDirectorsAndCorporateAuditorsProposal	任期、役員の状況（取締役（及び監査役））（議案）	FilingDateInstant_jpcrp030000-asr_E03606-000SekiHiroyukiMember	－	(注)2
jpcrp_cor:FootnotesDirectorsAndCorporateAuditorsProposalTextBlock	脚注（取締役（及び監査役））（議案） [テキストブロック]	FilingDateInstant_Row1Member	－	(注) １ 取締役のうち、桑原聡子、マリ・エルカ・パンゲストゥ、清水博、デイビッド・スナイダー、鈴木みゆき、辻幸一、上田輝久、及び吉田憲一郎の各氏は、会社法第2条第15号に定める社外取締役であります。
jpcrp_cor:FootnotesDirectorsAndCorporateAuditorsProposalTextBlock	脚注（取締役（及び監査役））（議案） [テキストブロック]	FilingDateInstant_Row2Member	－	２ 取締役の任期は、2026年6月26日の定時株主総会での選任後、2027年3月期にかかる定時株主総会の終結の時までであります。
jpcrp_cor:FootnotesDirectorsAndCorporateAuditorsProposalTextBlock	脚注（取締役（及び監査役））（議案） [テキストブロック]	FilingDateInstant_Row3Member	－	３ 当社は、指名委員会等設置会社であります。委員会の構成及び委員長については、以下のとおりであります。指名・ガバナンス委員会(会社法上の指名委員会)：吉田憲一郎(委員長)、桑原聡子、鈴木みゆき、上田輝久、半沢淳一報酬委員会：桑原聡子(委員長
jpcrp_cor:OfficialTitleOrPositionInformationAboutExecutiveDirectorsProposal	役職名、役員の状況（執行役）（議案）	FilingDateInstant_jpcrp030000-asr_E03606-000KamezawaHironoriMember	－	執行役会長
jpcrp_cor:NameInformationAboutExecutiveDirectorsProposal	氏名、役員の状況（執行役）（議案）	FilingDateInstant_jpcrp030000-asr_E03606-000KamezawaHironoriMember	－	亀　澤　宏　規
jpcrp_cor:DateOfBirthInformationAboutExecutiveDirectorsProposal	生年月日、役員の状況（執行役）（議案）	FilingDateInstant_jpcrp030000-asr_E03606-000KamezawaHironoriMember	－	1961-11-18
jpcrp_cor:CareerSummaryInformationAboutExecutiveDirectorsProposalTextBlock	略歴、役員の状況（執行役）（議案） [テキストブロック]	FilingDateInstant_jpcrp030000-asr_E03606-000KamezawaHironoriMember	－	(注)1
jpcrp_cor:TermOfOfficeInformationAboutExecutiveDirectorsProposal	任期、役員の状況（執行役）（議案）	FilingDateInstant_jpcrp030000-asr_E03606-000KamezawaHironoriMember	－	(注)2
jpcrp_cor:OfficialTitleOrPositionInformationAboutExecutiveDirectorsProposal	役職名、役員の状況（執行役）（議案）	FilingDateInstant_jpcrp030000-asr_E03606-000ItagakiYasushiMember	－	執行役副会長
jpcrp_cor:NameInformationAboutExecutiveDirectorsProposal	氏名、役員の状況（執行役）（議案）	FilingDateInstant_jpcrp030000-asr_E03606-000ItagakiYasushiMember	－	板　垣　靖　士
jpcrp_cor:DateOfBirthInformationAboutExecutiveDirectorsProposal	生年月日、役員の状況（執行役）（議案）	FilingDateInstant_jpcrp030000-asr_E03606-000ItagakiYasushiMember	－	1964-05-24
jpcrp_cor:CareerSummaryInformationAboutExecutiveDirectorsProposalTextBlock	略歴、役員の状況（執行役）（議案） [テキストブロック]	FilingDateInstant_jpcrp030000-asr_E03606-000ItagakiYasushiMember	－	1987年4月株式会社東京銀行入行2013年6月株式会社三菱東京ＵＦＪ銀行執行役員2013年7月当社執行役員2017年5月株式会社三菱東京ＵＦＪ銀行常務執行役員2019年10月ダナモン銀行頭取2021年4月株式会社三菱ＵＦＪ銀行専務執行役員
jpcrp_cor:TermOfOfficeInformationAboutExecutiveDirectorsProposal	任期、役員の状況（執行役）（議案）	FilingDateInstant_jpcrp030000-asr_E03606-000ItagakiYasushiMember	－	(注)2
jpcrp_cor:OfficialTitleOrPositionInformationAboutExecutiveDirectorsProposal	役職名、役員の状況（執行役）（議案）	FilingDateInstant_jpcrp030000-asr_E03606-000HanzawaJunichiMember	－	代表執行役社長 グループＣＥＯ
jpcrp_cor:NameInformationAboutExecutiveDirectorsProposal	氏名、役員の状況（執行役）（議案）	FilingDateInstant_jpcrp030000-asr_E03606-000HanzawaJunichiMember	－	半　沢　淳　一
jpcrp_cor:DateOfBirthInformationAboutExecutiveDirectorsProposal	生年月日、役員の状況（執行役）（議案）	FilingDateInstant_jpcrp030000-asr_E03606-000HanzawaJunichiMember	－	1965-01-19
jpcrp_cor:CareerSummaryInformationAboutExecutiveDirectorsProposalTextBlock	略歴、役員の状況（執行役）（議案） [テキストブロック]	FilingDateInstant_jpcrp030000-asr_E03606-000HanzawaJunichiMember	－	(注)1
jpcrp_cor:TermOfOfficeInformationAboutExecutiveDirectorsProposal	任期、役員の状況（執行役）（議案）	FilingDateInstant_jpcrp030000-asr_E03606-000HanzawaJunichiMember	－	(注)2
jpcrp_cor:OfficialTitleOrPositionInformationAboutExecutiveDirectorsProposal	役職名、役員の状況（執行役）（議案）	FilingDateInstant_jpcrp030000-asr_E03606-000NakahamaFumitakaMember	－	執行役専務グローバルＣＩＢ 事業本部長
jpcrp_cor:NameInformationAboutExecutiveDirectorsProposal	氏名、役員の状況（執行役）（議案）	FilingDateInstant_jpcrp030000-asr_E03606-000NakahamaFumitakaMember	－	中　濱　文　貴
jpcrp_cor:DateOfBirthInformationAboutExecutiveDirectorsProposal	生年月日、役員の状況（執行役）（議案）	FilingDateInstant_jpcrp030000-asr_E03606-000NakahamaFumitakaMember	－	1966-07-28
jpcrp_cor:CareerSummaryInformationAboutExecutiveDirectorsProposalTextBlock	略歴、役員の状況（執行役）（議案） [テキストブロック]	FilingDateInstant_jpcrp030000-asr_E03606-000NakahamaFumitakaMember	－	2009年12月株式会社三菱東京ＵＦＪ銀行入行2018年6月株式会社三菱ＵＦＪ銀行執行役員当社執行役員2021年4月株式会社三菱ＵＦＪ銀行常務執行役員当社常務執行役員2022年4月当社執行役常務2022年6月株式会社三菱ＵＦＪ銀行取締役常務
jpcrp_cor:TermOfOfficeInformationAboutExecutiveDirectorsProposal	任期、役員の状況（執行役）（議案）	FilingDateInstant_jpcrp030000-asr_E03606-000NakahamaFumitakaMember	－	(注)2
jpcrp_cor:OfficialTitleOrPositionInformationAboutExecutiveDirectorsProposal	役職名、役員の状況（執行役）（議案）	FilingDateInstant_jpcrp030000-asr_E03606-000IharaTakafumiMember	－	執行役専務 受託財産事業本部長
jpcrp_cor:NameInformationAboutExecutiveDirectorsProposal	氏名、役員の状況（執行役）（議案）	FilingDateInstant_jpcrp030000-asr_E03606-000IharaTakafumiMember	－	伊　原　隆　史
jpcrp_cor:DateOfBirthInformationAboutExecutiveDirectorsProposal	生年月日、役員の状況（執行役）（議案）	FilingDateInstant_jpcrp030000-asr_E03606-000IharaTakafumiMember	－	1967-05-18
jpcrp_cor:CareerSummaryInformationAboutExecutiveDirectorsProposalTextBlock	略歴、役員の状況（執行役）（議案） [テキストブロック]	FilingDateInstant_jpcrp030000-asr_E03606-000IharaTakafumiMember	－	1990年4月三菱信託銀行株式会社入社2016年6月三菱ＵＦＪ信託銀行株式会社執行役員2018年4月当社執行役員2021年4月三菱ＵＦＪ信託銀行株式会社常務執行役員2023年4月同社専務執行役員2024年4月同社取締役専務執行役員当社執行役
jpcrp_cor:TermOfOfficeInformationAboutExecutiveDirectorsProposal	任期、役員の状況（執行役）（議案）	FilingDateInstant_jpcrp030000-asr_E03606-000IharaTakafumiMember	－	(注)2
jpcrp_cor:OfficialTitleOrPositionInformationAboutExecutiveDirectorsProposal	役職名、役員の状況（執行役）（議案）	FilingDateInstant_jpcrp030000-asr_E03606-000TogawaJunMember	－	代表執行役専務グループＣＦＯ
jpcrp_cor:NameInformationAboutExecutiveDirectorsProposal	氏名、役員の状況（執行役）（議案）	FilingDateInstant_jpcrp030000-asr_E03606-000TogawaJunMember	－	十　川　　　潤
jpcrp_cor:DateOfBirthInformationAboutExecutiveDirectorsProposal	生年月日、役員の状況（執行役）（議案）	FilingDateInstant_jpcrp030000-asr_E03606-000TogawaJunMember	－	1967-07-03
jpcrp_cor:CareerSummaryInformationAboutExecutiveDirectorsProposalTextBlock	略歴、役員の状況（執行役）（議案） [テキストブロック]	FilingDateInstant_jpcrp030000-asr_E03606-000TogawaJunMember	－	1990年4月三菱信託銀行株式会社入社2016年6月三菱ＵＦＪ信託銀行株式会社執行役員株式会社三菱東京ＵＦＪ銀行執行役員当社執行役員2020年4月三菱ＵＦＪ信託銀行株式会社常務執行役員株式会社三菱ＵＦＪ銀行常務執行役員2023年4月三菱ＵＦ
jpcrp_cor:TermOfOfficeInformationAboutExecutiveDirectorsProposal	任期、役員の状況（執行役）（議案）	FilingDateInstant_jpcrp030000-asr_E03606-000TogawaJunMember	－	(注)2
jpcrp_cor:OfficialTitleOrPositionInformationAboutExecutiveDirectorsProposal	役職名、役員の状況（執行役）（議案）	FilingDateInstant_jpcrp030000-asr_E03606-000TakaseHideakiMember	－	代表執行役専務コーポレートバンキング事業本部長（除くウェルスマネジメント リサーチ部担当）
jpcrp_cor:NameInformationAboutExecutiveDirectorsProposal	氏名、役員の状況（執行役）（議案）	FilingDateInstant_jpcrp030000-asr_E03606-000TakaseHideakiMember	－	髙　瀬　英　明
jpcrp_cor:DateOfBirthInformationAboutExecutiveDirectorsProposal	生年月日、役員の状況（執行役）（議案）	FilingDateInstant_jpcrp030000-asr_E03606-000TakaseHideakiMember	－	1968-12-14
jpcrp_cor:CareerSummaryInformationAboutExecutiveDirectorsProposalTextBlock	略歴、役員の状況（執行役）（議案） [テキストブロック]	FilingDateInstant_jpcrp030000-asr_E03606-000TakaseHideakiMember	－	1991年4月株式会社三菱銀行入行2017年6月株式会社三菱東京ＵＦＪ銀行執行役員当社執行役員2019年8月ＭＵＦＧバンク(ヨーロッパ)頭取2021年4月株式会社三菱ＵＦＪ銀行常務執行役員2022年4月当社執行役常務2022年6月株式会社三
jpcrp_cor:TermOfOfficeInformationAboutExecutiveDirectorsProposal	任期、役員の状況（執行役）（議案）	FilingDateInstant_jpcrp030000-asr_E03606-000TakaseHideakiMember	－	(注)2
jpcrp_cor:OfficialTitleOrPositionInformationAboutExecutiveDirectorsProposal	役職名、役員の状況（執行役）（議案）	FilingDateInstant_jpcrp030000-asr_E03606-000YamamotoTadashiMember	－	執行役専務リテール・デジタル事業本部長兼グループＣＤＴＯ
jpcrp_cor:NameInformationAboutExecutiveDirectorsProposal	氏名、役員の状況（執行役）（議案）	FilingDateInstant_jpcrp030000-asr_E03606-000YamamotoTadashiMember	－	山　本　忠　司
jpcrp_cor:DateOfBirthInformationAboutExecutiveDirectorsProposal	生年月日、役員の状況（執行役）（議案）	FilingDateInstant_jpcrp030000-asr_E03606-000YamamotoTadashiMember	－	1969-05-23
jpcrp_cor:CareerSummaryInformationAboutExecutiveDirectorsProposalTextBlock	略歴、役員の状況（執行役）（議案） [テキストブロック]	FilingDateInstant_jpcrp030000-asr_E03606-000YamamotoTadashiMember	－	1992年4月株式会社東京銀行入行2018年6月株式会社三菱ＵＦＪ銀行執行役員当社執行役員2022年4月株式会社三菱ＵＦＪ銀行常務執行役員当社常務執行役員2022年6月株式会社三菱ＵＦＪ銀行取締役常務執行役員2023年4月当社執行役常務20
jpcrp_cor:TermOfOfficeInformationAboutExecutiveDirectorsProposal	任期、役員の状況（執行役）（議案）	FilingDateInstant_jpcrp030000-asr_E03606-000YamamotoTadashiMember	－	(注)2
jpcrp_cor:OfficialTitleOrPositionInformationAboutExecutiveDirectorsProposal	役職名、役員の状況（執行役）（議案）	FilingDateInstant_jpcrp030000-asr_E03606-000YokomakuKatsunoriMember	－	執行役専務グループＣＲＯ
jpcrp_cor:NameInformationAboutExecutiveDirectorsProposal	氏名、役員の状況（執行役）（議案）	FilingDateInstant_jpcrp030000-asr_E03606-000YokomakuKatsunoriMember	－	横　幕　勝　範
jpcrp_cor:DateOfBirthInformationAboutExecutiveDirectorsProposal	生年月日、役員の状況（執行役）（議案）	FilingDateInstant_jpcrp030000-asr_E03606-000YokomakuKatsunoriMember	－	1967-12-23
jpcrp_cor:CareerSummaryInformationAboutExecutiveDirectorsProposalTextBlock	略歴、役員の状況（執行役）（議案） [テキストブロック]	FilingDateInstant_jpcrp030000-asr_E03606-000YokomakuKatsunoriMember	－	1992年4月株式会社三和銀行入行2018年6月株式会社三菱ＵＦＪ銀行執行役員当社執行役員2022年4月株式会社三菱ＵＦＪ銀行常務執行役員2024年4月当社執行役常務2024年6月株式会社三菱ＵＦＪ銀行取締役常務執行役員2026年4月同行取
jpcrp_cor:TermOfOfficeInformationAboutExecutiveDirectorsProposal	任期、役員の状況（執行役）（議案）	FilingDateInstant_jpcrp030000-asr_E03606-000YokomakuKatsunoriMember	－	(注)2
jpcrp_cor:OfficialTitleOrPositionInformationAboutExecutiveDirectorsProposal	役職名、役員の状況（執行役）（議案）	FilingDateInstant_jpcrp030000-asr_E03606-000KomoriyaMasatoshiMember	－	執行役専務グループＣＯＯ-Ｉ兼グローバルコマーシャルバンキング事業本部長
jpcrp_cor:NameInformationAboutExecutiveDirectorsProposal	氏名、役員の状況（執行役）（議案）	FilingDateInstant_jpcrp030000-asr_E03606-000KomoriyaMasatoshiMember	－	小森谷　正 敏
jpcrp_cor:DateOfBirthInformationAboutExecutiveDirectorsProposal	生年月日、役員の状況（執行役）（議案）	FilingDateInstant_jpcrp030000-asr_E03606-000KomoriyaMasatoshiMember	－	1969-03-19
jpcrp_cor:CareerSummaryInformationAboutExecutiveDirectorsProposalTextBlock	略歴、役員の状況（執行役）（議案） [テキストブロック]	FilingDateInstant_jpcrp030000-asr_E03606-000KomoriyaMasatoshiMember	－	1991年4月株式会社東京銀行入行2017年6月株式会社三菱東京ＵＦＪ銀行執行役員当社執行役員2022年4月株式会社三菱ＵＦＪ銀行常務執行役員当社常務執行役員2026年4月株式会社三菱ＵＦＪ銀行専務執行役員(現職)当社執行役専務(現職)20
jpcrp_cor:TermOfOfficeInformationAboutExecutiveDirectorsProposal	任期、役員の状況（執行役）（議案）	FilingDateInstant_jpcrp030000-asr_E03606-000KomoriyaMasatoshiMember	－	(注)2
jpcrp_cor:OfficialTitleOrPositionInformationAboutExecutiveDirectorsProposal	役職名、役員の状況（執行役）（議案）	FilingDateInstant_jpcrp030000-asr_E03606-000TanakaTakuyaMember	－	代表執行役専務法人・ウェルスマネジメント事業本部長(除くウェルスマネジメントリサーチ部担当）兼 受託財産事業本部 副本部長兼 ウェルスマネジメントユニット長
jpcrp_cor:NameInformationAboutExecutiveDirectorsProposal	氏名、役員の状況（執行役）（議案）	FilingDateInstant_jpcrp030000-asr_E03606-000TanakaTakuyaMember	－	田　中　琢　哉
jpcrp_cor:DateOfBirthInformationAboutExecutiveDirectorsProposal	生年月日、役員の状況（執行役）（議案）	FilingDateInstant_jpcrp030000-asr_E03606-000TanakaTakuyaMember	－	1968-12-06
jpcrp_cor:CareerSummaryInformationAboutExecutiveDirectorsProposalTextBlock	略歴、役員の状況（執行役）（議案） [テキストブロック]	FilingDateInstant_jpcrp030000-asr_E03606-000TanakaTakuyaMember	－	1991年4月株式会社三和銀行入行2017年6月株式会社三菱東京ＵＦＪ銀行執行役員当社執行役員2021年4月株式会社三菱ＵＦＪ銀行常務執行役員2023年4月当社常務執行役員2025年4月株式会社三菱ＵＦＪ銀行専務執行役員2026年4月同行副
jpcrp_cor:TermOfOfficeInformationAboutExecutiveDirectorsProposal	任期、役員の状況（執行役）（議案）	FilingDateInstant_jpcrp030000-asr_E03606-000TanakaTakuyaMember	－	(注)2
jpcrp_cor:OfficialTitleOrPositionInformationAboutExecutiveDirectorsProposal	役職名、役員の状況（執行役）（議案）	FilingDateInstant_jpcrp030000-asr_E03606-000KuniyukiMasahiroMember	－	執行役常務グループＣＨＲＯ兼 総務部副担当
jpcrp_cor:NameInformationAboutExecutiveDirectorsProposal	氏名、役員の状況（執行役）（議案）	FilingDateInstant_jpcrp030000-asr_E03606-000KuniyukiMasahiroMember	－	國　行　昌　裕
jpcrp_cor:DateOfBirthInformationAboutExecutiveDirectorsProposal	生年月日、役員の状況（執行役）（議案）	FilingDateInstant_jpcrp030000-asr_E03606-000KuniyukiMasahiroMember	－	1970-10-20
jpcrp_cor:CareerSummaryInformationAboutExecutiveDirectorsProposalTextBlock	略歴、役員の状況（執行役）（議案） [テキストブロック]	FilingDateInstant_jpcrp030000-asr_E03606-000KuniyukiMasahiroMember	－	1994年4月三菱信託銀行株式会社入社2020年4月三菱ＵＦＪ信託銀行株式会社執行役員2022年4月株式会社三菱ＵＦＪ銀行執行役員当社執行役員2024年4月三菱ＵＦＪ信託銀行株式会社常務執行役員当社常務執行役員2025年4月三菱ＵＦＪ信託銀
jpcrp_cor:TermOfOfficeInformationAboutExecutiveDirectorsProposal	任期、役員の状況（執行役）（議案）	FilingDateInstant_jpcrp030000-asr_E03606-000KuniyukiMasahiroMember	－	(注)2
jpcrp_cor:OfficialTitleOrPositionInformationAboutExecutiveDirectorsProposal	役職名、役員の状況（執行役）（議案）	FilingDateInstant_jpcrp030000-asr_E03606-000SueokaAkikoMember	－	執行役常務 グループＣＬＯ
jpcrp_cor:NameInformationAboutExecutiveDirectorsProposal	氏名、役員の状況（執行役）（議案）	FilingDateInstant_jpcrp030000-asr_E03606-000SueokaAkikoMember	－	末　岡　晶　子
jpcrp_cor:DateOfBirthInformationAboutExecutiveDirectorsProposal	生年月日、役員の状況（執行役）（議案）	FilingDateInstant_jpcrp030000-asr_E03606-000SueokaAkikoMember	－	1971-10-31
jpcrp_cor:CareerSummaryInformationAboutExecutiveDirectorsProposalTextBlock	略歴、役員の状況（執行役）（議案） [テキストブロック]	FilingDateInstant_jpcrp030000-asr_E03606-000SueokaAkikoMember	－	1994年4月厚生省（現厚生労働省）入省2000年4月弁護士登録森綜合法律事務所入所2003年9月Simpson Thacher &amp; Bartlett LLPニューヨークオフィス勤務2004年10月Pavia e Ansaldoロー
jpcrp_cor:TermOfOfficeInformationAboutExecutiveDirectorsProposal	任期、役員の状況（執行役）（議案）	FilingDateInstant_jpcrp030000-asr_E03606-000SueokaAkikoMember	－	(注)2
jpcrp_cor:OfficialTitleOrPositionInformationAboutExecutiveDirectorsProposal	役職名、役員の状況（執行役）（議案）	FilingDateInstant_jpcrp030000-asr_E03606-000KamiokaTomoyukiMember	－	執行役常務 市場事業本部長
jpcrp_cor:NameInformationAboutExecutiveDirectorsProposal	氏名、役員の状況（執行役）（議案）	FilingDateInstant_jpcrp030000-asr_E03606-000KamiokaTomoyukiMember	－	上　岡　智　之
jpcrp_cor:DateOfBirthInformationAboutExecutiveDirectorsProposal	生年月日、役員の状況（執行役）（議案）	FilingDateInstant_jpcrp030000-asr_E03606-000KamiokaTomoyukiMember	－	1970-06-27
jpcrp_cor:CareerSummaryInformationAboutExecutiveDirectorsProposalTextBlock	略歴、役員の状況（執行役）（議案） [テキストブロック]	FilingDateInstant_jpcrp030000-asr_E03606-000KamiokaTomoyukiMember	－	1994年4月株式会社東京銀行入行2020年6月株式会社三菱ＵＦＪ銀行執行役員当社執行役員2020年8月三菱ＵＦＪ証券ホールディングス株式会社執行役員2023年4月三菱ＵＦＪモルガン・スタンレー証券株式会社執行役員2024年4月三菱ＵＦＪ証
jpcrp_cor:TermOfOfficeInformationAboutExecutiveDirectorsProposal	任期、役員の状況（執行役）（議案）	FilingDateInstant_jpcrp030000-asr_E03606-000KamiokaTomoyukiMember	－	(注)2
jpcrp_cor:OfficialTitleOrPositionInformationAboutExecutiveDirectorsProposal	役職名、役員の状況（執行役）（議案）	FilingDateInstant_jpcrp030000-asr_E03606-000KatayamaMikiMember	－	執行役常務グループＣＣＯ
jpcrp_cor:NameInformationAboutExecutiveDirectorsProposal	氏名、役員の状況（執行役）（議案）	FilingDateInstant_jpcrp030000-asr_E03606-000KatayamaMikiMember	－	片　山　　　幹
jpcrp_cor:DateOfBirthInformationAboutExecutiveDirectorsProposal	生年月日、役員の状況（執行役）（議案）	FilingDateInstant_jpcrp030000-asr_E03606-000KatayamaMikiMember	－	1970-09-02
jpcrp_cor:CareerSummaryInformationAboutExecutiveDirectorsProposalTextBlock	略歴、役員の状況（執行役）（議案） [テキストブロック]	FilingDateInstant_jpcrp030000-asr_E03606-000KatayamaMikiMember	－	1993年4月株式会社三菱銀行入行2022年6月株式会社三菱ＵＦＪ銀行執行役員当社執行役員2026年4月株式会社三菱ＵＦＪ銀行常務執行役員(現職)当社執行役常務(現職)2026年6月株式会社三菱ＵＦＪ銀行取締役常務執行役員(予定)(他の会社
jpcrp_cor:TermOfOfficeInformationAboutExecutiveDirectorsProposal	任期、役員の状況（執行役）（議案）	FilingDateInstant_jpcrp030000-asr_E03606-000KatayamaMikiMember	－	(注)2
jpcrp_cor:OfficialTitleOrPositionInformationAboutExecutiveDirectorsProposal	役職名、役員の状況（執行役）（議案）	FilingDateInstant_jpcrp030000-asr_E03606-000SakuraiTakayukiMember	－	執行役常務グループＣＡＯ兼  監査部長
jpcrp_cor:NameInformationAboutExecutiveDirectorsProposal	氏名、役員の状況（執行役）（議案）	FilingDateInstant_jpcrp030000-asr_E03606-000SakuraiTakayukiMember	－	櫻　井　貴　之
jpcrp_cor:DateOfBirthInformationAboutExecutiveDirectorsProposal	生年月日、役員の状況（執行役）（議案）	FilingDateInstant_jpcrp030000-asr_E03606-000SakuraiTakayukiMember	－	1971-05-12
jpcrp_cor:CareerSummaryInformationAboutExecutiveDirectorsProposalTextBlock	略歴、役員の状況（執行役）（議案） [テキストブロック]	FilingDateInstant_jpcrp030000-asr_E03606-000SakuraiTakayukiMember	－	1994年4月株式会社三菱銀行入行2020年4月株式会社三菱ＵＦＪ銀行執行役員当社執行役員2024年4月三菱ＵＦＪ証券ホールディングス株式会社執行役員三菱ＵＦＪモルガン・スタンレー証券株式会社執行役員2025年4月株式会社三菱ＵＦＪ銀行執行
jpcrp_cor:TermOfOfficeInformationAboutExecutiveDirectorsProposal	任期、役員の状況（執行役）（議案）	FilingDateInstant_jpcrp030000-asr_E03606-000SakuraiTakayukiMember	－	(注)2
jpcrp_cor:OfficialTitleOrPositionInformationAboutExecutiveDirectorsProposal	役職名、役員の状況（執行役）（議案）	FilingDateInstant_jpcrp030000-asr_E03606-000TokumaKensukeMember	－	執行役常務 グループＣＩＯ
jpcrp_cor:NameInformationAboutExecutiveDirectorsProposal	氏名、役員の状況（執行役）（議案）	FilingDateInstant_jpcrp030000-asr_E03606-000TokumaKensukeMember	－	德　間　憲　介
jpcrp_cor:DateOfBirthInformationAboutExecutiveDirectorsProposal	生年月日、役員の状況（執行役）（議案）	FilingDateInstant_jpcrp030000-asr_E03606-000TokumaKensukeMember	－	1972-11-17
jpcrp_cor:CareerSummaryInformationAboutExecutiveDirectorsProposalTextBlock	略歴、役員の状況（執行役）（議案） [テキストブロック]	FilingDateInstant_jpcrp030000-asr_E03606-000TokumaKensukeMember	－	1996年4月株式会社三和銀行入行2023年6月株式会社三菱ＵＦＪ銀行執行役員当社執行役員2026年4月株式会社三菱ＵＦＪ銀行常務執行役員(現職)当社執行役常務(現職)2026年6月株式会社三菱ＵＦＪ銀行取締役常務執行役員(予定)(他の会社
jpcrp_cor:TermOfOfficeInformationAboutExecutiveDirectorsProposal	任期、役員の状況（執行役）（議案）	FilingDateInstant_jpcrp030000-asr_E03606-000TokumaKensukeMember	－	(注)2
jpcrp_cor:OfficialTitleOrPositionInformationAboutExecutiveDirectorsProposal	役職名、役員の状況（執行役）（議案）	FilingDateInstant_jpcrp030000-asr_E03606-000UenoYoshiakiMember	－	代表執行役常務 グループＣＳＯ(経営企画部(除く財務・資源運営兼海外事業)担当)兼グループＣＳｕＯ兼 総務部担当
jpcrp_cor:NameInformationAboutExecutiveDirectorsProposal	氏名、役員の状況（執行役）（議案）	FilingDateInstant_jpcrp030000-asr_E03606-000UenoYoshiakiMember	－	上　野　義　明
jpcrp_cor:DateOfBirthInformationAboutExecutiveDirectorsProposal	生年月日、役員の状況（執行役）（議案）	FilingDateInstant_jpcrp030000-asr_E03606-000UenoYoshiakiMember	－	1974-02-26
jpcrp_cor:CareerSummaryInformationAboutExecutiveDirectorsProposalTextBlock	略歴、役員の状況（執行役）（議案） [テキストブロック]	FilingDateInstant_jpcrp030000-asr_E03606-000UenoYoshiakiMember	－	1996年4月株式会社東京三菱銀行入行2022年6月株式会社三菱ＵＦＪ銀行執行役員当社執行役員2025年2月株式会社三菱ＵＦＪ銀行常務執行役員当社常務執行役員2025年6月株式会社三菱ＵＦＪ銀行取締役常務執行役員(現職)2026年4月当社代
jpcrp_cor:TermOfOfficeInformationAboutExecutiveDirectorsProposal	任期、役員の状況（執行役）（議案）	FilingDateInstant_jpcrp030000-asr_E03606-000UenoYoshiakiMember	－	(注)2
jpcrp_cor:FootnotesExecutiveOfficersProposalTextBlock	脚注（執行役）（議案） [テキストブロック]	FilingDateInstant_Row1Member	－	(注) １ 「(2)役員の状況 ①役員一覧 (ⅱ) ａ．取締役の状況」に記載されております。
jpcrp_cor:FootnotesExecutiveOfficersProposalTextBlock	脚注（執行役）（議案） [テキストブロック]	FilingDateInstant_Row2Member	－	２ 執行役の任期は、2026年6月から2027年3月期にかかる定時株主総会の終結後最初に招集される取締役会の終結の時までであります。 
jpcrp_cor:OutsideDirectorsAndOutsideCorporateAuditorsTextBlock	社外取締役（及び社外監査役） [テキストブロック]	FilingDateInstant	－	 ②　社外取締役当社は、複数の社外取締役を任用した上で、社外取締役を委員長とする会社法が定める委員会の設置等により、「社外の視点」を重視した、効率的かつ実効性の高いコーポレート・ガバナンス態勢を構築し、その一層の充実に努めております。具体的
jpcrp_cor:AuditsTextBlock	監査の状況 [テキストブロック]	FilingDateInstant	－	 (3) 【監査の状況】①　監査委員及び監査委員会の状況・　監査の体制及び方針［本有価証券報告書提出日現在］監査委員会は5名の監査委員(社外非常勤取締役3名、社内常勤取締役2名)で構成し、法令及び社則に従って設置しております。監査委員は、委
jpcrp_cor:RemunerationForDirectorsAndOtherOfficersTextBlock	役員の報酬等 [テキストブロック]	FilingDateInstant	－	 (4) 【役員の報酬等】①　役員の報酬等の額又はその算定方法の決定に関する方針１．本方針の位置付け・ 当社は、指名委員会等設置会社に関する会社法の規定を踏まえ、「報酬委員会」が当社の取締役、執行役及び執行役員(以下、「役員等」という。)の
jpcrp_cor:RemunerationEtcPaidByGroupToEachDirectorOrOtherOfficerTextBlock	役員ごとの連結報酬等 [テキストブロック]	FilingDateInstant	－	③　役員ごとの連結報酬等の総額等(百万円)氏名(役員区分)連結報酬等の総額会社区分連結報酬等の種類別の額基本報酬等役員賞与株式報酬金銭業績非連動金銭業績連動非金銭業績非連動非金銭業績連動       三毛 兼承(執行役)200当社58702
jpcrp_cor:ShareholdingsTextBlock	株式の保有状況 [テキストブロック]	FilingDateInstant	－	 (5) 【株式の保有状況】①　投資株式の区分の基準及び考え方　 (純投資目的である投資株式)専ら株式の価値の変動又は株式に係る配当によって利益を受けることを目的とする投資株式を「純投資目的である投資株式」と考えております。 　 (純投資目
jpcrp_cor:NameOfGroupCompanyHoldingLargestAmountOfInvestmentSharesInGroup	最大保有会社（提出会社でない場合）の名称	CurrentYearInstant	－	株式会社三菱ＵＦＪ銀行
jpcrp_cor:ReasonForIncreaseInNumberOfSharesSharesNotListedInvestmentSharesHeldForPurposesOtherThanPureInvestmentLargestHoldingCompany	株式数が増加した理由、非上場株式、保有目的が純投資目的以外の目的である投資株式、最大保有会社	CurrentYearDuration	－	主に業務戦略を目的として保有する投資株式を取得した為
jpcrp_cor:ReasonForIncreaseInNumberOfSharesSharesOtherThanThoseNotListedInvestmentSharesHeldForPurposesOtherThanPureInvestmentLargestHoldingCompany	株式数が増加した理由、非上場株式以外の株式、保有目的が純投資目的以外の目的である投資株式、最大保有会社	CurrentYearDuration	－	先方都合による株式譲渡契約の取消し（政策投資を目的として保有する株式の新規取得には該当しない）
jpcrp_cor:NameOfSecuritiesDetailsOfSpecifiedInvestmentEquitySecuritiesHeldForPurposesOtherThanPureInvestmentLargestHoldingCompany	銘柄、保有目的が純投資目的以外の目的である特定投資株式の明細、最大保有会社	CurrentYearInstant_Row1Member	－	トヨタ自動車株式会社
jpcrp_cor:PurposeOfShareholdingOverviewOfBusinessAllianceQuantitativeEffectsOfShareholdingAndReasonForIncreaseInNumberOfSharesDetailsOfSpecifiedInvestmentSharesHeldForPurposesOtherThanPureInvestmentLargestHoldingCompany	保有目的、業務提携等の概要、定量的な保有効果及び株式数が増加した理由、保有目的が純投資目的以外の目的である特定投資株式の明細、最大保有会社	CurrentYearInstant_Row1Member	－	発行会社グループとの、主に金融取引(預金・貸出・為替等)における総合的な取引関係維持・拡大のために保有
jpcrp_cor:WhetherIssuerOfAforementionedSharesHoldsReportingCompanysSharesDetailsOfSpecifiedInvestmentSharesHeldForPurposesOtherThanPureInvestmentLargestHoldingCompany	当該株式の発行者による提出会社の株式の保有の有無、保有目的が純投資目的以外の目的である特定投資株式の明細、最大保有会社	CurrentYearInstant_Row1Member	－	有
jpcrp_cor:NameOfSecuritiesDetailsOfSpecifiedInvestmentEquitySecuritiesHeldForPurposesOtherThanPureInvestmentLargestHoldingCompany	銘柄、保有目的が純投資目的以外の目的である特定投資株式の明細、最大保有会社	CurrentYearInstant_Row2Member	－	U.S. Bancorp
jpcrp_cor:PurposeOfShareholdingOverviewOfBusinessAllianceQuantitativeEffectsOfShareholdingAndReasonForIncreaseInNumberOfSharesDetailsOfSpecifiedInvestmentSharesHeldForPurposesOtherThanPureInvestmentLargestHoldingCompany	保有目的、業務提携等の概要、定量的な保有効果及び株式数が増加した理由、保有目的が純投資目的以外の目的である特定投資株式の明細、最大保有会社	CurrentYearInstant_Row2Member	－	発行会社は米国最大規模の地銀であるU.S. Bankの持株会社。デジタル領域、法人取引、日系のお客さま向けサービス、市場取引等、ＭＵＦＧとU.S. Bank双方の強みを活かせる分野での業務提携関係の維持及び拡大を目指すために保有
jpcrp_cor:WhetherIssuerOfAforementionedSharesHoldsReportingCompanysSharesDetailsOfSpecifiedInvestmentSharesHeldForPurposesOtherThanPureInvestmentLargestHoldingCompany	当該株式の発行者による提出会社の株式の保有の有無、保有目的が純投資目的以外の目的である特定投資株式の明細、最大保有会社	CurrentYearInstant_Row2Member	－	無
jpcrp_cor:NameOfSecuritiesDetailsOfSpecifiedInvestmentEquitySecuritiesHeldForPurposesOtherThanPureInvestmentLargestHoldingCompany	銘柄、保有目的が純投資目的以外の目的である特定投資株式の明細、最大保有会社	CurrentYearInstant_Row3Member	－	豊田通商株式会社
jpcrp_cor:PurposeOfShareholdingOverviewOfBusinessAllianceQuantitativeEffectsOfShareholdingAndReasonForIncreaseInNumberOfSharesDetailsOfSpecifiedInvestmentSharesHeldForPurposesOtherThanPureInvestmentLargestHoldingCompany	保有目的、業務提携等の概要、定量的な保有効果及び株式数が増加した理由、保有目的が純投資目的以外の目的である特定投資株式の明細、最大保有会社	CurrentYearInstant_Row3Member	－	発行会社グループとの、主に金融取引(預金・貸出・為替等)における総合的な取引関係維持・拡大のために保有
jpcrp_cor:WhetherIssuerOfAforementionedSharesHoldsReportingCompanysSharesDetailsOfSpecifiedInvestmentSharesHeldForPurposesOtherThanPureInvestmentLargestHoldingCompany	当該株式の発行者による提出会社の株式の保有の有無、保有目的が純投資目的以外の目的である特定投資株式の明細、最大保有会社	CurrentYearInstant_Row3Member	－	有
jpcrp_cor:NameOfSecuritiesDetailsOfSpecifiedInvestmentEquitySecuritiesHeldForPurposesOtherThanPureInvestmentLargestHoldingCompany	銘柄、保有目的が純投資目的以外の目的である特定投資株式の明細、最大保有会社	CurrentYearInstant_Row4Member	－	スズキ株式会社
jpcrp_cor:PurposeOfShareholdingOverviewOfBusinessAllianceQuantitativeEffectsOfShareholdingAndReasonForIncreaseInNumberOfSharesDetailsOfSpecifiedInvestmentSharesHeldForPurposesOtherThanPureInvestmentLargestHoldingCompany	保有目的、業務提携等の概要、定量的な保有効果及び株式数が増加した理由、保有目的が純投資目的以外の目的である特定投資株式の明細、最大保有会社	CurrentYearInstant_Row4Member	－	発行会社グループとの、主に金融取引(預金・貸出・為替等)における総合的な取引関係維持・拡大のために保有
jpcrp_cor:WhetherIssuerOfAforementionedSharesHoldsReportingCompanysSharesDetailsOfSpecifiedInvestmentSharesHeldForPurposesOtherThanPureInvestmentLargestHoldingCompany	当該株式の発行者による提出会社の株式の保有の有無、保有目的が純投資目的以外の目的である特定投資株式の明細、最大保有会社	CurrentYearInstant_Row4Member	－	有
jpcrp_cor:NameOfSecuritiesDetailsOfSpecifiedInvestmentEquitySecuritiesHeldForPurposesOtherThanPureInvestmentLargestHoldingCompany	銘柄、保有目的が純投資目的以外の目的である特定投資株式の明細、最大保有会社	CurrentYearInstant_Row5Member	－	Grab Holdings Limited
jpcrp_cor:PurposeOfShareholdingOverviewOfBusinessAllianceQuantitativeEffectsOfShareholdingAndReasonForIncreaseInNumberOfSharesDetailsOfSpecifiedInvestmentSharesHeldForPurposesOtherThanPureInvestmentLargestHoldingCompany	保有目的、業務提携等の概要、定量的な保有効果及び株式数が増加した理由、保有目的が純投資目的以外の目的である特定投資株式の明細、最大保有会社	CurrentYearInstant_Row5Member	－	発行会社は東南アジアで配車、フードデリバリー、デジタル決済・融資等のサービスをスマートフォンアプリを通じて提供するスーパーアプリ事業者の大手。ＭＵＦＧの金融知見・ノウハウと同社の先進的テクノロジーを掛け合わせることで、新たな次世代金融サービ
jpcrp_cor:WhetherIssuerOfAforementionedSharesHoldsReportingCompanysSharesDetailsOfSpecifiedInvestmentSharesHeldForPurposesOtherThanPureInvestmentLargestHoldingCompany	当該株式の発行者による提出会社の株式の保有の有無、保有目的が純投資目的以外の目的である特定投資株式の明細、最大保有会社	CurrentYearInstant_Row5Member	－	無
jpcrp_cor:NameOfSecuritiesDetailsOfSpecifiedInvestmentEquitySecuritiesHeldForPurposesOtherThanPureInvestmentLargestHoldingCompany	銘柄、保有目的が純投資目的以外の目的である特定投資株式の明細、最大保有会社	CurrentYearInstant_Row6Member	－	ダイキン工業株式会社
jpcrp_cor:PurposeOfShareholdingOverviewOfBusinessAllianceQuantitativeEffectsOfShareholdingAndReasonForIncreaseInNumberOfSharesDetailsOfSpecifiedInvestmentSharesHeldForPurposesOtherThanPureInvestmentLargestHoldingCompany	保有目的、業務提携等の概要、定量的な保有効果及び株式数が増加した理由、保有目的が純投資目的以外の目的である特定投資株式の明細、最大保有会社	CurrentYearInstant_Row6Member	－	発行会社グループとの、主に金融取引(預金・貸出・為替等)における総合的な取引関係維持・拡大のために保有
jpcrp_cor:WhetherIssuerOfAforementionedSharesHoldsReportingCompanysSharesDetailsOfSpecifiedInvestmentSharesHeldForPurposesOtherThanPureInvestmentLargestHoldingCompany	当該株式の発行者による提出会社の株式の保有の有無、保有目的が純投資目的以外の目的である特定投資株式の明細、最大保有会社	CurrentYearInstant_Row6Member	－	有
jpcrp_cor:NameOfSecuritiesDetailsOfSpecifiedInvestmentEquitySecuritiesHeldForPurposesOtherThanPureInvestmentLargestHoldingCompany	銘柄、保有目的が純投資目的以外の目的である特定投資株式の明細、最大保有会社	CurrentYearInstant_Row7Member	－	三菱ＨＣキャピタル株式会社
jpcrp_cor:PurposeOfShareholdingOverviewOfBusinessAllianceQuantitativeEffectsOfShareholdingAndReasonForIncreaseInNumberOfSharesDetailsOfSpecifiedInvestmentSharesHeldForPurposesOtherThanPureInvestmentLargestHoldingCompany	保有目的、業務提携等の概要、定量的な保有効果及び株式数が増加した理由、保有目的が純投資目的以外の目的である特定投資株式の明細、最大保有会社	CurrentYearInstant_Row7Member	－	発行会社は国内大手総合リース会社。同社の国内外におけるアセットファイナンスサービスをＭＵＦＧのお客さまに対して提供するほか、ファイナンスビジネス等で協働することで、ＭＵＦＧの金融サービスを補完・拡充することを目的に保有
jpcrp_cor:WhetherIssuerOfAforementionedSharesHoldsReportingCompanysSharesDetailsOfSpecifiedInvestmentSharesHeldForPurposesOtherThanPureInvestmentLargestHoldingCompany	当該株式の発行者による提出会社の株式の保有の有無、保有目的が純投資目的以外の目的である特定投資株式の明細、最大保有会社	CurrentYearInstant_Row7Member	－	無
jpcrp_cor:NameOfSecuritiesDetailsOfSpecifiedInvestmentEquitySecuritiesHeldForPurposesOtherThanPureInvestmentLargestHoldingCompany	銘柄、保有目的が純投資目的以外の目的である特定投資株式の明細、最大保有会社	CurrentYearInstant_Row8Member	－	ニデック株式会社
jpcrp_cor:PurposeOfShareholdingOverviewOfBusinessAllianceQuantitativeEffectsOfShareholdingAndReasonForIncreaseInNumberOfSharesDetailsOfSpecifiedInvestmentSharesHeldForPurposesOtherThanPureInvestmentLargestHoldingCompany	保有目的、業務提携等の概要、定量的な保有効果及び株式数が増加した理由、保有目的が純投資目的以外の目的である特定投資株式の明細、最大保有会社	CurrentYearInstant_Row8Member	－	発行会社グループとの、主に金融取引(預金・貸出・為替等)における総合的な取引関係維持・拡大のために保有
jpcrp_cor:WhetherIssuerOfAforementionedSharesHoldsReportingCompanysSharesDetailsOfSpecifiedInvestmentSharesHeldForPurposesOtherThanPureInvestmentLargestHoldingCompany	当該株式の発行者による提出会社の株式の保有の有無、保有目的が純投資目的以外の目的である特定投資株式の明細、最大保有会社	CurrentYearInstant_Row8Member	－	有
jpcrp_cor:NameOfSecuritiesDetailsOfSpecifiedInvestmentEquitySecuritiesHeldForPurposesOtherThanPureInvestmentLargestHoldingCompany	銘柄、保有目的が純投資目的以外の目的である特定投資株式の明細、最大保有会社	CurrentYearInstant_Row9Member	－	株式会社キーエンス
jpcrp_cor:PurposeOfShareholdingOverviewOfBusinessAllianceQuantitativeEffectsOfShareholdingAndReasonForIncreaseInNumberOfSharesDetailsOfSpecifiedInvestmentSharesHeldForPurposesOtherThanPureInvestmentLargestHoldingCompany	保有目的、業務提携等の概要、定量的な保有効果及び株式数が増加した理由、保有目的が純投資目的以外の目的である特定投資株式の明細、最大保有会社	CurrentYearInstant_Row9Member	－	発行会社グループとの、主に金融取引(預金・貸出・為替等)における総合的な取引関係維持・拡大のために保有
jpcrp_cor:WhetherIssuerOfAforementionedSharesHoldsReportingCompanysSharesDetailsOfSpecifiedInvestmentSharesHeldForPurposesOtherThanPureInvestmentLargestHoldingCompany	当該株式の発行者による提出会社の株式の保有の有無、保有目的が純投資目的以外の目的である特定投資株式の明細、最大保有会社	CurrentYearInstant_Row9Member	－	有
jpcrp_cor:NameOfSecuritiesDetailsOfSpecifiedInvestmentEquitySecuritiesHeldForPurposesOtherThanPureInvestmentLargestHoldingCompany	銘柄、保有目的が純投資目的以外の目的である特定投資株式の明細、最大保有会社	CurrentYearInstant_Row10Member	－	東海旅客鉄道株式会社
jpcrp_cor:PurposeOfShareholdingOverviewOfBusinessAllianceQuantitativeEffectsOfShareholdingAndReasonForIncreaseInNumberOfSharesDetailsOfSpecifiedInvestmentSharesHeldForPurposesOtherThanPureInvestmentLargestHoldingCompany	保有目的、業務提携等の概要、定量的な保有効果及び株式数が増加した理由、保有目的が純投資目的以外の目的である特定投資株式の明細、最大保有会社	CurrentYearInstant_Row10Member	－	発行会社グループとの、主に金融取引(預金・貸出・為替等)における総合的な取引関係維持・拡大のために保有
jpcrp_cor:WhetherIssuerOfAforementionedSharesHoldsReportingCompanysSharesDetailsOfSpecifiedInvestmentSharesHeldForPurposesOtherThanPureInvestmentLargestHoldingCompany	当該株式の発行者による提出会社の株式の保有の有無、保有目的が純投資目的以外の目的である特定投資株式の明細、最大保有会社	CurrentYearInstant_Row10Member	－	有
jpcrp_cor:NameOfSecuritiesDetailsOfSpecifiedInvestmentEquitySecuritiesHeldForPurposesOtherThanPureInvestmentLargestHoldingCompany	銘柄、保有目的が純投資目的以外の目的である特定投資株式の明細、最大保有会社	CurrentYearInstant_Row11Member	－	大阪瓦斯株式会社
jpcrp_cor:PurposeOfShareholdingOverviewOfBusinessAllianceQuantitativeEffectsOfShareholdingAndReasonForIncreaseInNumberOfSharesDetailsOfSpecifiedInvestmentSharesHeldForPurposesOtherThanPureInvestmentLargestHoldingCompany	保有目的、業務提携等の概要、定量的な保有効果及び株式数が増加した理由、保有目的が純投資目的以外の目的である特定投資株式の明細、最大保有会社	CurrentYearInstant_Row11Member	－	発行会社グループとの、主に金融取引(預金・貸出・為替等)における総合的な取引関係維持・拡大のために保有
jpcrp_cor:WhetherIssuerOfAforementionedSharesHoldsReportingCompanysSharesDetailsOfSpecifiedInvestmentSharesHeldForPurposesOtherThanPureInvestmentLargestHoldingCompany	当該株式の発行者による提出会社の株式の保有の有無、保有目的が純投資目的以外の目的である特定投資株式の明細、最大保有会社	CurrentYearInstant_Row11Member	－	有
jpcrp_cor:NameOfSecuritiesDetailsOfSpecifiedInvestmentEquitySecuritiesHeldForPurposesOtherThanPureInvestmentLargestHoldingCompany	銘柄、保有目的が純投資目的以外の目的である特定投資株式の明細、最大保有会社	CurrentYearInstant_Row12Member	－	BANK OF CHINA LIMITED
jpcrp_cor:PurposeOfShareholdingOverviewOfBusinessAllianceQuantitativeEffectsOfShareholdingAndReasonForIncreaseInNumberOfSharesDetailsOfSpecifiedInvestmentSharesHeldForPurposesOtherThanPureInvestmentLargestHoldingCompany	保有目的、業務提携等の概要、定量的な保有効果及び株式数が増加した理由、保有目的が純投資目的以外の目的である特定投資株式の明細、最大保有会社	CurrentYearInstant_Row12Member	－	発行会社は中国の四大国有銀行の一角。中国における業務のサポートを目的として資本業務提携を締結。中国において、新たな業務資格取得等を進める際には、アドバイス及びサポートを享受。今後も業務提携関係を維持することでＭＵＦＧの非日系企業ビジネスの更
jpcrp_cor:WhetherIssuerOfAforementionedSharesHoldsReportingCompanysSharesDetailsOfSpecifiedInvestmentSharesHeldForPurposesOtherThanPureInvestmentLargestHoldingCompany	当該株式の発行者による提出会社の株式の保有の有無、保有目的が純投資目的以外の目的である特定投資株式の明細、最大保有会社	CurrentYearInstant_Row12Member	－	無
jpcrp_cor:NameOfSecuritiesDetailsOfSpecifiedInvestmentEquitySecuritiesHeldForPurposesOtherThanPureInvestmentLargestHoldingCompany	銘柄、保有目的が純投資目的以外の目的である特定投資株式の明細、最大保有会社	CurrentYearInstant_Row13Member	－	東日本旅客鉄道株式会社
jpcrp_cor:PurposeOfShareholdingOverviewOfBusinessAllianceQuantitativeEffectsOfShareholdingAndReasonForIncreaseInNumberOfSharesDetailsOfSpecifiedInvestmentSharesHeldForPurposesOtherThanPureInvestmentLargestHoldingCompany	保有目的、業務提携等の概要、定量的な保有効果及び株式数が増加した理由、保有目的が純投資目的以外の目的である特定投資株式の明細、最大保有会社	CurrentYearInstant_Row13Member	－	発行会社グループとの、主に金融取引(預金・貸出・為替等)における総合的な取引関係維持・拡大のために保有
jpcrp_cor:WhetherIssuerOfAforementionedSharesHoldsReportingCompanysSharesDetailsOfSpecifiedInvestmentSharesHeldForPurposesOtherThanPureInvestmentLargestHoldingCompany	当該株式の発行者による提出会社の株式の保有の有無、保有目的が純投資目的以外の目的である特定投資株式の明細、最大保有会社	CurrentYearInstant_Row13Member	－	有
jpcrp_cor:NameOfSecuritiesDetailsOfSpecifiedInvestmentEquitySecuritiesHeldForPurposesOtherThanPureInvestmentLargestHoldingCompany	銘柄、保有目的が純投資目的以外の目的である特定投資株式の明細、最大保有会社	CurrentYearInstant_Row14Member	－	レーザーテック株式会社
jpcrp_cor:PurposeOfShareholdingOverviewOfBusinessAllianceQuantitativeEffectsOfShareholdingAndReasonForIncreaseInNumberOfSharesDetailsOfSpecifiedInvestmentSharesHeldForPurposesOtherThanPureInvestmentLargestHoldingCompany	保有目的、業務提携等の概要、定量的な保有効果及び株式数が増加した理由、保有目的が純投資目的以外の目的である特定投資株式の明細、最大保有会社	CurrentYearInstant_Row14Member	－	発行会社グループとの、主に金融取引(預金・貸出・為替等)における総合的な取引関係維持・拡大のために保有
jpcrp_cor:WhetherIssuerOfAforementionedSharesHoldsReportingCompanysSharesDetailsOfSpecifiedInvestmentSharesHeldForPurposesOtherThanPureInvestmentLargestHoldingCompany	当該株式の発行者による提出会社の株式の保有の有無、保有目的が純投資目的以外の目的である特定投資株式の明細、最大保有会社	CurrentYearInstant_Row14Member	－	無
jpcrp_cor:NameOfSecuritiesDetailsOfSpecifiedInvestmentEquitySecuritiesHeldForPurposesOtherThanPureInvestmentLargestHoldingCompany	銘柄、保有目的が純投資目的以外の目的である特定投資株式の明細、最大保有会社	CurrentYearInstant_Row15Member	－	伊藤忠商事株式会社
jpcrp_cor:PurposeOfShareholdingOverviewOfBusinessAllianceQuantitativeEffectsOfShareholdingAndReasonForIncreaseInNumberOfSharesDetailsOfSpecifiedInvestmentSharesHeldForPurposesOtherThanPureInvestmentLargestHoldingCompany	保有目的、業務提携等の概要、定量的な保有効果及び株式数が増加した理由、保有目的が純投資目的以外の目的である特定投資株式の明細、最大保有会社	CurrentYearInstant_Row15Member	－	発行会社グループとの、主に金融取引(預金・貸出・為替等)における総合的な取引関係維持・拡大のために保有しており、株式分割により株式数が増加
jpcrp_cor:WhetherIssuerOfAforementionedSharesHoldsReportingCompanysSharesDetailsOfSpecifiedInvestmentSharesHeldForPurposesOtherThanPureInvestmentLargestHoldingCompany	当該株式の発行者による提出会社の株式の保有の有無、保有目的が純投資目的以外の目的である特定投資株式の明細、最大保有会社	CurrentYearInstant_Row15Member	－	有
jpcrp_cor:NameOfSecuritiesDetailsOfSpecifiedInvestmentEquitySecuritiesHeldForPurposesOtherThanPureInvestmentLargestHoldingCompany	銘柄、保有目的が純投資目的以外の目的である特定投資株式の明細、最大保有会社	CurrentYearInstant_Row16Member	－	京セラ株式会社
jpcrp_cor:PurposeOfShareholdingOverviewOfBusinessAllianceQuantitativeEffectsOfShareholdingAndReasonForIncreaseInNumberOfSharesDetailsOfSpecifiedInvestmentSharesHeldForPurposesOtherThanPureInvestmentLargestHoldingCompany	保有目的、業務提携等の概要、定量的な保有効果及び株式数が増加した理由、保有目的が純投資目的以外の目的である特定投資株式の明細、最大保有会社	CurrentYearInstant_Row16Member	－	発行会社グループとの、主に金融取引(預金・貸出・為替等)における総合的な取引関係維持・拡大のために保有
jpcrp_cor:WhetherIssuerOfAforementionedSharesHoldsReportingCompanysSharesDetailsOfSpecifiedInvestmentSharesHeldForPurposesOtherThanPureInvestmentLargestHoldingCompany	当該株式の発行者による提出会社の株式の保有の有無、保有目的が純投資目的以外の目的である特定投資株式の明細、最大保有会社	CurrentYearInstant_Row16Member	－	無
jpcrp_cor:NameOfSecuritiesDetailsOfSpecifiedInvestmentEquitySecuritiesHeldForPurposesOtherThanPureInvestmentLargestHoldingCompany	銘柄、保有目的が純投資目的以外の目的である特定投資株式の明細、最大保有会社	CurrentYearInstant_Row17Member	－	株式会社マキタ
jpcrp_cor:PurposeOfShareholdingOverviewOfBusinessAllianceQuantitativeEffectsOfShareholdingAndReasonForIncreaseInNumberOfSharesDetailsOfSpecifiedInvestmentSharesHeldForPurposesOtherThanPureInvestmentLargestHoldingCompany	保有目的、業務提携等の概要、定量的な保有効果及び株式数が増加した理由、保有目的が純投資目的以外の目的である特定投資株式の明細、最大保有会社	CurrentYearInstant_Row17Member	－	発行会社グループとの、主に金融取引(預金・貸出・為替等)における総合的な取引関係維持・拡大のために保有
jpcrp_cor:WhetherIssuerOfAforementionedSharesHoldsReportingCompanysSharesDetailsOfSpecifiedInvestmentSharesHeldForPurposesOtherThanPureInvestmentLargestHoldingCompany	当該株式の発行者による提出会社の株式の保有の有無、保有目的が純投資目的以外の目的である特定投資株式の明細、最大保有会社	CurrentYearInstant_Row17Member	－	有
jpcrp_cor:NameOfSecuritiesDetailsOfSpecifiedInvestmentEquitySecuritiesHeldForPurposesOtherThanPureInvestmentLargestHoldingCompany	銘柄、保有目的が純投資目的以外の目的である特定投資株式の明細、最大保有会社	CurrentYearInstant_Row18Member	－	三井物産株式会社
jpcrp_cor:PurposeOfShareholdingOverviewOfBusinessAllianceQuantitativeEffectsOfShareholdingAndReasonForIncreaseInNumberOfSharesDetailsOfSpecifiedInvestmentSharesHeldForPurposesOtherThanPureInvestmentLargestHoldingCompany	保有目的、業務提携等の概要、定量的な保有効果及び株式数が増加した理由、保有目的が純投資目的以外の目的である特定投資株式の明細、最大保有会社	CurrentYearInstant_Row18Member	－	発行会社グループとの、主に金融取引(預金・貸出・為替等)における総合的な取引関係維持・拡大のために保有
jpcrp_cor:WhetherIssuerOfAforementionedSharesHoldsReportingCompanysSharesDetailsOfSpecifiedInvestmentSharesHeldForPurposesOtherThanPureInvestmentLargestHoldingCompany	当該株式の発行者による提出会社の株式の保有の有無、保有目的が純投資目的以外の目的である特定投資株式の明細、最大保有会社	CurrentYearInstant_Row18Member	－	有
jpcrp_cor:NameOfSecuritiesDetailsOfSpecifiedInvestmentEquitySecuritiesHeldForPurposesOtherThanPureInvestmentLargestHoldingCompany	銘柄、保有目的が純投資目的以外の目的である特定投資株式の明細、最大保有会社	CurrentYearInstant_Row19Member	－	大和ハウス工業株式会社
jpcrp_cor:PurposeOfShareholdingOverviewOfBusinessAllianceQuantitativeEffectsOfShareholdingAndReasonForIncreaseInNumberOfSharesDetailsOfSpecifiedInvestmentSharesHeldForPurposesOtherThanPureInvestmentLargestHoldingCompany	保有目的、業務提携等の概要、定量的な保有効果及び株式数が増加した理由、保有目的が純投資目的以外の目的である特定投資株式の明細、最大保有会社	CurrentYearInstant_Row19Member	－	発行会社グループとの、主に金融取引(預金・貸出・為替等)における総合的な取引関係維持・拡大のために保有
jpcrp_cor:WhetherIssuerOfAforementionedSharesHoldsReportingCompanysSharesDetailsOfSpecifiedInvestmentSharesHeldForPurposesOtherThanPureInvestmentLargestHoldingCompany	当該株式の発行者による提出会社の株式の保有の有無、保有目的が純投資目的以外の目的である特定投資株式の明細、最大保有会社	CurrentYearInstant_Row19Member	－	有
jpcrp_cor:NameOfSecuritiesDetailsOfSpecifiedInvestmentEquitySecuritiesHeldForPurposesOtherThanPureInvestmentLargestHoldingCompany	銘柄、保有目的が純投資目的以外の目的である特定投資株式の明細、最大保有会社	CurrentYearInstant_Row20Member	－	BANCO BRADESCO S.A.
jpcrp_cor:PurposeOfShareholdingOverviewOfBusinessAllianceQuantitativeEffectsOfShareholdingAndReasonForIncreaseInNumberOfSharesDetailsOfSpecifiedInvestmentSharesHeldForPurposesOtherThanPureInvestmentLargestHoldingCompany	保有目的、業務提携等の概要、定量的な保有効果及び株式数が増加した理由、保有目的が純投資目的以外の目的である特定投資株式の明細、最大保有会社	CurrentYearInstant_Row20Member	－	発行会社はブラジルの地場大手総合金融機関。ブラジルにおけるＭＵＦＧの事業を補完し、当地ビジネスを発展させる目的で資本業務提携を締結。日伯投資家の資産運用に係る事業領域では、2008年から同社投信の本邦投資家向け販売を開始。今後も業務提携関係
jpcrp_cor:WhetherIssuerOfAforementionedSharesHoldsReportingCompanysSharesDetailsOfSpecifiedInvestmentSharesHeldForPurposesOtherThanPureInvestmentLargestHoldingCompany	当該株式の発行者による提出会社の株式の保有の有無、保有目的が純投資目的以外の目的である特定投資株式の明細、最大保有会社	CurrentYearInstant_Row20Member	－	無
jpcrp_cor:NameOfSecuritiesDetailsOfSpecifiedInvestmentEquitySecuritiesHeldForPurposesOtherThanPureInvestmentLargestHoldingCompany	銘柄、保有目的が純投資目的以外の目的である特定投資株式の明細、最大保有会社	CurrentYearInstant_Row21Member	－	株式会社クボタ
jpcrp_cor:PurposeOfShareholdingOverviewOfBusinessAllianceQuantitativeEffectsOfShareholdingAndReasonForIncreaseInNumberOfSharesDetailsOfSpecifiedInvestmentSharesHeldForPurposesOtherThanPureInvestmentLargestHoldingCompany	保有目的、業務提携等の概要、定量的な保有効果及び株式数が増加した理由、保有目的が純投資目的以外の目的である特定投資株式の明細、最大保有会社	CurrentYearInstant_Row21Member	－	発行会社グループとの、主に金融取引(預金・貸出・為替等)における総合的な取引関係維持・拡大のために保有
jpcrp_cor:WhetherIssuerOfAforementionedSharesHoldsReportingCompanysSharesDetailsOfSpecifiedInvestmentSharesHeldForPurposesOtherThanPureInvestmentLargestHoldingCompany	当該株式の発行者による提出会社の株式の保有の有無、保有目的が純投資目的以外の目的である特定投資株式の明細、最大保有会社	CurrentYearInstant_Row21Member	－	有
jpcrp_cor:NameOfSecuritiesDetailsOfSpecifiedInvestmentEquitySecuritiesHeldForPurposesOtherThanPureInvestmentLargestHoldingCompany	銘柄、保有目的が純投資目的以外の目的である特定投資株式の明細、最大保有会社	CurrentYearInstant_Row22Member	－	ＳＧホールディングス株式会社
jpcrp_cor:PurposeOfShareholdingOverviewOfBusinessAllianceQuantitativeEffectsOfShareholdingAndReasonForIncreaseInNumberOfSharesDetailsOfSpecifiedInvestmentSharesHeldForPurposesOtherThanPureInvestmentLargestHoldingCompany	保有目的、業務提携等の概要、定量的な保有効果及び株式数が増加した理由、保有目的が純投資目的以外の目的である特定投資株式の明細、最大保有会社	CurrentYearInstant_Row22Member	－	発行会社グループとの、主に金融取引(預金・貸出・為替等)における総合的な取引関係維持・拡大のために保有
jpcrp_cor:WhetherIssuerOfAforementionedSharesHoldsReportingCompanysSharesDetailsOfSpecifiedInvestmentSharesHeldForPurposesOtherThanPureInvestmentLargestHoldingCompany	当該株式の発行者による提出会社の株式の保有の有無、保有目的が純投資目的以外の目的である特定投資株式の明細、最大保有会社	CurrentYearInstant_Row22Member	－	有
jpcrp_cor:NameOfSecuritiesDetailsOfSpecifiedInvestmentEquitySecuritiesHeldForPurposesOtherThanPureInvestmentLargestHoldingCompany	銘柄、保有目的が純投資目的以外の目的である特定投資株式の明細、最大保有会社	CurrentYearInstant_Row23Member	－	イオン株式会社
jpcrp_cor:PurposeOfShareholdingOverviewOfBusinessAllianceQuantitativeEffectsOfShareholdingAndReasonForIncreaseInNumberOfSharesDetailsOfSpecifiedInvestmentSharesHeldForPurposesOtherThanPureInvestmentLargestHoldingCompany	保有目的、業務提携等の概要、定量的な保有効果及び株式数が増加した理由、保有目的が純投資目的以外の目的である特定投資株式の明細、最大保有会社	CurrentYearInstant_Row23Member	－	発行会社グループとの、主に金融取引(預金・貸出・為替等)における総合的な取引関係維持・拡大のために保有しており、株式分割により株式数が増加
jpcrp_cor:WhetherIssuerOfAforementionedSharesHoldsReportingCompanysSharesDetailsOfSpecifiedInvestmentSharesHeldForPurposesOtherThanPureInvestmentLargestHoldingCompany	当該株式の発行者による提出会社の株式の保有の有無、保有目的が純投資目的以外の目的である特定投資株式の明細、最大保有会社	CurrentYearInstant_Row23Member	－	有
jpcrp_cor:NameOfSecuritiesDetailsOfSpecifiedInvestmentEquitySecuritiesHeldForPurposesOtherThanPureInvestmentLargestHoldingCompany	銘柄、保有目的が純投資目的以外の目的である特定投資株式の明細、最大保有会社	CurrentYearInstant_Row24Member	－	日本碍子株式会社
jpcrp_cor:PurposeOfShareholdingOverviewOfBusinessAllianceQuantitativeEffectsOfShareholdingAndReasonForIncreaseInNumberOfSharesDetailsOfSpecifiedInvestmentSharesHeldForPurposesOtherThanPureInvestmentLargestHoldingCompany	保有目的、業務提携等の概要、定量的な保有効果及び株式数が増加した理由、保有目的が純投資目的以外の目的である特定投資株式の明細、最大保有会社	CurrentYearInstant_Row24Member	－	発行会社グループとの、主に金融取引(預金・貸出・為替等)における総合的な取引関係維持・拡大のために保有
jpcrp_cor:WhetherIssuerOfAforementionedSharesHoldsReportingCompanysSharesDetailsOfSpecifiedInvestmentSharesHeldForPurposesOtherThanPureInvestmentLargestHoldingCompany	当該株式の発行者による提出会社の株式の保有の有無、保有目的が純投資目的以外の目的である特定投資株式の明細、最大保有会社	CurrentYearInstant_Row24Member	－	有
jpcrp_cor:NameOfSecuritiesDetailsOfSpecifiedInvestmentEquitySecuritiesHeldForPurposesOtherThanPureInvestmentLargestHoldingCompany	銘柄、保有目的が純投資目的以外の目的である特定投資株式の明細、最大保有会社	CurrentYearInstant_Row25Member	－	株式会社島津製作所
jpcrp_cor:PurposeOfShareholdingOverviewOfBusinessAllianceQuantitativeEffectsOfShareholdingAndReasonForIncreaseInNumberOfSharesDetailsOfSpecifiedInvestmentSharesHeldForPurposesOtherThanPureInvestmentLargestHoldingCompany	保有目的、業務提携等の概要、定量的な保有効果及び株式数が増加した理由、保有目的が純投資目的以外の目的である特定投資株式の明細、最大保有会社	CurrentYearInstant_Row25Member	－	発行会社グループとの、主に金融取引(預金・貸出・為替等)における総合的な取引関係維持・拡大のために保有
jpcrp_cor:WhetherIssuerOfAforementionedSharesHoldsReportingCompanysSharesDetailsOfSpecifiedInvestmentSharesHeldForPurposesOtherThanPureInvestmentLargestHoldingCompany	当該株式の発行者による提出会社の株式の保有の有無、保有目的が純投資目的以外の目的である特定投資株式の明細、最大保有会社	CurrentYearInstant_Row25Member	－	有
jpcrp_cor:NameOfSecuritiesDetailsOfSpecifiedInvestmentEquitySecuritiesHeldForPurposesOtherThanPureInvestmentLargestHoldingCompany	銘柄、保有目的が純投資目的以外の目的である特定投資株式の明細、最大保有会社	CurrentYearInstant_Row26Member	－	株式会社ＳＣＲＥＥＮホールディングス
jpcrp_cor:PurposeOfShareholdingOverviewOfBusinessAllianceQuantitativeEffectsOfShareholdingAndReasonForIncreaseInNumberOfSharesDetailsOfSpecifiedInvestmentSharesHeldForPurposesOtherThanPureInvestmentLargestHoldingCompany	保有目的、業務提携等の概要、定量的な保有効果及び株式数が増加した理由、保有目的が純投資目的以外の目的である特定投資株式の明細、最大保有会社	CurrentYearInstant_Row26Member	－	発行会社グループとの、主に金融取引(預金・貸出・為替等)における総合的な取引関係維持・拡大のために保有しており、株式分割により株式数が増加
jpcrp_cor:WhetherIssuerOfAforementionedSharesHoldsReportingCompanysSharesDetailsOfSpecifiedInvestmentSharesHeldForPurposesOtherThanPureInvestmentLargestHoldingCompany	当該株式の発行者による提出会社の株式の保有の有無、保有目的が純投資目的以外の目的である特定投資株式の明細、最大保有会社	CurrentYearInstant_Row26Member	－	有
jpcrp_cor:NameOfSecuritiesDetailsOfSpecifiedInvestmentEquitySecuritiesHeldForPurposesOtherThanPureInvestmentLargestHoldingCompany	銘柄、保有目的が純投資目的以外の目的である特定投資株式の明細、最大保有会社	CurrentYearInstant_Row27Member	－	西日本旅客鉄道株式会社
jpcrp_cor:PurposeOfShareholdingOverviewOfBusinessAllianceQuantitativeEffectsOfShareholdingAndReasonForIncreaseInNumberOfSharesDetailsOfSpecifiedInvestmentSharesHeldForPurposesOtherThanPureInvestmentLargestHoldingCompany	保有目的、業務提携等の概要、定量的な保有効果及び株式数が増加した理由、保有目的が純投資目的以外の目的である特定投資株式の明細、最大保有会社	CurrentYearInstant_Row27Member	－	発行会社グループとの、主に金融取引(預金・貸出・為替等)における総合的な取引関係維持・拡大のために保有
jpcrp_cor:WhetherIssuerOfAforementionedSharesHoldsReportingCompanysSharesDetailsOfSpecifiedInvestmentSharesHeldForPurposesOtherThanPureInvestmentLargestHoldingCompany	当該株式の発行者による提出会社の株式の保有の有無、保有目的が純投資目的以外の目的である特定投資株式の明細、最大保有会社	CurrentYearInstant_Row27Member	－	有
jpcrp_cor:NameOfSecuritiesDetailsOfSpecifiedInvestmentEquitySecuritiesHeldForPurposesOtherThanPureInvestmentLargestHoldingCompany	銘柄、保有目的が純投資目的以外の目的である特定投資株式の明細、最大保有会社	CurrentYearInstant_Row28Member	－	株式会社日本取引所グループ
jpcrp_cor:PurposeOfShareholdingOverviewOfBusinessAllianceQuantitativeEffectsOfShareholdingAndReasonForIncreaseInNumberOfSharesDetailsOfSpecifiedInvestmentSharesHeldForPurposesOtherThanPureInvestmentLargestHoldingCompany	保有目的、業務提携等の概要、定量的な保有効果及び株式数が増加した理由、保有目的が純投資目的以外の目的である特定投資株式の明細、最大保有会社	CurrentYearInstant_Row28Member	－	発行会社は東京証券取引所、大阪取引所、証券保管振替機構等を傘下に有する持株会社。取引所金融商品市場の運営から売買の執行や、清算、決済に至るまで、市場参加者に対して総合的なサービスを提供。同社は本邦金融市場における公共インフラとしての位置付け
jpcrp_cor:WhetherIssuerOfAforementionedSharesHoldsReportingCompanysSharesDetailsOfSpecifiedInvestmentSharesHeldForPurposesOtherThanPureInvestmentLargestHoldingCompany	当該株式の発行者による提出会社の株式の保有の有無、保有目的が純投資目的以外の目的である特定投資株式の明細、最大保有会社	CurrentYearInstant_Row28Member	－	無
jpcrp_cor:NameOfSecuritiesDetailsOfSpecifiedInvestmentEquitySecuritiesHeldForPurposesOtherThanPureInvestmentLargestHoldingCompany	銘柄、保有目的が純投資目的以外の目的である特定投資株式の明細、最大保有会社	CurrentYearInstant_Row29Member	－	東京応化工業株式会社
jpcrp_cor:PurposeOfShareholdingOverviewOfBusinessAllianceQuantitativeEffectsOfShareholdingAndReasonForIncreaseInNumberOfSharesDetailsOfSpecifiedInvestmentSharesHeldForPurposesOtherThanPureInvestmentLargestHoldingCompany	保有目的、業務提携等の概要、定量的な保有効果及び株式数が増加した理由、保有目的が純投資目的以外の目的である特定投資株式の明細、最大保有会社	CurrentYearInstant_Row29Member	－	発行会社グループとの、主に金融取引(預金・貸出・為替等)における総合的な取引関係維持・拡大のために保有
jpcrp_cor:WhetherIssuerOfAforementionedSharesHoldsReportingCompanysSharesDetailsOfSpecifiedInvestmentSharesHeldForPurposesOtherThanPureInvestmentLargestHoldingCompany	当該株式の発行者による提出会社の株式の保有の有無、保有目的が純投資目的以外の目的である特定投資株式の明細、最大保有会社	CurrentYearInstant_Row29Member	－	有
jpcrp_cor:NameOfSecuritiesDetailsOfSpecifiedInvestmentEquitySecuritiesHeldForPurposesOtherThanPureInvestmentLargestHoldingCompany	銘柄、保有目的が純投資目的以外の目的である特定投資株式の明細、最大保有会社	CurrentYearInstant_Row30Member	－	ミネベアミツミ株式会社
jpcrp_cor:PurposeOfShareholdingOverviewOfBusinessAllianceQuantitativeEffectsOfShareholdingAndReasonForIncreaseInNumberOfSharesDetailsOfSpecifiedInvestmentSharesHeldForPurposesOtherThanPureInvestmentLargestHoldingCompany	保有目的、業務提携等の概要、定量的な保有効果及び株式数が増加した理由、保有目的が純投資目的以外の目的である特定投資株式の明細、最大保有会社	CurrentYearInstant_Row30Member	－	発行会社グループとの、主に金融取引(預金・貸出・為替等)における総合的な取引関係維持・拡大のために保有
jpcrp_cor:WhetherIssuerOfAforementionedSharesHoldsReportingCompanysSharesDetailsOfSpecifiedInvestmentSharesHeldForPurposesOtherThanPureInvestmentLargestHoldingCompany	当該株式の発行者による提出会社の株式の保有の有無、保有目的が純投資目的以外の目的である特定投資株式の明細、最大保有会社	CurrentYearInstant_Row30Member	－	有
jpcrp_cor:NameOfSecuritiesDetailsOfSpecifiedInvestmentEquitySecuritiesHeldForPurposesOtherThanPureInvestmentLargestHoldingCompany	銘柄、保有目的が純投資目的以外の目的である特定投資株式の明細、最大保有会社	CurrentYearInstant_Row31Member	－	日本製鉄株式会社
jpcrp_cor:PurposeOfShareholdingOverviewOfBusinessAllianceQuantitativeEffectsOfShareholdingAndReasonForIncreaseInNumberOfSharesDetailsOfSpecifiedInvestmentSharesHeldForPurposesOtherThanPureInvestmentLargestHoldingCompany	保有目的、業務提携等の概要、定量的な保有効果及び株式数が増加した理由、保有目的が純投資目的以外の目的である特定投資株式の明細、最大保有会社	CurrentYearInstant_Row31Member	－	発行会社グループとの、主に金融取引(預金・貸出・為替等)における総合的な取引関係維持・拡大のために保有しており、株式分割により株式数が増加
jpcrp_cor:WhetherIssuerOfAforementionedSharesHoldsReportingCompanysSharesDetailsOfSpecifiedInvestmentSharesHeldForPurposesOtherThanPureInvestmentLargestHoldingCompany	当該株式の発行者による提出会社の株式の保有の有無、保有目的が純投資目的以外の目的である特定投資株式の明細、最大保有会社	CurrentYearInstant_Row31Member	－	有
jpcrp_cor:NameOfSecuritiesDetailsOfSpecifiedInvestmentEquitySecuritiesHeldForPurposesOtherThanPureInvestmentLargestHoldingCompany	銘柄、保有目的が純投資目的以外の目的である特定投資株式の明細、最大保有会社	CurrentYearInstant_Row32Member	－	小野薬品工業株式会社
jpcrp_cor:PurposeOfShareholdingOverviewOfBusinessAllianceQuantitativeEffectsOfShareholdingAndReasonForIncreaseInNumberOfSharesDetailsOfSpecifiedInvestmentSharesHeldForPurposesOtherThanPureInvestmentLargestHoldingCompany	保有目的、業務提携等の概要、定量的な保有効果及び株式数が増加した理由、保有目的が純投資目的以外の目的である特定投資株式の明細、最大保有会社	CurrentYearInstant_Row32Member	－	発行会社グループとの、主に金融取引(預金・貸出・為替等)における総合的な取引関係維持・拡大のために保有
jpcrp_cor:WhetherIssuerOfAforementionedSharesHoldsReportingCompanysSharesDetailsOfSpecifiedInvestmentSharesHeldForPurposesOtherThanPureInvestmentLargestHoldingCompany	当該株式の発行者による提出会社の株式の保有の有無、保有目的が純投資目的以外の目的である特定投資株式の明細、最大保有会社	CurrentYearInstant_Row32Member	－	有
jpcrp_cor:NameOfSecuritiesDetailsOfSpecifiedInvestmentEquitySecuritiesHeldForPurposesOtherThanPureInvestmentLargestHoldingCompany	銘柄、保有目的が純投資目的以外の目的である特定投資株式の明細、最大保有会社	CurrentYearInstant_Row33Member	－	株式会社千葉銀行
jpcrp_cor:PurposeOfShareholdingOverviewOfBusinessAllianceQuantitativeEffectsOfShareholdingAndReasonForIncreaseInNumberOfSharesDetailsOfSpecifiedInvestmentSharesHeldForPurposesOtherThanPureInvestmentLargestHoldingCompany	保有目的、業務提携等の概要、定量的な保有効果及び株式数が増加した理由、保有目的が純投資目的以外の目的である特定投資株式の明細、最大保有会社	CurrentYearInstant_Row33Member	－	発行会社グループとの、主に金融取引(預金・貸出・為替等)における総合的な取引関係維持・拡大のために保有
jpcrp_cor:WhetherIssuerOfAforementionedSharesHoldsReportingCompanysSharesDetailsOfSpecifiedInvestmentSharesHeldForPurposesOtherThanPureInvestmentLargestHoldingCompany	当該株式の発行者による提出会社の株式の保有の有無、保有目的が純投資目的以外の目的である特定投資株式の明細、最大保有会社	CurrentYearInstant_Row33Member	－	有
jpcrp_cor:NameOfSecuritiesDetailsOfSpecifiedInvestmentEquitySecuritiesHeldForPurposesOtherThanPureInvestmentLargestHoldingCompany	銘柄、保有目的が純投資目的以外の目的である特定投資株式の明細、最大保有会社	CurrentYearInstant_Row34Member	－	キヤノン株式会社
jpcrp_cor:PurposeOfShareholdingOverviewOfBusinessAllianceQuantitativeEffectsOfShareholdingAndReasonForIncreaseInNumberOfSharesDetailsOfSpecifiedInvestmentSharesHeldForPurposesOtherThanPureInvestmentLargestHoldingCompany	保有目的、業務提携等の概要、定量的な保有効果及び株式数が増加した理由、保有目的が純投資目的以外の目的である特定投資株式の明細、最大保有会社	CurrentYearInstant_Row34Member	－	発行会社グループとの、主に金融取引(預金・貸出・為替等)における総合的な取引関係維持・拡大のために保有
jpcrp_cor:WhetherIssuerOfAforementionedSharesHoldsReportingCompanysSharesDetailsOfSpecifiedInvestmentSharesHeldForPurposesOtherThanPureInvestmentLargestHoldingCompany	当該株式の発行者による提出会社の株式の保有の有無、保有目的が純投資目的以外の目的である特定投資株式の明細、最大保有会社	CurrentYearInstant_Row34Member	－	有
jpcrp_cor:NameOfSecuritiesDetailsOfSpecifiedInvestmentEquitySecuritiesHeldForPurposesOtherThanPureInvestmentLargestHoldingCompany	銘柄、保有目的が純投資目的以外の目的である特定投資株式の明細、最大保有会社	CurrentYearInstant_Row35Member	－	セコム株式会社
jpcrp_cor:PurposeOfShareholdingOverviewOfBusinessAllianceQuantitativeEffectsOfShareholdingAndReasonForIncreaseInNumberOfSharesDetailsOfSpecifiedInvestmentSharesHeldForPurposesOtherThanPureInvestmentLargestHoldingCompany	保有目的、業務提携等の概要、定量的な保有効果及び株式数が増加した理由、保有目的が純投資目的以外の目的である特定投資株式の明細、最大保有会社	CurrentYearInstant_Row35Member	－	発行会社グループとの、主に金融取引(預金・貸出・為替等)における総合的な取引関係維持・拡大のために保有
jpcrp_cor:WhetherIssuerOfAforementionedSharesHoldsReportingCompanysSharesDetailsOfSpecifiedInvestmentSharesHeldForPurposesOtherThanPureInvestmentLargestHoldingCompany	当該株式の発行者による提出会社の株式の保有の有無、保有目的が純投資目的以外の目的である特定投資株式の明細、最大保有会社	CurrentYearInstant_Row35Member	－	有
jpcrp_cor:NameOfSecuritiesDetailsOfSpecifiedInvestmentEquitySecuritiesHeldForPurposesOtherThanPureInvestmentLargestHoldingCompany	銘柄、保有目的が純投資目的以外の目的である特定投資株式の明細、最大保有会社	CurrentYearInstant_Row36Member	－	ロート製薬株式会社
jpcrp_cor:PurposeOfShareholdingOverviewOfBusinessAllianceQuantitativeEffectsOfShareholdingAndReasonForIncreaseInNumberOfSharesDetailsOfSpecifiedInvestmentSharesHeldForPurposesOtherThanPureInvestmentLargestHoldingCompany	保有目的、業務提携等の概要、定量的な保有効果及び株式数が増加した理由、保有目的が純投資目的以外の目的である特定投資株式の明細、最大保有会社	CurrentYearInstant_Row36Member	－	発行会社グループとの、主に金融取引(預金・貸出・為替等)における総合的な取引関係維持・拡大のために保有
jpcrp_cor:WhetherIssuerOfAforementionedSharesHoldsReportingCompanysSharesDetailsOfSpecifiedInvestmentSharesHeldForPurposesOtherThanPureInvestmentLargestHoldingCompany	当該株式の発行者による提出会社の株式の保有の有無、保有目的が純投資目的以外の目的である特定投資株式の明細、最大保有会社	CurrentYearInstant_Row36Member	－	有
jpcrp_cor:NameOfSecuritiesDetailsOfSpecifiedInvestmentEquitySecuritiesHeldForPurposesOtherThanPureInvestmentLargestHoldingCompany	銘柄、保有目的が純投資目的以外の目的である特定投資株式の明細、最大保有会社	CurrentYearInstant_Row37Member	－	三菱電機株式会社
jpcrp_cor:PurposeOfShareholdingOverviewOfBusinessAllianceQuantitativeEffectsOfShareholdingAndReasonForIncreaseInNumberOfSharesDetailsOfSpecifiedInvestmentSharesHeldForPurposesOtherThanPureInvestmentLargestHoldingCompany	保有目的、業務提携等の概要、定量的な保有効果及び株式数が増加した理由、保有目的が純投資目的以外の目的である特定投資株式の明細、最大保有会社	CurrentYearInstant_Row37Member	－	発行会社グループとの、主に金融取引(預金・貸出・為替等)における総合的な取引関係維持・拡大のために保有
jpcrp_cor:WhetherIssuerOfAforementionedSharesHoldsReportingCompanysSharesDetailsOfSpecifiedInvestmentSharesHeldForPurposesOtherThanPureInvestmentLargestHoldingCompany	当該株式の発行者による提出会社の株式の保有の有無、保有目的が純投資目的以外の目的である特定投資株式の明細、最大保有会社	CurrentYearInstant_Row37Member	－	有
jpcrp_cor:NameOfSecuritiesDetailsOfSpecifiedInvestmentEquitySecuritiesHeldForPurposesOtherThanPureInvestmentLargestHoldingCompany	銘柄、保有目的が純投資目的以外の目的である特定投資株式の明細、最大保有会社	CurrentYearInstant_Row38Member	－	株式会社シマノ
jpcrp_cor:PurposeOfShareholdingOverviewOfBusinessAllianceQuantitativeEffectsOfShareholdingAndReasonForIncreaseInNumberOfSharesDetailsOfSpecifiedInvestmentSharesHeldForPurposesOtherThanPureInvestmentLargestHoldingCompany	保有目的、業務提携等の概要、定量的な保有効果及び株式数が増加した理由、保有目的が純投資目的以外の目的である特定投資株式の明細、最大保有会社	CurrentYearInstant_Row38Member	－	発行会社グループとの、主に金融取引(預金・貸出・為替等)における総合的な取引関係維持・拡大のために保有
jpcrp_cor:WhetherIssuerOfAforementionedSharesHoldsReportingCompanysSharesDetailsOfSpecifiedInvestmentSharesHeldForPurposesOtherThanPureInvestmentLargestHoldingCompany	当該株式の発行者による提出会社の株式の保有の有無、保有目的が純投資目的以外の目的である特定投資株式の明細、最大保有会社	CurrentYearInstant_Row38Member	－	有
jpcrp_cor:NameOfSecuritiesDetailsOfSpecifiedInvestmentEquitySecuritiesHeldForPurposesOtherThanPureInvestmentLargestHoldingCompany	銘柄、保有目的が純投資目的以外の目的である特定投資株式の明細、最大保有会社	CurrentYearInstant_Row39Member	－	関西電力株式会社
jpcrp_cor:PurposeOfShareholdingOverviewOfBusinessAllianceQuantitativeEffectsOfShareholdingAndReasonForIncreaseInNumberOfSharesDetailsOfSpecifiedInvestmentSharesHeldForPurposesOtherThanPureInvestmentLargestHoldingCompany	保有目的、業務提携等の概要、定量的な保有効果及び株式数が増加した理由、保有目的が純投資目的以外の目的である特定投資株式の明細、最大保有会社	CurrentYearInstant_Row39Member	－	発行会社グループとの、主に金融取引(預金・貸出・為替等)における総合的な取引関係維持・拡大のために保有
jpcrp_cor:WhetherIssuerOfAforementionedSharesHoldsReportingCompanysSharesDetailsOfSpecifiedInvestmentSharesHeldForPurposesOtherThanPureInvestmentLargestHoldingCompany	当該株式の発行者による提出会社の株式の保有の有無、保有目的が純投資目的以外の目的である特定投資株式の明細、最大保有会社	CurrentYearInstant_Row39Member	－	有
jpcrp_cor:NameOfSecuritiesDetailsOfSpecifiedInvestmentEquitySecuritiesHeldForPurposesOtherThanPureInvestmentLargestHoldingCompany	銘柄、保有目的が純投資目的以外の目的である特定投資株式の明細、最大保有会社	CurrentYearInstant_Row40Member	－	日本空港ビルデング株式会社
jpcrp_cor:PurposeOfShareholdingOverviewOfBusinessAllianceQuantitativeEffectsOfShareholdingAndReasonForIncreaseInNumberOfSharesDetailsOfSpecifiedInvestmentSharesHeldForPurposesOtherThanPureInvestmentLargestHoldingCompany	保有目的、業務提携等の概要、定量的な保有効果及び株式数が増加した理由、保有目的が純投資目的以外の目的である特定投資株式の明細、最大保有会社	CurrentYearInstant_Row40Member	－	発行会社グループとの、主に金融取引(預金・貸出・為替等)における総合的な取引関係維持・拡大のために保有
jpcrp_cor:WhetherIssuerOfAforementionedSharesHoldsReportingCompanysSharesDetailsOfSpecifiedInvestmentSharesHeldForPurposesOtherThanPureInvestmentLargestHoldingCompany	当該株式の発行者による提出会社の株式の保有の有無、保有目的が純投資目的以外の目的である特定投資株式の明細、最大保有会社	CurrentYearInstant_Row40Member	－	無
jpcrp_cor:NameOfSecuritiesDetailsOfSpecifiedInvestmentEquitySecuritiesHeldForPurposesOtherThanPureInvestmentLargestHoldingCompany	銘柄、保有目的が純投資目的以外の目的である特定投資株式の明細、最大保有会社	CurrentYearInstant_Row41Member	－	東邦瓦斯株式会社
jpcrp_cor:PurposeOfShareholdingOverviewOfBusinessAllianceQuantitativeEffectsOfShareholdingAndReasonForIncreaseInNumberOfSharesDetailsOfSpecifiedInvestmentSharesHeldForPurposesOtherThanPureInvestmentLargestHoldingCompany	保有目的、業務提携等の概要、定量的な保有効果及び株式数が増加した理由、保有目的が純投資目的以外の目的である特定投資株式の明細、最大保有会社	CurrentYearInstant_Row41Member	－	発行会社グループとの、主に金融取引(預金・貸出・為替等)における総合的な取引関係維持・拡大のために保有しており、株式分割により株式数が増加
jpcrp_cor:WhetherIssuerOfAforementionedSharesHoldsReportingCompanysSharesDetailsOfSpecifiedInvestmentSharesHeldForPurposesOtherThanPureInvestmentLargestHoldingCompany	当該株式の発行者による提出会社の株式の保有の有無、保有目的が純投資目的以外の目的である特定投資株式の明細、最大保有会社	CurrentYearInstant_Row41Member	－	有
jpcrp_cor:NameOfSecuritiesDetailsOfSpecifiedInvestmentEquitySecuritiesHeldForPurposesOtherThanPureInvestmentLargestHoldingCompany	銘柄、保有目的が純投資目的以外の目的である特定投資株式の明細、最大保有会社	CurrentYearInstant_Row42Member	－	株式会社リコー
jpcrp_cor:PurposeOfShareholdingOverviewOfBusinessAllianceQuantitativeEffectsOfShareholdingAndReasonForIncreaseInNumberOfSharesDetailsOfSpecifiedInvestmentSharesHeldForPurposesOtherThanPureInvestmentLargestHoldingCompany	保有目的、業務提携等の概要、定量的な保有効果及び株式数が増加した理由、保有目的が純投資目的以外の目的である特定投資株式の明細、最大保有会社	CurrentYearInstant_Row42Member	－	発行会社グループとの、主に金融取引(預金・貸出・為替等)における総合的な取引関係維持・拡大のために保有
jpcrp_cor:WhetherIssuerOfAforementionedSharesHoldsReportingCompanysSharesDetailsOfSpecifiedInvestmentSharesHeldForPurposesOtherThanPureInvestmentLargestHoldingCompany	当該株式の発行者による提出会社の株式の保有の有無、保有目的が純投資目的以外の目的である特定投資株式の明細、最大保有会社	CurrentYearInstant_Row42Member	－	有
jpcrp_cor:NameOfSecuritiesDetailsOfSpecifiedInvestmentEquitySecuritiesHeldForPurposesOtherThanPureInvestmentLargestHoldingCompany	銘柄、保有目的が純投資目的以外の目的である特定投資株式の明細、最大保有会社	CurrentYearInstant_Row43Member	－	丸一鋼管株式会社
jpcrp_cor:NumberOfSharesNotDisclosedAsBelowThresholdDetailsOfSpecifiedInvestmentSharesHeldForPurposesOtherThanPureInvestmentLargestHoldingCompany	株式数（記載省略）、保有目的が純投資目的以外の目的である特定投資株式の明細、最大保有会社	Prior1YearInstant_Row43Member	－	＊
jpcrp_cor:PurposeOfShareholdingOverviewOfBusinessAllianceQuantitativeEffectsOfShareholdingAndReasonForIncreaseInNumberOfSharesDetailsOfSpecifiedInvestmentSharesHeldForPurposesOtherThanPureInvestmentLargestHoldingCompany	保有目的、業務提携等の概要、定量的な保有効果及び株式数が増加した理由、保有目的が純投資目的以外の目的である特定投資株式の明細、最大保有会社	CurrentYearInstant_Row43Member	－	発行会社グループとの、主に金融取引(預金・貸出・為替等)における総合的な取引関係維持・拡大のために保有しており、株式分割により株式数が増加
jpcrp_cor:WhetherIssuerOfAforementionedSharesHoldsReportingCompanysSharesDetailsOfSpecifiedInvestmentSharesHeldForPurposesOtherThanPureInvestmentLargestHoldingCompany	当該株式の発行者による提出会社の株式の保有の有無、保有目的が純投資目的以外の目的である特定投資株式の明細、最大保有会社	CurrentYearInstant_Row43Member	－	有
jpcrp_cor:CarryingAmountNotDisclosedAsBelowThresholdDetailsOfSpecifiedInvestmentSharesHeldForPurposesOtherThanPureInvestmentLargestHoldingCompany	貸借対照表計上額（記載省略）、保有目的が純投資目的以外の目的である特定投資株式の明細、最大保有会社	Prior1YearInstant_Row43Member	－	＊
jpcrp_cor:NameOfSecuritiesDetailsOfSpecifiedInvestmentEquitySecuritiesHeldForPurposesOtherThanPureInvestmentLargestHoldingCompany	銘柄、保有目的が純投資目的以外の目的である特定投資株式の明細、最大保有会社	CurrentYearInstant_Row44Member	－	日本新薬株式会社
jpcrp_cor:NumberOfSharesNotDisclosedAsBelowThresholdDetailsOfSpecifiedInvestmentSharesHeldForPurposesOtherThanPureInvestmentLargestHoldingCompany	株式数（記載省略）、保有目的が純投資目的以外の目的である特定投資株式の明細、最大保有会社	Prior1YearInstant_Row44Member	－	＊
jpcrp_cor:PurposeOfShareholdingOverviewOfBusinessAllianceQuantitativeEffectsOfShareholdingAndReasonForIncreaseInNumberOfSharesDetailsOfSpecifiedInvestmentSharesHeldForPurposesOtherThanPureInvestmentLargestHoldingCompany	保有目的、業務提携等の概要、定量的な保有効果及び株式数が増加した理由、保有目的が純投資目的以外の目的である特定投資株式の明細、最大保有会社	CurrentYearInstant_Row44Member	－	発行会社グループとの、主に金融取引(預金・貸出・為替等)における総合的な取引関係維持・拡大のために保有
jpcrp_cor:WhetherIssuerOfAforementionedSharesHoldsReportingCompanysSharesDetailsOfSpecifiedInvestmentSharesHeldForPurposesOtherThanPureInvestmentLargestHoldingCompany	当該株式の発行者による提出会社の株式の保有の有無、保有目的が純投資目的以外の目的である特定投資株式の明細、最大保有会社	CurrentYearInstant_Row44Member	－	有
jpcrp_cor:CarryingAmountNotDisclosedAsBelowThresholdDetailsOfSpecifiedInvestmentSharesHeldForPurposesOtherThanPureInvestmentLargestHoldingCompany	貸借対照表計上額（記載省略）、保有目的が純投資目的以外の目的である特定投資株式の明細、最大保有会社	Prior1YearInstant_Row44Member	－	＊
jpcrp_cor:NameOfSecuritiesDetailsOfSpecifiedInvestmentEquitySecuritiesHeldForPurposesOtherThanPureInvestmentLargestHoldingCompany	銘柄、保有目的が純投資目的以外の目的である特定投資株式の明細、最大保有会社	CurrentYearInstant_Row45Member	－	上村工業株式会社
jpcrp_cor:NumberOfSharesNotDisclosedAsBelowThresholdDetailsOfSpecifiedInvestmentSharesHeldForPurposesOtherThanPureInvestmentLargestHoldingCompany	株式数（記載省略）、保有目的が純投資目的以外の目的である特定投資株式の明細、最大保有会社	Prior1YearInstant_Row45Member	－	＊
jpcrp_cor:PurposeOfShareholdingOverviewOfBusinessAllianceQuantitativeEffectsOfShareholdingAndReasonForIncreaseInNumberOfSharesDetailsOfSpecifiedInvestmentSharesHeldForPurposesOtherThanPureInvestmentLargestHoldingCompany	保有目的、業務提携等の概要、定量的な保有効果及び株式数が増加した理由、保有目的が純投資目的以外の目的である特定投資株式の明細、最大保有会社	CurrentYearInstant_Row45Member	－	発行会社グループとの、主に金融取引(預金・貸出・為替等)における総合的な取引関係維持・拡大のために保有
jpcrp_cor:WhetherIssuerOfAforementionedSharesHoldsReportingCompanysSharesDetailsOfSpecifiedInvestmentSharesHeldForPurposesOtherThanPureInvestmentLargestHoldingCompany	当該株式の発行者による提出会社の株式の保有の有無、保有目的が純投資目的以外の目的である特定投資株式の明細、最大保有会社	CurrentYearInstant_Row45Member	－	有
jpcrp_cor:CarryingAmountNotDisclosedAsBelowThresholdDetailsOfSpecifiedInvestmentSharesHeldForPurposesOtherThanPureInvestmentLargestHoldingCompany	貸借対照表計上額（記載省略）、保有目的が純投資目的以外の目的である特定投資株式の明細、最大保有会社	Prior1YearInstant_Row45Member	－	＊
jpcrp_cor:NameOfSecuritiesDetailsOfSpecifiedInvestmentEquitySecuritiesHeldForPurposesOtherThanPureInvestmentLargestHoldingCompany	銘柄、保有目的が純投資目的以外の目的である特定投資株式の明細、最大保有会社	CurrentYearInstant_Row46Member	－	日清食品ホールディングス株式会社
jpcrp_cor:PurposeOfShareholdingOverviewOfBusinessAllianceQuantitativeEffectsOfShareholdingAndReasonForIncreaseInNumberOfSharesDetailsOfSpecifiedInvestmentSharesHeldForPurposesOtherThanPureInvestmentLargestHoldingCompany	保有目的、業務提携等の概要、定量的な保有効果及び株式数が増加した理由、保有目的が純投資目的以外の目的である特定投資株式の明細、最大保有会社	CurrentYearInstant_Row46Member	－	発行会社グループとの、主に金融取引(預金・貸出・為替等)における総合的な取引関係維持・拡大のために保有
jpcrp_cor:WhetherIssuerOfAforementionedSharesHoldsReportingCompanysSharesDetailsOfSpecifiedInvestmentSharesHeldForPurposesOtherThanPureInvestmentLargestHoldingCompany	当該株式の発行者による提出会社の株式の保有の有無、保有目的が純投資目的以外の目的である特定投資株式の明細、最大保有会社	CurrentYearInstant_Row46Member	－	有
jpcrp_cor:NameOfSecuritiesDetailsOfSpecifiedInvestmentEquitySecuritiesHeldForPurposesOtherThanPureInvestmentLargestHoldingCompany	銘柄、保有目的が純投資目的以外の目的である特定投資株式の明細、最大保有会社	CurrentYearInstant_Row47Member	－	株式会社ニコン
jpcrp_cor:PurposeOfShareholdingOverviewOfBusinessAllianceQuantitativeEffectsOfShareholdingAndReasonForIncreaseInNumberOfSharesDetailsOfSpecifiedInvestmentSharesHeldForPurposesOtherThanPureInvestmentLargestHoldingCompany	保有目的、業務提携等の概要、定量的な保有効果及び株式数が増加した理由、保有目的が純投資目的以外の目的である特定投資株式の明細、最大保有会社	CurrentYearInstant_Row47Member	－	発行会社グループとの、主に金融取引(預金・貸出・為替等)における総合的な取引関係維持・拡大のために保有
jpcrp_cor:WhetherIssuerOfAforementionedSharesHoldsReportingCompanysSharesDetailsOfSpecifiedInvestmentSharesHeldForPurposesOtherThanPureInvestmentLargestHoldingCompany	当該株式の発行者による提出会社の株式の保有の有無、保有目的が純投資目的以外の目的である特定投資株式の明細、最大保有会社	CurrentYearInstant_Row47Member	－	無
jpcrp_cor:NameOfSecuritiesDetailsOfSpecifiedInvestmentEquitySecuritiesHeldForPurposesOtherThanPureInvestmentLargestHoldingCompany	銘柄、保有目的が純投資目的以外の目的である特定投資株式の明細、最大保有会社	CurrentYearInstant_Row48Member	－	フクダ電子株式会社
jpcrp_cor:NumberOfSharesNotDisclosedAsBelowThresholdDetailsOfSpecifiedInvestmentSharesHeldForPurposesOtherThanPureInvestmentLargestHoldingCompany	株式数（記載省略）、保有目的が純投資目的以外の目的である特定投資株式の明細、最大保有会社	Prior1YearInstant_Row48Member	－	＊
jpcrp_cor:PurposeOfShareholdingOverviewOfBusinessAllianceQuantitativeEffectsOfShareholdingAndReasonForIncreaseInNumberOfSharesDetailsOfSpecifiedInvestmentSharesHeldForPurposesOtherThanPureInvestmentLargestHoldingCompany	保有目的、業務提携等の概要、定量的な保有効果及び株式数が増加した理由、保有目的が純投資目的以外の目的である特定投資株式の明細、最大保有会社	CurrentYearInstant_Row48Member	－	発行会社グループとの、主に金融取引(預金・貸出・為替等)における総合的な取引関係維持・拡大のために保有
jpcrp_cor:WhetherIssuerOfAforementionedSharesHoldsReportingCompanysSharesDetailsOfSpecifiedInvestmentSharesHeldForPurposesOtherThanPureInvestmentLargestHoldingCompany	当該株式の発行者による提出会社の株式の保有の有無、保有目的が純投資目的以外の目的である特定投資株式の明細、最大保有会社	CurrentYearInstant_Row48Member	－	有
jpcrp_cor:CarryingAmountNotDisclosedAsBelowThresholdDetailsOfSpecifiedInvestmentSharesHeldForPurposesOtherThanPureInvestmentLargestHoldingCompany	貸借対照表計上額（記載省略）、保有目的が純投資目的以外の目的である特定投資株式の明細、最大保有会社	Prior1YearInstant_Row48Member	－	＊
jpcrp_cor:NameOfSecuritiesDetailsOfSpecifiedInvestmentEquitySecuritiesHeldForPurposesOtherThanPureInvestmentLargestHoldingCompany	銘柄、保有目的が純投資目的以外の目的である特定投資株式の明細、最大保有会社	CurrentYearInstant_Row49Member	－	ショーボンドホールディングス株式会社
jpcrp_cor:NumberOfSharesNotDisclosedAsBelowThresholdDetailsOfSpecifiedInvestmentSharesHeldForPurposesOtherThanPureInvestmentLargestHoldingCompany	株式数（記載省略）、保有目的が純投資目的以外の目的である特定投資株式の明細、最大保有会社	Prior1YearInstant_Row49Member	－	＊
jpcrp_cor:PurposeOfShareholdingOverviewOfBusinessAllianceQuantitativeEffectsOfShareholdingAndReasonForIncreaseInNumberOfSharesDetailsOfSpecifiedInvestmentSharesHeldForPurposesOtherThanPureInvestmentLargestHoldingCompany	保有目的、業務提携等の概要、定量的な保有効果及び株式数が増加した理由、保有目的が純投資目的以外の目的である特定投資株式の明細、最大保有会社	CurrentYearInstant_Row49Member	－	発行会社グループとの、主に金融取引(預金・貸出・為替等)における総合的な取引関係維持・拡大のために保有しており、株式分割により株式数が増加
jpcrp_cor:WhetherIssuerOfAforementionedSharesHoldsReportingCompanysSharesDetailsOfSpecifiedInvestmentSharesHeldForPurposesOtherThanPureInvestmentLargestHoldingCompany	当該株式の発行者による提出会社の株式の保有の有無、保有目的が純投資目的以外の目的である特定投資株式の明細、最大保有会社	CurrentYearInstant_Row49Member	－	無
jpcrp_cor:CarryingAmountNotDisclosedAsBelowThresholdDetailsOfSpecifiedInvestmentSharesHeldForPurposesOtherThanPureInvestmentLargestHoldingCompany	貸借対照表計上額（記載省略）、保有目的が純投資目的以外の目的である特定投資株式の明細、最大保有会社	Prior1YearInstant_Row49Member	－	＊
jpcrp_cor:NameOfSecuritiesDetailsOfSpecifiedInvestmentEquitySecuritiesHeldForPurposesOtherThanPureInvestmentLargestHoldingCompany	銘柄、保有目的が純投資目的以外の目的である特定投資株式の明細、最大保有会社	CurrentYearInstant_Row50Member	－	三菱地所株式会社
jpcrp_cor:PurposeOfShareholdingOverviewOfBusinessAllianceQuantitativeEffectsOfShareholdingAndReasonForIncreaseInNumberOfSharesDetailsOfSpecifiedInvestmentSharesHeldForPurposesOtherThanPureInvestmentLargestHoldingCompany	保有目的、業務提携等の概要、定量的な保有効果及び株式数が増加した理由、保有目的が純投資目的以外の目的である特定投資株式の明細、最大保有会社	CurrentYearInstant_Row50Member	－	発行会社グループとの、主に金融取引(預金・貸出・為替等)における総合的な取引関係維持・拡大のために保有
jpcrp_cor:WhetherIssuerOfAforementionedSharesHoldsReportingCompanysSharesDetailsOfSpecifiedInvestmentSharesHeldForPurposesOtherThanPureInvestmentLargestHoldingCompany	当該株式の発行者による提出会社の株式の保有の有無、保有目的が純投資目的以外の目的である特定投資株式の明細、最大保有会社	CurrentYearInstant_Row50Member	－	有
jpcrp_cor:NameOfSecuritiesDetailsOfSpecifiedInvestmentEquitySecuritiesHeldForPurposesOtherThanPureInvestmentLargestHoldingCompany	銘柄、保有目的が純投資目的以外の目的である特定投資株式の明細、最大保有会社	CurrentYearInstant_Row51Member	－	株式会社セブン＆アイ・ホールディングス
jpcrp_cor:PurposeOfShareholdingOverviewOfBusinessAllianceQuantitativeEffectsOfShareholdingAndReasonForIncreaseInNumberOfSharesDetailsOfSpecifiedInvestmentSharesHeldForPurposesOtherThanPureInvestmentLargestHoldingCompany	保有目的、業務提携等の概要、定量的な保有効果及び株式数が増加した理由、保有目的が純投資目的以外の目的である特定投資株式の明細、最大保有会社	CurrentYearInstant_Row51Member	－	発行会社グループとの、主に金融取引(預金・貸出・為替等)における総合的な取引関係維持・拡大のために保有
jpcrp_cor:WhetherIssuerOfAforementionedSharesHoldsReportingCompanysSharesDetailsOfSpecifiedInvestmentSharesHeldForPurposesOtherThanPureInvestmentLargestHoldingCompany	当該株式の発行者による提出会社の株式の保有の有無、保有目的が純投資目的以外の目的である特定投資株式の明細、最大保有会社	CurrentYearInstant_Row51Member	－	無
jpcrp_cor:NameOfSecuritiesDetailsOfSpecifiedInvestmentEquitySecuritiesHeldForPurposesOtherThanPureInvestmentLargestHoldingCompany	銘柄、保有目的が純投資目的以外の目的である特定投資株式の明細、最大保有会社	CurrentYearInstant_Row52Member	－	株式会社村田製作所
jpcrp_cor:NumberOfSharesNotDisclosedAsBelowThresholdDetailsOfSpecifiedInvestmentSharesHeldForPurposesOtherThanPureInvestmentLargestHoldingCompany	株式数（記載省略）、保有目的が純投資目的以外の目的である特定投資株式の明細、最大保有会社	Prior1YearInstant_Row52Member	－	＊
jpcrp_cor:PurposeOfShareholdingOverviewOfBusinessAllianceQuantitativeEffectsOfShareholdingAndReasonForIncreaseInNumberOfSharesDetailsOfSpecifiedInvestmentSharesHeldForPurposesOtherThanPureInvestmentLargestHoldingCompany	保有目的、業務提携等の概要、定量的な保有効果及び株式数が増加した理由、保有目的が純投資目的以外の目的である特定投資株式の明細、最大保有会社	CurrentYearInstant_Row52Member	－	発行会社グループとの、主に金融取引(預金・貸出・為替等)における総合的な取引関係維持・拡大のために保有
jpcrp_cor:WhetherIssuerOfAforementionedSharesHoldsReportingCompanysSharesDetailsOfSpecifiedInvestmentSharesHeldForPurposesOtherThanPureInvestmentLargestHoldingCompany	当該株式の発行者による提出会社の株式の保有の有無、保有目的が純投資目的以外の目的である特定投資株式の明細、最大保有会社	CurrentYearInstant_Row52Member	－	有
jpcrp_cor:CarryingAmountNotDisclosedAsBelowThresholdDetailsOfSpecifiedInvestmentSharesHeldForPurposesOtherThanPureInvestmentLargestHoldingCompany	貸借対照表計上額（記載省略）、保有目的が純投資目的以外の目的である特定投資株式の明細、最大保有会社	Prior1YearInstant_Row52Member	－	＊
jpcrp_cor:NameOfSecuritiesDetailsOfSpecifiedInvestmentEquitySecuritiesHeldForPurposesOtherThanPureInvestmentLargestHoldingCompany	銘柄、保有目的が純投資目的以外の目的である特定投資株式の明細、最大保有会社	CurrentYearInstant_Row53Member	－	参天製薬株式会社
jpcrp_cor:NumberOfSharesNotDisclosedAsBelowThresholdDetailsOfSpecifiedInvestmentSharesHeldForPurposesOtherThanPureInvestmentLargestHoldingCompany	株式数（記載省略）、保有目的が純投資目的以外の目的である特定投資株式の明細、最大保有会社	Prior1YearInstant_Row53Member	－	＊
jpcrp_cor:PurposeOfShareholdingOverviewOfBusinessAllianceQuantitativeEffectsOfShareholdingAndReasonForIncreaseInNumberOfSharesDetailsOfSpecifiedInvestmentSharesHeldForPurposesOtherThanPureInvestmentLargestHoldingCompany	保有目的、業務提携等の概要、定量的な保有効果及び株式数が増加した理由、保有目的が純投資目的以外の目的である特定投資株式の明細、最大保有会社	CurrentYearInstant_Row53Member	－	発行会社グループとの、主に金融取引(預金・貸出・為替等)における総合的な取引関係維持・拡大のために保有
jpcrp_cor:WhetherIssuerOfAforementionedSharesHoldsReportingCompanysSharesDetailsOfSpecifiedInvestmentSharesHeldForPurposesOtherThanPureInvestmentLargestHoldingCompany	当該株式の発行者による提出会社の株式の保有の有無、保有目的が純投資目的以外の目的である特定投資株式の明細、最大保有会社	CurrentYearInstant_Row53Member	－	有
jpcrp_cor:CarryingAmountNotDisclosedAsBelowThresholdDetailsOfSpecifiedInvestmentSharesHeldForPurposesOtherThanPureInvestmentLargestHoldingCompany	貸借対照表計上額（記載省略）、保有目的が純投資目的以外の目的である特定投資株式の明細、最大保有会社	Prior1YearInstant_Row53Member	－	＊
jpcrp_cor:NameOfSecuritiesDetailsOfSpecifiedInvestmentEquitySecuritiesHeldForPurposesOtherThanPureInvestmentLargestHoldingCompany	銘柄、保有目的が純投資目的以外の目的である特定投資株式の明細、最大保有会社	CurrentYearInstant_Row54Member	－	株式会社日本マイクロニクス
jpcrp_cor:NumberOfSharesNotDisclosedAsBelowThresholdDetailsOfSpecifiedInvestmentSharesHeldForPurposesOtherThanPureInvestmentLargestHoldingCompany	株式数（記載省略）、保有目的が純投資目的以外の目的である特定投資株式の明細、最大保有会社	Prior1YearInstant_Row54Member	－	＊
jpcrp_cor:PurposeOfShareholdingOverviewOfBusinessAllianceQuantitativeEffectsOfShareholdingAndReasonForIncreaseInNumberOfSharesDetailsOfSpecifiedInvestmentSharesHeldForPurposesOtherThanPureInvestmentLargestHoldingCompany	保有目的、業務提携等の概要、定量的な保有効果及び株式数が増加した理由、保有目的が純投資目的以外の目的である特定投資株式の明細、最大保有会社	CurrentYearInstant_Row54Member	－	発行会社グループとの、主に金融取引(預金・貸出・為替等)における総合的な取引関係維持・拡大のために保有
jpcrp_cor:WhetherIssuerOfAforementionedSharesHoldsReportingCompanysSharesDetailsOfSpecifiedInvestmentSharesHeldForPurposesOtherThanPureInvestmentLargestHoldingCompany	当該株式の発行者による提出会社の株式の保有の有無、保有目的が純投資目的以外の目的である特定投資株式の明細、最大保有会社	CurrentYearInstant_Row54Member	－	有
jpcrp_cor:CarryingAmountNotDisclosedAsBelowThresholdDetailsOfSpecifiedInvestmentSharesHeldForPurposesOtherThanPureInvestmentLargestHoldingCompany	貸借対照表計上額（記載省略）、保有目的が純投資目的以外の目的である特定投資株式の明細、最大保有会社	Prior1YearInstant_Row54Member	－	＊
jpcrp_cor:NameOfSecuritiesDetailsOfSpecifiedInvestmentEquitySecuritiesHeldForPurposesOtherThanPureInvestmentLargestHoldingCompany	銘柄、保有目的が純投資目的以外の目的である特定投資株式の明細、最大保有会社	CurrentYearInstant_Row55Member	－	中部電力株式会社
jpcrp_cor:NumberOfSharesNotDisclosedAsBelowThresholdDetailsOfSpecifiedInvestmentSharesHeldForPurposesOtherThanPureInvestmentLargestHoldingCompany	株式数（記載省略）、保有目的が純投資目的以外の目的である特定投資株式の明細、最大保有会社	Prior1YearInstant_Row55Member	－	＊
jpcrp_cor:PurposeOfShareholdingOverviewOfBusinessAllianceQuantitativeEffectsOfShareholdingAndReasonForIncreaseInNumberOfSharesDetailsOfSpecifiedInvestmentSharesHeldForPurposesOtherThanPureInvestmentLargestHoldingCompany	保有目的、業務提携等の概要、定量的な保有効果及び株式数が増加した理由、保有目的が純投資目的以外の目的である特定投資株式の明細、最大保有会社	CurrentYearInstant_Row55Member	－	発行会社グループとの、主に金融取引(預金・貸出・為替等)における総合的な取引関係維持・拡大のために保有
jpcrp_cor:WhetherIssuerOfAforementionedSharesHoldsReportingCompanysSharesDetailsOfSpecifiedInvestmentSharesHeldForPurposesOtherThanPureInvestmentLargestHoldingCompany	当該株式の発行者による提出会社の株式の保有の有無、保有目的が純投資目的以外の目的である特定投資株式の明細、最大保有会社	CurrentYearInstant_Row55Member	－	無
jpcrp_cor:CarryingAmountNotDisclosedAsBelowThresholdDetailsOfSpecifiedInvestmentSharesHeldForPurposesOtherThanPureInvestmentLargestHoldingCompany	貸借対照表計上額（記載省略）、保有目的が純投資目的以外の目的である特定投資株式の明細、最大保有会社	Prior1YearInstant_Row55Member	－	＊
jpcrp_cor:NameOfSecuritiesDetailsOfSpecifiedInvestmentEquitySecuritiesHeldForPurposesOtherThanPureInvestmentLargestHoldingCompany	銘柄、保有目的が純投資目的以外の目的である特定投資株式の明細、最大保有会社	CurrentYearInstant_Row56Member	－	ＴＯＴＯ株式会社
jpcrp_cor:PurposeOfShareholdingOverviewOfBusinessAllianceQuantitativeEffectsOfShareholdingAndReasonForIncreaseInNumberOfSharesDetailsOfSpecifiedInvestmentSharesHeldForPurposesOtherThanPureInvestmentLargestHoldingCompany	保有目的、業務提携等の概要、定量的な保有効果及び株式数が増加した理由、保有目的が純投資目的以外の目的である特定投資株式の明細、最大保有会社	CurrentYearInstant_Row56Member	－	発行会社グループとの、主に金融取引(預金・貸出・為替等)における総合的な取引関係維持・拡大のために保有
jpcrp_cor:WhetherIssuerOfAforementionedSharesHoldsReportingCompanysSharesDetailsOfSpecifiedInvestmentSharesHeldForPurposesOtherThanPureInvestmentLargestHoldingCompany	当該株式の発行者による提出会社の株式の保有の有無、保有目的が純投資目的以外の目的である特定投資株式の明細、最大保有会社	CurrentYearInstant_Row56Member	－	有
jpcrp_cor:NameOfSecuritiesDetailsOfSpecifiedInvestmentEquitySecuritiesHeldForPurposesOtherThanPureInvestmentLargestHoldingCompany	銘柄、保有目的が純投資目的以外の目的である特定投資株式の明細、最大保有会社	CurrentYearInstant_Row57Member	－	日本郵船株式会社
jpcrp_cor:PurposeOfShareholdingOverviewOfBusinessAllianceQuantitativeEffectsOfShareholdingAndReasonForIncreaseInNumberOfSharesDetailsOfSpecifiedInvestmentSharesHeldForPurposesOtherThanPureInvestmentLargestHoldingCompany	保有目的、業務提携等の概要、定量的な保有効果及び株式数が増加した理由、保有目的が純投資目的以外の目的である特定投資株式の明細、最大保有会社	CurrentYearInstant_Row57Member	－	発行会社グループとの、主に金融取引(預金・貸出・為替等)における総合的な取引関係維持・拡大のために保有
jpcrp_cor:WhetherIssuerOfAforementionedSharesHoldsReportingCompanysSharesDetailsOfSpecifiedInvestmentSharesHeldForPurposesOtherThanPureInvestmentLargestHoldingCompany	当該株式の発行者による提出会社の株式の保有の有無、保有目的が純投資目的以外の目的である特定投資株式の明細、最大保有会社	CurrentYearInstant_Row57Member	－	有
jpcrp_cor:NameOfSecuritiesDetailsOfSpecifiedInvestmentEquitySecuritiesHeldForPurposesOtherThanPureInvestmentLargestHoldingCompany	銘柄、保有目的が純投資目的以外の目的である特定投資株式の明細、最大保有会社	CurrentYearInstant_Row58Member	－	東急株式会社
jpcrp_cor:PurposeOfShareholdingOverviewOfBusinessAllianceQuantitativeEffectsOfShareholdingAndReasonForIncreaseInNumberOfSharesDetailsOfSpecifiedInvestmentSharesHeldForPurposesOtherThanPureInvestmentLargestHoldingCompany	保有目的、業務提携等の概要、定量的な保有効果及び株式数が増加した理由、保有目的が純投資目的以外の目的である特定投資株式の明細、最大保有会社	CurrentYearInstant_Row58Member	－	発行会社グループとの、主に金融取引(預金・貸出・為替等)における総合的な取引関係維持・拡大のために保有
jpcrp_cor:WhetherIssuerOfAforementionedSharesHoldsReportingCompanysSharesDetailsOfSpecifiedInvestmentSharesHeldForPurposesOtherThanPureInvestmentLargestHoldingCompany	当該株式の発行者による提出会社の株式の保有の有無、保有目的が純投資目的以外の目的である特定投資株式の明細、最大保有会社	CurrentYearInstant_Row58Member	－	有
jpcrp_cor:NameOfSecuritiesDetailsOfSpecifiedInvestmentEquitySecuritiesHeldForPurposesOtherThanPureInvestmentLargestHoldingCompany	銘柄、保有目的が純投資目的以外の目的である特定投資株式の明細、最大保有会社	CurrentYearInstant_Row59Member	－	東京海上ホールディングス株式会社
jpcrp_cor:NumberOfSharesNotDisclosedAsBelowThresholdDetailsOfSpecifiedInvestmentSharesHeldForPurposesOtherThanPureInvestmentLargestHoldingCompany	株式数（記載省略）、保有目的が純投資目的以外の目的である特定投資株式の明細、最大保有会社	CurrentYearInstant_Row59Member	－	＊
jpcrp_cor:PurposeOfShareholdingOverviewOfBusinessAllianceQuantitativeEffectsOfShareholdingAndReasonForIncreaseInNumberOfSharesDetailsOfSpecifiedInvestmentSharesHeldForPurposesOtherThanPureInvestmentLargestHoldingCompany	保有目的、業務提携等の概要、定量的な保有効果及び株式数が増加した理由、保有目的が純投資目的以外の目的である特定投資株式の明細、最大保有会社	CurrentYearInstant_Row59Member	－	発行会社グループとの、主に金融取引(預金・貸出・為替等)における総合的な取引関係維持・拡大のために保有
jpcrp_cor:WhetherIssuerOfAforementionedSharesHoldsReportingCompanysSharesDetailsOfSpecifiedInvestmentSharesHeldForPurposesOtherThanPureInvestmentLargestHoldingCompany	当該株式の発行者による提出会社の株式の保有の有無、保有目的が純投資目的以外の目的である特定投資株式の明細、最大保有会社	CurrentYearInstant_Row59Member	－	無
jpcrp_cor:CarryingAmountNotDisclosedAsBelowThresholdDetailsOfSpecifiedInvestmentSharesHeldForPurposesOtherThanPureInvestmentLargestHoldingCompany	貸借対照表計上額（記載省略）、保有目的が純投資目的以外の目的である特定投資株式の明細、最大保有会社	CurrentYearInstant_Row59Member	－	＊
jpcrp_cor:NameOfSecuritiesDetailsOfSpecifiedInvestmentEquitySecuritiesHeldForPurposesOtherThanPureInvestmentLargestHoldingCompany	銘柄、保有目的が純投資目的以外の目的である特定投資株式の明細、最大保有会社	CurrentYearInstant_Row60Member	－	株式会社ダイフク
jpcrp_cor:NumberOfSharesNotDisclosedAsBelowThresholdDetailsOfSpecifiedInvestmentSharesHeldForPurposesOtherThanPureInvestmentLargestHoldingCompany	株式数（記載省略）、保有目的が純投資目的以外の目的である特定投資株式の明細、最大保有会社	CurrentYearInstant_Row60Member	－	＊
jpcrp_cor:PurposeOfShareholdingOverviewOfBusinessAllianceQuantitativeEffectsOfShareholdingAndReasonForIncreaseInNumberOfSharesDetailsOfSpecifiedInvestmentSharesHeldForPurposesOtherThanPureInvestmentLargestHoldingCompany	保有目的、業務提携等の概要、定量的な保有効果及び株式数が増加した理由、保有目的が純投資目的以外の目的である特定投資株式の明細、最大保有会社	CurrentYearInstant_Row60Member	－	発行会社グループとの、主に金融取引(預金・貸出・為替等)における総合的な取引関係維持・拡大のために保有
jpcrp_cor:WhetherIssuerOfAforementionedSharesHoldsReportingCompanysSharesDetailsOfSpecifiedInvestmentSharesHeldForPurposesOtherThanPureInvestmentLargestHoldingCompany	当該株式の発行者による提出会社の株式の保有の有無、保有目的が純投資目的以外の目的である特定投資株式の明細、最大保有会社	CurrentYearInstant_Row60Member	－	有
jpcrp_cor:CarryingAmountNotDisclosedAsBelowThresholdDetailsOfSpecifiedInvestmentSharesHeldForPurposesOtherThanPureInvestmentLargestHoldingCompany	貸借対照表計上額（記載省略）、保有目的が純投資目的以外の目的である特定投資株式の明細、最大保有会社	CurrentYearInstant_Row60Member	－	＊
jpcrp_cor:NameOfSecuritiesDetailsOfSpecifiedInvestmentEquitySecuritiesHeldForPurposesOtherThanPureInvestmentLargestHoldingCompany	銘柄、保有目的が純投資目的以外の目的である特定投資株式の明細、最大保有会社	CurrentYearInstant_Row61Member	－	株式会社ワコールホールディングス
jpcrp_cor:NumberOfSharesNotDisclosedAsBelowThresholdDetailsOfSpecifiedInvestmentSharesHeldForPurposesOtherThanPureInvestmentLargestHoldingCompany	株式数（記載省略）、保有目的が純投資目的以外の目的である特定投資株式の明細、最大保有会社	CurrentYearInstant_Row61Member	－	＊
jpcrp_cor:PurposeOfShareholdingOverviewOfBusinessAllianceQuantitativeEffectsOfShareholdingAndReasonForIncreaseInNumberOfSharesDetailsOfSpecifiedInvestmentSharesHeldForPurposesOtherThanPureInvestmentLargestHoldingCompany	保有目的、業務提携等の概要、定量的な保有効果及び株式数が増加した理由、保有目的が純投資目的以外の目的である特定投資株式の明細、最大保有会社	CurrentYearInstant_Row61Member	－	発行会社グループとの、主に金融取引(預金・貸出・為替等)における総合的な取引関係維持・拡大のために保有
jpcrp_cor:WhetherIssuerOfAforementionedSharesHoldsReportingCompanysSharesDetailsOfSpecifiedInvestmentSharesHeldForPurposesOtherThanPureInvestmentLargestHoldingCompany	当該株式の発行者による提出会社の株式の保有の有無、保有目的が純投資目的以外の目的である特定投資株式の明細、最大保有会社	CurrentYearInstant_Row61Member	－	有
jpcrp_cor:CarryingAmountNotDisclosedAsBelowThresholdDetailsOfSpecifiedInvestmentSharesHeldForPurposesOtherThanPureInvestmentLargestHoldingCompany	貸借対照表計上額（記載省略）、保有目的が純投資目的以外の目的である特定投資株式の明細、最大保有会社	CurrentYearInstant_Row61Member	－	＊
jpcrp_cor:NameOfSecuritiesDetailsOfSpecifiedInvestmentEquitySecuritiesHeldForPurposesOtherThanPureInvestmentLargestHoldingCompany	銘柄、保有目的が純投資目的以外の目的である特定投資株式の明細、最大保有会社	CurrentYearInstant_Row62Member	－	株式会社バンダイナムコホールディングス
jpcrp_cor:NumberOfSharesNotDisclosedAsBelowThresholdDetailsOfSpecifiedInvestmentSharesHeldForPurposesOtherThanPureInvestmentLargestHoldingCompany	株式数（記載省略）、保有目的が純投資目的以外の目的である特定投資株式の明細、最大保有会社	CurrentYearInstant_Row62Member	－	＊
jpcrp_cor:PurposeOfShareholdingOverviewOfBusinessAllianceQuantitativeEffectsOfShareholdingAndReasonForIncreaseInNumberOfSharesDetailsOfSpecifiedInvestmentSharesHeldForPurposesOtherThanPureInvestmentLargestHoldingCompany	保有目的、業務提携等の概要、定量的な保有効果及び株式数が増加した理由、保有目的が純投資目的以外の目的である特定投資株式の明細、最大保有会社	CurrentYearInstant_Row62Member	－	発行会社グループとの、主に金融取引(預金・貸出・為替等)における総合的な取引関係維持・拡大のために保有
jpcrp_cor:WhetherIssuerOfAforementionedSharesHoldsReportingCompanysSharesDetailsOfSpecifiedInvestmentSharesHeldForPurposesOtherThanPureInvestmentLargestHoldingCompany	当該株式の発行者による提出会社の株式の保有の有無、保有目的が純投資目的以外の目的である特定投資株式の明細、最大保有会社	CurrentYearInstant_Row62Member	－	有
jpcrp_cor:CarryingAmountNotDisclosedAsBelowThresholdDetailsOfSpecifiedInvestmentSharesHeldForPurposesOtherThanPureInvestmentLargestHoldingCompany	貸借対照表計上額（記載省略）、保有目的が純投資目的以外の目的である特定投資株式の明細、最大保有会社	CurrentYearInstant_Row62Member	－	＊
jpcrp_cor:NameOfSecuritiesDetailsOfSpecifiedInvestmentEquitySecuritiesHeldForPurposesOtherThanPureInvestmentLargestHoldingCompany	銘柄、保有目的が純投資目的以外の目的である特定投資株式の明細、最大保有会社	CurrentYearInstant_Row63Member	－	信越化学工業株式会社
jpcrp_cor:PurposeOfShareholdingOverviewOfBusinessAllianceQuantitativeEffectsOfShareholdingAndReasonForIncreaseInNumberOfSharesDetailsOfSpecifiedInvestmentSharesHeldForPurposesOtherThanPureInvestmentLargestHoldingCompany	保有目的、業務提携等の概要、定量的な保有効果及び株式数が増加した理由、保有目的が純投資目的以外の目的である特定投資株式の明細、最大保有会社	CurrentYearInstant_Row63Member	－	前事業年度末は、発行会社グループとの、主に金融取引(預金・貸出・為替等)における総合的な取引関係維持・拡大のために保有
jpcrp_cor:WhetherIssuerOfAforementionedSharesHoldsReportingCompanysSharesDetailsOfSpecifiedInvestmentSharesHeldForPurposesOtherThanPureInvestmentLargestHoldingCompany	当該株式の発行者による提出会社の株式の保有の有無、保有目的が純投資目的以外の目的である特定投資株式の明細、最大保有会社	CurrentYearInstant_Row63Member	－	有
jpcrp_cor:NameOfSecuritiesDetailsOfSpecifiedInvestmentEquitySecuritiesHeldForPurposesOtherThanPureInvestmentLargestHoldingCompany	銘柄、保有目的が純投資目的以外の目的である特定投資株式の明細、最大保有会社	CurrentYearInstant_Row64Member	－	オムロン株式会社
jpcrp_cor:PurposeOfShareholdingOverviewOfBusinessAllianceQuantitativeEffectsOfShareholdingAndReasonForIncreaseInNumberOfSharesDetailsOfSpecifiedInvestmentSharesHeldForPurposesOtherThanPureInvestmentLargestHoldingCompany	保有目的、業務提携等の概要、定量的な保有効果及び株式数が増加した理由、保有目的が純投資目的以外の目的である特定投資株式の明細、最大保有会社	CurrentYearInstant_Row64Member	－	前事業年度末は、発行会社グループとの、主に金融取引(預金・貸出・為替等)における総合的な取引関係維持・拡大のために保有
jpcrp_cor:WhetherIssuerOfAforementionedSharesHoldsReportingCompanysSharesDetailsOfSpecifiedInvestmentSharesHeldForPurposesOtherThanPureInvestmentLargestHoldingCompany	当該株式の発行者による提出会社の株式の保有の有無、保有目的が純投資目的以外の目的である特定投資株式の明細、最大保有会社	CurrentYearInstant_Row64Member	－	無
jpcrp_cor:NameOfSecuritiesDetailsOfSpecifiedInvestmentEquitySecuritiesHeldForPurposesOtherThanPureInvestmentLargestHoldingCompany	銘柄、保有目的が純投資目的以外の目的である特定投資株式の明細、最大保有会社	CurrentYearInstant_Row65Member	－	積水ハウス株式会社
jpcrp_cor:PurposeOfShareholdingOverviewOfBusinessAllianceQuantitativeEffectsOfShareholdingAndReasonForIncreaseInNumberOfSharesDetailsOfSpecifiedInvestmentSharesHeldForPurposesOtherThanPureInvestmentLargestHoldingCompany	保有目的、業務提携等の概要、定量的な保有効果及び株式数が増加した理由、保有目的が純投資目的以外の目的である特定投資株式の明細、最大保有会社	CurrentYearInstant_Row65Member	－	前事業年度末は、発行会社グループとの、主に金融取引(預金・貸出・為替等)における総合的な取引関係維持・拡大のために保有
jpcrp_cor:WhetherIssuerOfAforementionedSharesHoldsReportingCompanysSharesDetailsOfSpecifiedInvestmentSharesHeldForPurposesOtherThanPureInvestmentLargestHoldingCompany	当該株式の発行者による提出会社の株式の保有の有無、保有目的が純投資目的以外の目的である特定投資株式の明細、最大保有会社	CurrentYearInstant_Row65Member	－	有
jpcrp_cor:NameOfSecuritiesDetailsOfSpecifiedInvestmentEquitySecuritiesHeldForPurposesOtherThanPureInvestmentLargestHoldingCompany	銘柄、保有目的が純投資目的以外の目的である特定投資株式の明細、最大保有会社	CurrentYearInstant_Row66Member	－	スタンレー電気株式会社
jpcrp_cor:PurposeOfShareholdingOverviewOfBusinessAllianceQuantitativeEffectsOfShareholdingAndReasonForIncreaseInNumberOfSharesDetailsOfSpecifiedInvestmentSharesHeldForPurposesOtherThanPureInvestmentLargestHoldingCompany	保有目的、業務提携等の概要、定量的な保有効果及び株式数が増加した理由、保有目的が純投資目的以外の目的である特定投資株式の明細、最大保有会社	CurrentYearInstant_Row66Member	－	前事業年度末は、発行会社グループとの、主に金融取引(預金・貸出・為替等)における総合的な取引関係維持・拡大のために保有
jpcrp_cor:WhetherIssuerOfAforementionedSharesHoldsReportingCompanysSharesDetailsOfSpecifiedInvestmentSharesHeldForPurposesOtherThanPureInvestmentLargestHoldingCompany	当該株式の発行者による提出会社の株式の保有の有無、保有目的が純投資目的以外の目的である特定投資株式の明細、最大保有会社	CurrentYearInstant_Row66Member	－	無
jpcrp_cor:FootnotesSpecifiedInvestmentSharesHeldForPurposesOtherThanPureInvestmentLargestHoldingCompanyTextBlock	脚注（保有目的が純投資目的以外の目的である特定投資株式）、最大保有会社 [テキストブロック]	CurrentYearInstant_Row1Member	－	(注) １　定量的な保有効果については、個別銘柄ごとに以下に記載のとおり検証しておりますが、個別取引等の秘密保持の観点から記載を控えさせていただきます。なお、政策投資目的で保有する株式における経済合理性の検証は、ＭＵＦＧの資本コストを踏まえ
jpcrp_cor:FootnotesSpecifiedInvestmentSharesHeldForPurposesOtherThanPureInvestmentLargestHoldingCompanyTextBlock	脚注（保有目的が純投資目的以外の目的である特定投資株式）、最大保有会社 [テキストブロック]	CurrentYearInstant_Row2Member	－	２　＊) 当該銘柄の貸借対照表計上額がＭＵＦＧの資本金額の100分の１以下であり、かつ貸借対照表計上額の大きい順の60銘柄に該当しないために記載を省略していることを示しております。－) 当該銘柄を保有していないことを示しております。 
jpcrp_cor:NameOfSecuritiesDetailsOfDeemedHoldingsOfEquitySecuritiesHeldForPurposesOtherThanPureInvestmentLargestHoldingCompany	銘柄、保有目的が純投資目的以外の目的であるみなし保有株式の明細、最大保有会社	CurrentYearInstant_Row1Member	－	任天堂株式会社
jpcrp_cor:PurposeOfShareholdingOverviewOfBusinessAllianceQuantitativeEffectsOfShareholdingAndReasonForIncreaseInNumberOfSharesDetailsOfDeemedHoldingsOfSharesHeldForPurposesOtherThanPureInvestmentLargestHoldingCompany	保有目的、業務提携等の概要、定量的な保有効果及び株式数が増加した理由、保有目的が純投資目的以外の目的であるみなし保有株式の明細、最大保有会社	CurrentYearInstant_Row1Member	－	退職給付信託として保有
jpcrp_cor:WhetherIssuerOfAforementionedSharesHoldsReportingCompanysSharesDetailsOfDeemedHoldingsOfSharesHeldForPurposesOtherThanPureInvestmentLargestHoldingCompany	当該株式の発行者による提出会社の株式の保有の有無、保有目的が純投資目的以外の目的であるみなし保有株式の明細、最大保有会社	CurrentYearInstant_Row1Member	－	有
jpcrp_cor:NameOfSecuritiesDetailsOfDeemedHoldingsOfEquitySecuritiesHeldForPurposesOtherThanPureInvestmentLargestHoldingCompany	銘柄、保有目的が純投資目的以外の目的であるみなし保有株式の明細、最大保有会社	CurrentYearInstant_Row2Member	－	東海旅客鉄道株式会社
jpcrp_cor:PurposeOfShareholdingOverviewOfBusinessAllianceQuantitativeEffectsOfShareholdingAndReasonForIncreaseInNumberOfSharesDetailsOfDeemedHoldingsOfSharesHeldForPurposesOtherThanPureInvestmentLargestHoldingCompany	保有目的、業務提携等の概要、定量的な保有効果及び株式数が増加した理由、保有目的が純投資目的以外の目的であるみなし保有株式の明細、最大保有会社	CurrentYearInstant_Row2Member	－	退職給付信託として保有
jpcrp_cor:WhetherIssuerOfAforementionedSharesHoldsReportingCompanysSharesDetailsOfDeemedHoldingsOfSharesHeldForPurposesOtherThanPureInvestmentLargestHoldingCompany	当該株式の発行者による提出会社の株式の保有の有無、保有目的が純投資目的以外の目的であるみなし保有株式の明細、最大保有会社	CurrentYearInstant_Row2Member	－	有
jpcrp_cor:NameOfSecuritiesDetailsOfDeemedHoldingsOfEquitySecuritiesHeldForPurposesOtherThanPureInvestmentLargestHoldingCompany	銘柄、保有目的が純投資目的以外の目的であるみなし保有株式の明細、最大保有会社	CurrentYearInstant_Row3Member	－	三菱重工業株式会社
jpcrp_cor:PurposeOfShareholdingOverviewOfBusinessAllianceQuantitativeEffectsOfShareholdingAndReasonForIncreaseInNumberOfSharesDetailsOfDeemedHoldingsOfSharesHeldForPurposesOtherThanPureInvestmentLargestHoldingCompany	保有目的、業務提携等の概要、定量的な保有効果及び株式数が増加した理由、保有目的が純投資目的以外の目的であるみなし保有株式の明細、最大保有会社	CurrentYearInstant_Row3Member	－	退職給付信託として保有
jpcrp_cor:WhetherIssuerOfAforementionedSharesHoldsReportingCompanysSharesDetailsOfDeemedHoldingsOfSharesHeldForPurposesOtherThanPureInvestmentLargestHoldingCompany	当該株式の発行者による提出会社の株式の保有の有無、保有目的が純投資目的以外の目的であるみなし保有株式の明細、最大保有会社	CurrentYearInstant_Row3Member	－	無
jpcrp_cor:NameOfSecuritiesDetailsOfDeemedHoldingsOfEquitySecuritiesHeldForPurposesOtherThanPureInvestmentLargestHoldingCompany	銘柄、保有目的が純投資目的以外の目的であるみなし保有株式の明細、最大保有会社	CurrentYearInstant_Row4Member	－	三菱地所株式会社
jpcrp_cor:PurposeOfShareholdingOverviewOfBusinessAllianceQuantitativeEffectsOfShareholdingAndReasonForIncreaseInNumberOfSharesDetailsOfDeemedHoldingsOfSharesHeldForPurposesOtherThanPureInvestmentLargestHoldingCompany	保有目的、業務提携等の概要、定量的な保有効果及び株式数が増加した理由、保有目的が純投資目的以外の目的であるみなし保有株式の明細、最大保有会社	CurrentYearInstant_Row4Member	－	退職給付信託として保有
jpcrp_cor:WhetherIssuerOfAforementionedSharesHoldsReportingCompanysSharesDetailsOfDeemedHoldingsOfSharesHeldForPurposesOtherThanPureInvestmentLargestHoldingCompany	当該株式の発行者による提出会社の株式の保有の有無、保有目的が純投資目的以外の目的であるみなし保有株式の明細、最大保有会社	CurrentYearInstant_Row4Member	－	有
jpcrp_cor:NameOfSecuritiesDetailsOfDeemedHoldingsOfEquitySecuritiesHeldForPurposesOtherThanPureInvestmentLargestHoldingCompany	銘柄、保有目的が純投資目的以外の目的であるみなし保有株式の明細、最大保有会社	CurrentYearInstant_Row5Member	－	トヨタ自動車株式会社
jpcrp_cor:PurposeOfShareholdingOverviewOfBusinessAllianceQuantitativeEffectsOfShareholdingAndReasonForIncreaseInNumberOfSharesDetailsOfDeemedHoldingsOfSharesHeldForPurposesOtherThanPureInvestmentLargestHoldingCompany	保有目的、業務提携等の概要、定量的な保有効果及び株式数が増加した理由、保有目的が純投資目的以外の目的であるみなし保有株式の明細、最大保有会社	CurrentYearInstant_Row5Member	－	退職給付信託として保有
jpcrp_cor:WhetherIssuerOfAforementionedSharesHoldsReportingCompanysSharesDetailsOfDeemedHoldingsOfSharesHeldForPurposesOtherThanPureInvestmentLargestHoldingCompany	当該株式の発行者による提出会社の株式の保有の有無、保有目的が純投資目的以外の目的であるみなし保有株式の明細、最大保有会社	CurrentYearInstant_Row5Member	－	有
jpcrp_cor:NameOfSecuritiesDetailsOfDeemedHoldingsOfEquitySecuritiesHeldForPurposesOtherThanPureInvestmentLargestHoldingCompany	銘柄、保有目的が純投資目的以外の目的であるみなし保有株式の明細、最大保有会社	CurrentYearInstant_Row6Member	－	日本郵船株式会社
jpcrp_cor:PurposeOfShareholdingOverviewOfBusinessAllianceQuantitativeEffectsOfShareholdingAndReasonForIncreaseInNumberOfSharesDetailsOfDeemedHoldingsOfSharesHeldForPurposesOtherThanPureInvestmentLargestHoldingCompany	保有目的、業務提携等の概要、定量的な保有効果及び株式数が増加した理由、保有目的が純投資目的以外の目的であるみなし保有株式の明細、最大保有会社	CurrentYearInstant_Row6Member	－	退職給付信託として保有
jpcrp_cor:WhetherIssuerOfAforementionedSharesHoldsReportingCompanysSharesDetailsOfDeemedHoldingsOfSharesHeldForPurposesOtherThanPureInvestmentLargestHoldingCompany	当該株式の発行者による提出会社の株式の保有の有無、保有目的が純投資目的以外の目的であるみなし保有株式の明細、最大保有会社	CurrentYearInstant_Row6Member	－	有
jpcrp_cor:NameOfSecuritiesDetailsOfDeemedHoldingsOfEquitySecuritiesHeldForPurposesOtherThanPureInvestmentLargestHoldingCompany	銘柄、保有目的が純投資目的以外の目的であるみなし保有株式の明細、最大保有会社	CurrentYearInstant_Row7Member	－	東急株式会社
jpcrp_cor:PurposeOfShareholdingOverviewOfBusinessAllianceQuantitativeEffectsOfShareholdingAndReasonForIncreaseInNumberOfSharesDetailsOfDeemedHoldingsOfSharesHeldForPurposesOtherThanPureInvestmentLargestHoldingCompany	保有目的、業務提携等の概要、定量的な保有効果及び株式数が増加した理由、保有目的が純投資目的以外の目的であるみなし保有株式の明細、最大保有会社	CurrentYearInstant_Row7Member	－	退職給付信託として保有
jpcrp_cor:WhetherIssuerOfAforementionedSharesHoldsReportingCompanysSharesDetailsOfDeemedHoldingsOfSharesHeldForPurposesOtherThanPureInvestmentLargestHoldingCompany	当該株式の発行者による提出会社の株式の保有の有無、保有目的が純投資目的以外の目的であるみなし保有株式の明細、最大保有会社	CurrentYearInstant_Row7Member	－	有
jpcrp_cor:NameOfSecuritiesDetailsOfDeemedHoldingsOfEquitySecuritiesHeldForPurposesOtherThanPureInvestmentLargestHoldingCompany	銘柄、保有目的が純投資目的以外の目的であるみなし保有株式の明細、最大保有会社	CurrentYearInstant_Row8Member	－	三菱電機株式会社
jpcrp_cor:PurposeOfShareholdingOverviewOfBusinessAllianceQuantitativeEffectsOfShareholdingAndReasonForIncreaseInNumberOfSharesDetailsOfDeemedHoldingsOfSharesHeldForPurposesOtherThanPureInvestmentLargestHoldingCompany	保有目的、業務提携等の概要、定量的な保有効果及び株式数が増加した理由、保有目的が純投資目的以外の目的であるみなし保有株式の明細、最大保有会社	CurrentYearInstant_Row8Member	－	退職給付信託として保有
jpcrp_cor:WhetherIssuerOfAforementionedSharesHoldsReportingCompanysSharesDetailsOfDeemedHoldingsOfSharesHeldForPurposesOtherThanPureInvestmentLargestHoldingCompany	当該株式の発行者による提出会社の株式の保有の有無、保有目的が純投資目的以外の目的であるみなし保有株式の明細、最大保有会社	CurrentYearInstant_Row8Member	－	有
jpcrp_cor:NameOfSecuritiesDetailsOfDeemedHoldingsOfEquitySecuritiesHeldForPurposesOtherThanPureInvestmentLargestHoldingCompany	銘柄、保有目的が純投資目的以外の目的であるみなし保有株式の明細、最大保有会社	CurrentYearInstant_Row9Member	－	株式会社ニコン
jpcrp_cor:PurposeOfShareholdingOverviewOfBusinessAllianceQuantitativeEffectsOfShareholdingAndReasonForIncreaseInNumberOfSharesDetailsOfDeemedHoldingsOfSharesHeldForPurposesOtherThanPureInvestmentLargestHoldingCompany	保有目的、業務提携等の概要、定量的な保有効果及び株式数が増加した理由、保有目的が純投資目的以外の目的であるみなし保有株式の明細、最大保有会社	CurrentYearInstant_Row9Member	－	退職給付信託として保有
jpcrp_cor:WhetherIssuerOfAforementionedSharesHoldsReportingCompanysSharesDetailsOfDeemedHoldingsOfSharesHeldForPurposesOtherThanPureInvestmentLargestHoldingCompany	当該株式の発行者による提出会社の株式の保有の有無、保有目的が純投資目的以外の目的であるみなし保有株式の明細、最大保有会社	CurrentYearInstant_Row9Member	－	無
jpcrp_cor:NameOfSecuritiesDetailsOfDeemedHoldingsOfEquitySecuritiesHeldForPurposesOtherThanPureInvestmentLargestHoldingCompany	銘柄、保有目的が純投資目的以外の目的であるみなし保有株式の明細、最大保有会社	CurrentYearInstant_Row10Member	－	株式会社バンダイナムコホールディングス
jpcrp_cor:NumberOfSharesNotDisclosedAsBelowThresholdDetailsOfDeemedHoldingsOfSharesHeldForPurposesOtherThanPureInvestmentLargestHoldingCompany	株式数（記載省略）、保有目的が純投資目的以外の目的であるみなし保有株式の明細、最大保有会社	CurrentYearInstant_Row10Member	－	＊
jpcrp_cor:PurposeOfShareholdingOverviewOfBusinessAllianceQuantitativeEffectsOfShareholdingAndReasonForIncreaseInNumberOfSharesDetailsOfDeemedHoldingsOfSharesHeldForPurposesOtherThanPureInvestmentLargestHoldingCompany	保有目的、業務提携等の概要、定量的な保有効果及び株式数が増加した理由、保有目的が純投資目的以外の目的であるみなし保有株式の明細、最大保有会社	CurrentYearInstant_Row10Member	－	退職給付信託として保有
jpcrp_cor:WhetherIssuerOfAforementionedSharesHoldsReportingCompanysSharesDetailsOfDeemedHoldingsOfSharesHeldForPurposesOtherThanPureInvestmentLargestHoldingCompany	当該株式の発行者による提出会社の株式の保有の有無、保有目的が純投資目的以外の目的であるみなし保有株式の明細、最大保有会社	CurrentYearInstant_Row10Member	－	有
jpcrp_cor:CarryingAmountNotDisclosedAsBelowThresholdDetailsOfDeemedHoldingsOfSharesHeldForPurposesOtherThanPureInvestmentLargestHoldingCompany	貸借対照表計上額（記載省略）、保有目的が純投資目的以外の目的であるみなし保有株式の明細、最大保有会社	CurrentYearInstant_Row10Member	－	＊
jpcrp_cor:NameOfSecuritiesDetailsOfDeemedHoldingsOfEquitySecuritiesHeldForPurposesOtherThanPureInvestmentLargestHoldingCompany	銘柄、保有目的が純投資目的以外の目的であるみなし保有株式の明細、最大保有会社	CurrentYearInstant_Row11Member	－	スタンレー電気株式会社
jpcrp_cor:PurposeOfShareholdingOverviewOfBusinessAllianceQuantitativeEffectsOfShareholdingAndReasonForIncreaseInNumberOfSharesDetailsOfDeemedHoldingsOfSharesHeldForPurposesOtherThanPureInvestmentLargestHoldingCompany	保有目的、業務提携等の概要、定量的な保有効果及び株式数が増加した理由、保有目的が純投資目的以外の目的であるみなし保有株式の明細、最大保有会社	CurrentYearInstant_Row11Member	－	前事業年度末は、退職給付信託として保有
jpcrp_cor:WhetherIssuerOfAforementionedSharesHoldsReportingCompanysSharesDetailsOfDeemedHoldingsOfSharesHeldForPurposesOtherThanPureInvestmentLargestHoldingCompany	当該株式の発行者による提出会社の株式の保有の有無、保有目的が純投資目的以外の目的であるみなし保有株式の明細、最大保有会社	CurrentYearInstant_Row11Member	－	無
jpcrp_cor:NameOfSecuritiesDetailsOfDeemedHoldingsOfEquitySecuritiesHeldForPurposesOtherThanPureInvestmentLargestHoldingCompany	銘柄、保有目的が純投資目的以外の目的であるみなし保有株式の明細、最大保有会社	CurrentYearInstant_Row12Member	－	久光製薬株式会社
jpcrp_cor:PurposeOfShareholdingOverviewOfBusinessAllianceQuantitativeEffectsOfShareholdingAndReasonForIncreaseInNumberOfSharesDetailsOfDeemedHoldingsOfSharesHeldForPurposesOtherThanPureInvestmentLargestHoldingCompany	保有目的、業務提携等の概要、定量的な保有効果及び株式数が増加した理由、保有目的が純投資目的以外の目的であるみなし保有株式の明細、最大保有会社	CurrentYearInstant_Row12Member	－	前事業年度末は、退職給付信託として保有
jpcrp_cor:WhetherIssuerOfAforementionedSharesHoldsReportingCompanysSharesDetailsOfDeemedHoldingsOfSharesHeldForPurposesOtherThanPureInvestmentLargestHoldingCompany	当該株式の発行者による提出会社の株式の保有の有無、保有目的が純投資目的以外の目的であるみなし保有株式の明細、最大保有会社	CurrentYearInstant_Row12Member	－	有
jpcrp_cor:FootnotesDeemedHoldingsOfSharesHeldForPurposesOtherThanPureInvestmentLargestHoldingCompanyTextBlock	脚注（保有目的が純投資目的以外の目的であるみなし保有株式）、最大保有会社 [テキストブロック]	CurrentYearInstant_Row1Member	－	(注) １　定量的な保有効果については、個別銘柄ごとに以下に記載のとおり検証しておりますが、個別取引等の秘密保持の観点から記載を控えさせていただきます。なお、退職給付信託として保有する株式における経済合理性の検証は、配当の状況等を踏まえて実
jpcrp030000-asr_E03606-000:BasicPolicyOnHumanResourcesStrategyEmployeesEtcTextBlock		FilingDateInstant	－	(1) 【人材戦略に関する基本方針等】①　企業戦略に連動した人材戦略　当社グループは、「人」が成長の源泉であると考えており、人的資本を重要資本の一つとして位置付けております。人的資本の拡充を通じて、「社員一人ひとりが活き活きと活躍し、社会・
jpcrp_cor:InformationAboutEmployeesTextBlock	従業員の状況 [テキストブロック]	FilingDateInstant	－	 (2) 【従業員の状況】 ① 連結会社における従業員数2026年3月31日現在セグメントの名称リテール・デジタル事業本部法人・ウェルスマネジメント事業本部コーポレートバンキング事業本部グローバルコマーシャルバンキング事業本部受託財産事業本
jpcrp_cor:ConsolidatedSubsidiariesMetricsOfConsolidatedSubsidiaries	指標を公表した会社、連結子会社の指標	CurrentYearInstant_Row1Member	－	(株)三菱ＵＦＪ銀行
jpcrp_cor:ConsolidatedSubsidiariesMetricsOfConsolidatedSubsidiaries	指標を公表した会社、連結子会社の指標	CurrentYearInstant_Row2Member	－	三菱ＵＦＪ信託銀行(株)
jpcrp_cor:ConsolidatedSubsidiariesMetricsOfConsolidatedSubsidiaries	指標を公表した会社、連結子会社の指標	CurrentYearInstant_Row3Member	－	三菱ＵＦＪモルガン・スタンレー証券(株)
jpcrp_cor:ConsolidatedSubsidiariesMetricsOfConsolidatedSubsidiaries	指標を公表した会社、連結子会社の指標	CurrentYearInstant_Row4Member	－	三菱ＵＦＪニコス(株)
jpcrp_cor:ConsolidatedSubsidiariesMetricsOfConsolidatedSubsidiaries	指標を公表した会社、連結子会社の指標	CurrentYearInstant_Row5Member	－	アコム(株)
jpcrp_cor:ConsolidatedSubsidiariesMetricsOfConsolidatedSubsidiaries	指標を公表した会社、連結子会社の指標	CurrentYearInstant_Row6Member	－	三菱ＵＦＪアセットマネジメント(株)
jpcrp_cor:ConsolidatedSubsidiariesMetricsOfConsolidatedSubsidiaries	指標を公表した会社、連結子会社の指標	CurrentYearInstant_Row7Member	－	三菱ＵＦＪファクター(株)
jpcrp_cor:ConsolidatedSubsidiariesMetricsOfConsolidatedSubsidiaries	指標を公表した会社、連結子会社の指標	CurrentYearInstant_Row8Member	－	三菱ＵＦＪ人事サービス(株)
jpcrp_cor:ConsolidatedSubsidiariesMetricsOfConsolidatedSubsidiaries	指標を公表した会社、連結子会社の指標	CurrentYearInstant_Row9Member	－	(株)東京クレジットサービス
jpcrp_cor:ConsolidatedSubsidiariesMetricsOfConsolidatedSubsidiaries	指標を公表した会社、連結子会社の指標	CurrentYearInstant_Row10Member	－	エム・ユー・ビジネスサービス(株)
jpcrp_cor:ConsolidatedSubsidiariesMetricsOfConsolidatedSubsidiaries	指標を公表した会社、連結子会社の指標	CurrentYearInstant_Row11Member	－	三菱ＵＦＪインフォメーションテクノロジー(株)
jpcrp_cor:ConsolidatedSubsidiariesMetricsOfConsolidatedSubsidiaries	指標を公表した会社、連結子会社の指標	CurrentYearInstant_Row12Member	－	エム・ユー・センターサービス東京(株)
jpcrp_cor:ConsolidatedSubsidiariesMetricsOfConsolidatedSubsidiaries	指標を公表した会社、連結子会社の指標	CurrentYearInstant_Row13Member	－	エム・ユー・センターサービス名古屋(株)
jpcrp_cor:ConsolidatedSubsidiariesMetricsOfConsolidatedSubsidiaries	指標を公表した会社、連結子会社の指標	CurrentYearInstant_Row14Member	－	エム・ユー・センターサービス大阪(株)
jpcrp_cor:ConsolidatedSubsidiariesMetricsOfConsolidatedSubsidiaries	指標を公表した会社、連結子会社の指標	CurrentYearInstant_Row15Member	－	三菱ＵＦＪビジネスパートナー(株)
jpcrp_cor:ConsolidatedSubsidiariesMetricsOfConsolidatedSubsidiaries	指標を公表した会社、連結子会社の指標	CurrentYearInstant_Row16Member	－	エム・ユー不動産調査(株)
jpcrp_cor:ConsolidatedSubsidiariesMetricsOfConsolidatedSubsidiaries	指標を公表した会社、連結子会社の指標	CurrentYearInstant_Row17Member	－	三菱ＵＦＪローンビジネス(株)
jpcrp_cor:ConsolidatedSubsidiariesMetricsOfConsolidatedSubsidiaries	指標を公表した会社、連結子会社の指標	CurrentYearInstant_Row18Member	－	三菱ＵＦＪリサーチ＆コンサルティング(株)
jpcrp_cor:ConsolidatedSubsidiariesMetricsOfConsolidatedSubsidiaries	指標を公表した会社、連結子会社の指標	CurrentYearInstant_Row19Member	－	エム・ユー・フロンティア債権回収(株)
jpcrp_cor:ConsolidatedSubsidiariesMetricsOfConsolidatedSubsidiaries	指標を公表した会社、連結子会社の指標	CurrentYearInstant_Row20Member	－	エム・ユー融資事務サポート(株)
jpcrp_cor:ConsolidatedSubsidiariesMetricsOfConsolidatedSubsidiaries	指標を公表した会社、連結子会社の指標	CurrentYearInstant_Row21Member	－	三菱ＵＦＪｅスマート証券(株)
jpcrp_cor:ConsolidatedSubsidiariesMetricsOfConsolidatedSubsidiaries	指標を公表した会社、連結子会社の指標	CurrentYearInstant_Row22Member	－	エム・ユー・コミュニケーションズ(株)
jpcrp_cor:ConsolidatedSubsidiariesMetricsOfConsolidatedSubsidiaries	指標を公表した会社、連結子会社の指標	CurrentYearInstant_Row23Member	－	エム・ユー・ティ・ビジネスアウトソーシング(株)
jpcrp_cor:ConsolidatedSubsidiariesMetricsOfConsolidatedSubsidiaries	指標を公表した会社、連結子会社の指標	CurrentYearInstant_Row24Member	－	三菱ＵＦＪウェルスアドバイザーズ(株)
jpcrp_cor:ConsolidatedSubsidiariesMetricsOfConsolidatedSubsidiaries	指標を公表した会社、連結子会社の指標	CurrentYearInstant_Row25Member	－	ウェルスナビ(株)
jpcrp_cor:ConsolidatedSubsidiariesMetricsOfConsolidatedSubsidiaries	指標を公表した会社、連結子会社の指標	CurrentYearInstant_Row26Member	－	エム・ユー・トラスト総合管理(株)
jpcrp_cor:ConsolidatedSubsidiariesMetricsOfConsolidatedSubsidiaries	指標を公表した会社、連結子会社の指標	CurrentYearInstant_Row27Member	－	三菱ＵＦＪトラストビジネス(株)
jpcrp_cor:ConsolidatedSubsidiariesMetricsOfConsolidatedSubsidiaries	指標を公表した会社、連結子会社の指標	CurrentYearInstant_Row28Member	－	三菱ＵＦＪトラストシステム(株)
jpcrp_cor:ConsolidatedSubsidiariesMetricsOfConsolidatedSubsidiaries	指標を公表した会社、連結子会社の指標	CurrentYearInstant_Row29Member	－	三菱ＵＦＪ不動産販売(株)
jpcrp_cor:ConsolidatedSubsidiariesMetricsOfConsolidatedSubsidiaries	指標を公表した会社、連結子会社の指標	CurrentYearInstant_Row30Member	－	三菱ＵＦＪ代行ビジネス(株)
jpcrp_cor:ConsolidatedSubsidiariesMetricsOfConsolidatedSubsidiaries	指標を公表した会社、連結子会社の指標	CurrentYearInstant_Row31Member	－	日本マスタートラスト信託銀行(株)
jpcrp_cor:ConsolidatedSubsidiariesMetricsOfConsolidatedSubsidiaries	指標を公表した会社、連結子会社の指標	CurrentYearInstant_Row32Member	－	エムー・ユー・エス情報システム(株)
jpcrp_cor:ConsolidatedSubsidiariesMetricsOfConsolidatedSubsidiaries	指標を公表した会社、連結子会社の指標	CurrentYearInstant_Row33Member	－	ＭＵＳビジネスサービス(株)
jpcrp_cor:ConsolidatedSubsidiariesMetricsOfConsolidatedSubsidiaries	指標を公表した会社、連結子会社の指標	CurrentYearInstant_Row34Member	－	全保連(株)
jpcrp_cor:ConsolidatedSubsidiariesMetricsOfConsolidatedSubsidiaries	指標を公表した会社、連結子会社の指標	CurrentYearInstant_Row35Member	－	アイ・アール債権回収(株)
jpcrp_cor:DescriptionOfFactThatConsolidatedFinancialStatementsHaveBeenPreparedInAccordanceWithSpecialOrdinanceOrRegulationsForIndustryInAppendedListFinancialInformation	連結財務諸表が別記事業の特別の法令若しくは準則に基づく場合の記載、経理の状況	CurrentYearDuration	－	当社の連結財務諸表は、「連結財務諸表の用語、様式及び作成方法に関する規則」(昭和51年大蔵省令第28号)に基づいて作成しておりますが、資産及び負債並びに収益及び費用については、「銀行法施行規則」(昭和57年大蔵省令第10号)に定める分類に準
jpcrp_cor:RegulationsInAccordanceWithWhichFinancialStatementsHaveBeenPreparedFinancialInformation	財務諸表が基づく規則、経理の状況	CurrentYearDuration	－	当社の財務諸表は、「財務諸表等の用語、様式及び作成方法に関する規則」(昭和38年大蔵省令第59号)に基づいて作成しております。
jpcrp_cor:DescriptionOfFactThatFinancialStatementsHaveBeenPreparedInAccordanceWithSpecialProvisionFinancialInformation	特例財務諸表を作成する場合の記載、経理の状況	CurrentYearDuration	－	また、当社は、特例財務諸表提出会社に該当し、財務諸表等規則第127条の規定により財務諸表を作成しております。
jpcrp_cor:NoteOnIndependentAuditFinancialInformation	監査証明について、経理の状況	CurrentYearDuration	－	当社は、金融商品取引法第193条の2第1項の規定に基づき、連結会計年度(自2025年4月1日  至2026年3月31日)の連結財務諸表及び事業年度(自2025年4月1日  至2026年3月31日)の財務諸表について、有限責任監査法人トーマツ
jpcrp_cor:RemarkableEffortsToEnsureFairPresentationOfConsolidatedFinancialStatementsEtcFinancialInformation	連結財務諸表等の適正性を確保するための特段の取組、経理の状況	CurrentYearDuration	－	当社は、連結財務諸表等の適正性を確保するための特段の取組みを行っております。具体的には、公益財団法人財務会計基準機構等に加入し、企業会計基準委員会等の行う研修に参加しており、会計基準等の内容を適切に把握し、又は会計基準等の変更等について的確
jpcrp_cor:ConsolidatedBalanceSheetTextBlock	連結貸借対照表 [テキストブロック]	CurrentYearDuration	－	① 【連結貸借対照表】           (単位：百万円)          前連結会計年度(2025年3月31日)当連結会計年度(2026年3月31日)資産の部   現金預け金※4 109,095,437※4 90,045,500 コー
jpcrp_cor:ConsolidatedStatementOfIncomeTextBlock	連結損益計算書 [テキストブロック]	CurrentYearDuration	－	 【連結損益計算書】           (単位：百万円)          前連結会計年度(自 2024年4月 1日　至 2025年3月31日)当連結会計年度(自 2025年4月 1日　至 2026年3月31日)経常収益13,629,99
jpcrp_cor:ConsolidatedStatementOfComprehensiveIncomeTextBlock	連結包括利益計算書 [テキストブロック]	CurrentYearDuration	－	 【連結包括利益計算書】           (単位：百万円)          前連結会計年度(自 2024年4月 1日　至 2025年3月31日)当連結会計年度(自 2025年4月 1日　至 2026年3月31日)当期純利益1,941,
jpcrp_cor:ConsolidatedStatementOfChangesInEquityTextBlock	連結株主資本等変動計算書 [テキストブロック]	CurrentYearDuration	－	③ 【連結株主資本等変動計算書】  前連結会計年度(自  2024年4月1日　至  2025年3月31日)　 (単位：百万円) 株主資本その他の包括利益累計額資本金資本剰余金利益剰余金自己株式株主資本合計その他有価証券評価差額金繰延ヘッジ損
jpcrp_cor:ConsolidatedStatementOfCashFlowsTextBlock	連結キャッシュ・フロー計算書 [テキストブロック]	CurrentYearDuration	－	④ 【連結キャッシュ・フロー計算書】           (単位：百万円)          前連結会計年度(自 2024年4月 1日　至 2025年3月31日)当連結会計年度(自 2025年4月 1日　至 2026年3月31日)営業活動に
jpcrp_cor:NotesSignificantAccountingPoliciesForPreparationOfConsolidatedFinancialStatementsTextBlock	連結財務諸表作成のための基本となる重要な事項 [テキストブロック]	CurrentYearDuration	－	(連結財務諸表作成のための基本となる重要な事項) １　連結の範囲に関する事項(1) 連結子会社        345社主要な会社名株式会社三菱ＵＦＪ銀行三菱ＵＦＪ信託銀行株式会社三菱ＵＦＪ証券ホールディングス株式会社三菱ＵＦＪアセットマネジ
jpcrp_cor:NumberOfConsolidatedSubsidiariesAndNamesOfMajorConsolidatedSubsidiariesTextBlock	連結子会社の数及び主要な連結子会社の名称 [テキストブロック]	CurrentYearDuration	－	(1) 連結子会社        345社主要な会社名株式会社三菱ＵＦＪ銀行三菱ＵＦＪ信託銀行株式会社三菱ＵＦＪ証券ホールディングス株式会社三菱ＵＦＪアセットマネジメント株式会社三菱ＵＦＪニコス株式会社アコム株式会社(連結の範囲の変更)　2
jpcrp_cor:ChangesInScopeOfConsolidationTextBlock	連結の範囲の変更 [テキストブロック]	CurrentYearDuration	－	(連結の範囲の変更)　24社は、株式取得等により、当連結会計年度から連結の範囲に含めております。　13社は、清算等により、子会社でなくなったことから、当連結会計年度より連結の範囲から除いております。
jpcrp_cor:NamesOfMajorUnconsolidatedSubsidiariesAndReasonsForExclusionFromScopeOfConsolidationTextBlock	主要な非連結子会社の名称及び連結の範囲から除いた理由 [テキストブロック]	CurrentYearDuration	－	(2) 非連結子会社日本電解株式会社　非連結子会社は、その資産、経常収益、純損益（持分に見合う額）及び利益剰余金（持分に見合う額）等からみて、連結の範囲から除いても企業集団の財政状態及び経営成績に関する合理的な判断を妨げない程度に重要性が乏
jpcrp_cor:NamesOfCompaniesEtcAndReasonsForNotBeingDeemedAsSubsidiariesEvenThoughMoreThanHalfOfVotingRightsAreOwnedByReportingCompanyTextBlock	他の会社等の議決権の過半数を自己の計算において所有しているにもかかわらず当該他の会社等を子会社としなかった場合には、当該他の会社等の名称及び子会社としなかった理由 [テキストブロック]	CurrentYearDuration	－	(3) 他の会社等の議決権(業務執行権)の過半数を自己の計算において所有しているにもかかわらず連結子会社としなかった当該他の会社等の名称株式会社ハイジア(連結子会社としなかった理由)土地信託事業において受益者のために信託建物を管理する目的で
jpcrp_cor:NumberOfUnconsolidatedSubsidiariesAndAssociatesAccountedForUsingEquityMethodAndNamesOfMajorEntitiesAccountedForUsingEquityMethodTextBlock	持分法を適用した非連結子会社又は関連会社の数及びこれらのうち主要な会社等の名称 [テキストブロック]	CurrentYearDuration	－	(1) 持分法適用の非連結子会社該当事項はありません。(2) 持分法適用の関連会社        55社主要な会社名三菱ＨＣキャピタル株式会社Morgan Stanley(持分法適用の範囲の変更)　8社は、株式取得等により、当連結会計年度か
jpcrp_cor:ChangesInScopeOfApplicationOfEquityMethodTextBlock	持分法適用の範囲の変更 [テキストブロック]	CurrentYearDuration	－	(持分法適用の範囲の変更)　8社は、株式取得等により、当連結会計年度から持分法適用の範囲に含めております。　7社は、株式売却等により、関連会社でなくなったことから、当連結会計年度より持分法適用の範囲から除いております。
jpcrp_cor:NamesOfMajorUnconsolidatedSubsidiariesAndAssociatesAndReasonsForNotBeingAccountedForUsingEquityMethodTextBlock	持分法を適用しない非連結子会社又は関連会社がある場合には、これらのうち主要な会社等の名称及び持分法を適用しない理由 [テキストブロック]	CurrentYearDuration	－	(3) 持分法非適用の非連結子会社日本電解株式会社　持分法非適用の非連結子会社は、純損益（持分に見合う額）及び利益剰余金（持分に見合う額）等からみて、持分法適用の範囲から除いても連結財務諸表に重要な影響を与えないため、持分法適用の範囲から除
jpcrp_cor:NamesOfCompaniesEtcAndReasonsForNotBeingDeemedAsAssociatesEvenThoughMoreThan20PerCentAndLessThanHalfOfVotingRightsAreOwnedByReportingCompanyTextBlock	他の会社等の議決権の百分の二十以上、百分の五十以下を自己の計算において所有しているにもかかわらず当該他の会社等を関連会社としなかった場合には、当該他の会社等の名称及び関連会社としなかった理由 [テキストブロック]	CurrentYearDuration	－	 (5) 他の会社等の議決権の100分の20以上100分の50以下を自己の計算において所有しているにもかかわらず関連会社としなかった当該他の会社等の名称株式会社アークメディスン(関連会社としなかった理由)ベンチャーキャピタル事業等を営む連結
jpcrp_cor:DisclosureAboutFiscalYearsEtcOfConsolidatedSubsidiariesTextBlock	連結子会社の事業年度等に関する事項 [テキストブロック]	CurrentYearDuration	－	３　連結子会社の事業年度等に関する事項(1) 連結子会社の決算日は次のとおりであります。12月末日269社3月末日76社 (2) 一部の12月末日を決算日とする連結子会社は、3月末日現在で実施した仮決算に基づく財務諸表により連結しております
jpcrp_cor:DisclosureOfAccountingPoliciesTextBlock	会計方針に関する事項 [テキストブロック]	CurrentYearDuration	－	 ４  会計方針に関する事項(1) 特定取引資産・負債の評価基準及び収益・費用の計上基準  金利、通貨の価格、金融商品市場における相場その他の指標に係る短期的な変動、市場間の格差等を利用して利益を得る等の目的(以下、「特定取引目的」という。
jpcrp_cor:SignificantAccountingEstimatesConsolidatedFinancialStatementsTextBlock	重要な会計上の見積り、連結財務諸表 [テキストブロック]	CurrentYearDuration	－	 (重要な会計上の見積り)１　貸倒引当金の算定(1) 当連結会計年度の連結財務諸表に計上した金額当社は、株式会社三菱ＵＦＪ銀行(以下、「三菱ＵＦＪ銀行」という。)をはじめとする銀行子会社を傘下に有しており、中核的な事業の一つとして貸出業務を
jpcrp_cor:NotesNewAccountingStandardsNotYetAppliedConsolidatedFinancialStatementsTextBlock	未適用の会計基準等、連結財務諸表 [テキストブロック]	CurrentYearDuration	－	 (未適用の会計基準等)企業会計基準第34号「リースに関する会計基準」(2025年4月23日　企業会計基準委員会)及び企業会計基準適用指針第33号「リースに関する会計基準の適用指針」(2025年10月16日　企業会計基準委員会)等(1) 概
jpcrp_cor:NotesChangesInAccountingEstimatesConsolidatedFinancialStatementsTextBlock	会計上の見積りの変更、連結財務諸表 [テキストブロック]	CurrentYearDuration	－	(会計上の見積りの変更)(貸倒引当金の算定に用いる信用格付制度の変更)当社の主要な国内銀行連結子会社においては、信用リスクを評価するための統一的な基準として債務者区分と整合した信用格付制度を整備し、同制度に基づき決定された内部信用格付を用い
jpcrp_cor:NotesRegardingTotalAmountsOfSharesOfAndOrLoansToUnconsolidatedSubsidiariesAndAssociatesTextBlock	非連結子会社及び関連会社の株式及び（又は）出資金の総額 [テキストブロック]	CurrentYearInstant	－	※１  非連結子会社及び関連会社の株式又は出資金の総額 前連結会計年度(2025年3月31日)当連結会計年度(2026年3月31日)株　式4,697,290百万円5,510,666百万円出資金123,745百万円95,047百万円  　　　
jpcrp_cor:NotesRegardingLoanedSecuritiesAndFinancialAssetsBorrowedWhichBorrowerHasRightToSellOrRepledgeTextBlock	有価証券の消費貸借契約・消費寄託契約及び自由処分権を有する担保受入金融資産に関する注記 [テキストブロック]	CurrentYearInstant	－	 ※２  無担保の消費貸借契約により貸し付けている有価証券が「有価証券」に含まれておりますが、その合計金額は次のとおりであります。前連結会計年度(2025年3月31日)当連結会計年度(2026年3月31日)59,866百万円544百万円  
jpcrp_cor:NotesRegardingBillsDiscountedInBankingIndustryBNKTextBlock	銀行業における手形割引に関する注記、銀行業 [テキストブロック]	CurrentYearInstant	－	  手形割引により受け入れた商業手形及び買入外国為替は、売却又は担保差入という方法で自由に処分できる権利を有しておりますが、その額面金額は次のとおりであります。前連結会計年度(2025年3月31日)当連結会計年度(2026年3月31日)89
jpcrp_cor:NotesRegardingLoansBasedOnBankingActAndActOnEmergencyMeasuresForRevitalizationOfFinancialFunctionsBNKTextBlock	銀行法及び金融機能の再生のための緊急措置に関する法律に基づく債権に関する注記、銀行業 [テキストブロック]	CurrentYearInstant	－	※３  銀行法及び金融機能の再生のための緊急措置に関する法律に基づく債権は次のとおりであります。なお、債権は、連結貸借対照表の「有価証券」中の社債（その元本の償還及び利息の支払の全部又は一部について保証しているものであって、当該社債の発行が
jpcrp_cor:NotesRegardingPledgedAssetsTextBlock	担保に供している資産の注記 [テキストブロック]	CurrentYearInstant	－	※４  担保に供している資産は次のとおりであります。 前連結会計年度(2025年3月31日)当連結会計年度(2026年3月31日)担保に供している資産    現金預け金4,583百万円4,954百万円有価証券901,692百万円366,13
jpcrp030000-asr_E03606-000:NotesRegardingNonRecourseDebtTextBlock		CurrentYearInstant	－	※５　連結した特別目的会社のノンリコース債務は次のとおりであります。 前連結会計年度 (2025年3月31日)当連結会計年度 (2026年3月31日)ノンリコース債務    借用金1,407百万円－百万円     当該ノンリコース債務に対応
jpcrp_cor:CreditorsNotesRegardingOverdraftContractsAndOrLoanCommitmentsTextBlock	当座貸越契約及び（又は）貸出コミットメントに関する貸手の注記 [テキストブロック]	CurrentYearInstant	－	※６  当座貸越契約及び貸付金に係るコミットメントライン契約は、顧客からの融資実行の申し出を受けた場合に、契約上規定された条件について違反がない限り、一定の限度額まで資金を貸付けることを約する契約であります。これらの契約に係る融資未実行残高
jpcrp_cor:NotesRegardingRevaluationOfLandForBusinessTextBlock	事業用土地の再評価に関する注記 [テキストブロック]	CurrentYearInstant	－	※７  土地の再評価に関する法律(平成10年3月31日  法律第34号)に基づき、国内銀行連結子会社及び国内信託銀行連結子会社の事業用の土地の再評価を行い、評価差額については、当該評価差額に係る税金相当額を「再評価に係る繰延税金負債」として
jpcrp_cor:NotesRegardingAccumulatedDepreciationOfPropertyPlantAndEquipmentTextBlock	有形固定資産の減価償却累計額の注記 [テキストブロック]	CurrentYearInstant	－	※８  有形固定資産の減価償却累計額 前連結会計年度(2025年3月31日)当連結会計年度(2026年3月31日)減価償却累計額1,124,625百万円1,191,679百万円  
jpcrp_cor:NotesRegardingAmountsOfReductionEntryOfPropertyPlantAndEquipmentTextBlock	有形固定資産の圧縮記帳額の注記 [テキストブロック]	CurrentYearInstant	－	※９  有形固定資産の圧縮記帳額 前連結会計年度(2025年3月31日)当連結会計年度(2026年3月31日)圧縮記帳額56,867百万円55,785百万円(当該連結会計年度の圧縮記帳額)(―百万円) (―百万円)  
jpcrp_cor:NotesRegardingSubordinatedBorrowingsTextBlock	劣後特約付借入金に関する注記 [テキストブロック]	CurrentYearInstant	－	※10  借用金には、他の債務よりも債務の履行が後順位である旨の特約が付された劣後特約付借入金が含まれております。 前連結会計年度(2025年3月31日)当連結会計年度(2026年3月31日)劣後特約付借入金365,389百万円387,19
jpcrp_cor:NotesRegardingSubordinatedBondsPayableTextBlock	劣後特約付社債に関する注記 [テキストブロック]	CurrentYearInstant	－	※11  社債には、劣後特約付社債が含まれております。 前連結会計年度(2025年3月31日)当連結会計年度(2026年3月31日)劣後特約付社債4,684,677百万円4,894,553百万円  
jpcrp030000-asr_E03606-000:NotesRegardingPrincipalGuaranteedTrustAccountsTextBlock		CurrentYearInstant	－	　12　国内信託銀行連結子会社の受託する元本補てん契約のある信託の元本金額は、次のとおりであります。 前連結会計年度(2025年3月31日)当連結会計年度(2026年3月31日)金銭信託1,715,116百万円1,599,365百万円  
jpcrp_cor:NotesRegardingGuaranteeObligationForCorporateBondsIncludedInAssetsTextBlock	資産の部の社債に係る保証債務に関する注記 [テキストブロック]	CurrentYearInstant	－	※13  「有価証券」中の社債及びその他の証券のうち、有価証券の私募(金融商品取引法第2条第3項)による社債に対する保証債務の額前連結会計年度(2025年3月31日)当連結会計年度(2026年3月31日)299,223百万円284,256百
jpcrp030000-asr_E03606-000:NotesRegardingContingentLiabilitiesTextBlock		CurrentYearInstant	－	※14　偶発債務（訴訟等）当社及び連結子会社は、各種の訴訟や内外規制当局による検査・調査等に対応しておりますが、これらの中には、現時点において、将来の損失発生の可能性が高くはないものの、一定程度あると合理的に見込まれるものもあります。これら
jpcrp_cor:MajorComponentsOfOtherIncomeBNKTextBlock	その他の経常収益の主要な内訳、銀行業 [テキストブロック]	CurrentYearDuration	－	※１  「その他の経常収益」には、次のものを含んでおります。 前連結会計年度(自  2024年4月 1日至  2025年3月31日)当連結会計年度(自  2025年4月 1日至  2026年3月31日)持分法による投資利益596,956百万
jpcrp030000-asr_E03606-000:MajorComponentsOfOperatingExpensesTextBlock		CurrentYearDuration	－	※２  「営業経費」には、次のものを含んでおります。 前連結会計年度(自  2024年4月 1日至  2025年3月31日)当連結会計年度(自  2025年4月 1日至  2026年3月31日)人件費1,474,264百万円1,619,13
jpcrp_cor:MajorComponentsOfOtherExpensesBNKTextBlock	その他の経常費用の主要な内訳、銀行業 [テキストブロック]	CurrentYearDuration	－	※３  「その他の経常費用」には、次のものを含んでおります。 前連結会計年度(自  2024年4月 1日至  2025年3月31日)当連結会計年度(自  2025年4月 1日至  2026年3月31日)貿易金融サービスを提供する連結子会社に
jpcrp030000-asr_E03606-000:ExpensesRelatingToSystemsIntegrationTextBlock		CurrentYearDuration	－	※４ 「システム統合関連費用」には、国内コンシューマーファイナンス連結子会社において、カードシステム一本化のための統合により一時的に発生した費用31,091百万円を計上しております。 
jpcrp_cor:NotesRegardingReclassificationAdjustmentsIncomeTaxesAndTaxEffectsRelatingToOtherComprehensiveIncomeTextBlock	その他の包括利益に関する組替調整額、法人税等及び税効果額 [テキストブロック]	CurrentYearDuration	－	※１　その他の包括利益に係る組替調整額並びに法人税等及び税効果額 前連結会計年度(自  2024年4月 1日至  2025年3月31日)当連結会計年度(自  2025年4月 1日至  2026年3月31日)その他有価証券評価差額金：    
jpcrp_cor:NotesRegardingIssuedSharesAndTreasurySharesTextBlock	発行済株式及び自己株式に関する注記 [テキストブロック]	Prior1YearDuration	－	１  発行済株式の種類及び総数並びに自己株式の種類及び株式数に関する事項（単位：千株） 当連結会計年度期首株式数当連結会計年度増加株式数当連結会計年度減少株式数当連結会計年度末株式数摘要発行済株式       普通株式12,337,710―
jpcrp_cor:NotesRegardingNewShareSubscriptionRightsEtcTextBlock	新株予約権等に関する注記 [テキストブロック]	Prior1YearDuration	－	２  新株予約権及び自己新株予約権に関する事項区分新株予約権の内訳新株予約権の目的となる株式の種類 新株予約権の目的となる株式の数（株）当連結会計年度末残高（百万円）  当連結会計 年度期首 当連結会計 年度増加当連結会計年度減少  当連結
jpcrp_cor:NotesRegardingDividendTextBlock	配当に関する注記 [テキストブロック]	Prior1YearDuration	－	３  配当に関する事項(１)当連結会計年度中の配当金支払額(決議)株式の種類配当金の総額（百万円）1株当たり配当額（円）基準日効力発生日2024年6月27日定時株主総会普通株式240,93720.52024年3月31日2024年6月28日2
jpcrp_cor:NotesRegardingIssuedSharesAndTreasurySharesTextBlock	発行済株式及び自己株式に関する注記 [テキストブロック]	CurrentYearDuration	－	１  発行済株式の種類及び総数並びに自己株式の種類及び株式数に関する事項（単位：千株） 当連結会計年度期首株式数当連結会計年度増加株式数当連結会計年度減少株式数当連結会計年度末株式数摘要発行済株式       普通株式12,067,710―
jpcrp_cor:NotesRegardingNewShareSubscriptionRightsEtcTextBlock	新株予約権等に関する注記 [テキストブロック]	CurrentYearDuration	－	２  新株予約権及び自己新株予約権に関する事項区分新株予約権の内訳新株予約権の目的となる株式の種類 新株予約権の目的となる株式の数（株）当連結会計年度末残高（百万円）  当連結会計 年度期首 当連結会計 年度増加当連結会計年度減少  当連結
jpcrp_cor:NotesRegardingDividendTextBlock	配当に関する注記 [テキストブロック]	CurrentYearDuration	－	３  配当に関する事項(１)当連結会計年度中の配当金支払額(決議)株式の種類配当金の総額（百万円）1株当たり配当額（円）基準日効力発生日2025年6月27日定時株主総会普通株式449,73239.02025年3月31日2025年6月30日2
jpcrp_cor:ReconciliationOfEndingBalanceOfCashAndCashEquivalentsWithAccountBalancesPerBalanceSheetTextBlock	現金及び現金同等物の期末残高と貸借対照表に掲記されている科目の金額との関係 [テキストブロック]	CurrentYearDuration	－	※１  現金及び現金同等物の期末残高と連結貸借対照表に掲記されている科目の金額との関係「現金及び現金同等物の期末残高」と連結貸借対照表に掲記されている「現金預け金」の金額は、一致しております。 
jpcrp_cor:MajorComponentsOfAssetsAndLiabilitiesOfConsolidatedSubsidiaryAcquiredByPurchaseOfSharesDuringReportingPeriodTextBlock	株式の取得により新たに連結子会社となった会社がある場合には、当該会社の資産及び負債の主な内訳 [テキストブロック]	CurrentYearDuration	－	※２　株式の取得により新たに連結子会社となった会社の資産及び負債の主な内訳前連結会計年度(自　2024年4月1日　至　2025年3月31日)株式の取得により新たにLink Administration Holdings Limitedを連結
jpcrp_cor:NotesLeasesConsolidatedFinancialStatementsTextBlock	リース取引関係、連結財務諸表 [テキストブロック]	CurrentYearDuration	－	 (リース取引関係)オペレーティング・リース取引オペレーティング・リース取引のうち解約不能のものに係る未経過リース料 (借手側) (単位：百万円) 前連結会計年度(2025年3月31日)当連結会計年度(2026年3月31日)1年内41,51
jpcrp_cor:NotesFinancialInstrumentsConsolidatedFinancialStatementsTextBlock	金融商品関係、連結財務諸表 [テキストブロック]	CurrentYearDuration	－	 (金融商品関係)１  金融商品の状況に関する事項(1) 金融商品に対する取組方針当社グループは、預金業務、貸出業務をはじめ有価証券投資、その他の証券業務、為替業務等の総合金融サービス事業を行っております。これらの事業を行うため、市場からの
jpcrp_cor:NotesSecuritiesConsolidatedFinancialStatementsTextBlock	有価証券関係、連結財務諸表 [テキストブロック]	CurrentYearDuration	－	 (有価証券関係) 　　※１  連結貸借対照表の「有価証券」のほか、「特定取引資産」の中の商品有価証券、特定取引有価証券及び短期社債等、「現金預け金」中の譲渡性預け金、並びに「買入金銭債権」中の証券化商品等も含めて記載しております。※２  
jpcrp_cor:NotesMoneyHeldInTrustConsolidatedFinancialStatementsTextBlock	金銭の信託関係、連結財務諸表 [テキストブロック]	CurrentYearDuration	－	 (金銭の信託関係)１  運用目的の金銭の信託前連結会計年度 (2025年3月31日)　 連結貸借対照表計上額(百万円)連結会計年度の損益に含まれた評価差額(百万円)運用目的の金銭の信託48,8701,444 　当連結会計年度 (2026年
jpcrp_cor:NotesValuationDifferenceOnAvailableForSaleSecuritiesConsolidatedFinancialStatementsTextBlock	その他有価証券評価差額金、連結財務諸表 [テキストブロック]	CurrentYearDuration	－	 (その他有価証券評価差額金)  連結貸借対照表に計上されている「その他有価証券評価差額金」の内訳は、次のとおりであります。　 前連結会計年度(2025年3月31日) 金額(百万円)評価差額2,036,016その他有価証券2,035,131
jpcrp_cor:NotesDerivativesConsolidatedFinancialStatementsTextBlock	デリバティブ取引関係、連結財務諸表 [テキストブロック]	CurrentYearDuration	－	 (デリバティブ取引関係) １  ヘッジ会計が適用されていないデリバティブ取引ヘッジ会計が適用されていないデリバティブ取引について、取引の対象物の種類ごとの連結決算日における契約額又は契約において定められた元本相当額、時価及び評価損益は、次
jpcrp_cor:NotesRetirementBenefitsConsolidatedFinancialStatementsTextBlock	退職給付関係、連結財務諸表 [テキストブロック]	CurrentYearDuration	－	 (退職給付関係)１  採用している退職給付制度の概要国内連結子会社は、確定給付型の制度として、確定給付企業年金制度及び退職一時金制度等、並びに確定拠出年金制度を設けております。また、従業員の退職等に際して、退職給付会計に準拠した数理計算に
jpcrp_cor:NotesShareOptionsEtcConsolidatedFinancialStatementsTextBlock	ストック・オプション等関係、連結財務諸表 [テキストブロック]	CurrentYearDuration	－	 (ストック・オプション等関係)１  ストック・オプション等にかかる費用計上額及び科目名 前連結会計年度（自　2024年4月 1日至　2025年3月31日）当連結会計年度（自　2025年4月 1日至　2026年3月31日）営業経費11,88
jpcrp_cor:NotesTaxEffectAccountingConsolidatedFinancialStatementsTextBlock	税効果会計関係、連結財務諸表 [テキストブロック]	CurrentYearDuration	－	１  繰延税金資産及び繰延税金負債の発生の主な原因別の内訳 前連結会計年度(2025年3月31日)当連結会計年度(2026年3月31日)繰延税金資産    貸倒引当金及び貸出金償却損金算入限度超過額320,750百万円329,236百万円有
jpcrp_cor:NotesBusinessCombinationsConsolidatedFinancialStatementsTextBlock	企業結合等関係、連結財務諸表 [テキストブロック]	CurrentYearDuration	－	 (企業結合等関係)該当事項はありません。 
jpcrp_cor:NotesRevenueRecognitionConsolidatedFinancialStatementsTextBlock	収益認識関係、連結財務諸表 [テキストブロック]	CurrentYearDuration	－	 (収益認識関係)顧客との契約から生じる収益を分解した情報(単位：百万円) 前連結会計年度 当連結会計年度 (自　2024年4月 1日(自　2025年4月 1日 　至　2025年3月31日)　至　2026年3月31日)役務取引等収益2,36
jpcrp_cor:NotesSegmentInformationEtcConsolidatedFinancialStatementsTextBlock	セグメント情報等、連結財務諸表 [テキストブロック]	CurrentYearDuration	－	(セグメント情報等)【セグメント情報】１  報告セグメントの概要当社グループの報告セグメントは、業務執行の意思決定機関である経営会議が、経営資源の配分の決定及び業績を評価するために、定期的に検討を行う対象となっているものであります。当社グル
jpcrp_cor:DescriptionOfReportableSegmentsTextBlock	報告セグメントの概要 [テキストブロック]	CurrentYearDuration	－	１  報告セグメントの概要当社グループの報告セグメントは、業務執行の意思決定機関である経営会議が、経営資源の配分の決定及び業績を評価するために、定期的に検討を行う対象となっているものであります。当社グループは、顧客特性・業務特性に応じてグル
jpcrp_cor:ExplanationOfMeasurementsOfSalesProfitLossAssetLiabilityAndOtherItemsForEachReportableSegmentTextBlock	報告セグメントごとの売上高、利益又は損失、資産、負債その他の項目の金額の算定方法 [テキストブロック]	CurrentYearDuration	－	２  報告セグメントごとの粗利益、営業純益及び固定資産の金額の算定方法報告されている事業セグメントの会計処理の方法は、連結の範囲を除き、「(連結財務諸表作成のための基本となる重要な事項)」における記載と概ね同一であります。連結の範囲は主要な
jpcrp_cor:FootnotesRegardingSegmentInformationTableTextBlock	セグメント表の脚注 [テキストブロック]	Prior1YearDuration	－	(注) １  一般企業の売上高に代えて、粗利益を記載しております。２　粗利益には、資金運用収支、信託報酬、役務取引等収支、特定取引収支及びその他業務収支を含んでおります。３　経費には、人件費及び物件費を含んでおります。４　固定資産のセグメン
jpcrp_cor:FootnotesRegardingSegmentInformationTableTextBlock	セグメント表の脚注 [テキストブロック]	CurrentYearDuration	－	(注) １  一般企業の売上高に代えて、粗利益を記載しております。２　粗利益には、資金運用収支、信託報酬、役務取引等収支、特定取引収支及びその他業務収支を含んでおります。３　経費には、人件費及び物件費を含んでおります。４　固定資産のセグメン
jpcrp_cor:DescriptionOfNatureAndAmountsOfDifferencesBetweenReportableSegmentsTotalAndFinancialStatementsTextBlock	報告セグメント合計額と財務諸表計上額との差額及び当該差額の主な内容（差異調整に関する事項） [テキストブロック]	CurrentYearDuration	－	４　報告セグメントの営業純益の金額の合計額と連結損益計算書計上額との差額及び当該差額の主な内容(差異調整に関する事項)(単位：百万円)営業純益前連結会計年度当連結会計年度報告セグメント計1,565,7342,365,383報告セグメント対象
jpcrp_cor:InformationForEachProductOrServiceTextBlock	製品及びサービスごとの情報 [テキストブロック]	Prior1YearDuration	－	１  サービスごとの情報報告セグメントに係る情報と類似しているため本情報の記載は省略しております。 
jpcrp_cor:RevenuesFromExternalCustomersInformationForEachRegionTextBlock	売上高、地域ごとの情報 [テキストブロック]	Prior1YearDuration	－	(1) 経常収益(単位：百万円)日本米国欧州・中近東アジア・オセアニアその他合計5,962,6652,844,8311,339,0162,860,030623,45313,629,997 (注) １  一般企業の売上高に代えて、経常収益を記
jpcrp_cor:PropertyPlantAndEquipmentInformationForEachRegionTextBlock	有形固定資産、地域ごとの情報 [テキストブロック]	Prior1YearDuration	－	　(2) 有形固定資産(単位：百万円)日本タイその他合計943,823125,410170,8701,240,104  
jpcrp_cor:InformationForEachOfMainCustomersTextBlock	主要な顧客ごとの情報 [テキストブロック]	Prior1YearDuration	－	３  主要な顧客ごとの情報該当事項はありません。 
jpcrp_cor:InformationForEachProductOrServiceTextBlock	製品及びサービスごとの情報 [テキストブロック]	CurrentYearDuration	－	１  サービスごとの情報報告セグメントに係る情報と類似しているため本情報の記載は省略しております。 
jpcrp_cor:RevenuesFromExternalCustomersInformationForEachRegionTextBlock	売上高、地域ごとの情報 [テキストブロック]	CurrentYearDuration	－	(1) 経常収益(単位：百万円)日本米国欧州・中近東アジア・オセアニアその他合計6,980,5972,951,8391,333,8702,876,818477,71714,620,843 (注) １  一般企業の売上高に代えて、経常収益を記
jpcrp_cor:PropertyPlantAndEquipmentInformationForEachRegionTextBlock	有形固定資産、地域ごとの情報 [テキストブロック]	CurrentYearDuration	－	　(2) 有形固定資産(単位：百万円)日本タイその他合計1,110,587142,851163,8651,417,304  
jpcrp_cor:InformationForEachOfMainCustomersTextBlock	主要な顧客ごとの情報 [テキストブロック]	CurrentYearDuration	－	３  主要な顧客ごとの情報該当事項はありません。  
jpcrp_cor:DescriptionOfImpairmentLossNotAllocatedToReportableSegments	報告セグメントに配分されていない減損損失の内容	Prior1YearDuration	－	(注) 当社並びに三菱ＵＦＪ銀行及び三菱ＵＦＪ信託銀行以外の子会社における固定資産の減損損失は報告セグメントに配分しておらず、当連結会計年度における減損損失は114,362百万円であります。
jpcrp_cor:DescriptionOfImpairmentLossNotAllocatedToReportableSegments	報告セグメントに配分されていない減損損失の内容	CurrentYearDuration	－	(注) 当社並びに三菱ＵＦＪ銀行及び三菱ＵＦＪ信託銀行以外の子会社における固定資産の減損損失は報告セグメントに配分しておらず、当連結会計年度における減損損失は60,885百万円であります。
jpcrp_cor:DescriptionOfFactorsWhichLedToRecognitionOfGainOnBargainPurchaseTextBlock	報告セグメントごとの負ののれん発生益を認識する要因となった事象の概要 [テキストブロック]	CurrentYearDuration_jpcrp030000-asr_E03606-000TotalMember	－	【報告セグメントごとの負ののれん発生益に関する情報】該当事項はありません。
jpcrp_cor:NotesRelatedPartiesConsolidatedFinancialStatementsTextBlock	関連当事者情報、連結財務諸表 [テキストブロック]	CurrentYearDuration	－	 【関連当事者情報】１  関連当事者との取引(1) 連結財務諸表提出会社と関連当事者との取引① 連結財務諸表提出会社の親会社及び主要株主(会社等の場合に限る)等該当事項はありません。 ② 連結財務諸表提出会社の非連結子会社及び関連会社等該当
jpcrp_cor:NotesPerShareInformationConsolidatedFinancialStatementsTextBlock	１株当たり情報、連結財務諸表 [テキストブロック]	CurrentYearDuration	－	 (1株当たり情報)   前連結会計年度(自  2024年4月 1日  至  2025年3月31日)当連結会計年度(自  2025年4月 1日  至  2026年3月31日)1株当たり純資産額 1,783円36銭1,973円30銭1株当たり
jpcrp_cor:NotesSignificantEventsAfterReportingPeriodConsolidatedFinancialStatementsTextBlock	重要な後発事象、連結財務諸表 [テキストブロック]	CurrentYearDuration	－	 (重要な後発事象)１ Shriram Finance Limitedの株式取得当社の連結子会社である三菱ＵＦＪ銀行は、2025年12月19日、インド大手のノンバンクであるShriram Finance Limited(以下、「Shrira
jpcrp_cor:AnnexedConsolidatedDetailedScheduleOfCorporateBondsTextBlock	社債明細表、連結財務諸表 [テキストブロック]	CurrentYearDuration	－	【社債明細表】会社名銘柄発行年月日当期首残高(百万円)当期末残高(百万円)利率(％)担保償還期限当社劣後社債2015年6月～2025年11月1,996,514[29,900] 2,009,750  [140,878]0.34～ 2.38なし
jpcrp_cor:AnnexedConsolidatedDetailedScheduleOfBorrowingsTextBlock	借入金等明細表、連結財務諸表 [テキストブロック]	CurrentYearDuration	－	 【借入金等明細表】 区分当期首残高(百万円)当期末残高(百万円)平均利率(％)返済期限借用金22,101,9549,359,9971.25―再割引手形――――借入金22,101,9549,359,9971.252025年 1月～2051年
jpcrp_cor:AnnexedConsolidatedDetailedScheduleOfAssetRetirementObligationsTextBlock	資産除去債務明細表、連結財務諸表 [テキストブロック]	CurrentYearDuration	－	【資産除去債務明細表】当連結会計年度期首及び当連結会計年度末における資産除去債務の金額が、当連結会計年度期首及び当連結会計年度末における負債及び純資産の合計額の100分の1以下であるため、資産除去債務明細表の作成を省略しております。
jpcrp_cor:OtherInformationConsolidatedFinancialStatementsEtcTextBlock	その他、連結財務諸表等 [テキストブロック]	CurrentYearDuration	－	(2) 【その他】①  当連結会計年度における半期情報  中間連結会計期間(自  2025年4月 1日至  2025年9月30日)当連結会計年度(自  2025年4月 1日至  2026年3月31日)経常収益(百万円)6,893,77514
jpcrp_cor:BalanceSheetTextBlock	貸借対照表 [テキストブロック]	CurrentYearDuration	－	① 【貸借対照表】           (単位：百万円)          前事業年度(2025年3月31日)当事業年度(2026年3月31日)資産の部   流動資産    現金及び預金353,098370,492  前払費用78  未収入
jpcrp_cor:StatementOfIncomeTextBlock	損益計算書 [テキストブロック]	CurrentYearDuration	－	② 【損益計算書】           (単位：百万円)          前事業年度(自 2024年4月 1日　至 2025年3月31日)当事業年度(自 2025年4月 1日　至 2026年3月31日)営業収益   受取配当金※1 1,3
jpcrp_cor:StatementOfChangesInEquityTextBlock	株主資本等変動計算書 [テキストブロック]	CurrentYearDuration	－	③ 【株主資本等変動計算書】  前事業年度(自  2024年4月1日　至  2025年3月31日)　 (単位：百万円) 株主資本資本金資本剰余金利益剰余金資本準備金その他資本剰余金その他利益剰余金別途積立金繰越利益剰余金当期首残高2,141
jpcrp_cor:NotesSignificantAccountingPoliciesFinancialStatementsTextBlock	重要な会計方針、財務諸表 [テキストブロック]	CurrentYearDuration	－	(重要な会計方針) １　有価証券の評価基準及び評価方法　子会社株式及び関連会社株式については移動平均法による原価法によっております。 ２　固定資産の減価償却の方法(1) 有形固定資産(リース資産を除く)　　有形固定資産の減価償却は、定率法を
jpcrp_cor:NotesRegardingAssetsAndLiabilitiesIncurredFromTransactionsWithAffiliatedEntitiesTextBlock	関係会社に関する資産・負債の注記 [テキストブロック]	CurrentYearInstant_NonConsolidatedMember	－	※１．関係会社に対する金銭債権（区分表示したものを除く） 前事業年度(2025年3月31日)当事業年度(2026年3月31日)短期金銭債権358,536百万円393,235百万円 ※２．関係会社に対する負債 前事業年度(2025年3月31日
jpcrp_cor:NotesRegardingSubordinatedBorrowingsTextBlock	劣後特約付借入金に関する注記 [テキストブロック]	CurrentYearInstant_NonConsolidatedMember	－	※３．1年内返済予定の長期借入金及び長期借入金には、他の債務よりも債務の履行が後順位である旨の特約が付された劣後特約付借入金が含まれております。 前事業年度(2025年3月31日)当事業年度(2026年3月31日)1年内返済予定の劣後特約付
jpcrp_cor:NotesRegardingSubordinatedBondsPayableTextBlock	劣後特約付社債に関する注記 [テキストブロック]	CurrentYearInstant_NonConsolidatedMember	－	※４．1年内償還予定の社債及び社債には、劣後特約付社債が含まれております。 前事業年度(2025年3月31日)当事業年度(2026年3月31日)1年内償還予定の劣後特約付社債30,000百万円141,000百万円劣後特約付社債4,197,1
jpcrp_cor:NotesRegardingGuaranteeObligationsTextBlock	保証債務の注記 [テキストブロック]	CurrentYearInstant_NonConsolidatedMember	－	　５．保証債務等前事業年度(2025年3月31日)当事業年度(2026年3月31日)    －百万円(1) 当社の子会社であるMUFG Securities EMEA plcの金融機関等からの借入債務等に対し、保証を行っております。 204
jpcrp_cor:NotesRegardingRevenueFromAffiliatedEntitiesTextBlock	関係会社に対する売上高の注記 [テキストブロック]	CurrentYearDuration_NonConsolidatedMember	－	※１．営業収益のうち関係会社との取引 前事業年度(自  2024年4月 1日至  2025年3月31日)当事業年度(自  2025年4月 1日至  2026年3月31日)受取配当金1,307,634百万円1,414,315百万円 
jpcrp_cor:NotesRegardingNonOperatingIncomeAndNonOperatingExpensesIncurredFromTransactionsWithAffiliatedEntitiesTextBlock	関係会社に係る営業外収益・営業外費用の注記 [テキストブロック]	CurrentYearDuration_NonConsolidatedMember	－	※２．営業外収益のうち関係会社との取引 前事業年度(自  2024年4月 1日至  2025年3月31日)当事業年度(自  2025年4月 1日至  2026年3月31日)受取利息374,230百万円395,317百万円 
jpcrp_cor:MajorComponentsOfSellingGeneralAndAdministrativeExpensesTextBlock	主要な販売費及び一般管理費 [テキストブロック]	CurrentYearDuration_NonConsolidatedMember	－	※３．販売費及び一般管理費のうち、主要なものは次のとおりであります。なお、全額が一般管理費に属するものであります。  前事業年度(自  2024年4月 1日至  2025年3月31日)当事業年度(自  2025年4月 1日至  2026年3
jpcrp_cor:NotesSecuritiesFinancialStatementsTextBlock	有価証券関係、財務諸表 [テキストブロック]	CurrentYearDuration	－	(有価証券関係) 子会社株式及び関連会社株式前事業年度(2025年3月31日) 貸借対照表計上額(百万円)時価(百万円)差額(百万円)子会社株式90,074224,774134,699関連会社株式751,6676,787,9706,036,
jpcrp_cor:NotesTaxEffectAccountingFinancialStatementsTextBlock	税効果会計関係、財務諸表 [テキストブロック]	CurrentYearDuration	－	 (税効果会計関係) １  繰延税金資産及び繰延税金負債の発生の主な原因別の内訳  前事業年度(2025年3月31日)当事業年度(2026年3月31日) 繰延税金資産         税務上の繰越欠損金10,489百万円10,847百万円 
jpcrp_cor:NotesSignificantEventsAfterReportingPeriodFinancialStatementsTextBlock	重要な後発事象、財務諸表 [テキストブロック]	CurrentYearDuration	－	 (重要な後発事象)自己株式の取得連結財務諸表の「注記事項(重要な後発事象)」に同一の内容を記載しているため、注記を省略しております。 
jpcrp_cor:AnnexedDetailedScheduleOfPropertyPlantAndEquipmentEtcTextBlock	有形固定資産等明細表 [テキストブロック]	CurrentYearDuration	－	【有形固定資産等明細表】 資産の種類当期首残高(百万円)当期増加額(百万円)当期減少額(百万円)当期末残高(百万円)当期末減価償却累計額又は償却累計額(百万円)当期償却額(百万円)差引当期末残高(百万円)有形固定資産       建物―――
jpcrp_cor:AnnexedDetailedScheduleOfProvisionsTextBlock	引当金明細表 [テキストブロック]	CurrentYearDuration	－	【引当金明細表】 区分当期首残高(百万円)当期増加額(百万円)当期減少額(目的使用)(百万円)当期減少額(その他)(百万円)当期末残高(百万円)貸倒引当金1,2281,425―1,2281,425賞与引当金9771,096977―1,096
jpcrp_cor:ComponentsOfMajorAssetsAndLiabilitiesTextBlock	主な資産及び負債の内容 [テキストブロック]	CurrentYearDuration	－	(2) 【主な資産及び負債の内容】 連結財務諸表を作成しているため記載を省略しております。   
jpcrp_cor:OtherInformationFinancialStatementsEtcTextBlock	その他、財務諸表等 [テキストブロック]	CurrentYearDuration	－	(3) 【その他】 該当事項はありません。 
jpcrp_cor:OverviewOfOperationalProceduresForSharesTextBlock	提出会社の株式事務の概要 [テキストブロック]	FilingDateInstant	－	第６ 【提出会社の株式事務の概要】 事業年度4月1日から3月31日まで定時株主総会6月中基準日3月31日剰余金の配当の基準日9月30日、3月31日１単元の株式数100株単元未満株式の買取り・買増し     取扱場所(特別口座)東京都千代田区
jpcrp_cor:InformationAboutParentCompanyEtcOfReportingCompanyTextBlock	提出会社の親会社等の情報 [テキストブロック]	FilingDateInstant	－	１ 【提出会社の親会社等の情報】当社には、金融商品取引法第24条の7第1項に規定する親会社等はありません。 
jpcrp_cor:OtherReferenceInformationTextBlock	その他の参考情報 [テキストブロック]	FilingDateInstant	－	２ 【その他の参考情報】当事業年度の開始日から有価証券報告書提出日までの間に、次の書類を関東財務局長に提出しております。  (1) 発行登録書及びその添付書類、発行登録追補書類及びその添付書類、並びにこれらの訂正発行登録書書類名提出日発行登
jpcrp_cor:InformationAboutCompanyWhichProvidesGuaranteeToReportingCompanyTextBlock	提出会社の保証会社等の情報 [テキストブロック]	FilingDateInstant	－	第二部 【提出会社の保証会社等の情報】 該当事項はありません。  
